15:50:40.417 INFO:     Sampler preset "qwen38_thinking": temperature 0.6, top_k
                       20, top_p 0.95
15:50:40.448 INFO:     exllamav3 version: 1.5.2
15:50:41.773 INFO:     Using main model MTP component for drafting
15:50:41.795 INFO:     Context: max_seq_len 262,144 tokens (configured),
                       cache_size 901,120 tokens
15:50:41.843 INFO:     Using tool format: qwen3_coder
15:50:41.843 INFO:     Using template "chat_template" for chat completions.
15:50:44.064 INFO:     Loading model
                       /models/qwen3.8-flash-next-exl3-2.50bpw-r0b0tlab (manual
                       GPU split)
Loading vision modules ━━━━━━━━━━━━━━━━━━━━━━━━━━━━━━━━━━━━━━ 100% 30/30 0:00:00
Loading draft modules  ━━━━━━━━━━━━━━━━━━━━━━━━━━━━━━━━━━━━━━ 100% 3/3   0:00:00
Loading model modules  ━━━━━━━━━━━━━━━━━━━━━━━━━━━━━━━━━━━━━━ 100% 53/53 0:00:00
EXL3_EMBED_GPU_PRUNED=1: embedding mirror 65536 of 248320 rows (320.0 MiB, prefix) on cuda:1
15:50:54.706 INFO:     Model loaded in 12.9 s

15:50:54.706 WARNING:  Disabling authentication makes your instance vulnerable.
                       Set the `disable_auth` flag to False in config.yml if you
                       want to share this instance with others.
15:50:54.707 WARNING:  With authentication disabled and `allowed_origins` left
                       at ["*"], any website open in a browser on this machine
                       can send requests to this instance and read the
                       responses, including admin endpoints. Set
                       `network.allowed_origins` to your own frontends (or [])
                       unless you use a browser-based frontend that needs it.
15:50:54.707 INFO:     Serving OAI API on http://0.0.0.0:8022 (docs at
                       http://0.0.0.0:8022/redoc)
15:50:55.289 INFO:     #3 completions: 3 prompt tokens · temperature: 0, greedy
                       (req), max_tokens: 16 (req)
densegemm lcguard: device 1: dense calls on the QSA side branch use the side scratch (hctr upper half, side slots)
densegemm lcguard: device 0: dense calls on the QSA side branch use the side scratch (hctr upper half, side slots)
15:50:55.653 INFO:     #3 completions: 16 tokens generated at 103.7 T/s · prompt
                       3 tokens, none cached, 3 new in 0.20 s · first token 0.21
                       s, total 0.36 s · draft 7/27 accepted (26%) · max_tokens
                       reached
15:50:56.048 INFO:     #5 chat/completions: 73 prompt tokens · temperature: 0,
                       greedy (req), max_tokens: 64 (req), min_tokens: 64 (req)
15:50:56.398 INFO:     #5 chat/completions: 64 tokens generated at 298.5 T/s ·
                       prompt 73 tokens, none cached, 73 new in 0.13 s · first
                       token 0.13 s, total 0.35 s · draft 44/60 accepted (73%) ·
                       max_tokens reached
15:51:08.310 INFO:     #9 chat/completions (stream): 92 prompt tokens ·
                       temperature: 0, greedy (req), max_tokens: 256 (req),
                       min_tokens: 256 (req)
15:51:09.278 INFO:     #9 chat/completions (stream): 256 tokens generated at
                       297.3 T/s · prompt 92 tokens, none cached, 92 new in 0.10
                       s · first token 0.11 s, total 0.97 s · draft 174/246
                       accepted (71%) · max_tokens reached
15:51:09.281 INFO:     #10 chat/completions (stream): 511 prompt tokens ·
                       temperature: 0, greedy (req), max_tokens: 256 (req),
                       min_tokens: 256 (req)
15:51:10.565 INFO:     #10 chat/completions (stream): 256 tokens generated at
                       256.0 T/s · prompt 511 tokens, none cached, 511 new in
                       0.28 s (1,825 T/s) · first token 0.28 s, total 1.28 s ·
                       draft 166/270 accepted (61%) · max_tokens reached
15:51:10.567 INFO:     #11 chat/completions (stream): 74 prompt tokens ·
                       temperature: 0, greedy (req), max_tokens: 256 (req),
                       min_tokens: 256 (req)
15:51:11.664 INFO:     #11 chat/completions (stream): 256 tokens generated at
                       253.3 T/s · prompt 74 tokens, none cached, 74 new in 0.08
                       s · first token 0.09 s, total 1.10 s · draft 158/294
                       accepted (54%) · max_tokens reached
15:51:11.666 INFO:     #12 chat/completions (stream): 87 prompt tokens ·
                       temperature: 0, greedy (req), max_tokens: 256 (req),
                       min_tokens: 256 (req)
15:51:12.690 INFO:     #12 chat/completions (stream): 256 tokens generated at
                       275.0 T/s · prompt 87 tokens, none cached, 87 new in 0.09
                       s · first token 0.09 s, total 1.03 s · draft 166/270
                       accepted (61%) · max_tokens reached
15:51:12.692 INFO:     #13 chat/completions (stream): 105 prompt tokens ·
                       temperature: 0, greedy (req), max_tokens: 256 (req),
                       min_tokens: 256 (req)
15:51:13.600 INFO:     #13 chat/completions (stream): 256 tokens generated at
                       320.4 T/s · prompt 105 tokens, none cached, 105 new in
                       0.10 s · first token 0.10 s, total 0.90 s · draft 181/225
                       accepted (80%) · max_tokens reached
15:51:13.602 INFO:     #14 chat/completions (stream): 121 prompt tokens ·
                       temperature: 0, greedy (req), max_tokens: 256 (req),
                       min_tokens: 256 (req)
15:51:14.536 INFO:     #14 chat/completions (stream): 256 tokens generated at
                       310.4 T/s · prompt 121 tokens, none cached, 121 new in
                       0.10 s · first token 0.11 s, total 0.93 s · draft 177/237
                       accepted (75%) · max_tokens reached
15:51:14.538 INFO:     #15 chat/completions (stream): 74 prompt tokens ·
                       temperature: 0, greedy (req), max_tokens: 256 (req),
                       min_tokens: 256 (req)
15:51:15.614 INFO:     #15 chat/completions (stream): 256 tokens generated at
                       258.3 T/s · prompt 74 tokens, none cached, 74 new in 0.08
                       s · first token 0.08 s, total 1.08 s · draft 161/285
                       accepted (56%) · max_tokens reached
15:51:15.617 INFO:     #16 chat/completions (stream): 78 prompt tokens ·
                       temperature: 0, greedy (req), max_tokens: 256 (req),
                       min_tokens: 256 (req)
15:51:16.636 INFO:     #16 chat/completions (stream): 256 tokens generated at
                       274.7 T/s · prompt 78 tokens, none cached, 78 new in 0.08
                       s · first token 0.08 s, total 1.02 s · draft 167/267
                       accepted (63%) · max_tokens reached
15:51:16.638 INFO:     #17 chat/completions (stream): 62 prompt tokens ·
                       temperature: 0, greedy (req), max_tokens: 256 (req),
                       min_tokens: 256 (req)
15:51:17.756 INFO:     #17 chat/completions (stream): 256 tokens generated at
                       248.1 T/s · prompt 62 tokens, none cached, 62 new in 0.08
                       s · first token 0.08 s, total 1.12 s · draft 158/294
                       accepted (54%) · max_tokens reached
15:51:17.758 INFO:     #19 chat/completions (stream): 64 prompt tokens ·
                       temperature: 0, greedy (req), max_tokens: 256 (req),
                       min_tokens: 256 (req)
15:51:18.933 INFO:     #19 chat/completions (stream): 256 tokens generated at
                       233.3 T/s · prompt 64 tokens, none cached, 64 new in 0.07
                       s · first token 0.07 s, total 1.17 s · draft 151/315
                       accepted (48%) · max_tokens reached
15:51:18.935 INFO:     #20 chat/completions (stream): 89 prompt tokens ·
                       temperature: 0, greedy (req), max_tokens: 256 (req),
                       min_tokens: 256 (req)
15:51:19.823 INFO:     #20 chat/completions (stream): 256 tokens generated at
                       321.7 T/s · prompt 89 tokens, none cached, 89 new in 0.09
                       s · first token 0.09 s, total 0.89 s · draft 180/228
                       accepted (79%) · max_tokens reached
15:51:19.825 INFO:     #21 chat/completions (stream): 109 prompt tokens ·
                       temperature: 0, greedy (req), max_tokens: 256 (req),
                       min_tokens: 256 (req)
15:51:20.802 INFO:     #21 chat/completions (stream): 256 tokens generated at
                       292.2 T/s · prompt 109 tokens, none cached, 109 new in
                       0.09 s · first token 0.09 s, total 0.97 s · draft 172/252
                       accepted (68%) · max_tokens reached
15:51:20.806 INFO:     #22 chat/completions (stream): 829 prompt tokens ·
                       temperature: 0, greedy (req), max_tokens: 256 (req),
                       min_tokens: 256 (req)
15:51:22.068 INFO:     #22 chat/completions (stream): 256 tokens generated at
                       262.1 T/s · prompt 829 tokens, none cached, 829 new in
                       0.28 s (2,961 T/s) · first token 0.29 s, total 1.26 s ·
                       draft 163/279 accepted (58%) · max_tokens reached
15:51:22.070 INFO:     #23 chat/completions (stream): 67 prompt tokens ·
                       temperature: 0, greedy (req), max_tokens: 256 (req),
                       min_tokens: 256 (req)
15:51:22.970 INFO:     #23 chat/completions (stream): 256 tokens generated at
                       313.0 T/s · prompt 67 tokens, none cached, 67 new in 0.08
                       s · first token 0.09 s, total 0.90 s · draft 177/237
                       accepted (75%) · max_tokens reached
15:51:22.972 INFO:     #24 chat/completions (stream): 201 prompt tokens ·
                       temperature: 0, greedy (req), max_tokens: 256 (req),
                       min_tokens: 256 (req)
15:51:24.003 INFO:     #24 chat/completions (stream): 256 tokens generated at
                       278.6 T/s · prompt 201 tokens, none cached, 201 new in
                       0.11 s · first token 0.11 s, total 1.03 s · draft 168/264
                       accepted (64%) · max_tokens reached
15:51:24.005 INFO:     #25 chat/completions (stream): 88 prompt tokens ·
                       temperature: 0, greedy (req), max_tokens: 256 (req),
                       min_tokens: 256 (req)
15:51:25.231 INFO:     #25 chat/completions (stream): 256 tokens generated at
                       228.1 T/s · prompt 88 tokens, none cached, 88 new in 0.09
                       s · first token 0.10 s, total 1.22 s · draft 154/306
                       accepted (50%) · max_tokens reached
15:51:25.234 INFO:     #26 chat/completions (stream): 84 prompt tokens ·
                       temperature: 0, greedy (req), max_tokens: 256 (req),
                       min_tokens: 256 (req)
15:51:26.248 INFO:     #26 chat/completions (stream): 256 tokens generated at
                       277.2 T/s · prompt 84 tokens, none cached, 84 new in 0.08
                       s · first token 0.08 s, total 1.01 s · draft 167/267
                       accepted (63%) · max_tokens reached
15:51:26.253 INFO:     #27 chat/completions (stream): 735 prompt tokens ·
                       temperature: 0, greedy (req), max_tokens: 256 (req),
                       min_tokens: 256 (req)
15:51:27.607 INFO:     #27 chat/completions (stream): 256 tokens generated at
                       248.3 T/s · prompt 735 tokens, none cached, 735 new in
                       0.32 s (2,297 T/s) · first token 0.32 s, total 1.36 s ·
                       draft 157/297 accepted (53%) · max_tokens reached
15:51:27.609 INFO:     #28 chat/completions (stream): 72 prompt tokens ·
                       temperature: 0, greedy (req), max_tokens: 256 (req),
                       min_tokens: 256 (req)
15:51:28.827 INFO:     #28 chat/completions (stream): 256 tokens generated at
                       225.5 T/s · prompt 72 tokens, none cached, 72 new in 0.08
                       s · first token 0.08 s, total 1.22 s · draft 147/327
                       accepted (45%) · max_tokens reached
15:51:28.832 INFO:     #29 chat/completions (stream): 1,231 prompt tokens ·
                       temperature: 0, greedy (req), max_tokens: 256 (req),
                       min_tokens: 256 (req)
15:51:30.118 INFO:     #29 chat/completions (stream): 256 tokens generated at
                       276.4 T/s · prompt 1,231 tokens, none cached, 1,231 new
                       in 0.35 s (3,517 T/s) · first token 0.35 s, total 1.28 s
                       · draft 167/267 accepted (63%) · max_tokens reached
15:51:30.121 INFO:     #30 chat/completions (stream): 134 prompt tokens ·
                       temperature: 0, greedy (req), max_tokens: 256 (req),
                       min_tokens: 256 (req)
15:51:31.011 INFO:     #30 chat/completions (stream): 256 tokens generated at
                       330.4 T/s · prompt 134 tokens, none cached, 134 new in
                       0.11 s · first token 0.12 s, total 0.89 s · draft 181/225
                       accepted (80%) · max_tokens reached
15:51:31.016 INFO:     #31 chat/completions (stream): 1,082 prompt tokens ·
                       temperature: 0, greedy (req), max_tokens: 256 (req),
                       min_tokens: 256 (req)
15:51:32.334 INFO:     #31 chat/completions (stream): 256 tokens generated at
                       257.6 T/s · prompt 1,082 tokens, none cached, 1,082 new
                       in 0.32 s (3,381 T/s) · first token 0.32 s, total 1.32 s
                       · draft 160/288 accepted (56%) · max_tokens reached
15:51:32.336 INFO:     #33 chat/completions (stream): 84 prompt tokens ·
                       temperature: 0, greedy (req), max_tokens: 256 (req),
                       min_tokens: 256 (req)
15:51:33.353 INFO:     #33 chat/completions (stream): 256 tokens generated at
                       276.1 T/s · prompt 84 tokens, none cached, 84 new in 0.08
                       s · first token 0.08 s, total 1.01 s · draft 166/270
                       accepted (61%) · max_tokens reached
15:51:33.356 INFO:     #34 chat/completions (stream): 78 prompt tokens ·
                       temperature: 0, greedy (req), max_tokens: 256 (req),
                       min_tokens: 256 (req)
15:51:34.366 INFO:     #34 chat/completions (stream): 256 tokens generated at
                       277.0 T/s · prompt 78 tokens, none cached, 78 new in 0.08
                       s · first token 0.08 s, total 1.01 s · draft 167/267
                       accepted (63%) · max_tokens reached
15:51:34.368 INFO:     #35 chat/completions (stream): 70 prompt tokens ·
                       temperature: 0, greedy (req), max_tokens: 256 (req),
                       min_tokens: 256 (req)
15:51:35.438 INFO:     #35 chat/completions (stream): 256 tokens generated at
                       259.6 T/s · prompt 70 tokens, none cached, 70 new in 0.08
                       s · first token 0.08 s, total 1.07 s · draft 161/285
                       accepted (56%) · max_tokens reached
15:51:35.441 INFO:     #36 chat/completions (stream): 149 prompt tokens ·
                       temperature: 0, greedy (req), max_tokens: 256 (req),
                       min_tokens: 256 (req)
15:51:36.415 INFO:     #36 chat/completions (stream): 256 tokens generated at
                       295.0 T/s · prompt 149 tokens, none cached, 149 new in
                       0.10 s · first token 0.10 s, total 0.97 s · draft 172/252
                       accepted (68%) · max_tokens reached
15:51:36.418 INFO:     #37 chat/completions (stream): 258 prompt tokens ·
                       temperature: 0, greedy (req), max_tokens: 256 (req),
                       min_tokens: 256 (req)
15:51:37.439 INFO:     #37 chat/completions (stream): 256 tokens generated at
                       297.5 T/s · prompt 258 tokens, none cached, 258 new in
                       0.15 s (1,720 T/s) · first token 0.15 s, total 1.02 s ·
                       draft 174/246 accepted (71%) · max_tokens reached
15:51:37.442 INFO:     #38 chat/completions (stream): 109 prompt tokens ·
                       temperature: 0, greedy (req), max_tokens: 256 (req),
                       min_tokens: 256 (req)
15:51:38.519 INFO:     #38 chat/completions (stream): 256 tokens generated at
                       262.1 T/s · prompt 109 tokens, none cached, 109 new in
                       0.09 s · first token 0.09 s, total 1.07 s · draft 162/282
                       accepted (57%) · max_tokens reached
15:51:38.521 INFO:     #39 chat/completions (stream): 105 prompt tokens ·
                       temperature: 0, greedy (req), max_tokens: 256 (req),
                       min_tokens: 256 (req)
15:51:39.623 INFO:     #39 chat/completions (stream): 256 tokens generated at
                       256.2 T/s · prompt 105 tokens, none cached, 105 new in
                       0.10 s · first token 0.10 s, total 1.10 s · draft 160/288
                       accepted (56%) · max_tokens reached
15:51:39.627 INFO:     #40 chat/completions (stream): 788 prompt tokens ·
                       temperature: 0, greedy (req), max_tokens: 256 (req),
                       min_tokens: 256 (req)
15:51:40.714 INFO:     #40 chat/completions (stream): 256 tokens generated at
                       299.1 T/s · prompt 788 tokens, none cached, 788 new in
                       0.22 s (3,582 T/s) · first token 0.22 s, total 1.08 s ·
                       draft 172/252 accepted (68%) · max_tokens reached
15:51:40.717 INFO:     #41 chat/completions (stream): 62 prompt tokens ·
                       temperature: 0, greedy (req), max_tokens: 256 (req),
                       min_tokens: 256 (req)
15:51:41.821 INFO:     #41 chat/completions (stream): 256 tokens generated at
                       249.0 T/s · prompt 62 tokens, none cached, 62 new in 0.07
                       s · first token 0.08 s, total 1.10 s · draft 155/303
                       accepted (51%) · max_tokens reached
15:51:41.827 INFO:     #42 chat/completions (stream): 1,445 prompt tokens ·
                       temperature: 0, greedy (req), max_tokens: 256 (req),
                       min_tokens: 256 (req)
15:51:43.159 INFO:     #42 chat/completions (stream): 256 tokens generated at
                       273.1 T/s · prompt 1,445 tokens, none cached, 1,445 new
                       in 0.39 s (3,705 T/s) · first token 0.39 s, total 1.33 s
                       · draft 164/276 accepted (59%) · max_tokens reached
15:51:43.161 INFO:     #43 chat/completions (stream): 159 prompt tokens ·
                       temperature: 0, greedy (req), max_tokens: 256 (req),
                       min_tokens: 256 (req)
15:51:43.984 INFO:     #43 chat/completions (stream): 256 tokens generated at
                       357.9 T/s · prompt 159 tokens, none cached, 159 new in
                       0.10 s · first token 0.11 s, total 0.82 s · draft 186/210
                       accepted (89%) · max_tokens reached
15:51:43.988 INFO:     #44 chat/completions (stream): 705 prompt tokens ·
                       temperature: 0, greedy (req), max_tokens: 256 (req),
                       min_tokens: 256 (req)
15:51:45.182 INFO:     #44 chat/completions (stream): 256 tokens generated at
                       281.5 T/s · prompt 705 tokens, none cached, 705 new in
                       0.28 s (2,518 T/s) · first token 0.28 s, total 1.19 s ·
                       draft 166/270 accepted (61%) · max_tokens reached
15:51:45.184 INFO:     #45 chat/completions (stream): 62 prompt tokens ·
                       temperature: 0, greedy (req), max_tokens: 256 (req),
                       min_tokens: 256 (req)
15:51:46.170 INFO:     #45 chat/completions (stream): 256 tokens generated at
                       281.5 T/s · prompt 62 tokens, none cached, 62 new in 0.07
                       s · first token 0.08 s, total 0.98 s · draft 165/273
                       accepted (60%) · max_tokens reached
15:51:46.173 INFO:     #46 chat/completions (stream): 796 prompt tokens ·
                       temperature: 0, greedy (req), max_tokens: 256 (req),
                       min_tokens: 256 (req)
15:51:47.247 INFO:     #46 chat/completions (stream): 256 tokens generated at
                       302.1 T/s · prompt 796 tokens, none cached, 796 new in
                       0.22 s (3,618 T/s) · first token 0.22 s, total 1.07 s ·
                       draft 171/255 accepted (67%) · max_tokens reached
15:51:47.249 INFO:     #48 chat/completions (stream): 93 prompt tokens ·
                       temperature: 0, greedy (req), max_tokens: 256 (req),
                       min_tokens: 256 (req)
15:51:48.101 INFO:     #48 chat/completions (stream): 256 tokens generated at
                       337.0 T/s · prompt 93 tokens, none cached, 93 new in 0.09
                       s · first token 0.09 s, total 0.85 s · draft 181/225
                       accepted (80%) · max_tokens reached
15:51:48.103 INFO:     #49 chat/completions (stream): 94 prompt tokens ·
                       temperature: 0, greedy (req), max_tokens: 256 (req),
                       min_tokens: 256 (req)
15:51:49.089 INFO:     #49 chat/completions (stream): 256 tokens generated at
                       287.0 T/s · prompt 94 tokens, none cached, 94 new in 0.09
                       s · first token 0.09 s, total 0.99 s · draft 168/264
                       accepted (64%) · max_tokens reached
15:51:49.091 INFO:     #50 chat/completions (stream): 65 prompt tokens ·
                       temperature: 0, greedy (req), max_tokens: 256 (req),
                       min_tokens: 256 (req)
15:51:49.938 INFO:     #50 chat/completions (stream): 256 tokens generated at
                       333.8 T/s · prompt 65 tokens, none cached, 65 new in 0.07
                       s · first token 0.08 s, total 0.84 s · draft 180/228
                       accepted (79%) · max_tokens reached
15:51:49.943 INFO:     #51 chat/completions (stream): 1,347 prompt tokens ·
                       temperature: 0, greedy (req), max_tokens: 256 (req),
                       min_tokens: 256 (req)
15:51:51.293 INFO:     #51 chat/completions (stream): 256 tokens generated at
                       260.5 T/s · prompt 1,347 tokens, none cached, 1,347 new
                       in 0.36 s (3,742 T/s) · first token 0.36 s, total 1.35 s
                       · draft 159/291 accepted (55%) · max_tokens reached
15:51:51.297 INFO:     #52 chat/completions (stream): 754 prompt tokens ·
                       temperature: 0, greedy (req), max_tokens: 256 (req),
                       min_tokens: 256 (req)
15:51:52.458 INFO:     #52 chat/completions (stream): 256 tokens generated at
                       289.5 T/s · prompt 754 tokens, none cached, 754 new in
                       0.27 s (2,793 T/s) · first token 0.27 s, total 1.16 s ·
                       draft 169/261 accepted (65%) · max_tokens reached
15:51:52.460 INFO:     #53 chat/completions (stream): 73 prompt tokens ·
                       temperature: 0, greedy (req), max_tokens: 256 (req),
                       min_tokens: 256 (req)
15:51:53.362 INFO:     #53 chat/completions (stream): 256 tokens generated at
                       312.4 T/s · prompt 73 tokens, none cached, 73 new in 0.08
                       s · first token 0.08 s, total 0.90 s · draft 174/246
                       accepted (71%) · max_tokens reached
15:51:53.366 INFO:     #54 chat/completions (stream): 758 prompt tokens ·
                       temperature: 0, greedy (req), max_tokens: 256 (req),
                       min_tokens: 256 (req)
15:51:54.500 INFO:     #54 chat/completions (stream): 256 tokens generated at
                       300.5 T/s · prompt 758 tokens, none cached, 758 new in
                       0.28 s (2,707 T/s) · first token 0.29 s, total 1.14 s ·
                       draft 172/252 accepted (68%) · max_tokens reached
15:51:54.502 INFO:     #55 chat/completions (stream): 63 prompt tokens ·
                       temperature: 0, greedy (req), max_tokens: 256 (req),
                       min_tokens: 256 (req)
15:51:55.521 INFO:     #55 chat/completions (stream): 256 tokens generated at
                       271.8 T/s · prompt 63 tokens, none cached, 63 new in 0.07
                       s · first token 0.08 s, total 1.02 s · draft 162/282
                       accepted (57%) · max_tokens reached
15:51:55.523 INFO:     #56 chat/completions (stream): 71 prompt tokens ·
                       temperature: 0, greedy (req), max_tokens: 256 (req),
                       min_tokens: 256 (req)
15:51:56.558 INFO:     #56 chat/completions (stream): 256 tokens generated at
                       268.8 T/s · prompt 71 tokens, none cached, 71 new in 0.08
                       s · first token 0.08 s, total 1.04 s · draft 161/285
                       accepted (56%) · max_tokens reached
15:51:56.561 INFO:     #57 chat/completions (stream): 71 prompt tokens ·
                       temperature: 0, greedy (req), max_tokens: 256 (req),
                       min_tokens: 256 (req)
15:51:57.402 INFO:     #57 chat/completions (stream): 256 tokens generated at
                       337.4 T/s · prompt 71 tokens, none cached, 71 new in 0.08
                       s · first token 0.09 s, total 0.84 s · draft 180/228
                       accepted (79%) · max_tokens reached
15:51:57.406 INFO:     #58 chat/completions (stream): 741 prompt tokens ·
                       temperature: 0, greedy (req), max_tokens: 256 (req),
                       min_tokens: 256 (req)
15:51:58.555 INFO:     #58 chat/completions (stream): 256 tokens generated at
                       310.3 T/s · prompt 741 tokens, none cached, 741 new in
                       0.32 s (2,316 T/s) · first token 0.32 s, total 1.15 s ·
                       draft 174/246 accepted (71%) · max_tokens reached
15:51:58.558 INFO:     #59 chat/completions (stream): 117 prompt tokens ·
                       temperature: 0, greedy (req), max_tokens: 256 (req),
                       min_tokens: 256 (req)
15:51:59.567 INFO:     #59 chat/completions (stream): 256 tokens generated at
                       283.5 T/s · prompt 117 tokens, none cached, 117 new in
                       0.10 s · first token 0.10 s, total 1.01 s · draft 166/270
                       accepted (61%) · max_tokens reached
15:51:59.570 INFO:     #60 chat/completions (stream): 72 prompt tokens ·
                       temperature: 0, greedy (req), max_tokens: 256 (req),
                       min_tokens: 256 (req)
15:52:00.604 INFO:     #60 chat/completions (stream): 256 tokens generated at
                       269.3 T/s · prompt 72 tokens, none cached, 72 new in 0.08
                       s · first token 0.08 s, total 1.04 s · draft 161/285
                       accepted (56%) · max_tokens reached
15:52:00.606 INFO:     #61 chat/completions (stream): 127 prompt tokens ·
                       temperature: 0, greedy (req), max_tokens: 256 (req),
                       min_tokens: 256 (req)
15:52:01.609 INFO:     #61 chat/completions (stream): 256 tokens generated at
                       286.6 T/s · prompt 127 tokens, none cached, 127 new in
                       0.10 s · first token 0.10 s, total 1.00 s · draft 167/267
                       accepted (63%) · max_tokens reached
15:52:01.611 INFO:     #62 chat/completions (stream): 62 prompt tokens ·
                       temperature: 0, greedy (req), max_tokens: 256 (req),
                       min_tokens: 256 (req)
15:52:02.577 INFO:     #62 chat/completions (stream): 256 tokens generated at
                       287.4 T/s · prompt 62 tokens, none cached, 62 new in 0.07
                       s · first token 0.07 s, total 0.97 s · draft 167/267
                       accepted (63%) · max_tokens reached
15:52:02.579 INFO:     #64 chat/completions (stream): 104 prompt tokens ·
                       temperature: 0, greedy (req), max_tokens: 256 (req),
                       min_tokens: 256 (req)
15:52:03.618 INFO:     #64 chat/completions (stream): 256 tokens generated at
                       272.2 T/s · prompt 104 tokens, none cached, 104 new in
                       0.09 s · first token 0.09 s, total 1.04 s · draft 162/282
                       accepted (57%) · max_tokens reached
15:52:03.620 INFO:     #65 chat/completions (stream): 67 prompt tokens ·
                       temperature: 0, greedy (req), max_tokens: 256 (req),
                       min_tokens: 256 (req)
15:52:04.636 INFO:     #65 chat/completions (stream): 256 tokens generated at
                       273.6 T/s · prompt 67 tokens, none cached, 67 new in 0.07
                       s · first token 0.07 s, total 1.01 s · draft 164/276
                       accepted (59%) · max_tokens reached
15:52:04.640 INFO:     #66 chat/completions (stream): 676 prompt tokens ·
                       temperature: 0, greedy (req), max_tokens: 256 (req),
                       min_tokens: 256 (req)
15:52:05.790 INFO:     #66 chat/completions (stream): 256 tokens generated at
                       287.4 T/s · prompt 676 tokens, none cached, 676 new in
                       0.25 s (2,704 T/s) · first token 0.25 s, total 1.15 s ·
                       draft 168/264 accepted (64%) · max_tokens reached
15:52:05.794 INFO:     #67 chat/completions (stream): 802 prompt tokens ·
                       temperature: 0, greedy (req), max_tokens: 256 (req),
                       min_tokens: 256 (req)
15:52:06.779 INFO:     #67 chat/completions (stream): 256 tokens generated at
                       351.6 T/s · prompt 802 tokens, none cached, 802 new in
                       0.25 s (3,208 T/s) · first token 0.25 s, total 0.98 s ·
                       draft 184/216 accepted (85%) · max_tokens reached
15:52:06.783 INFO:     #68 chat/completions (stream): 992 prompt tokens ·
                       temperature: 0, greedy (req), max_tokens: 256 (req),
                       min_tokens: 256 (req)
15:52:07.909 INFO:     #68 chat/completions (stream): 256 tokens generated at
                       308.4 T/s · prompt 992 tokens, none cached, 992 new in
                       0.29 s (3,421 T/s) · first token 0.29 s, total 1.12 s ·
                       draft 174/246 accepted (71%) · max_tokens reached
15:52:07.911 INFO:     #69 chat/completions (stream): 68 prompt tokens ·
                       temperature: 0, greedy (req), max_tokens: 256 (req),
                       min_tokens: 256 (req)
15:52:08.948 INFO:     #69 chat/completions (stream): 256 tokens generated at
                       268.0 T/s · prompt 68 tokens, none cached, 68 new in 0.07
                       s · first token 0.07 s, total 1.03 s · draft 161/285
                       accepted (56%) · max_tokens reached
15:52:08.952 INFO:     #70 chat/completions (stream): 785 prompt tokens ·
                       temperature: 0, greedy (req), max_tokens: 256 (req),
                       min_tokens: 256 (req)
15:52:10.056 INFO:     #70 chat/completions (stream): 256 tokens generated at
                       290.4 T/s · prompt 785 tokens, none cached, 785 new in
                       0.22 s (3,568 T/s) · first token 0.22 s, total 1.11 s ·
                       draft 170/258 accepted (66%) · max_tokens reached
15:52:10.059 INFO:     #71 chat/completions (stream): 262 prompt tokens ·
                       temperature: 0, greedy (req), max_tokens: 256 (req),
                       min_tokens: 256 (req)
15:52:10.956 INFO:     #71 chat/completions (stream): 256 tokens generated at
                       342.7 T/s · prompt 262 tokens, none cached, 262 new in
                       0.14 s (1,871 T/s) · first token 0.14 s, total 0.89 s ·
                       draft 182/222 accepted (82%) · max_tokens reached
15:52:10.960 INFO:     #72 chat/completions (stream): 689 prompt tokens ·
                       temperature: 0, greedy (req), max_tokens: 256 (req),
                       min_tokens: 256 (req)
15:52:12.280 INFO:     #72 chat/completions (stream): 256 tokens generated at
                       241.8 T/s · prompt 689 tokens, none cached, 689 new in
                       0.26 s (2,650 T/s) · first token 0.26 s, total 1.32 s ·
                       draft 151/315 accepted (48%) · max_tokens reached
15:52:12.284 INFO:     #73 chat/completions (stream): 702 prompt tokens ·
                       temperature: 0, greedy (req), max_tokens: 256 (req),
                       min_tokens: 256 (req)
15:52:13.507 INFO:     #73 chat/completions (stream): 256 tokens generated at
                       267.6 T/s · prompt 702 tokens, none cached, 702 new in
                       0.26 s (2,700 T/s) · first token 0.27 s, total 1.22 s ·
                       draft 167/267 accepted (63%) · max_tokens reached
15:52:13.512 INFO:     #74 chat/completions (stream): 785 prompt tokens ·
                       temperature: 0, greedy (req), max_tokens: 256 (req),
                       min_tokens: 256 (req)
15:52:14.524 INFO:     #74 chat/completions (stream): 256 tokens generated at
                       324.5 T/s · prompt 785 tokens, none cached, 785 new in
                       0.22 s (3,568 T/s) · first token 0.22 s, total 1.01 s ·
                       draft 178/234 accepted (76%) · max_tokens reached
15:52:14.527 INFO:     #75 chat/completions (stream): 67 prompt tokens ·
                       temperature: 0, greedy (req), max_tokens: 256 (req),
                       min_tokens: 256 (req)
15:52:15.387 INFO:     #75 chat/completions (stream): 256 tokens generated at
                       328.6 T/s · prompt 67 tokens, none cached, 67 new in 0.07
                       s · first token 0.07 s, total 0.85 s · draft 178/234
                       accepted (76%) · max_tokens reached
15:52:15.391 INFO:     #76 chat/completions (stream): 724 prompt tokens ·
                       temperature: 0, greedy (req), max_tokens: 256 (req),
                       min_tokens: 256 (req)
15:52:16.640 INFO:     #76 chat/completions (stream): 256 tokens generated at
                       266.2 T/s · prompt 724 tokens, none cached, 724 new in
                       0.28 s (2,586 T/s) · first token 0.29 s, total 1.25 s ·
                       draft 160/288 accepted (56%) · max_tokens reached
15:52:16.643 INFO:     #77 chat/completions (stream): 414 prompt tokens ·
                       temperature: 0, greedy (req), max_tokens: 256 (req),
                       min_tokens: 256 (req)
15:52:17.795 INFO:     #77 chat/completions (stream): 256 tokens generated at
                       277.1 T/s · prompt 414 tokens, none cached, 414 new in
                       0.22 s (1,882 T/s) · first token 0.22 s, total 1.15 s ·
                       draft 164/276 accepted (59%) · max_tokens reached
15:52:17.797 INFO:     #79 chat/completions (stream): 63 prompt tokens ·
                       temperature: 0, greedy (req), max_tokens: 256 (req),
                       min_tokens: 256 (req)
15:52:18.876 INFO:     #79 chat/completions (stream): 256 tokens generated at
                       255.6 T/s · prompt 63 tokens, none cached, 63 new in 0.07
                       s · first token 0.07 s, total 1.08 s · draft 156/300
                       accepted (52%) · max_tokens reached
15:52:18.879 INFO:     #80 chat/completions (stream): 104 prompt tokens ·
                       temperature: 0, greedy (req), max_tokens: 256 (req),
                       min_tokens: 256 (req)
15:52:19.894 INFO:     #80 chat/completions (stream): 256 tokens generated at
                       279.9 T/s · prompt 104 tokens, none cached, 104 new in
                       0.09 s · first token 0.10 s, total 1.01 s · draft 166/270
                       accepted (61%) · max_tokens reached
15:52:19.898 INFO:     #81 chat/completions (stream): 666 prompt tokens ·
                       temperature: 0, greedy (req), max_tokens: 256 (req),
                       min_tokens: 256 (req)
15:52:21.176 INFO:     #81 chat/completions (stream): 256 tokens generated at
                       251.2 T/s · prompt 666 tokens, none cached, 666 new in
                       0.25 s (2,664 T/s) · first token 0.25 s, total 1.27 s ·
                       draft 156/300 accepted (52%) · max_tokens reached
15:52:21.179 INFO:     #82 chat/completions (stream): 90 prompt tokens ·
                       temperature: 0, greedy (req), max_tokens: 256 (req),
                       min_tokens: 256 (req)
15:52:22.171 INFO:     #82 chat/completions (stream): 256 tokens generated at
                       284.3 T/s · prompt 90 tokens, none cached, 90 new in 0.09
                       s · first token 0.10 s, total 1.00 s · draft 166/270
                       accepted (61%) · max_tokens reached
15:52:22.173 INFO:     #83 chat/completions (stream): 61 prompt tokens ·
                       temperature: 0, greedy (req), max_tokens: 256 (req),
                       min_tokens: 256 (req)
15:52:23.086 INFO:     #83 chat/completions (stream): 256 tokens generated at
                       305.5 T/s · prompt 61 tokens, none cached, 61 new in 0.07
                       s · first token 0.07 s, total 0.91 s · draft 173/249
                       accepted (69%) · max_tokens reached
15:52:23.091 INFO:     #84 chat/completions (stream): 1,355 prompt tokens ·
                       temperature: 0, greedy (req), max_tokens: 256 (req),
                       min_tokens: 256 (req)
15:52:24.409 INFO:     #84 chat/completions (stream): 256 tokens generated at
                       266.9 T/s · prompt 1,355 tokens, none cached, 1,355 new
                       in 0.35 s (3,871 T/s) · first token 0.35 s, total 1.31 s
                       · draft 164/276 accepted (59%) · max_tokens reached
15:52:24.412 INFO:     #85 chat/completions (stream): 67 prompt tokens ·
                       temperature: 0, greedy (req), max_tokens: 256 (req),
                       min_tokens: 256 (req)
15:52:25.411 INFO:     #85 chat/completions (stream): 256 tokens generated at
                       283.5 T/s · prompt 67 tokens, none cached, 67 new in 0.09
                       s · first token 0.10 s, total 1.00 s · draft 170/258
                       accepted (66%) · max_tokens reached
15:52:25.416 INFO:     #86 chat/completions (stream): 1,173 prompt tokens ·
                       temperature: 0, greedy (req), max_tokens: 256 (req),
                       min_tokens: 256 (req)
15:52:26.665 INFO:     #86 chat/completions (stream): 256 tokens generated at
                       277.3 T/s · prompt 1,173 tokens, none cached, 1,173 new
                       in 0.32 s (3,666 T/s) · first token 0.32 s, total 1.25 s
                       · draft 164/276 accepted (59%) · max_tokens reached
15:52:26.667 INFO:     #87 chat/completions (stream): 65 prompt tokens ·
                       temperature: 0, greedy (req), max_tokens: 256 (req),
                       min_tokens: 256 (req)
15:52:27.887 INFO:     #87 chat/completions (stream): 256 tokens generated at
                       223.8 T/s · prompt 65 tokens, none cached, 65 new in 0.07
                       s · first token 0.08 s, total 1.22 s · draft 142/342
                       accepted (42%) · max_tokens reached
15:52:27.890 INFO:     #88 chat/completions (stream): 100 prompt tokens ·
                       temperature: 0, greedy (req), max_tokens: 256 (req),
                       min_tokens: 256 (req)
15:52:28.809 INFO:     #88 chat/completions (stream): 256 tokens generated at
                       311.8 T/s · prompt 100 tokens, none cached, 100 new in
                       0.09 s · first token 0.09 s, total 0.92 s · draft 175/243
                       accepted (72%) · max_tokens reached
15:52:28.811 INFO:     #89 chat/completions (stream): 110 prompt tokens ·
                       temperature: 0, greedy (req), max_tokens: 256 (req),
                       min_tokens: 256 (req)
15:52:29.830 INFO:     #89 chat/completions (stream): 256 tokens generated at
                       278.9 T/s · prompt 110 tokens, none cached, 110 new in
                       0.09 s · first token 0.09 s, total 1.01 s · draft 165/273
                       accepted (60%) · max_tokens reached
15:52:29.833 INFO:     #90 chat/completions (stream): 112 prompt tokens ·
                       temperature: 0, greedy (req), max_tokens: 256 (req),
                       min_tokens: 256 (req)
15:52:30.911 INFO:     #90 chat/completions (stream): 256 tokens generated at
                       261.8 T/s · prompt 112 tokens, none cached, 112 new in
                       0.09 s · first token 0.09 s, total 1.07 s · draft 159/291
                       accepted (55%) · max_tokens reached
15:52:30.913 INFO:     #91 chat/completions (stream): 64 prompt tokens ·
                       temperature: 0, greedy (req), max_tokens: 256 (req),
                       min_tokens: 256 (req)
15:52:31.839 INFO:     #91 chat/completions (stream): 256 tokens generated at
                       301.2 T/s · prompt 64 tokens, none cached, 64 new in 0.07
                       s · first token 0.08 s, total 0.93 s · draft 171/255
                       accepted (67%) · max_tokens reached
15:52:31.841 INFO:     #92 chat/completions (stream): 63 prompt tokens ·
                       temperature: 0, greedy (req), max_tokens: 256 (req),
                       min_tokens: 256 (req)
15:52:32.997 INFO:     #92 chat/completions (stream): 256 tokens generated at
                       237.1 T/s · prompt 63 tokens, none cached, 63 new in 0.07
                       s · first token 0.07 s, total 1.15 s · draft 148/324
                       accepted (46%) · max_tokens reached
15:52:33.001 INFO:     #94 chat/completions (stream): 794 prompt tokens ·
                       temperature: 0, greedy (req), max_tokens: 256 (req),
                       min_tokens: 256 (req)
15:52:34.081 INFO:     #94 chat/completions (stream): 256 tokens generated at
                       297.4 T/s · prompt 794 tokens, none cached, 794 new in
                       0.21 s (3,781 T/s) · first token 0.22 s, total 1.08 s ·
                       draft 170/258 accepted (66%) · max_tokens reached
15:52:34.084 INFO:     #95 chat/completions (stream): 440 prompt tokens ·
                       temperature: 0, greedy (req), max_tokens: 256 (req),
                       min_tokens: 256 (req)
15:52:35.226 INFO:     #95 chat/completions (stream): 256 tokens generated at
                       281.9 T/s · prompt 440 tokens, none cached, 440 new in
                       0.23 s (1,913 T/s) · first token 0.23 s, total 1.14 s ·
                       draft 166/270 accepted (61%) · max_tokens reached
15:52:35.228 INFO:     #96 chat/completions (stream): 65 prompt tokens ·
                       temperature: 0, greedy (req), max_tokens: 256 (req),
                       min_tokens: 256 (req)
15:52:36.216 INFO:     #96 chat/completions (stream): 256 tokens generated at
                       281.0 T/s · prompt 65 tokens, none cached, 65 new in 0.07
                       s · first token 0.08 s, total 0.99 s · draft 164/276
                       accepted (59%) · max_tokens reached
15:52:36.221 INFO:     #97 chat/completions (stream): 1,320 prompt tokens ·
                       temperature: 0, greedy (req), max_tokens: 256 (req),
                       min_tokens: 256 (req)
15:52:37.534 INFO:     #97 chat/completions (stream): 256 tokens generated at
                       262.4 T/s · prompt 1,320 tokens, none cached, 1,320 new
                       in 0.33 s (4,000 T/s) · first token 0.33 s, total 1.31 s
                       · draft 159/291 accepted (55%) · max_tokens reached
15:52:37.539 INFO:     #98 chat/completions (stream): 795 prompt tokens ·
                       temperature: 0, greedy (req), max_tokens: 256 (req),
                       min_tokens: 256 (req)
15:52:38.642 INFO:     #98 chat/completions (stream): 256 tokens generated at
                       289.7 T/s · prompt 795 tokens, none cached, 795 new in
                       0.21 s (3,786 T/s) · first token 0.22 s, total 1.10 s ·
                       draft 168/264 accepted (64%) · max_tokens reached
15:52:38.645 INFO:     #99 chat/completions (stream): 267 prompt tokens ·
                       temperature: 0, greedy (req), max_tokens: 256 (req),
                       min_tokens: 256 (req)
15:52:39.609 INFO:     #99 chat/completions (stream): 256 tokens generated at
                       315.1 T/s · prompt 267 tokens, none cached, 267 new in
                       0.15 s (1,780 T/s) · first token 0.16 s, total 0.97 s ·
                       draft 174/246 accepted (71%) · max_tokens reached
15:52:39.612 INFO:     #100 chat/completions (stream): 300 prompt tokens ·
                       temperature: 0, greedy (req), max_tokens: 256 (req),
                       min_tokens: 256 (req)
15:52:40.683 INFO:     #100 chat/completions (stream): 256 tokens generated at
                       293.6 T/s · prompt 300 tokens, none cached, 300 new in
                       0.19 s (1,579 T/s) · first token 0.20 s, total 1.07 s ·
                       draft 169/261 accepted (65%) · max_tokens reached
15:52:40.686 INFO:     #101 chat/completions (stream): 73 prompt tokens ·
                       temperature: 0, greedy (req), max_tokens: 256 (req),
                       min_tokens: 256 (req)
15:52:41.620 INFO:     #101 chat/completions (stream): 256 tokens generated at
                       301.5 T/s · prompt 73 tokens, none cached, 73 new in 0.08
                       s · first token 0.09 s, total 0.93 s · draft 171/255
                       accepted (67%) · max_tokens reached
15:52:41.622 INFO:     #102 chat/completions (stream): 64 prompt tokens ·
                       temperature: 0, greedy (req), max_tokens: 256 (req),
                       min_tokens: 256 (req)
15:52:42.738 INFO:     #102 chat/completions (stream): 256 tokens generated at
                       246.6 T/s · prompt 64 tokens, none cached, 64 new in 0.07
                       s · first token 0.07 s, total 1.11 s · draft 152/312
                       accepted (49%) · max_tokens reached
15:52:42.740 INFO:     #103 chat/completions (stream): 121 prompt tokens ·
                       temperature: 0, greedy (req), max_tokens: 256 (req),
                       min_tokens: 256 (req)
15:52:43.596 INFO:     #103 chat/completions (stream): 256 tokens generated at
                       340.9 T/s · prompt 121 tokens, none cached, 121 new in
                       0.10 s · first token 0.10 s, total 0.86 s · draft 180/228
                       accepted (79%) · max_tokens reached
15:52:43.600 INFO:     #104 chat/completions (stream): 464 prompt tokens ·
                       temperature: 0, greedy (req), max_tokens: 256 (req),
                       min_tokens: 256 (req)
15:52:44.822 INFO:     #104 chat/completions (stream): 256 tokens generated at
                       261.4 T/s · prompt 464 tokens, none cached, 464 new in
                       0.24 s (1,933 T/s) · first token 0.24 s, total 1.22 s ·
                       draft 159/291 accepted (55%) · max_tokens reached
15:52:44.825 INFO:     #105 chat/completions (stream): 443 prompt tokens ·
                       temperature: 0, greedy (req), max_tokens: 256 (req),
                       min_tokens: 256 (req)
15:52:45.948 INFO:     #105 chat/completions (stream): 256 tokens generated at
                       288.3 T/s · prompt 443 tokens, none cached, 443 new in
                       0.23 s (1,926 T/s) · first token 0.23 s, total 1.12 s ·
                       draft 167/267 accepted (63%) · max_tokens reached
15:52:45.951 INFO:     #106 chat/completions (stream): 74 prompt tokens ·
                       temperature: 0, greedy (req), max_tokens: 256 (req),
                       min_tokens: 256 (req)
15:52:46.986 INFO:     #106 chat/completions (stream): 256 tokens generated at
                       269.1 T/s · prompt 74 tokens, none cached, 74 new in 0.08
                       s · first token 0.09 s, total 1.04 s · draft 161/285
                       accepted (56%) · max_tokens reached
15:52:46.988 INFO:     #108 chat/completions (stream): 153 prompt tokens ·
                       temperature: 0, greedy (req), max_tokens: 256 (req),
                       min_tokens: 256 (req)
15:52:47.847 INFO:     #108 chat/completions (stream): 256 tokens generated at
                       336.6 T/s · prompt 153 tokens, none cached, 153 new in
                       0.09 s · first token 0.09 s, total 0.86 s · draft 180/228
                       accepted (79%) · max_tokens reached
15:52:47.849 INFO:     #109 chat/completions (stream): 63 prompt tokens ·
                       temperature: 0, greedy (req), max_tokens: 256 (req),
                       min_tokens: 256 (req)
15:52:48.893 INFO:     #109 chat/completions (stream): 256 tokens generated at
                       264.6 T/s · prompt 63 tokens, none cached, 63 new in 0.07
                       s · first token 0.08 s, total 1.04 s · draft 160/288
                       accepted (56%) · max_tokens reached
15:52:48.897 INFO:     #110 chat/completions (stream): 729 prompt tokens ·
                       temperature: 0, greedy (req), max_tokens: 256 (req),
                       min_tokens: 256 (req)
15:52:50.136 INFO:     #110 chat/completions (stream): 256 tokens generated at
                       266.1 T/s · prompt 729 tokens, none cached, 729 new in
                       0.27 s (2,700 T/s) · first token 0.27 s, total 1.24 s ·
                       draft 161/285 accepted (56%) · max_tokens reached
15:52:50.140 INFO:     #111 chat/completions (stream): 789 prompt tokens ·
                       temperature: 0, greedy (req), max_tokens: 256 (req),
                       min_tokens: 256 (req)
15:52:51.343 INFO:     #111 chat/completions (stream): 256 tokens generated at
                       260.0 T/s · prompt 789 tokens, none cached, 789 new in
                       0.21 s (3,757 T/s) · first token 0.21 s, total 1.20 s ·
                       draft 158/294 accepted (54%) · max_tokens reached
15:52:51.346 INFO:     #112 chat/completions (stream): 168 prompt tokens ·
                       temperature: 0, greedy (req), max_tokens: 256 (req),
                       min_tokens: 256 (req)
15:52:52.218 INFO:     #112 chat/completions (stream): 256 tokens generated at
                       331.8 T/s · prompt 168 tokens, none cached, 168 new in
                       0.09 s · first token 0.09 s, total 0.87 s · draft 178/234
                       accepted (76%) · max_tokens reached
15:52:52.221 INFO:     #113 chat/completions (stream): 143 prompt tokens ·
                       temperature: 0, greedy (req), max_tokens: 256 (req),
                       min_tokens: 256 (req)
15:52:53.393 INFO:     #113 chat/completions (stream): 256 tokens generated at
                       242.4 T/s · prompt 143 tokens, none cached, 143 new in
                       0.11 s · first token 0.11 s, total 1.17 s · draft 150/318
                       accepted (47%) · max_tokens reached
15:52:53.395 INFO:     #114 chat/completions (stream): 118 prompt tokens ·
                       temperature: 0, greedy (req), max_tokens: 256 (req),
                       min_tokens: 256 (req)
15:52:54.626 INFO:     #114 chat/completions (stream): 256 tokens generated at
                       233.2 T/s · prompt 118 tokens, none cached, 118 new in
                       0.13 s · first token 0.14 s, total 1.23 s · draft 146/330
                       accepted (44%) · max_tokens reached
15:52:54.629 INFO:     #115 chat/completions (stream): 273 prompt tokens ·
                       temperature: 0, greedy (req), max_tokens: 256 (req),
                       min_tokens: 256 (req)
15:52:55.750 INFO:     #115 chat/completions (stream): 256 tokens generated at
                       263.4 T/s · prompt 273 tokens, none cached, 273 new in
                       0.14 s (1,950 T/s) · first token 0.14 s, total 1.12 s ·
                       draft 160/288 accepted (56%) · max_tokens reached
15:52:55.752 INFO:     #116 chat/completions (stream): 87 prompt tokens ·
                       temperature: 0, greedy (req), max_tokens: 256 (req),
                       min_tokens: 256 (req)
15:52:56.537 INFO:     #116 chat/completions (stream): 256 tokens generated at
                       368.7 T/s · prompt 87 tokens, none cached, 87 new in 0.08
                       s · first token 0.09 s, total 0.78 s · draft 186/210
                       accepted (89%) · max_tokens reached
15:52:56.539 INFO:     #117 chat/completions (stream): 130 prompt tokens ·
                       temperature: 0, greedy (req), max_tokens: 256 (req),
                       min_tokens: 256 (req)
15:52:57.410 INFO:     #117 chat/completions (stream): 256 tokens generated at
                       337.3 T/s · prompt 130 tokens, none cached, 130 new in
                       0.11 s · first token 0.11 s, total 0.87 s · draft 180/228
                       accepted (79%) · max_tokens reached
15:52:57.413 INFO:     #118 chat/completions (stream): 63 prompt tokens ·
                       temperature: 0, greedy (req), max_tokens: 256 (req),
                       min_tokens: 256 (req)
15:52:58.440 INFO:     #118 chat/completions (stream): 256 tokens generated at
                       271.3 T/s · prompt 63 tokens, none cached, 63 new in 0.08
                       s · first token 0.08 s, total 1.03 s · draft 163/279
                       accepted (58%) · max_tokens reached
15:52:58.442 INFO:     #119 chat/completions (stream): 67 prompt tokens ·
                       temperature: 0, greedy (req), max_tokens: 256 (req),
                       min_tokens: 256 (req)
15:52:59.356 INFO:     #119 chat/completions (stream): 256 tokens generated at
                       307.6 T/s · prompt 67 tokens, none cached, 67 new in 0.07
                       s · first token 0.07 s, total 0.91 s · draft 172/252
                       accepted (68%) · max_tokens reached
15:52:59.358 INFO:     #120 chat/completions (stream): 61 prompt tokens ·
                       temperature: 0, greedy (req), max_tokens: 256 (req),
                       min_tokens: 256 (req)
15:53:00.347 INFO:     #120 chat/completions (stream): 256 tokens generated at
                       280.3 T/s · prompt 61 tokens, none cached, 61 new in 0.07
                       s · first token 0.08 s, total 0.99 s · draft 164/276
                       accepted (59%) · max_tokens reached
15:53:00.349 INFO:     #121 chat/completions (stream): 96 prompt tokens ·
                       temperature: 0, greedy (req), max_tokens: 256 (req),
                       min_tokens: 256 (req)
15:53:01.229 INFO:     #121 chat/completions (stream): 256 tokens generated at
                       325.9 T/s · prompt 96 tokens, none cached, 96 new in 0.09
                       s · first token 0.09 s, total 0.88 s · draft 177/237
                       accepted (75%) · max_tokens reached
15:53:01.232 INFO:     #122 chat/completions (stream): 497 prompt tokens ·
                       temperature: 0, greedy (req), max_tokens: 256 (req),
                       min_tokens: 256 (req)
15:53:02.374 INFO:     #122 chat/completions (stream): 256 tokens generated at
                       285.6 T/s · prompt 497 tokens, none cached, 497 new in
                       0.24 s (2,071 T/s) · first token 0.24 s, total 1.14 s ·
                       draft 166/270 accepted (61%) · max_tokens reached
15:53:02.377 INFO:     #124 chat/completions (stream): 357 prompt tokens ·
                       temperature: 0, greedy (req), max_tokens: 256 (req),
                       min_tokens: 256 (req)
15:53:03.470 INFO:     #124 chat/completions (stream): 256 tokens generated at
                       294.8 T/s · prompt 357 tokens, none cached, 357 new in
                       0.22 s (1,623 T/s) · first token 0.22 s, total 1.09 s ·
                       draft 169/261 accepted (65%) · max_tokens reached
15:53:03.472 INFO:     #125 chat/completions (stream): 82 prompt tokens ·
                       temperature: 0, greedy (req), max_tokens: 256 (req),
                       min_tokens: 256 (req)
15:53:04.495 INFO:     #125 chat/completions (stream): 256 tokens generated at
                       274.1 T/s · prompt 82 tokens, none cached, 82 new in 0.08
                       s · first token 0.09 s, total 1.02 s · draft 162/282
                       accepted (57%) · max_tokens reached
15:53:04.499 INFO:     #126 chat/completions (stream): 851 prompt tokens ·
                       temperature: 0, greedy (req), max_tokens: 256 (req),
                       min_tokens: 256 (req)
15:53:05.677 INFO:     #126 chat/completions (stream): 256 tokens generated at
                       285.8 T/s · prompt 851 tokens, none cached, 851 new in
                       0.28 s (3,039 T/s) · first token 0.29 s, total 1.18 s ·
                       draft 168/264 accepted (64%) · max_tokens reached
15:53:05.680 INFO:     #127 chat/completions (stream): 121 prompt tokens ·
                       temperature: 0, greedy (req), max_tokens: 256 (req),
                       min_tokens: 256 (req)
15:53:06.560 INFO:     #127 chat/completions (stream): 256 tokens generated at
                       330.2 T/s · prompt 121 tokens, none cached, 121 new in
                       0.10 s · first token 0.11 s, total 0.88 s · draft 179/231
                       accepted (77%) · max_tokens reached
15:53:06.562 INFO:     #128 chat/completions (stream): 62 prompt tokens ·
                       temperature: 0, greedy (req), max_tokens: 256 (req),
                       min_tokens: 256 (req)
15:53:07.566 INFO:     #128 chat/completions (stream): 256 tokens generated at
                       275.9 T/s · prompt 62 tokens, none cached, 62 new in 0.07
                       s · first token 0.07 s, total 1.00 s · draft 164/276
                       accepted (59%) · max_tokens reached
15:53:07.568 INFO:     #129 chat/completions (stream): 95 prompt tokens ·
                       temperature: 0, greedy (req), max_tokens: 256 (req),
                       min_tokens: 256 (req)
15:53:08.500 INFO:     #129 chat/completions (stream): 256 tokens generated at
                       304.9 T/s · prompt 95 tokens, none cached, 95 new in 0.09
                       s · first token 0.10 s, total 0.93 s · draft 172/252
                       accepted (68%) · max_tokens reached
15:53:08.502 INFO:     #130 chat/completions (stream): 61 prompt tokens ·
                       temperature: 0, greedy (req), max_tokens: 256 (req),
                       min_tokens: 256 (req)
15:53:09.682 INFO:     #130 chat/completions (stream): 256 tokens generated at
                       232.7 T/s · prompt 61 tokens, none cached, 61 new in 0.07
                       s · first token 0.07 s, total 1.18 s · draft 146/330
                       accepted (44%) · max_tokens reached
15:53:09.687 INFO:     #131 chat/completions (stream): 1,431 prompt tokens ·
                       temperature: 0, greedy (req), max_tokens: 256 (req),
                       min_tokens: 256 (req)
15:53:11.015 INFO:     #131 chat/completions (stream): 256 tokens generated at
                       264.3 T/s · prompt 1,431 tokens, none cached, 1,431 new
                       in 0.35 s (4,089 T/s) · first token 0.36 s, total 1.32 s
                       · draft 160/288 accepted (56%) · max_tokens reached
15:53:11.019 INFO:     #132 chat/completions (stream): 670 prompt tokens ·
                       temperature: 0, greedy (req), max_tokens: 256 (req),
                       min_tokens: 256 (req)
15:53:12.197 INFO:     #132 chat/completions (stream): 256 tokens generated at
                       275.3 T/s · prompt 670 tokens, none cached, 670 new in
                       0.24 s (2,792 T/s) · first token 0.24 s, total 1.17 s ·
                       draft 164/276 accepted (59%) · max_tokens reached
15:53:12.200 INFO:     #133 chat/completions (stream): 393 prompt tokens ·
                       temperature: 0, greedy (req), max_tokens: 256 (req),
                       min_tokens: 256 (req)
15:53:13.490 INFO:     #133 chat/completions (stream): 256 tokens generated at
                       244.8 T/s · prompt 393 tokens, none cached, 393 new in
                       0.24 s (1,638 T/s) · first token 0.25 s, total 1.29 s ·
                       draft 152/312 accepted (49%) · max_tokens reached
15:53:13.493 INFO:     #134 chat/completions (stream): 242 prompt tokens ·
                       temperature: 0, greedy (req), max_tokens: 256 (req),
                       min_tokens: 256 (req)
15:53:14.365 INFO:     #134 chat/completions (stream): 256 tokens generated at
                       341.2 T/s · prompt 242 tokens, none cached, 242 new in
                       0.11 s · first token 0.11 s, total 0.87 s · draft 181/225
                       accepted (80%) · max_tokens reached
15:53:14.368 INFO:     #135 chat/completions (stream): 199 prompt tokens ·
                       temperature: 0, greedy (req), max_tokens: 256 (req),
                       min_tokens: 256 (req)
15:53:15.496 INFO:     #135 chat/completions (stream): 256 tokens generated at
                       251.4 T/s · prompt 199 tokens, none cached, 199 new in
                       0.10 s · first token 0.11 s, total 1.12 s · draft 154/306
                       accepted (50%) · max_tokens reached
15:53:15.499 INFO:     #136 chat/completions (stream): 412 prompt tokens ·
                       temperature: 0, greedy (req), max_tokens: 256 (req),
                       min_tokens: 256 (req)
15:53:16.596 INFO:     #136 chat/completions (stream): 256 tokens generated at
                       293.8 T/s · prompt 412 tokens, none cached, 412 new in
                       0.22 s (1,873 T/s) · first token 0.23 s, total 1.10 s ·
                       draft 169/261 accepted (65%) · max_tokens reached
15:53:16.598 INFO:     #137 chat/completions (stream): 109 prompt tokens ·
                       temperature: 0, greedy (req), max_tokens: 256 (req),
                       min_tokens: 256 (req)
15:53:17.486 INFO:     #137 chat/completions (stream): 256 tokens generated at
                       324.9 T/s · prompt 109 tokens, none cached, 109 new in
                       0.09 s · first token 0.10 s, total 0.88 s · draft 178/234
                       accepted (76%) · max_tokens reached
15:53:17.489 INFO:     #139 chat/completions (stream): 92 prompt tokens ·
                       temperature: 0, greedy (req), max_tokens: 256 (req),
                       min_tokens: 256 (req)
15:53:18.646 INFO:     #139 chat/completions (stream): 256 tokens generated at
                       240.6 T/s · prompt 92 tokens, none cached, 92 new in 0.09
                       s · first token 0.09 s, total 1.16 s · draft 150/318
                       accepted (47%) · max_tokens reached
15:53:18.648 INFO:     #140 chat/completions (stream): 98 prompt tokens ·
                       temperature: 0, greedy (req), max_tokens: 256 (req),
                       min_tokens: 256 (req)
15:53:19.497 INFO:     #140 chat/completions (stream): 256 tokens generated at
                       340.5 T/s · prompt 98 tokens, none cached, 98 new in 0.09
                       s · first token 0.10 s, total 0.85 s · draft 181/225
                       accepted (80%) · max_tokens reached
15:53:19.499 INFO:     #141 chat/completions (stream): 91 prompt tokens ·
                       temperature: 0, greedy (req), max_tokens: 256 (req),
                       min_tokens: 256 (req)
15:53:20.387 INFO:     #141 chat/completions (stream): 256 tokens generated at
                       322.7 T/s · prompt 91 tokens, none cached, 91 new in 0.09
                       s · first token 0.09 s, total 0.89 s · draft 177/237
                       accepted (75%) · max_tokens reached
15:53:20.391 INFO:     #142 chat/completions (stream): 774 prompt tokens ·
                       temperature: 0, greedy (req), max_tokens: 256 (req),
                       min_tokens: 256 (req)
15:53:21.474 INFO:     #142 chat/completions (stream): 256 tokens generated at
                       307.4 T/s · prompt 774 tokens, none cached, 774 new in
                       0.24 s (3,225 T/s) · first token 0.25 s, total 1.08 s ·
                       draft 173/249 accepted (69%) · max_tokens reached
15:53:21.478 INFO:     #143 chat/completions (stream): 823 prompt tokens ·
                       temperature: 0, greedy (req), max_tokens: 256 (req),
                       min_tokens: 256 (req)
15:53:22.599 INFO:     #143 chat/completions (stream): 256 tokens generated at
                       298.1 T/s · prompt 823 tokens, none cached, 823 new in
                       0.26 s (3,165 T/s) · first token 0.27 s, total 1.12 s ·
                       draft 170/258 accepted (66%) · max_tokens reached
15:53:22.601 INFO:     #144 chat/completions (stream): 75 prompt tokens ·
                       temperature: 0, greedy (req), max_tokens: 256 (req),
                       min_tokens: 256 (req)
15:53:23.565 INFO:     #144 chat/completions (stream): 256 tokens generated at
                       290.4 T/s · prompt 75 tokens, none cached, 75 new in 0.08
                       s · first token 0.09 s, total 0.97 s · draft 168/264
                       accepted (64%) · max_tokens reached
15:53:23.569 INFO:     #145 chat/completions (stream): 819 prompt tokens ·
                       temperature: 0, greedy (req), max_tokens: 256 (req),
                       min_tokens: 256 (req)
15:53:24.689 INFO:     #145 chat/completions (stream): 256 tokens generated at
                       298.9 T/s · prompt 819 tokens, none cached, 819 new in
                       0.26 s (3,150 T/s) · first token 0.26 s, total 1.12 s ·
                       draft 176/240 accepted (73%) · max_tokens reached
15:53:24.692 INFO:     #146 chat/completions (stream): 125 prompt tokens ·
                       temperature: 0, greedy (req), max_tokens: 256 (req),
                       min_tokens: 256 (req)
15:53:25.595 INFO:     #146 chat/completions (stream): 256 tokens generated at
                       324.6 T/s · prompt 125 tokens, none cached, 125 new in
                       0.11 s · first token 0.12 s, total 0.91 s · draft 180/228
                       accepted (79%) · max_tokens reached
15:53:25.599 INFO:     #147 chat/completions (stream): 763 prompt tokens ·
                       temperature: 0, greedy (req), max_tokens: 256 (req),
                       min_tokens: 256 (req)
15:53:26.816 INFO:     #147 chat/completions (stream): 256 tokens generated at
                       273.6 T/s · prompt 763 tokens, none cached, 763 new in
                       0.27 s (2,826 T/s) · first token 0.27 s, total 1.21 s ·
                       draft 163/279 accepted (58%) · max_tokens reached
15:53:26.818 INFO:     #148 chat/completions (stream): 65 prompt tokens ·
                       temperature: 0, greedy (req), max_tokens: 256 (req),
                       min_tokens: 256 (req)
15:53:27.869 INFO:     #148 chat/completions (stream): 256 tokens generated at
                       262.8 T/s · prompt 65 tokens, none cached, 65 new in 0.07
                       s · first token 0.08 s, total 1.05 s · draft 159/291
                       accepted (55%) · max_tokens reached
15:53:27.873 INFO:     #149 chat/completions (stream): 536 prompt tokens ·
                       temperature: 0, greedy (req), max_tokens: 256 (req),
                       min_tokens: 256 (req)
15:53:28.990 INFO:     #149 chat/completions (stream): 256 tokens generated at
                       274.1 T/s · prompt 536 tokens, none cached, 536 new in
                       0.18 s (2,978 T/s) · first token 0.19 s, total 1.12 s ·
                       draft 164/276 accepted (59%) · max_tokens reached
15:53:28.993 INFO:     #150 chat/completions (stream): 106 prompt tokens ·
                       temperature: 0, greedy (req), max_tokens: 256 (req),
                       min_tokens: 256 (req)
15:53:30.019 INFO:     #150 chat/completions (stream): 256 tokens generated at
                       276.6 T/s · prompt 106 tokens, none cached, 106 new in
                       0.09 s · first token 0.10 s, total 1.02 s · draft 164/276
                       accepted (59%) · max_tokens reached
15:53:30.022 INFO:     #151 chat/completions (stream): 70 prompt tokens ·
                       temperature: 0, greedy (req), max_tokens: 256 (req),
                       min_tokens: 256 (req)
15:53:31.028 INFO:     #151 chat/completions (stream): 256 tokens generated at
                       277.7 T/s · prompt 70 tokens, none cached, 70 new in 0.08
                       s · first token 0.09 s, total 1.01 s · draft 164/276
                       accepted (59%) · max_tokens reached
15:53:31.032 INFO:     #152 chat/completions (stream): 1,053 prompt tokens ·
                       temperature: 0, greedy (req), max_tokens: 256 (req),
                       min_tokens: 256 (req)
15:53:32.211 INFO:     #152 chat/completions (stream): 256 tokens generated at
                       276.1 T/s · prompt 1,053 tokens, none cached, 1,053 new
                       in 0.24 s (4,388 T/s) · first token 0.25 s, total 1.17 s
                       · draft 165/273 accepted (60%) · max_tokens reached
15:53:32.216 INFO:     #154 chat/completions (stream): 1,100 prompt tokens ·
                       temperature: 0, greedy (req), max_tokens: 256 (req),
                       min_tokens: 256 (req)
15:53:33.336 INFO:     #154 chat/completions (stream): 256 tokens generated at
                       322.4 T/s · prompt 1,100 tokens, none cached, 1,100 new
                       in 0.32 s (3,438 T/s) · first token 0.32 s, total 1.12 s
                       · draft 177/237 accepted (75%) · max_tokens reached
15:53:33.339 INFO:     #155 chat/completions (stream): 411 prompt tokens ·
                       temperature: 0, greedy (req), max_tokens: 256 (req),
                       min_tokens: 256 (req)
15:53:34.436 INFO:     #155 chat/completions (stream): 256 tokens generated at
                       294.7 T/s · prompt 411 tokens, none cached, 411 new in
                       0.22 s (1,868 T/s) · first token 0.23 s, total 1.09 s ·
                       draft 170/258 accepted (66%) · max_tokens reached
15:53:34.439 INFO:     #156 chat/completions (stream): 128 prompt tokens ·
                       temperature: 0, greedy (req), max_tokens: 256 (req),
                       min_tokens: 256 (req)
15:53:35.288 INFO:     #156 chat/completions (stream): 256 tokens generated at
                       345.3 T/s · prompt 128 tokens, none cached, 128 new in
                       0.10 s · first token 0.10 s, total 0.85 s · draft 182/222
                       accepted (82%) · max_tokens reached
15:53:35.290 INFO:     #157 chat/completions (stream): 84 prompt tokens ·
                       temperature: 0, greedy (req), max_tokens: 256 (req),
                       min_tokens: 256 (req)
15:53:36.441 INFO:     #157 chat/completions (stream): 256 tokens generated at
                       241.1 T/s · prompt 84 tokens, none cached, 84 new in 0.08
                       s · first token 0.09 s, total 1.15 s · draft 150/318
                       accepted (47%) · max_tokens reached
15:53:36.443 INFO:     #158 chat/completions (stream): 74 prompt tokens ·
                       temperature: 0, greedy (req), max_tokens: 256 (req),
                       min_tokens: 256 (req)
15:53:37.664 INFO:     #158 chat/completions (stream): 256 tokens generated at
                       224.8 T/s · prompt 74 tokens, none cached, 74 new in 0.08
                       s · first token 0.08 s, total 1.22 s · draft 142/342
                       accepted (42%) · max_tokens reached
15:53:37.667 INFO:     #159 chat/completions (stream): 61 prompt tokens ·
                       temperature: 0, greedy (req), max_tokens: 256 (req),
                       min_tokens: 256 (req)
15:53:38.646 INFO:     #159 chat/completions (stream): 256 tokens generated at
                       283.0 T/s · prompt 61 tokens, none cached, 61 new in 0.07
                       s · first token 0.08 s, total 0.98 s · draft 166/270
                       accepted (61%) · max_tokens reached
15:53:38.648 INFO:     #160 chat/completions (stream): 80 prompt tokens ·
                       temperature: 0, greedy (req), max_tokens: 256 (req),
                       min_tokens: 256 (req)
15:53:39.507 INFO:     #160 chat/completions (stream): 256 tokens generated at
                       331.5 T/s · prompt 80 tokens, none cached, 80 new in 0.08
                       s · first token 0.09 s, total 0.86 s · draft 179/231
                       accepted (77%) · max_tokens reached
15:53:39.509 INFO:     #161 chat/completions (stream): 112 prompt tokens ·
                       temperature: 0, greedy (req), max_tokens: 256 (req),
                       min_tokens: 256 (req)
15:53:40.361 INFO:     #161 chat/completions (stream): 256 tokens generated at
                       341.5 T/s · prompt 112 tokens, none cached, 112 new in
                       0.09 s · first token 0.10 s, total 0.84 s · draft 182/222
                       accepted (82%) · max_tokens reached
15:53:40.363 INFO:     #162 chat/completions (stream): 83 prompt tokens ·
                       temperature: 0, greedy (req), max_tokens: 256 (req),
                       min_tokens: 256 (req)
15:53:41.390 INFO:     #162 chat/completions (stream): 256 tokens generated at
                       273.4 T/s · prompt 83 tokens, none cached, 83 new in 0.08
                       s · first token 0.09 s, total 1.02 s · draft 162/282
                       accepted (57%) · max_tokens reached
15:53:41.393 INFO:     #163 chat/completions (stream): 100 prompt tokens ·
                       temperature: 0, greedy (req), max_tokens: 256 (req),
                       min_tokens: 256 (req)
15:53:42.296 INFO:     #163 chat/completions (stream): 256 tokens generated at
                       317.9 T/s · prompt 100 tokens, none cached, 100 new in
                       0.09 s · first token 0.10 s, total 0.90 s · draft 175/243
                       accepted (72%) · max_tokens reached
15:53:42.298 INFO:     #164 chat/completions (stream): 127 prompt tokens ·
                       temperature: 0, greedy (req), max_tokens: 256 (req),
                       min_tokens: 256 (req)
15:53:43.140 INFO:     #164 chat/completions (stream): 256 tokens generated at
                       347.7 T/s · prompt 127 tokens, none cached, 127 new in
                       0.10 s · first token 0.10 s, total 0.84 s · draft 183/219
                       accepted (84%) · max_tokens reached
15:53:43.142 INFO:     #165 chat/completions (stream): 90 prompt tokens ·
                       temperature: 0, greedy (req), max_tokens: 256 (req),
                       min_tokens: 256 (req)
15:53:44.142 INFO:     #165 chat/completions (stream): 256 tokens generated at
                       281.7 T/s · prompt 90 tokens, none cached, 90 new in 0.08
                       s · first token 0.09 s, total 0.99 s · draft 166/270
                       accepted (61%) · max_tokens reached
15:53:44.144 INFO:     #166 chat/completions (stream): 63 prompt tokens ·
                       temperature: 0, greedy (req), max_tokens: 256 (req),
                       min_tokens: 256 (req)
15:53:45.127 INFO:     #166 chat/completions (stream): 256 tokens generated at
                       282.1 T/s · prompt 63 tokens, none cached, 63 new in 0.07
                       s · first token 0.08 s, total 0.98 s · draft 166/270
                       accepted (61%) · max_tokens reached
15:53:45.130 INFO:     #167 chat/completions (stream): 104 prompt tokens ·
                       temperature: 0, greedy (req), max_tokens: 256 (req),
                       min_tokens: 256 (req)
15:53:46.168 INFO:     #167 chat/completions (stream): 256 tokens generated at
                       272.6 T/s · prompt 104 tokens, none cached, 104 new in
                       0.09 s · first token 0.10 s, total 1.03 s · draft 162/282
                       accepted (57%) · max_tokens reached
15:53:46.171 INFO:     #168 chat/completions (stream): 80 prompt tokens ·
                       temperature: 0, greedy (req), max_tokens: 256 (req),
                       min_tokens: 256 (req)
15:53:47.310 INFO:     #168 chat/completions (stream): 256 tokens generated at
                       242.7 T/s · prompt 80 tokens, none cached, 80 new in 0.08
                       s · first token 0.09 s, total 1.14 s · draft 151/315
                       accepted (48%) · max_tokens reached
15:53:47.312 INFO:     #170 chat/completions (stream): 82 prompt tokens ·
                       temperature: 0, greedy (req), max_tokens: 256 (req),
                       min_tokens: 256 (req)
15:53:48.471 INFO:     #170 chat/completions (stream): 256 tokens generated at
                       239.1 T/s · prompt 82 tokens, none cached, 82 new in 0.08
                       s · first token 0.09 s, total 1.16 s · draft 149/321
                       accepted (46%) · max_tokens reached
15:53:48.475 INFO:     #171 chat/completions (stream): 809 prompt tokens ·
                       temperature: 0, greedy (req), max_tokens: 256 (req),
                       min_tokens: 256 (req)
15:53:49.618 INFO:     #171 chat/completions (stream): 256 tokens generated at
                       289.1 T/s · prompt 809 tokens, none cached, 809 new in
                       0.25 s (3,236 T/s) · first token 0.26 s, total 1.14 s ·
                       draft 169/261 accepted (65%) · max_tokens reached
15:53:49.621 INFO:     #172 chat/completions (stream): 77 prompt tokens ·
                       temperature: 0, greedy (req), max_tokens: 256 (req),
                       min_tokens: 256 (req)
15:53:50.503 INFO:     #172 chat/completions (stream): 256 tokens generated at
                       321.1 T/s · prompt 77 tokens, none cached, 77 new in 0.08
                       s · first token 0.09 s, total 0.88 s · draft 176/240
                       accepted (73%) · max_tokens reached
15:53:50.506 INFO:     #173 chat/completions (stream): 64 prompt tokens ·
                       temperature: 0, greedy (req), max_tokens: 256 (req),
                       min_tokens: 256 (req)
15:53:51.501 INFO:     #173 chat/completions (stream): 256 tokens generated at
                       278.9 T/s · prompt 64 tokens, none cached, 64 new in 0.07
                       s · first token 0.08 s, total 0.99 s · draft 164/276
                       accepted (59%) · max_tokens reached
15:53:51.503 INFO:     #174 chat/completions (stream): 104 prompt tokens ·
                       temperature: 0, greedy (req), max_tokens: 256 (req),
                       min_tokens: 256 (req)
15:53:52.307 INFO:     #174 chat/completions (stream): 256 tokens generated at
                       362.3 T/s · prompt 104 tokens, none cached, 104 new in
                       0.09 s · first token 0.10 s, total 0.80 s · draft 185/213
                       accepted (87%) · max_tokens reached
15:53:52.309 INFO:     #175 chat/completions (stream): 66 prompt tokens ·
                       temperature: 0, greedy (req), max_tokens: 256 (req),
                       min_tokens: 256 (req)
15:53:53.276 INFO:     #175 chat/completions (stream): 256 tokens generated at
                       288.9 T/s · prompt 66 tokens, none cached, 66 new in 0.07
                       s · first token 0.07 s, total 0.96 s · draft 167/267
                       accepted (63%) · max_tokens reached
15:53:53.281 INFO:     #176 chat/completions (stream): 786 prompt tokens ·
                       temperature: 0, greedy (req), max_tokens: 256 (req),
                       min_tokens: 256 (req)
15:53:54.338 INFO:     #176 chat/completions (stream): 256 tokens generated at
                       299.0 T/s · prompt 786 tokens, none cached, 786 new in
                       0.19 s (4,137 T/s) · first token 0.20 s, total 1.05 s ·
                       draft 170/258 accepted (66%) · max_tokens reached
15:53:54.340 INFO:     #177 chat/completions (stream): 67 prompt tokens ·
                       temperature: 0, greedy (req), max_tokens: 256 (req),
                       min_tokens: 256 (req)
15:53:55.381 INFO:     #177 chat/completions (stream): 256 tokens generated at
                       266.7 T/s · prompt 67 tokens, none cached, 67 new in 0.07
                       s · first token 0.08 s, total 1.03 s · draft 160/288
                       accepted (56%) · max_tokens reached
15:53:55.386 INFO:     #178 chat/completions (stream): 831 prompt tokens ·
                       temperature: 0, greedy (req), max_tokens: 256 (req),
                       min_tokens: 256 (req)
15:53:56.588 INFO:     #178 chat/completions (stream): 256 tokens generated at
                       281.0 T/s · prompt 831 tokens, none cached, 831 new in
                       0.28 s (2,968 T/s) · first token 0.29 s, total 1.20 s ·
                       draft 165/273 accepted (60%) · max_tokens reached
15:53:56.592 INFO:     #179 chat/completions (stream): 731 prompt tokens ·
                       temperature: 0, greedy (req), max_tokens: 256 (req),
                       min_tokens: 256 (req)
15:53:57.785 INFO:     #179 chat/completions (stream): 256 tokens generated at
                       275.1 T/s · prompt 731 tokens, none cached, 731 new in
                       0.26 s (2,812 T/s) · first token 0.27 s, total 1.20 s ·
                       draft 164/276 accepted (59%) · max_tokens reached
15:53:57.787 INFO:     #180 chat/completions (stream): 87 prompt tokens ·
                       temperature: 0, greedy (req), max_tokens: 256 (req),
                       min_tokens: 256 (req)
15:53:58.677 INFO:     #180 chat/completions (stream): 256 tokens generated at
                       320.8 T/s · prompt 87 tokens, none cached, 87 new in 0.08
                       s · first token 0.08 s, total 0.88 s · draft 177/237
                       accepted (75%) · max_tokens reached
15:53:58.681 INFO:     #181 chat/completions (stream): 1,138 prompt tokens ·
                       temperature: 0, greedy (req), max_tokens: 256 (req),
                       min_tokens: 256 (req)
15:53:59.846 INFO:     #181 chat/completions (stream): 256 tokens generated at
                       304.9 T/s · prompt 1,138 tokens, none cached, 1,138 new
                       in 0.32 s (3,556 T/s) · first token 0.33 s, total 1.16 s
                       · draft 172/252 accepted (68%) · max_tokens reached
15:53:59.848 INFO:     #182 chat/completions (stream): 128 prompt tokens ·
                       temperature: 0, greedy (req), max_tokens: 256 (req),
                       min_tokens: 256 (req)
15:54:00.707 INFO:     #182 chat/completions (stream): 256 tokens generated at
                       340.2 T/s · prompt 128 tokens, none cached, 128 new in
                       0.10 s · first token 0.11 s, total 0.86 s · draft 182/222
                       accepted (82%) · max_tokens reached
15:54:00.710 INFO:     #183 chat/completions (stream): 592 prompt tokens ·
                       temperature: 0, greedy (req), max_tokens: 256 (req),
                       min_tokens: 256 (req)
15:54:01.868 INFO:     #183 chat/completions (stream): 256 tokens generated at
                       278.1 T/s · prompt 592 tokens, none cached, 592 new in
                       0.23 s (2,574 T/s) · first token 0.24 s, total 1.16 s ·
                       draft 165/273 accepted (60%) · max_tokens reached
15:54:01.870 INFO:     #184 chat/completions (stream): 63 prompt tokens ·
                       temperature: 0, greedy (req), max_tokens: 256 (req),
                       min_tokens: 256 (req)
15:54:03.051 INFO:     #184 chat/completions (stream): 256 tokens generated at
                       231.7 T/s · prompt 63 tokens, none cached, 63 new in 0.07
                       s · first token 0.07 s, total 1.18 s · draft 145/333
                       accepted (44%) · max_tokens reached
15:54:03.055 INFO:     #186 chat/completions (stream): 654 prompt tokens ·
                       temperature: 0, greedy (req), max_tokens: 256 (req),
                       min_tokens: 256 (req)
15:54:04.400 INFO:     #186 chat/completions (stream): 256 tokens generated at
                       237.3 T/s · prompt 654 tokens, none cached, 654 new in
                       0.26 s (2,515 T/s) · first token 0.27 s, total 1.34 s ·
                       draft 151/315 accepted (48%) · max_tokens reached
15:54:04.404 INFO:     #187 chat/completions (stream): 586 prompt tokens ·
                       temperature: 0, greedy (req), max_tokens: 256 (req),
                       min_tokens: 256 (req)
15:54:05.660 INFO:     #187 chat/completions (stream): 256 tokens generated at
                       256.0 T/s · prompt 586 tokens, none cached, 586 new in
                       0.25 s (2,344 T/s) · first token 0.26 s, total 1.25 s ·
                       draft 157/297 accepted (53%) · max_tokens reached
15:54:05.663 INFO:     #188 chat/completions (stream): 212 prompt tokens ·
                       temperature: 0, greedy (req), max_tokens: 256 (req),
                       min_tokens: 256 (req)
15:54:06.610 INFO:     #188 chat/completions (stream): 256 tokens generated at
                       306.1 T/s · prompt 212 tokens, none cached, 212 new in
                       0.10 s · first token 0.11 s, total 0.94 s · draft 174/246
                       accepted (71%) · max_tokens reached
15:54:06.615 INFO:     #189 chat/completions (stream): 960 prompt tokens ·
                       temperature: 0, greedy (req), max_tokens: 256 (req),
                       min_tokens: 256 (req)
15:54:07.943 INFO:     #189 chat/completions (stream): 256 tokens generated at
                       246.8 T/s · prompt 960 tokens, none cached, 960 new in
                       0.28 s (3,429 T/s) · first token 0.28 s, total 1.32 s ·
                       draft 153/309 accepted (50%) · max_tokens reached
15:54:07.945 INFO:     #190 chat/completions (stream): 77 prompt tokens ·
                       temperature: 0, greedy (req), max_tokens: 256 (req),
                       min_tokens: 256 (req)
15:54:08.920 INFO:     #190 chat/completions (stream): 256 tokens generated at
                       288.1 T/s · prompt 77 tokens, none cached, 77 new in 0.08
                       s · first token 0.09 s, total 0.97 s · draft 168/264
                       accepted (64%) · max_tokens reached
15:54:08.924 INFO:     #191 chat/completions (stream): 819 prompt tokens ·
                       temperature: 0, greedy (req), max_tokens: 256 (req),
                       min_tokens: 256 (req)
15:54:10.267 INFO:     #191 chat/completions (stream): 256 tokens generated at
                       236.6 T/s · prompt 819 tokens, none cached, 819 new in
                       0.25 s (3,276 T/s) · first token 0.26 s, total 1.34 s ·
                       draft 148/324 accepted (46%) · max_tokens reached
15:54:10.272 INFO:     #192 chat/completions (stream): 780 prompt tokens ·
                       temperature: 0, greedy (req), max_tokens: 256 (req),
                       min_tokens: 256 (req)
15:54:11.375 INFO:     #192 chat/completions (stream): 256 tokens generated at
                       292.0 T/s · prompt 780 tokens, none cached, 780 new in
                       0.22 s (3,545 T/s) · first token 0.23 s, total 1.10 s ·
                       draft 169/261 accepted (65%) · max_tokens reached
15:54:11.377 INFO:     #193 chat/completions (stream): 134 prompt tokens ·
                       temperature: 0, greedy (req), max_tokens: 256 (req),
                       min_tokens: 256 (req)
15:54:12.223 INFO:     #193 chat/completions (stream): 256 tokens generated at
                       348.7 T/s · prompt 134 tokens, none cached, 134 new in
                       0.11 s · first token 0.12 s, total 0.85 s · draft 182/222
                       accepted (82%) · max_tokens reached
15:54:12.227 INFO:     #194 chat/completions (stream): 695 prompt tokens ·
                       temperature: 0, greedy (req), max_tokens: 256 (req),
                       min_tokens: 256 (req)
15:54:13.425 INFO:     #194 chat/completions (stream): 256 tokens generated at
                       273.8 T/s · prompt 695 tokens, none cached, 695 new in
                       0.26 s (2,673 T/s) · first token 0.26 s, total 1.20 s ·
                       draft 162/282 accepted (57%) · max_tokens reached
15:54:13.427 INFO:     #195 chat/completions (stream): 88 prompt tokens ·
                       temperature: 0, greedy (req), max_tokens: 256 (req),
                       min_tokens: 256 (req)
15:54:14.423 INFO:     #195 chat/completions (stream): 256 tokens generated at
                       282.5 T/s · prompt 88 tokens, none cached, 88 new in 0.08
                       s · first token 0.09 s, total 0.99 s · draft 166/270
                       accepted (61%) · max_tokens reached
15:54:14.427 INFO:     #196 chat/completions (stream): 516 prompt tokens ·
                       temperature: 0, greedy (req), max_tokens: 256 (req),
                       min_tokens: 256 (req)
15:54:15.492 INFO:     #196 chat/completions (stream): 256 tokens generated at
                       284.7 T/s · prompt 516 tokens, none cached, 516 new in
                       0.16 s (3,225 T/s) · first token 0.17 s, total 1.06 s ·
                       draft 167/267 accepted (63%) · max_tokens reached
15:54:15.494 INFO:     #197 chat/completions (stream): 93 prompt tokens ·
                       temperature: 0, greedy (req), max_tokens: 256 (req),
                       min_tokens: 256 (req)
15:54:16.335 INFO:     #197 chat/completions (stream): 256 tokens generated at
                       342.1 T/s · prompt 93 tokens, none cached, 93 new in 0.09
                       s · first token 0.10 s, total 0.84 s · draft 181/225
                       accepted (80%) · max_tokens reached
15:54:16.339 INFO:     #198 chat/completions (stream): 775 prompt tokens ·
                       temperature: 0, greedy (req), max_tokens: 256 (req),
                       min_tokens: 256 (req)
15:54:17.481 INFO:     #198 chat/completions (stream): 256 tokens generated at
                       274.9 T/s · prompt 775 tokens, none cached, 775 new in
                       0.20 s (3,875 T/s) · first token 0.20 s, total 1.14 s ·
                       draft 163/279 accepted (58%) · max_tokens reached
15:54:17.484 INFO:     #200 chat/completions (stream): 386 prompt tokens ·
                       temperature: 0, greedy (req), max_tokens: 256 (req),
                       min_tokens: 256 (req)
15:54:18.602 INFO:     #200 chat/completions (stream): 256 tokens generated at
                       292.4 T/s · prompt 386 tokens, none cached, 386 new in
                       0.23 s (1,678 T/s) · first token 0.23 s, total 1.11 s ·
                       draft 169/261 accepted (65%) · max_tokens reached
15:54:18.604 INFO:     #201 chat/completions (stream): 123 prompt tokens ·
                       temperature: 0, greedy (req), max_tokens: 256 (req),
                       min_tokens: 256 (req)
15:54:19.761 INFO:     #201 chat/completions (stream): 256 tokens generated at
                       243.1 T/s · prompt 123 tokens, none cached, 123 new in
                       0.10 s · first token 0.11 s, total 1.16 s · draft 152/312
                       accepted (49%) · max_tokens reached
15:54:19.763 INFO:     #202 chat/completions (stream): 78 prompt tokens ·
                       temperature: 0, greedy (req), max_tokens: 256 (req),
                       min_tokens: 256 (req)
15:54:20.686 INFO:     #202 chat/completions (stream): 256 tokens generated at
                       306.4 T/s · prompt 78 tokens, none cached, 78 new in 0.08
                       s · first token 0.09 s, total 0.92 s · draft 173/249
                       accepted (69%) · max_tokens reached
15:54:20.689 INFO:     #203 chat/completions (stream): 116 prompt tokens ·
                       temperature: 0, greedy (req), max_tokens: 256 (req),
                       min_tokens: 256 (req)
15:54:21.664 INFO:     #203 chat/completions (stream): 256 tokens generated at
                       294.1 T/s · prompt 116 tokens, none cached, 116 new in
                       0.10 s · first token 0.11 s, total 0.98 s · draft 169/261
                       accepted (65%) · max_tokens reached
15:54:21.666 INFO:     #204 chat/completions (stream): 67 prompt tokens ·
                       temperature: 0, greedy (req), max_tokens: 256 (req),
                       min_tokens: 256 (req)
15:54:22.504 INFO:     #204 chat/completions (stream): 256 tokens generated at
                       339.1 T/s · prompt 67 tokens, none cached, 67 new in 0.08
                       s · first token 0.09 s, total 0.84 s · draft 180/228
                       accepted (79%) · max_tokens reached
15:54:22.506 INFO:     #205 chat/completions (stream): 74 prompt tokens ·
                       temperature: 0, greedy (req), max_tokens: 256 (req),
                       min_tokens: 256 (req)
15:54:23.465 INFO:     #205 chat/completions (stream): 256 tokens generated at
                       292.8 T/s · prompt 74 tokens, none cached, 74 new in 0.08
                       s · first token 0.09 s, total 0.96 s · draft 168/264
                       accepted (64%) · max_tokens reached
15:54:23.468 INFO:     #206 chat/completions (stream): 148 prompt tokens ·
                       temperature: 0, greedy (req), max_tokens: 256 (req),
                       min_tokens: 256 (req)
15:54:24.352 INFO:     #206 chat/completions (stream): 256 tokens generated at
                       324.7 T/s · prompt 148 tokens, none cached, 148 new in
                       0.09 s · first token 0.10 s, total 0.88 s · draft 180/228
                       accepted (79%) · max_tokens reached
15:54:24.357 INFO:     #207 chat/completions (stream): 660 prompt tokens ·
                       temperature: 0, greedy (req), max_tokens: 256 (req),
                       min_tokens: 256 (req)
15:54:25.636 INFO:     #207 chat/completions (stream): 256 tokens generated at
                       254.8 T/s · prompt 660 tokens, none cached, 660 new in
                       0.27 s (2,444 T/s) · first token 0.28 s, total 1.28 s ·
                       draft 159/291 accepted (55%) · max_tokens reached
15:54:25.638 INFO:     #208 chat/completions (stream): 62 prompt tokens ·
                       temperature: 0, greedy (req), max_tokens: 256 (req),
                       min_tokens: 256 (req)
15:54:26.691 INFO:     #208 chat/completions (stream): 256 tokens generated at
                       262.2 T/s · prompt 62 tokens, none cached, 62 new in 0.07
                       s · first token 0.07 s, total 1.05 s · draft 159/291
                       accepted (55%) · max_tokens reached
15:54:26.693 INFO:     #209 chat/completions (stream): 61 prompt tokens ·
                       temperature: 0, greedy (req), max_tokens: 256 (req),
                       min_tokens: 256 (req)
15:54:27.618 INFO:     #209 chat/completions (stream): 256 tokens generated at
                       301.4 T/s · prompt 61 tokens, none cached, 61 new in 0.07
                       s · first token 0.08 s, total 0.92 s · draft 171/255
                       accepted (67%) · max_tokens reached
15:54:27.620 INFO:     #210 chat/completions (stream): 91 prompt tokens ·
                       temperature: 0, greedy (req), max_tokens: 256 (req),
                       min_tokens: 256 (req)
15:54:28.434 INFO:     #210 chat/completions (stream): 256 tokens generated at
                       355.2 T/s · prompt 91 tokens, none cached, 91 new in 0.09
                       s · first token 0.09 s, total 0.82 s · draft 183/219
                       accepted (84%) · max_tokens reached
15:54:28.436 INFO:     #211 chat/completions (stream): 86 prompt tokens ·
                       temperature: 0, greedy (req), max_tokens: 256 (req),
                       min_tokens: 256 (req)
15:54:29.524 INFO:     #211 chat/completions (stream): 256 tokens generated at
                       261.6 T/s · prompt 86 tokens, none cached, 86 new in 0.10
                       s · first token 0.10 s, total 1.08 s · draft 158/294
                       accepted (54%) · max_tokens reached
15:54:29.527 INFO:     #212 chat/completions (stream): 64 prompt tokens ·
                       temperature: 0, greedy (req), max_tokens: 256 (req),
                       min_tokens: 256 (req)
15:54:30.570 INFO:     #212 chat/completions (stream): 256 tokens generated at
                       264.8 T/s · prompt 64 tokens, none cached, 64 new in 0.07
                       s · first token 0.08 s, total 1.04 s · draft 158/294
                       accepted (54%) · max_tokens reached
15:54:30.574 INFO:     #213 chat/completions (stream): 745 prompt tokens ·
                       temperature: 0, greedy (req), max_tokens: 256 (req),
                       min_tokens: 256 (req)
15:54:31.728 INFO:     #213 chat/completions (stream): 256 tokens generated at
                       290.1 T/s · prompt 745 tokens, none cached, 745 new in
                       0.26 s (2,865 T/s) · first token 0.27 s, total 1.15 s ·
                       draft 168/264 accepted (64%) · max_tokens reached
15:54:31.731 INFO:     #214 chat/completions (stream): 722 prompt tokens ·
                       temperature: 0, greedy (req), max_tokens: 256 (req),
                       min_tokens: 256 (req)
15:54:32.957 INFO:     #214 chat/completions (stream): 256 tokens generated at
                       265.9 T/s · prompt 722 tokens, none cached, 722 new in
                       0.26 s (2,777 T/s) · first token 0.26 s, total 1.23 s ·
                       draft 160/288 accepted (56%) · max_tokens reached
15:54:32.960 INFO:     #216 chat/completions (stream): 115 prompt tokens ·
                       temperature: 0, greedy (req), max_tokens: 256 (req),
                       min_tokens: 256 (req)
15:54:33.911 INFO:     #216 chat/completions (stream): 256 tokens generated at
                       301.4 T/s · prompt 115 tokens, none cached, 115 new in
                       0.10 s · first token 0.11 s, total 0.95 s · draft 171/255
                       accepted (67%) · max_tokens reached
15:54:33.913 INFO:     #217 chat/completions (stream): 91 prompt tokens ·
                       temperature: 0, greedy (req), max_tokens: 256 (req),
                       min_tokens: 256 (req)
15:54:34.756 INFO:     #217 chat/completions (stream): 256 tokens generated at
                       342.0 T/s · prompt 91 tokens, none cached, 91 new in 0.09
                       s · first token 0.10 s, total 0.84 s · draft 181/225
                       accepted (80%) · max_tokens reached
15:54:34.760 INFO:     #218 chat/completions (stream): 680 prompt tokens ·
                       temperature: 0, greedy (req), max_tokens: 256 (req),
                       min_tokens: 256 (req)
15:54:35.988 INFO:     #218 chat/completions (stream): 256 tokens generated at
                       263.3 T/s · prompt 680 tokens, none cached, 680 new in
                       0.25 s (2,720 T/s) · first token 0.26 s, total 1.23 s ·
                       draft 160/288 accepted (56%) · max_tokens reached
15:54:35.991 INFO:     #219 chat/completions (stream): 100 prompt tokens ·
                       temperature: 0, greedy (req), max_tokens: 256 (req),
                       min_tokens: 256 (req)
15:54:36.827 INFO:     #219 chat/completions (stream): 256 tokens generated at
                       346.6 T/s · prompt 100 tokens, none cached, 100 new in
                       0.09 s · first token 0.10 s, total 0.83 s · draft 182/222
                       accepted (82%) · max_tokens reached
15:54:36.829 INFO:     #220 chat/completions (stream): 64 prompt tokens ·
                       temperature: 0, greedy (req), max_tokens: 256 (req),
                       min_tokens: 256 (req)
15:54:37.727 INFO:     #220 chat/completions (stream): 256 tokens generated at
                       311.8 T/s · prompt 64 tokens, none cached, 64 new in 0.07
                       s · first token 0.08 s, total 0.90 s · draft 174/246
                       accepted (71%) · max_tokens reached
15:54:37.731 INFO:     #221 chat/completions (stream): 672 prompt tokens ·
                       temperature: 0, greedy (req), max_tokens: 256 (req),
                       min_tokens: 256 (req)
15:54:38.897 INFO:     #221 chat/completions (stream): 256 tokens generated at
                       280.1 T/s · prompt 672 tokens, none cached, 672 new in
                       0.24 s (2,800 T/s) · first token 0.25 s, total 1.16 s ·
                       draft 165/273 accepted (60%) · max_tokens reached
15:54:38.901 INFO:     #222 chat/completions (stream): 875 prompt tokens ·
                       temperature: 0, greedy (req), max_tokens: 256 (req),
                       min_tokens: 256 (req)
15:54:40.027 INFO:     #222 chat/completions (stream): 256 tokens generated at
                       304.9 T/s · prompt 875 tokens, none cached, 875 new in
                       0.28 s (3,125 T/s) · first token 0.29 s, total 1.12 s ·
                       draft 172/252 accepted (68%) · max_tokens reached
15:54:40.029 INFO:     #223 chat/completions (stream): 139 prompt tokens ·
                       temperature: 0, greedy (req), max_tokens: 256 (req),
                       min_tokens: 256 (req)
15:54:40.926 INFO:     #223 chat/completions (stream): 256 tokens generated at
                       326.9 T/s · prompt 139 tokens, none cached, 139 new in
                       0.11 s · first token 0.12 s, total 0.90 s · draft 178/234
                       accepted (76%) · max_tokens reached
15:54:40.929 INFO:     #224 chat/completions (stream): 63 prompt tokens ·
                       temperature: 0, greedy (req), max_tokens: 256 (req),
                       min_tokens: 256 (req)
15:54:42.152 INFO:     #224 chat/completions (stream): 256 tokens generated at
                       223.2 T/s · prompt 63 tokens, none cached, 63 new in 0.07
                       s · first token 0.08 s, total 1.22 s · draft 141/345
                       accepted (41%) · max_tokens reached
15:54:42.155 INFO:     #225 chat/completions (stream): 778 prompt tokens ·
                       temperature: 0, greedy (req), max_tokens: 256 (req),
                       min_tokens: 256 (req)
15:54:43.173 INFO:     #225 chat/completions (stream): 256 tokens generated at
                       313.5 T/s · prompt 778 tokens, none cached, 778 new in
                       0.19 s (4,095 T/s) · first token 0.20 s, total 1.01 s ·
                       draft 175/243 accepted (72%) · max_tokens reached
15:54:43.177 INFO:     #226 chat/completions (stream): 774 prompt tokens ·
                       temperature: 0, greedy (req), max_tokens: 256 (req),
                       min_tokens: 256 (req)
15:54:44.321 INFO:     #226 chat/completions (stream): 256 tokens generated at
                       270.2 T/s · prompt 774 tokens, none cached, 774 new in
                       0.19 s (4,074 T/s) · first token 0.20 s, total 1.14 s ·
                       draft 164/276 accepted (59%) · max_tokens reached
15:54:44.323 INFO:     #227 chat/completions (stream): 65 prompt tokens ·
                       temperature: 0, greedy (req), max_tokens: 256 (req),
                       min_tokens: 256 (req)
15:54:45.341 INFO:     #227 chat/completions (stream): 256 tokens generated at
                       272.4 T/s · prompt 65 tokens, none cached, 65 new in 0.07
                       s · first token 0.08 s, total 1.01 s · draft 161/285
                       accepted (56%) · max_tokens reached
15:54:45.343 INFO:     #228 chat/completions (stream): 117 prompt tokens ·
                       temperature: 0, greedy (req), max_tokens: 256 (req),
                       min_tokens: 256 (req)
15:54:46.262 INFO:     #228 chat/completions (stream): 256 tokens generated at
                       314.7 T/s · prompt 117 tokens, none cached, 117 new in
                       0.10 s · first token 0.11 s, total 0.92 s · draft 174/246
                       accepted (71%) · max_tokens reached
15:54:46.265 INFO:     #229 chat/completions (stream): 405 prompt tokens ·
                       temperature: 0, greedy (req), max_tokens: 256 (req),
                       min_tokens: 256 (req)
15:54:47.371 INFO:     #229 chat/completions (stream): 256 tokens generated at
                       289.4 T/s · prompt 405 tokens, none cached, 405 new in
                       0.21 s (1,929 T/s) · first token 0.21 s, total 1.10 s ·
                       draft 167/267 accepted (63%) · max_tokens reached
15:54:47.373 INFO:     #231 chat/completions (stream): 96 prompt tokens ·
                       temperature: 0, greedy (req), max_tokens: 256 (req),
                       min_tokens: 256 (req)
15:54:48.336 INFO:     #231 chat/completions (stream): 256 tokens generated at
                       295.1 T/s · prompt 96 tokens, none cached, 96 new in 0.09
                       s · first token 0.09 s, total 0.96 s · draft 169/261
                       accepted (65%) · max_tokens reached
15:54:48.342 INFO:     #232 chat/completions (stream): 1,533 prompt tokens ·
                       temperature: 0, greedy (req), max_tokens: 256 (req),
                       min_tokens: 256 (req)
15:54:49.634 INFO:     #232 chat/completions (stream): 256 tokens generated at
                       283.6 T/s · prompt 1,533 tokens, none cached, 1,533 new
                       in 0.38 s (4,034 T/s) · first token 0.38 s, total 1.29 s
                       · draft 167/267 accepted (63%) · max_tokens reached
15:54:49.639 INFO:     #233 chat/completions (stream): 786 prompt tokens ·
                       temperature: 0, greedy (req), max_tokens: 256 (req),
                       min_tokens: 256 (req)
15:54:50.651 INFO:     #233 chat/completions (stream): 256 tokens generated at
                       321.8 T/s · prompt 786 tokens, none cached, 786 new in
                       0.21 s (3,743 T/s) · first token 0.21 s, total 1.01 s ·
                       draft 176/240 accepted (73%) · max_tokens reached
15:54:50.653 INFO:     #234 chat/completions (stream): 61 prompt tokens ·
                       temperature: 0, greedy (req), max_tokens: 256 (req),
                       min_tokens: 256 (req)
15:54:51.538 INFO:     #234 chat/completions (stream): 256 tokens generated at
                       316.1 T/s · prompt 61 tokens, none cached, 61 new in 0.07
                       s · first token 0.08 s, total 0.89 s · draft 175/243
                       accepted (72%) · max_tokens reached
15:54:51.541 INFO:     #235 chat/completions (stream): 84 prompt tokens ·
                       temperature: 0, greedy (req), max_tokens: 256 (req),
                       min_tokens: 256 (req)
15:54:52.605 INFO:     #235 chat/completions (stream): 256 tokens generated at
                       263.0 T/s · prompt 84 tokens, none cached, 84 new in 0.08
                       s · first token 0.09 s, total 1.06 s · draft 159/291
                       accepted (55%) · max_tokens reached
15:54:52.607 INFO:     #236 chat/completions (stream): 92 prompt tokens ·
                       temperature: 0, greedy (req), max_tokens: 256 (req),
                       min_tokens: 256 (req)
15:54:53.485 INFO:     #236 chat/completions (stream): 256 tokens generated at
                       325.7 T/s · prompt 92 tokens, none cached, 92 new in 0.08
                       s · first token 0.09 s, total 0.87 s · draft 176/240
                       accepted (73%) · max_tokens reached
15:54:53.488 INFO:     #237 chat/completions (stream): 388 prompt tokens ·
                       temperature: 0, greedy (req), max_tokens: 256 (req),
                       min_tokens: 256 (req)
15:54:54.472 INFO:     #237 chat/completions (stream): 256 tokens generated at
                       346.6 T/s · prompt 388 tokens, none cached, 388 new in
                       0.24 s (1,617 T/s) · first token 0.25 s, total 0.98 s ·
                       draft 183/219 accepted (84%) · max_tokens reached
15:54:54.475 INFO:     #238 chat/completions (stream): 63 prompt tokens ·
                       temperature: 0, greedy (req), max_tokens: 256 (req),
                       min_tokens: 256 (req)
15:54:55.659 INFO:     #238 chat/completions (stream): 256 tokens generated at
                       231.2 T/s · prompt 63 tokens, none cached, 63 new in 0.07
                       s · first token 0.08 s, total 1.18 s · draft 145/333
                       accepted (44%) · max_tokens reached
15:54:55.661 INFO:     #239 chat/completions (stream): 78 prompt tokens ·
                       temperature: 0, greedy (req), max_tokens: 256 (req),
                       min_tokens: 256 (req)
15:54:56.762 INFO:     #239 chat/completions (stream): 256 tokens generated at
                       252.0 T/s · prompt 78 tokens, none cached, 78 new in 0.08
                       s · first token 0.09 s, total 1.10 s · draft 155/303
                       accepted (51%) · max_tokens reached
15:54:56.766 INFO:     #240 chat/completions (stream): 707 prompt tokens ·
                       temperature: 0, greedy (req), max_tokens: 256 (req),
                       min_tokens: 256 (req)
15:54:57.855 INFO:     #240 chat/completions (stream): 256 tokens generated at
                       309.0 T/s · prompt 707 tokens, none cached, 707 new in
                       0.25 s (2,828 T/s) · first token 0.26 s, total 1.08 s ·
                       draft 173/249 accepted (69%) · max_tokens reached
15:54:57.858 INFO:     #241 chat/completions (stream): 316 prompt tokens ·
                       temperature: 0, greedy (req), max_tokens: 256 (req),
                       min_tokens: 256 (req)
15:54:59.009 INFO:     #241 chat/completions (stream): 256 tokens generated at
                       269.9 T/s · prompt 316 tokens, none cached, 316 new in
                       0.19 s (1,663 T/s) · first token 0.20 s, total 1.14 s ·
                       draft 162/282 accepted (57%) · max_tokens reached
15:54:59.011 INFO:     #242 chat/completions (stream): 70 prompt tokens ·
                       temperature: 0, greedy (req), max_tokens: 256 (req),
                       min_tokens: 256 (req)
15:55:00.137 INFO:     #242 chat/completions (stream): 256 tokens generated at
                       245.1 T/s · prompt 70 tokens, none cached, 70 new in 0.07
                       s · first token 0.08 s, total 1.12 s · draft 152/312
                       accepted (49%) · max_tokens reached
15:55:00.140 INFO:     #243 chat/completions (stream): 85 prompt tokens ·
                       temperature: 0, greedy (req), max_tokens: 256 (req),
                       min_tokens: 256 (req)
15:55:01.223 INFO:     #243 chat/completions (stream): 256 tokens generated at
                       257.9 T/s · prompt 85 tokens, none cached, 85 new in 0.08
                       s · first token 0.09 s, total 1.08 s · draft 157/297
                       accepted (53%) · max_tokens reached
15:55:01.227 INFO:     #244 chat/completions (stream): 689 prompt tokens ·
                       temperature: 0, greedy (req), max_tokens: 256 (req),
                       min_tokens: 256 (req)
15:55:02.407 INFO:     #244 chat/completions (stream): 256 tokens generated at
                       276.6 T/s · prompt 689 tokens, none cached, 689 new in
                       0.25 s (2,756 T/s) · first token 0.26 s, total 1.18 s ·
                       draft 163/279 accepted (58%) · max_tokens reached
15:55:02.409 INFO:     #246 chat/completions (stream): 118 prompt tokens ·
                       temperature: 0, greedy (req), max_tokens: 256 (req),
                       min_tokens: 256 (req)
15:55:03.285 INFO:     #246 chat/completions (stream): 256 tokens generated at
                       337.4 T/s · prompt 118 tokens, none cached, 118 new in
                       0.11 s · first token 0.11 s, total 0.87 s · draft 180/228
                       accepted (79%) · max_tokens reached
15:55:03.289 INFO:     #247 chat/completions (stream): 811 prompt tokens ·
                       temperature: 0, greedy (req), max_tokens: 256 (req),
                       min_tokens: 256 (req)
15:55:04.526 INFO:     #247 chat/completions (stream): 256 tokens generated at
                       261.0 T/s · prompt 811 tokens, none cached, 811 new in
                       0.25 s (3,244 T/s) · first token 0.25 s, total 1.24 s ·
                       draft 158/294 accepted (54%) · max_tokens reached
15:55:04.530 INFO:     #248 chat/completions (stream): 560 prompt tokens ·
                       temperature: 0, greedy (req), max_tokens: 256 (req),
                       min_tokens: 256 (req)
15:55:05.755 INFO:     #248 chat/completions (stream): 256 tokens generated at
                       256.2 T/s · prompt 560 tokens, none cached, 560 new in
                       0.22 s (2,545 T/s) · first token 0.23 s, total 1.22 s ·
                       draft 157/297 accepted (53%) · max_tokens reached
15:55:05.757 INFO:     #249 chat/completions (stream): 105 prompt tokens ·
                       temperature: 0, greedy (req), max_tokens: 256 (req),
                       min_tokens: 256 (req)
15:55:06.718 INFO:     #249 chat/completions (stream): 256 tokens generated at
                       297.4 T/s · prompt 105 tokens, none cached, 105 new in
                       0.09 s · first token 0.10 s, total 0.96 s · draft 171/255
                       accepted (67%) · max_tokens reached
15:55:06.722 INFO:     #250 chat/completions (stream): 715 prompt tokens ·
                       temperature: 0, greedy (req), max_tokens: 256 (req),
                       min_tokens: 256 (req)
15:55:07.888 INFO:     #250 chat/completions (stream): 256 tokens generated at
                       282.3 T/s · prompt 715 tokens, none cached, 715 new in
                       0.25 s (2,860 T/s) · first token 0.26 s, total 1.16 s ·
                       draft 166/270 accepted (61%) · max_tokens reached
15:55:07.891 INFO:     #251 chat/completions (stream): 116 prompt tokens ·
                       temperature: 0, greedy (req), max_tokens: 256 (req),
                       min_tokens: 256 (req)
15:55:08.823 INFO:     #251 chat/completions (stream): 256 tokens generated at
                       308.6 T/s · prompt 116 tokens, none cached, 116 new in
                       0.10 s · first token 0.11 s, total 0.93 s · draft 173/249
                       accepted (69%) · max_tokens reached
15:55:08.825 INFO:     #252 chat/completions (stream): 69 prompt tokens ·
                       temperature: 0, greedy (req), max_tokens: 256 (req),
                       min_tokens: 256 (req)
15:55:09.930 INFO:     #252 chat/completions (stream): 256 tokens generated at
                       250.5 T/s · prompt 69 tokens, none cached, 69 new in 0.08
                       s · first token 0.09 s, total 1.11 s · draft 154/306
                       accepted (50%) · max_tokens reached
15:55:09.932 INFO:     #253 chat/completions (stream): 63 prompt tokens ·
                       temperature: 0, greedy (req), max_tokens: 256 (req),
                       min_tokens: 256 (req)
15:55:11.020 INFO:     #253 chat/completions (stream): 256 tokens generated at
                       253.0 T/s · prompt 63 tokens, none cached, 63 new in 0.07
                       s · first token 0.08 s, total 1.09 s · draft 155/303
                       accepted (51%) · max_tokens reached
15:55:11.022 INFO:     #254 chat/completions (stream): 74 prompt tokens ·
                       temperature: 0, greedy (req), max_tokens: 256 (req),
                       min_tokens: 256 (req)
15:55:11.921 INFO:     #254 chat/completions (stream): 256 tokens generated at
                       313.9 T/s · prompt 74 tokens, none cached, 74 new in 0.08
                       s · first token 0.09 s, total 0.90 s · draft 174/246
                       accepted (71%) · max_tokens reached
15:55:11.925 INFO:     #255 chat/completions (stream): 755 prompt tokens ·
                       temperature: 0, greedy (req), max_tokens: 256 (req),
                       min_tokens: 256 (req)
15:55:13.169 INFO:     #255 chat/completions (stream): 256 tokens generated at
                       262.8 T/s · prompt 755 tokens, none cached, 755 new in
                       0.26 s (2,904 T/s) · first token 0.27 s, total 1.24 s ·
                       draft 159/291 accepted (55%) · max_tokens reached
15:55:13.171 INFO:     #256 chat/completions (stream): 119 prompt tokens ·
                       temperature: 0, greedy (req), max_tokens: 256 (req),
                       min_tokens: 256 (req)
15:55:14.014 INFO:     #256 chat/completions (stream): 256 tokens generated at
                       347.3 T/s · prompt 119 tokens, none cached, 119 new in
                       0.10 s · first token 0.11 s, total 0.84 s · draft 183/219
                       accepted (84%) · max_tokens reached
15:55:14.016 INFO:     #257 chat/completions (stream): 157 prompt tokens ·
                       temperature: 0, greedy (req), max_tokens: 256 (req),
                       min_tokens: 256 (req)
15:55:14.882 INFO:     #257 chat/completions (stream): 256 tokens generated at
                       334.4 T/s · prompt 157 tokens, none cached, 157 new in
                       0.09 s · first token 0.10 s, total 0.86 s · draft 180/228
                       accepted (79%) · max_tokens reached
15:55:14.886 INFO:     #258 chat/completions (stream): 588 prompt tokens ·
                       temperature: 0, greedy (req), max_tokens: 256 (req),
                       min_tokens: 256 (req)
15:55:16.182 INFO:     #258 chat/completions (stream): 256 tokens generated at
                       242.6 T/s · prompt 588 tokens, none cached, 588 new in
                       0.23 s (2,557 T/s) · first token 0.24 s, total 1.29 s ·
                       draft 151/315 accepted (48%) · max_tokens reached
15:55:16.185 INFO:     #259 chat/completions (stream): 86 prompt tokens ·
                       temperature: 0, greedy (req), max_tokens: 256 (req),
                       min_tokens: 256 (req)
15:55:17.188 INFO:     #259 chat/completions (stream): 256 tokens generated at
                       280.9 T/s · prompt 86 tokens, none cached, 86 new in 0.08
                       s · first token 0.09 s, total 1.00 s · draft 165/273
                       accepted (60%) · max_tokens reached
15:55:17.190 INFO:     #261 chat/completions (stream): 71 prompt tokens ·
                       temperature: 0, greedy (req), max_tokens: 256 (req),
                       min_tokens: 256 (req)
15:55:18.293 INFO:     #261 chat/completions (stream): 256 tokens generated at
                       251.4 T/s · prompt 71 tokens, none cached, 71 new in 0.08
                       s · first token 0.09 s, total 1.10 s · draft 154/306
                       accepted (50%) · max_tokens reached
15:55:18.299 INFO:     #262 chat/completions (stream): 1,392 prompt tokens ·
                       temperature: 0, greedy (req), max_tokens: 256 (req),
                       min_tokens: 256 (req)
15:55:19.610 INFO:     #262 chat/completions (stream): 256 tokens generated at
                       268.0 T/s · prompt 1,392 tokens, none cached, 1,392 new
                       in 0.35 s (3,977 T/s) · first token 0.36 s, total 1.31 s
                       · draft 162/282 accepted (57%) · max_tokens reached
15:55:19.613 INFO:     #263 chat/completions (stream): 107 prompt tokens ·
                       temperature: 0, greedy (req), max_tokens: 256 (req),
                       min_tokens: 256 (req)
15:55:20.765 INFO:     #263 chat/completions (stream): 256 tokens generated at
                       243.2 T/s · prompt 107 tokens, none cached, 107 new in
                       0.09 s · first token 0.10 s, total 1.15 s · draft 151/315
                       accepted (48%) · max_tokens reached
15:55:20.767 INFO:     #264 chat/completions (stream): 75 prompt tokens ·
                       temperature: 0, greedy (req), max_tokens: 256 (req),
                       min_tokens: 256 (req)
15:55:21.783 INFO:     #264 chat/completions (stream): 256 tokens generated at
                       275.4 T/s · prompt 75 tokens, none cached, 75 new in 0.08
                       s · first token 0.09 s, total 1.01 s · draft 163/279
                       accepted (58%) · max_tokens reached
15:55:21.785 INFO:     #265 chat/completions (stream): 97 prompt tokens ·
                       temperature: 0, greedy (req), max_tokens: 256 (req),
                       min_tokens: 256 (req)
15:55:22.700 INFO:     #265 chat/completions (stream): 256 tokens generated at
                       315.9 T/s · prompt 97 tokens, none cached, 97 new in 0.10
                       s · first token 0.11 s, total 0.92 s · draft 175/243
                       accepted (72%) · max_tokens reached
15:55:22.703 INFO:     #266 chat/completions (stream): 81 prompt tokens ·
                       temperature: 0, greedy (req), max_tokens: 256 (req),
                       min_tokens: 256 (req)
15:55:23.538 INFO:     #266 chat/completions (stream): 256 tokens generated at
                       341.6 T/s · prompt 81 tokens, none cached, 81 new in 0.08
                       s · first token 0.09 s, total 0.83 s · draft 180/228
                       accepted (79%) · max_tokens reached
15:55:23.542 INFO:     #267 chat/completions (stream): 642 prompt tokens ·
                       temperature: 0, greedy (req), max_tokens: 256 (req),
                       min_tokens: 256 (req)
15:55:24.784 INFO:     #267 chat/completions (stream): 256 tokens generated at
                       260.3 T/s · prompt 642 tokens, none cached, 642 new in
                       0.25 s (2,568 T/s) · first token 0.26 s, total 1.24 s ·
                       draft 164/276 accepted (59%) · max_tokens reached
15:55:24.787 INFO:     #268 chat/completions (stream): 61 prompt tokens ·
                       temperature: 0, greedy (req), max_tokens: 256 (req),
                       min_tokens: 256 (req)
15:55:25.729 INFO:     #268 chat/completions (stream): 256 tokens generated at
                       298.2 T/s · prompt 61 tokens, none cached, 61 new in 0.07
                       s · first token 0.08 s, total 0.94 s · draft 172/252
                       accepted (68%) · max_tokens reached
15:55:25.731 INFO:     #269 chat/completions (stream): 128 prompt tokens ·
                       temperature: 0, greedy (req), max_tokens: 256 (req),
                       min_tokens: 256 (req)
15:55:26.577 INFO:     #269 chat/completions (stream): 256 tokens generated at
                       346.0 T/s · prompt 128 tokens, none cached, 128 new in
                       0.10 s · first token 0.11 s, total 0.85 s · draft 182/222
                       accepted (82%) · max_tokens reached
15:55:26.581 INFO:     #270 chat/completions (stream): 712 prompt tokens ·
                       temperature: 0, greedy (req), max_tokens: 256 (req),
                       min_tokens: 256 (req)
15:55:27.729 INFO:     #270 chat/completions (stream): 256 tokens generated at
                       288.2 T/s · prompt 712 tokens, none cached, 712 new in
                       0.25 s (2,848 T/s) · first token 0.26 s, total 1.14 s ·
                       draft 167/267 accepted (63%) · max_tokens reached
15:55:27.731 INFO:     #271 chat/completions (stream): 94 prompt tokens ·
                       temperature: 0, greedy (req), max_tokens: 256 (req),
                       min_tokens: 256 (req)
15:55:28.813 INFO:     #271 chat/completions (stream): 256 tokens generated at
                       259.4 T/s · prompt 94 tokens, none cached, 94 new in 0.09
                       s · first token 0.10 s, total 1.08 s · draft 158/294
                       accepted (54%) · max_tokens reached
15:55:28.815 INFO:     #272 chat/completions (stream): 66 prompt tokens ·
                       temperature: 0, greedy (req), max_tokens: 256 (req),
                       min_tokens: 256 (req)
15:55:29.764 INFO:     #272 chat/completions (stream): 256 tokens generated at
                       294.8 T/s · prompt 66 tokens, none cached, 66 new in 0.07
                       s · first token 0.08 s, total 0.94 s · draft 169/261
                       accepted (65%) · max_tokens reached
15:55:29.766 INFO:     #273 chat/completions (stream): 93 prompt tokens ·
                       temperature: 0, greedy (req), max_tokens: 256 (req),
                       min_tokens: 256 (req)
15:55:30.678 INFO:     #273 chat/completions (stream): 256 tokens generated at
                       312.9 T/s · prompt 93 tokens, none cached, 93 new in 0.09
                       s · first token 0.10 s, total 0.91 s · draft 175/243
                       accepted (72%) · max_tokens reached
15:55:30.681 INFO:     #274 chat/completions (stream): 108 prompt tokens ·
                       temperature: 0, greedy (req), max_tokens: 256 (req),
                       min_tokens: 256 (req)
15:55:31.651 INFO:     #274 chat/completions (stream): 256 tokens generated at
                       294.7 T/s · prompt 108 tokens, none cached, 108 new in
                       0.09 s · first token 0.10 s, total 0.96 s · draft 170/258
                       accepted (66%) · max_tokens reached
15:55:31.653 INFO:     #275 chat/completions (stream): 93 prompt tokens ·
                       temperature: 0, greedy (req), max_tokens: 256 (req),
                       min_tokens: 256 (req)
15:55:32.498 INFO:     #275 chat/completions (stream): 256 tokens generated at
                       341.1 T/s · prompt 93 tokens, none cached, 93 new in 0.09
                       s · first token 0.10 s, total 0.85 s · draft 180/228
                       accepted (79%) · max_tokens reached
15:55:32.500 INFO:     #277 chat/completions (stream): 86 prompt tokens ·
                       temperature: 0, greedy (req), max_tokens: 256 (req),
                       min_tokens: 256 (req)
15:55:33.420 INFO:     #277 chat/completions (stream): 256 tokens generated at
                       308.9 T/s · prompt 86 tokens, none cached, 86 new in 0.08
                       s · first token 0.09 s, total 0.91 s · draft 172/252
                       accepted (68%) · max_tokens reached
15:55:33.423 INFO:     #278 chat/completions (stream): 87 prompt tokens ·
                       temperature: 0, greedy (req), max_tokens: 256 (req),
                       min_tokens: 256 (req)
15:55:34.559 INFO:     #278 chat/completions (stream): 256 tokens generated at
                       252.9 T/s · prompt 87 tokens, none cached, 87 new in 0.12
                       s · first token 0.13 s, total 1.14 s · draft 156/300
                       accepted (52%) · max_tokens reached
15:55:34.561 INFO:     #279 chat/completions (stream): 91 prompt tokens ·
                       temperature: 0, greedy (req), max_tokens: 256 (req),
                       min_tokens: 256 (req)
15:55:35.652 INFO:     #279 chat/completions (stream): 256 tokens generated at
                       256.0 T/s · prompt 91 tokens, none cached, 91 new in 0.08
                       s · first token 0.09 s, total 1.09 s · draft 157/297
                       accepted (53%) · max_tokens reached
15:55:35.656 INFO:     #280 chat/completions (stream): 849 prompt tokens ·
                       temperature: 0, greedy (req), max_tokens: 256 (req),
                       min_tokens: 256 (req)
15:55:36.801 INFO:     #280 chat/completions (stream): 256 tokens generated at
                       292.9 T/s · prompt 849 tokens, none cached, 849 new in
                       0.26 s (3,265 T/s) · first token 0.27 s, total 1.14 s ·
                       draft 169/261 accepted (65%) · max_tokens reached
15:55:36.803 INFO:     #281 chat/completions (stream): 82 prompt tokens ·
                       temperature: 0, greedy (req), max_tokens: 256 (req),
                       min_tokens: 256 (req)
15:55:37.862 INFO:     #281 chat/completions (stream): 256 tokens generated at
                       264.3 T/s · prompt 82 tokens, none cached, 82 new in 0.08
                       s · first token 0.09 s, total 1.05 s · draft 159/291
                       accepted (55%) · max_tokens reached
15:55:37.864 INFO:     #282 chat/completions (stream): 64 prompt tokens ·
                       temperature: 0, greedy (req), max_tokens: 256 (req),
                       min_tokens: 256 (req)
15:55:39.176 INFO:     #282 chat/completions (stream): 256 tokens generated at
                       207.3 T/s · prompt 64 tokens, none cached, 64 new in 0.07
                       s · first token 0.08 s, total 1.31 s · draft 133/369
                       accepted (36%) · max_tokens reached
15:55:39.179 INFO:     #283 chat/completions (stream): 117 prompt tokens ·
                       temperature: 0, greedy (req), max_tokens: 256 (req),
                       min_tokens: 256 (req)
15:55:40.053 INFO:     #283 chat/completions (stream): 256 tokens generated at
                       333.2 T/s · prompt 117 tokens, none cached, 117 new in
                       0.10 s · first token 0.10 s, total 0.87 s · draft 179/231
                       accepted (77%) · max_tokens reached
15:55:40.059 INFO:     #284 chat/completions (stream): 1,307 prompt tokens ·
                       temperature: 0, greedy (req), max_tokens: 256 (req),
                       min_tokens: 256 (req)
15:55:41.283 INFO:     #284 chat/completions (stream): 256 tokens generated at
                       272.1 T/s · prompt 1,307 tokens, none cached, 1,307 new
                       in 0.27 s (4,841 T/s) · first token 0.28 s, total 1.22 s
                       · draft 162/282 accepted (57%) · max_tokens reached
15:55:41.286 INFO:     #285 chat/completions (stream): 93 prompt tokens ·
                       temperature: 0, greedy (req), max_tokens: 256 (req),
                       min_tokens: 256 (req)
15:55:42.378 INFO:     #285 chat/completions (stream): 256 tokens generated at
                       256.2 T/s · prompt 93 tokens, none cached, 93 new in 0.09
                       s · first token 0.10 s, total 1.09 s · draft 158/294
                       accepted (54%) · max_tokens reached
15:55:42.380 INFO:     #286 chat/completions (stream): 108 prompt tokens ·
                       temperature: 0, greedy (req), max_tokens: 256 (req),
                       min_tokens: 256 (req)
15:55:43.370 INFO:     #286 chat/completions (stream): 256 tokens generated at
                       288.4 T/s · prompt 108 tokens, none cached, 108 new in
                       0.09 s · first token 0.10 s, total 0.98 s · draft 167/267
                       accepted (63%) · max_tokens reached
15:55:43.372 INFO:     #287 chat/completions (stream): 97 prompt tokens ·
                       temperature: 0, greedy (req), max_tokens: 256 (req),
                       min_tokens: 256 (req)
15:55:44.261 INFO:     #287 chat/completions (stream): 256 tokens generated at
                       322.3 T/s · prompt 97 tokens, none cached, 97 new in 0.09
                       s · first token 0.10 s, total 0.89 s · draft 176/240
                       accepted (73%) · max_tokens reached
15:55:44.265 INFO:     #288 chat/completions (stream): 752 prompt tokens ·
                       temperature: 0, greedy (req), max_tokens: 256 (req),
                       min_tokens: 256 (req)
15:55:45.510 INFO:     #288 chat/completions (stream): 256 tokens generated at
                       273.8 T/s · prompt 752 tokens, none cached, 752 new in
                       0.30 s (2,507 T/s) · first token 0.31 s, total 1.24 s ·
                       draft 163/279 accepted (58%) · max_tokens reached
15:55:45.514 INFO:     #289 chat/completions (stream): 772 prompt tokens ·
                       temperature: 0, greedy (req), max_tokens: 256 (req),
                       min_tokens: 256 (req)
15:55:46.527 INFO:     #289 chat/completions (stream): 256 tokens generated at
                       316.2 T/s · prompt 772 tokens, none cached, 772 new in
                       0.19 s (4,063 T/s) · first token 0.20 s, total 1.00 s ·
                       draft 175/243 accepted (72%) · max_tokens reached
15:55:46.529 INFO:     #290 chat/completions (stream): 84 prompt tokens ·
                       temperature: 0, greedy (req), max_tokens: 256 (req),
                       min_tokens: 256 (req)
15:55:47.642 INFO:     #290 chat/completions (stream): 256 tokens generated at
                       250.3 T/s · prompt 84 tokens, none cached, 84 new in 0.08
                       s · first token 0.09 s, total 1.11 s · draft 154/306
                       accepted (50%) · max_tokens reached
15:55:47.644 INFO:     #292 chat/completions (stream): 76 prompt tokens ·
                       temperature: 0, greedy (req), max_tokens: 256 (req),
                       min_tokens: 256 (req)
15:55:48.579 INFO:     #292 chat/completions (stream): 256 tokens generated at
                       301.6 T/s · prompt 76 tokens, none cached, 76 new in 0.08
                       s · first token 0.08 s, total 0.93 s · draft 172/252
                       accepted (68%) · max_tokens reached
15:55:48.583 INFO:     #293 chat/completions (stream): 881 prompt tokens ·
                       temperature: 0, greedy (req), max_tokens: 256 (req),
                       min_tokens: 256 (req)
15:55:49.685 INFO:     #293 chat/completions (stream): 256 tokens generated at
                       313.7 T/s · prompt 881 tokens, none cached, 881 new in
                       0.28 s (3,146 T/s) · first token 0.29 s, total 1.10 s ·
                       draft 174/246 accepted (71%) · max_tokens reached
15:55:49.687 INFO:     #294 chat/completions (stream): 78 prompt tokens ·
                       temperature: 0, greedy (req), max_tokens: 256 (req),
                       min_tokens: 256 (req)
15:55:50.639 INFO:     #294 chat/completions (stream): 256 tokens generated at
                       295.4 T/s · prompt 78 tokens, none cached, 78 new in 0.08
                       s · first token 0.09 s, total 0.95 s · draft 169/261
                       accepted (65%) · max_tokens reached
15:55:50.644 INFO:     #295 chat/completions (stream): 681 prompt tokens ·
                       temperature: 0, greedy (req), max_tokens: 256 (req),
                       min_tokens: 256 (req)
15:55:51.784 INFO:     #295 chat/completions (stream): 256 tokens generated at
                       286.9 T/s · prompt 681 tokens, none cached, 681 new in
                       0.24 s (2,838 T/s) · first token 0.25 s, total 1.14 s ·
                       draft 167/267 accepted (63%) · max_tokens reached
15:55:51.789 INFO:     #296 chat/completions (stream): 947 prompt tokens ·
                       temperature: 0, greedy (req), max_tokens: 256 (req),
                       min_tokens: 256 (req)
15:55:52.939 INFO:     #296 chat/completions (stream): 256 tokens generated at
                       297.5 T/s · prompt 947 tokens, none cached, 947 new in
                       0.28 s (3,382 T/s) · first token 0.28 s, total 1.15 s ·
                       draft 170/258 accepted (66%) · max_tokens reached
15:55:52.942 INFO:     #297 chat/completions (stream): 98 prompt tokens ·
                       temperature: 0, greedy (req), max_tokens: 256 (req),
                       min_tokens: 256 (req)
15:55:54.033 INFO:     #297 chat/completions (stream): 256 tokens generated at
                       257.9 T/s · prompt 98 tokens, none cached, 98 new in 0.09
                       s · first token 0.10 s, total 1.09 s · draft 157/297
                       accepted (53%) · max_tokens reached
15:55:54.035 INFO:     #298 chat/completions (stream): 96 prompt tokens ·
                       temperature: 0, greedy (req), max_tokens: 256 (req),
                       min_tokens: 256 (req)
15:55:55.131 INFO:     #298 chat/completions (stream): 256 tokens generated at
                       255.8 T/s · prompt 96 tokens, none cached, 96 new in 0.09
                       s · first token 0.10 s, total 1.10 s · draft 157/297
                       accepted (53%) · max_tokens reached
15:55:55.133 INFO:     #299 chat/completions (stream): 191 prompt tokens ·
                       temperature: 0, greedy (req), max_tokens: 256 (req),
                       min_tokens: 256 (req)
15:55:56.138 INFO:     #299 chat/completions (stream): 256 tokens generated at
                       284.2 T/s · prompt 191 tokens, none cached, 191 new in
                       0.10 s · first token 0.11 s, total 1.01 s · draft 166/270
                       accepted (61%) · max_tokens reached
15:55:56.141 INFO:     #300 chat/completions (stream): 166 prompt tokens ·
                       temperature: 0, greedy (req), max_tokens: 256 (req),
                       min_tokens: 256 (req)
15:55:57.106 INFO:     #300 chat/completions (stream): 256 tokens generated at
                       296.2 T/s · prompt 166 tokens, none cached, 166 new in
                       0.09 s · first token 0.10 s, total 0.96 s · draft 170/258
                       accepted (66%) · max_tokens reached
15:55:57.108 INFO:     #301 chat/completions (stream): 85 prompt tokens ·
                       temperature: 0, greedy (req), max_tokens: 256 (req),
                       min_tokens: 256 (req)
15:55:58.108 INFO:     #301 chat/completions (stream): 256 tokens generated at
                       282.0 T/s · prompt 85 tokens, none cached, 85 new in 0.08
                       s · first token 0.09 s, total 0.99 s · draft 166/270
                       accepted (61%) · max_tokens reached
15:55:58.110 INFO:     #302 chat/completions (stream): 62 prompt tokens ·
                       temperature: 0, greedy (req), max_tokens: 256 (req),
                       min_tokens: 256 (req)
15:55:59.002 INFO:     #302 chat/completions (stream): 256 tokens generated at
                       314.2 T/s · prompt 62 tokens, none cached, 62 new in 0.07
                       s · first token 0.08 s, total 0.89 s · draft 175/243
                       accepted (72%) · max_tokens reached
15:55:59.007 INFO:     #303 chat/completions (stream): 775 prompt tokens ·
                       temperature: 0, greedy (req), max_tokens: 256 (req),
                       min_tokens: 256 (req)
15:56:00.120 INFO:     #303 chat/completions (stream): 256 tokens generated at
                       279.3 T/s · prompt 775 tokens, none cached, 775 new in
                       0.19 s (4,079 T/s) · first token 0.20 s, total 1.11 s ·
                       draft 164/276 accepted (59%) · max_tokens reached
15:56:00.122 INFO:     #304 chat/completions (stream): 63 prompt tokens ·
                       temperature: 0, greedy (req), max_tokens: 256 (req),
                       min_tokens: 256 (req)
15:56:01.191 INFO:     #304 chat/completions (stream): 256 tokens generated at
                       257.9 T/s · prompt 63 tokens, none cached, 63 new in 0.07
                       s · first token 0.08 s, total 1.07 s · draft 157/297
                       accepted (53%) · max_tokens reached
15:56:01.194 INFO:     #305 chat/completions (stream): 97 prompt tokens ·
                       temperature: 0, greedy (req), max_tokens: 256 (req),
                       min_tokens: 256 (req)
15:56:02.179 INFO:     #305 chat/completions (stream): 256 tokens generated at
                       287.9 T/s · prompt 97 tokens, none cached, 97 new in 0.09
                       s · first token 0.10 s, total 0.98 s · draft 167/267
                       accepted (63%) · max_tokens reached
15:56:02.181 INFO:     #307 chat/completions (stream): 65 prompt tokens ·
                       temperature: 0, greedy (req), max_tokens: 256 (req),
                       min_tokens: 256 (req)
15:56:03.108 INFO:     #307 chat/completions (stream): 256 tokens generated at
                       301.4 T/s · prompt 65 tokens, none cached, 65 new in 0.07
                       s · first token 0.07 s, total 0.92 s · draft 171/255
                       accepted (67%) · max_tokens reached
15:56:03.110 INFO:     #308 chat/completions (stream): 61 prompt tokens ·
                       temperature: 0, greedy (req), max_tokens: 256 (req),
                       min_tokens: 256 (req)
15:56:04.232 INFO:     #308 chat/completions (stream): 256 tokens generated at
                       245.1 T/s · prompt 61 tokens, none cached, 61 new in 0.07
                       s · first token 0.08 s, total 1.12 s · draft 152/312
                       accepted (49%) · max_tokens reached
15:56:04.236 INFO:     #309 chat/completions (stream): 797 prompt tokens ·
                       temperature: 0, greedy (req), max_tokens: 256 (req),
                       min_tokens: 256 (req)
15:56:05.198 INFO:     #309 chat/completions (stream): 256 tokens generated at
                       362.5 T/s · prompt 797 tokens, none cached, 797 new in
                       0.24 s (3,321 T/s) · first token 0.25 s, total 0.95 s ·
                       draft 185/213 accepted (87%) · max_tokens reached
15:56:05.202 INFO:     #310 chat/completions (stream): 822 prompt tokens ·
                       temperature: 0, greedy (req), max_tokens: 256 (req),
                       min_tokens: 256 (req)
15:56:06.341 INFO:     #310 chat/completions (stream): 256 tokens generated at
                       293.0 T/s · prompt 822 tokens, none cached, 822 new in
                       0.26 s (3,162 T/s) · first token 0.27 s, total 1.14 s ·
                       draft 169/261 accepted (65%) · max_tokens reached
15:56:06.343 INFO:     #311 chat/completions (stream): 63 prompt tokens ·
                       temperature: 0, greedy (req), max_tokens: 256 (req),
                       min_tokens: 256 (req)
15:56:07.205 INFO:     #311 chat/completions (stream): 256 tokens generated at
                       326.5 T/s · prompt 63 tokens, none cached, 63 new in 0.07
                       s · first token 0.08 s, total 0.86 s · draft 177/237
                       accepted (75%) · max_tokens reached
15:56:07.208 INFO:     #312 chat/completions (stream): 94 prompt tokens ·
                       temperature: 0, greedy (req), max_tokens: 256 (req),
                       min_tokens: 256 (req)
15:56:08.059 INFO:     #312 chat/completions (stream): 256 tokens generated at
                       337.9 T/s · prompt 94 tokens, none cached, 94 new in 0.09
                       s · first token 0.10 s, total 0.85 s · draft 180/228
                       accepted (79%) · max_tokens reached
15:56:08.061 INFO:     #313 chat/completions (stream): 104 prompt tokens ·
                       temperature: 0, greedy (req), max_tokens: 256 (req),
                       min_tokens: 256 (req)
15:56:09.079 INFO:     #313 chat/completions (stream): 256 tokens generated at
                       279.1 T/s · prompt 104 tokens, none cached, 104 new in
                       0.09 s · first token 0.10 s, total 1.01 s · draft 164/276
                       accepted (59%) · max_tokens reached
15:56:09.082 INFO:     #314 chat/completions (stream): 470 prompt tokens ·
                       temperature: 0, greedy (req), max_tokens: 256 (req),
                       min_tokens: 256 (req)
15:56:10.212 INFO:     #314 chat/completions (stream): 256 tokens generated at
                       285.3 T/s · prompt 470 tokens, none cached, 470 new in
                       0.22 s (2,136 T/s) · first token 0.23 s, total 1.12 s ·
                       draft 168/264 accepted (64%) · max_tokens reached
15:56:10.216 INFO:     #315 chat/completions (stream): 957 prompt tokens ·
                       temperature: 0, greedy (req), max_tokens: 256 (req),
                       min_tokens: 256 (req)
15:56:11.487 INFO:     #315 chat/completions (stream): 256 tokens generated at
                       274.3 T/s · prompt 957 tokens, none cached, 957 new in
                       0.33 s (2,900 T/s) · first token 0.34 s, total 1.27 s ·
                       draft 164/276 accepted (59%) · max_tokens reached
15:56:11.490 INFO:     #316 chat/completions (stream): 90 prompt tokens ·
                       temperature: 0, greedy (req), max_tokens: 256 (req),
                       min_tokens: 256 (req)
15:56:12.340 INFO:     #316 chat/completions (stream): 256 tokens generated at
                       337.4 T/s · prompt 90 tokens, none cached, 90 new in 0.08
                       s · first token 0.09 s, total 0.84 s · draft 181/225
                       accepted (80%) · max_tokens reached
15:56:12.343 INFO:     #317 chat/completions (stream): 72 prompt tokens ·
                       temperature: 0, greedy (req), max_tokens: 256 (req),
                       min_tokens: 256 (req)
15:56:13.153 INFO:     #317 chat/completions (stream): 256 tokens generated at
                       352.6 T/s · prompt 72 tokens, none cached, 72 new in 0.08
                       s · first token 0.09 s, total 0.81 s · draft 184/216
                       accepted (85%) · max_tokens reached
15:56:13.157 INFO:     #318 chat/completions (stream): 748 prompt tokens ·
                       temperature: 0, greedy (req), max_tokens: 256 (req),
                       min_tokens: 256 (req)
15:56:14.264 INFO:     #318 chat/completions (stream): 256 tokens generated at
                       303.8 T/s · prompt 748 tokens, none cached, 748 new in
                       0.26 s (2,877 T/s) · first token 0.26 s, total 1.11 s ·
                       draft 172/252 accepted (68%) · max_tokens reached
15:56:14.267 INFO:     #319 chat/completions (stream): 135 prompt tokens ·
                       temperature: 0, greedy (req), max_tokens: 256 (req),
                       min_tokens: 256 (req)
15:56:15.236 INFO:     #319 chat/completions (stream): 256 tokens generated at
                       299.2 T/s · prompt 135 tokens, none cached, 135 new in
                       0.11 s · first token 0.12 s, total 0.97 s · draft 174/246
                       accepted (71%) · max_tokens reached
15:56:15.238 INFO:     #320 chat/completions (stream): 109 prompt tokens ·
                       temperature: 0, greedy (req), max_tokens: 256 (req),
                       min_tokens: 256 (req)
15:56:16.078 INFO:     #320 chat/completions (stream): 256 tokens generated at
                       345.7 T/s · prompt 109 tokens, none cached, 109 new in
                       0.09 s · first token 0.10 s, total 0.84 s · draft 182/222
                       accepted (82%) · max_tokens reached
15:56:16.082 INFO:     #321 chat/completions (stream): 748 prompt tokens ·
                       temperature: 0, greedy (req), max_tokens: 256 (req),
                       min_tokens: 256 (req)
15:56:17.155 INFO:     #321 chat/completions (stream): 256 tokens generated at
                       317.4 T/s · prompt 748 tokens, none cached, 748 new in
                       0.26 s (2,877 T/s) · first token 0.27 s, total 1.07 s ·
                       draft 176/240 accepted (73%) · max_tokens reached
15:56:17.160 INFO:     #323 chat/completions (stream): 1,170 prompt tokens ·
                       temperature: 0, greedy (req), max_tokens: 256 (req),
                       min_tokens: 256 (req)
15:56:18.467 INFO:     #323 chat/completions (stream): 256 tokens generated at
                       255.6 T/s · prompt 1,170 tokens, none cached, 1,170 new
                       in 0.30 s (3,900 T/s) · first token 0.31 s, total 1.31 s
                       · draft 157/297 accepted (53%) · max_tokens reached
15:56:18.471 INFO:     #324 chat/completions (stream): 832 prompt tokens ·
                       temperature: 0, greedy (req), max_tokens: 256 (req),
                       min_tokens: 256 (req)
15:56:19.532 INFO:     #324 chat/completions (stream): 256 tokens generated at
                       321.0 T/s · prompt 832 tokens, none cached, 832 new in
                       0.25 s (3,328 T/s) · first token 0.26 s, total 1.05 s ·
                       draft 179/231 accepted (77%) · max_tokens reached
15:56:19.534 INFO:     #325 chat/completions (stream): 64 prompt tokens ·
                       temperature: 0, greedy (req), max_tokens: 256 (req),
                       min_tokens: 256 (req)
15:56:20.628 INFO:     #325 chat/completions (stream): 256 tokens generated at
                       252.0 T/s · prompt 64 tokens, none cached, 64 new in 0.07
                       s · first token 0.08 s, total 1.09 s · draft 155/303
                       accepted (51%) · max_tokens reached
15:56:20.630 INFO:     #326 chat/completions (stream): 103 prompt tokens ·
                       temperature: 0, greedy (req), max_tokens: 256 (req),
                       min_tokens: 256 (req)
15:56:21.651 INFO:     #326 chat/completions (stream): 256 tokens generated at
                       277.8 T/s · prompt 103 tokens, none cached, 103 new in
                       0.09 s · first token 0.10 s, total 1.02 s · draft 165/273
                       accepted (60%) · max_tokens reached
15:56:21.654 INFO:     #327 chat/completions (stream): 101 prompt tokens ·
                       temperature: 0, greedy (req), max_tokens: 256 (req),
                       min_tokens: 256 (req)
15:56:22.664 INFO:     #327 chat/completions (stream): 256 tokens generated at
                       281.3 T/s · prompt 101 tokens, none cached, 101 new in
                       0.09 s · first token 0.10 s, total 1.01 s · draft 165/273
                       accepted (60%) · max_tokens reached
15:56:22.667 INFO:     #328 chat/completions (stream): 63 prompt tokens ·
                       temperature: 0, greedy (req), max_tokens: 256 (req),
                       min_tokens: 256 (req)
15:56:23.608 INFO:     #328 chat/completions (stream): 256 tokens generated at
                       295.6 T/s · prompt 63 tokens, none cached, 63 new in 0.07
                       s · first token 0.08 s, total 0.94 s · draft 169/261
                       accepted (65%) · max_tokens reached
15:56:23.611 INFO:     #329 chat/completions (stream): 63 prompt tokens ·
                       temperature: 0, greedy (req), max_tokens: 256 (req),
                       min_tokens: 256 (req)
15:56:24.551 INFO:     #329 chat/completions (stream): 256 tokens generated at
                       296.5 T/s · prompt 63 tokens, none cached, 63 new in 0.07
                       s · first token 0.08 s, total 0.94 s · draft 174/246
                       accepted (71%) · max_tokens reached
15:56:24.554 INFO:     #330 chat/completions (stream): 155 prompt tokens ·
                       temperature: 0, greedy (req), max_tokens: 256 (req),
                       min_tokens: 256 (req)
15:56:25.522 INFO:     #330 chat/completions (stream): 256 tokens generated at
                       297.5 T/s · prompt 155 tokens, none cached, 155 new in
                       0.10 s · first token 0.11 s, total 0.97 s · draft 174/246
                       accepted (71%) · max_tokens reached
15:56:25.524 INFO:     #331 chat/completions (stream): 71 prompt tokens ·
                       temperature: 0, greedy (req), max_tokens: 256 (req),
                       min_tokens: 256 (req)
15:56:26.658 INFO:     #331 chat/completions (stream): 256 tokens generated at
                       244.2 T/s · prompt 71 tokens, none cached, 71 new in 0.08
                       s · first token 0.09 s, total 1.13 s · draft 151/315
                       accepted (48%) · max_tokens reached
15:56:26.660 INFO:     #332 chat/completions (stream): 102 prompt tokens ·
                       temperature: 0, greedy (req), max_tokens: 256 (req),
                       min_tokens: 256 (req)
15:56:27.874 INFO:     #332 chat/completions (stream): 256 tokens generated at
                       229.4 T/s · prompt 102 tokens, none cached, 102 new in
                       0.09 s · first token 0.10 s, total 1.21 s · draft 145/333
                       accepted (44%) · max_tokens reached
15:56:27.876 INFO:     #333 chat/completions (stream): 91 prompt tokens ·
                       temperature: 0, greedy (req), max_tokens: 256 (req),
                       min_tokens: 256 (req)
15:56:28.908 INFO:     #333 chat/completions (stream): 256 tokens generated at
                       272.7 T/s · prompt 91 tokens, none cached, 91 new in 0.09
                       s · first token 0.10 s, total 1.03 s · draft 163/279
                       accepted (58%) · max_tokens reached
15:56:28.912 INFO:     #334 chat/completions (stream): 788 prompt tokens ·
                       temperature: 0, greedy (req), max_tokens: 256 (req),
                       min_tokens: 256 (req)
15:56:29.989 INFO:     #334 chat/completions (stream): 256 tokens generated at
                       295.4 T/s · prompt 788 tokens, none cached, 788 new in
                       0.20 s (3,940 T/s) · first token 0.21 s, total 1.07 s ·
                       draft 169/261 accepted (65%) · max_tokens reached
15:56:29.993 INFO:     #335 chat/completions (stream): 809 prompt tokens ·
                       temperature: 0, greedy (req), max_tokens: 256 (req),
                       min_tokens: 256 (req)
15:56:31.211 INFO:     #335 chat/completions (stream): 256 tokens generated at
                       265.8 T/s · prompt 809 tokens, none cached, 809 new in
                       0.25 s (3,236 T/s) · first token 0.26 s, total 1.22 s ·
                       draft 160/288 accepted (56%) · max_tokens reached
15:56:31.214 INFO:     #336 chat/completions (stream): 106 prompt tokens ·
                       temperature: 0, greedy (req), max_tokens: 256 (req),
                       min_tokens: 256 (req)
15:56:32.055 INFO:     #336 chat/completions (stream): 256 tokens generated at
                       345.5 T/s · prompt 106 tokens, none cached, 106 new in
                       0.09 s · first token 0.10 s, total 0.84 s · draft 182/222
                       accepted (82%) · max_tokens reached
15:56:32.057 INFO:     #338 chat/completions (stream): 87 prompt tokens ·
                       temperature: 0, greedy (req), max_tokens: 256 (req),
                       min_tokens: 256 (req)
15:56:32.857 INFO:     #338 chat/completions (stream): 256 tokens generated at
                       361.9 T/s · prompt 87 tokens, none cached, 87 new in 0.09
                       s · first token 0.10 s, total 0.80 s · draft 186/210
                       accepted (89%) · max_tokens reached
15:56:32.859 INFO:     #339 chat/completions (stream): 95 prompt tokens ·
                       temperature: 0, greedy (req), max_tokens: 256 (req),
                       min_tokens: 256 (req)
15:56:33.924 INFO:     #339 chat/completions (stream): 256 tokens generated at
                       263.6 T/s · prompt 95 tokens, none cached, 95 new in 0.09
                       s · first token 0.10 s, total 1.07 s · draft 159/291
                       accepted (55%) · max_tokens reached
15:56:33.927 INFO:     #340 chat/completions (stream): 133 prompt tokens ·
                       temperature: 0, greedy (req), max_tokens: 256 (req),
                       min_tokens: 256 (req)
15:56:34.840 INFO:     #340 chat/completions (stream): 256 tokens generated at
                       319.9 T/s · prompt 133 tokens, none cached, 133 new in
                       0.11 s · first token 0.12 s, total 0.92 s · draft 176/240
                       accepted (73%) · max_tokens reached
15:56:34.843 INFO:     #341 chat/completions (stream): 125 prompt tokens ·
                       temperature: 0, greedy (req), max_tokens: 256 (req),
                       min_tokens: 256 (req)
15:56:35.719 INFO:     #341 chat/completions (stream): 256 tokens generated at
                       332.1 T/s · prompt 125 tokens, none cached, 125 new in
                       0.10 s · first token 0.11 s, total 0.88 s · draft 179/231
                       accepted (77%) · max_tokens reached
15:56:35.721 INFO:     #342 chat/completions (stream): 92 prompt tokens ·
                       temperature: 0, greedy (req), max_tokens: 256 (req),
                       min_tokens: 256 (req)
15:56:36.568 INFO:     #342 chat/completions (stream): 256 tokens generated at
                       340.2 T/s · prompt 92 tokens, none cached, 92 new in 0.09
                       s · first token 0.10 s, total 0.85 s · draft 182/222
                       accepted (82%) · max_tokens reached
15:56:36.570 INFO:     #343 chat/completions (stream): 143 prompt tokens ·
                       temperature: 0, greedy (req), max_tokens: 256 (req),
                       min_tokens: 256 (req)
15:56:37.589 INFO:     #343 chat/completions (stream): 256 tokens generated at
                       282.2 T/s · prompt 143 tokens, none cached, 143 new in
                       0.10 s · first token 0.11 s, total 1.01 s · draft 166/270
                       accepted (61%) · max_tokens reached
15:56:37.593 INFO:     #344 chat/completions (stream): 832 prompt tokens ·
                       temperature: 0, greedy (req), max_tokens: 256 (req),
                       min_tokens: 256 (req)
15:56:38.771 INFO:     #344 chat/completions (stream): 256 tokens generated at
                       280.6 T/s · prompt 832 tokens, none cached, 832 new in
                       0.26 s (3,200 T/s) · first token 0.27 s, total 1.18 s ·
                       draft 165/273 accepted (60%) · max_tokens reached
15:56:38.774 INFO:     #345 chat/completions (stream): 91 prompt tokens ·
                       temperature: 0, greedy (req), max_tokens: 256 (req),
                       min_tokens: 256 (req)
15:56:39.579 INFO:     #345 chat/completions (stream): 256 tokens generated at
                       359.6 T/s · prompt 91 tokens, none cached, 91 new in 0.09
                       s · first token 0.10 s, total 0.81 s · draft 184/216
                       accepted (85%) · max_tokens reached
15:56:39.581 INFO:     #346 chat/completions (stream): 62 prompt tokens ·
                       temperature: 0, greedy (req), max_tokens: 256 (req),
                       min_tokens: 256 (req)
15:56:40.654 INFO:     #346 chat/completions (stream): 256 tokens generated at
                       257.3 T/s · prompt 62 tokens, none cached, 62 new in 0.07
                       s · first token 0.08 s, total 1.07 s · draft 156/300
                       accepted (52%) · max_tokens reached
15:56:40.656 INFO:     #347 chat/completions (stream): 62 prompt tokens ·
                       temperature: 0, greedy (req), max_tokens: 256 (req),
                       min_tokens: 256 (req)
15:56:41.779 INFO:     #347 chat/completions (stream): 256 tokens generated at
                       244.6 T/s · prompt 62 tokens, none cached, 62 new in 0.07
                       s · first token 0.08 s, total 1.12 s · draft 152/312
                       accepted (49%) · max_tokens reached
15:56:41.781 INFO:     #348 chat/completions (stream): 71 prompt tokens ·
                       temperature: 0, greedy (req), max_tokens: 256 (req),
                       min_tokens: 256 (req)
15:56:42.758 INFO:     #348 chat/completions (stream): 256 tokens generated at
                       286.5 T/s · prompt 71 tokens, none cached, 71 new in 0.08
                       s · first token 0.09 s, total 0.98 s · draft 166/270
                       accepted (61%) · max_tokens reached
15:56:42.760 INFO:     #349 chat/completions (stream): 93 prompt tokens ·
                       temperature: 0, greedy (req), max_tokens: 256 (req),
                       min_tokens: 256 (req)
15:56:43.616 INFO:     #349 chat/completions (stream): 256 tokens generated at
                       336.4 T/s · prompt 93 tokens, none cached, 93 new in 0.09
                       s · first token 0.10 s, total 0.86 s · draft 179/231
                       accepted (77%) · max_tokens reached
15:56:43.618 INFO:     #350 chat/completions (stream): 74 prompt tokens ·
                       temperature: 0, greedy (req), max_tokens: 256 (req),
                       min_tokens: 256 (req)
15:56:44.668 INFO:     #350 chat/completions (stream): 256 tokens generated at
                       265.2 T/s · prompt 74 tokens, none cached, 74 new in 0.08
                       s · first token 0.09 s, total 1.05 s · draft 160/288
                       accepted (56%) · max_tokens reached
15:56:44.672 INFO:     #351 chat/completions (stream): 892 prompt tokens ·
                       temperature: 0, greedy (req), max_tokens: 256 (req),
                       min_tokens: 256 (req)
15:56:45.736 INFO:     #351 chat/completions (stream): 256 tokens generated at
                       328.2 T/s · prompt 892 tokens, none cached, 892 new in
                       0.27 s (3,304 T/s) · first token 0.28 s, total 1.06 s ·
                       draft 178/234 accepted (76%) · max_tokens reached
15:56:45.741 INFO:     #352 chat/completions (stream): 726 prompt tokens ·
                       temperature: 0, greedy (req), max_tokens: 256 (req),
                       min_tokens: 256 (req)
15:56:46.912 INFO:     #352 chat/completions (stream): 256 tokens generated at
                       280.5 T/s · prompt 726 tokens, none cached, 726 new in
                       0.25 s (2,904 T/s) · first token 0.26 s, total 1.17 s ·
                       draft 164/276 accepted (59%) · max_tokens reached
15:56:46.915 INFO:     #353 chat/completions (stream): 433 prompt tokens ·
                       temperature: 0, greedy (req), max_tokens: 256 (req),
                       min_tokens: 256 (req)
15:56:48.032 INFO:     #353 chat/completions (stream): 256 tokens generated at
                       288.0 T/s · prompt 433 tokens, none cached, 433 new in
                       0.22 s (1,968 T/s) · first token 0.23 s, total 1.11 s ·
                       draft 169/261 accepted (65%) · max_tokens reached
15:56:48.034 INFO:     #355 chat/completions (stream): 116 prompt tokens ·
                       temperature: 0, greedy (req), max_tokens: 256 (req),
                       min_tokens: 256 (req)
15:56:48.865 INFO:     #355 chat/completions (stream): 256 tokens generated at
                       353.0 T/s · prompt 116 tokens, none cached, 116 new in
                       0.10 s · first token 0.11 s, total 0.83 s · draft 184/216
                       accepted (85%) · max_tokens reached
15:56:48.867 INFO:     #356 chat/completions (stream): 81 prompt tokens ·
                       temperature: 0, greedy (req), max_tokens: 256 (req),
                       min_tokens: 256 (req)
15:56:49.767 INFO:     #356 chat/completions (stream): 256 tokens generated at
                       315.3 T/s · prompt 81 tokens, none cached, 81 new in 0.08
                       s · first token 0.09 s, total 0.90 s · draft 175/243
                       accepted (72%) · max_tokens reached
15:56:49.770 INFO:     #357 chat/completions (stream): 634 prompt tokens ·
                       temperature: 0, greedy (req), max_tokens: 256 (req),
                       min_tokens: 256 (req)
15:56:50.954 INFO:     #357 chat/completions (stream): 256 tokens generated at
                       274.8 T/s · prompt 634 tokens, none cached, 634 new in
                       0.24 s (2,642 T/s) · first token 0.25 s, total 1.18 s ·
                       draft 163/279 accepted (58%) · max_tokens reached
15:56:50.956 INFO:     #358 chat/completions (stream): 71 prompt tokens ·
                       temperature: 0, greedy (req), max_tokens: 256 (req),
                       min_tokens: 256 (req)
15:56:51.911 INFO:     #358 chat/completions (stream): 256 tokens generated at
                       294.0 T/s · prompt 71 tokens, none cached, 71 new in 0.08
                       s · first token 0.09 s, total 0.96 s · draft 170/258
                       accepted (66%) · max_tokens reached
15:56:51.913 INFO:     #359 chat/completions (stream): 100 prompt tokens ·
                       temperature: 0, greedy (req), max_tokens: 256 (req),
                       min_tokens: 256 (req)
15:56:52.830 INFO:     #359 chat/completions (stream): 256 tokens generated at
                       313.1 T/s · prompt 100 tokens, none cached, 100 new in
                       0.09 s · first token 0.10 s, total 0.91 s · draft 173/249
                       accepted (69%) · max_tokens reached
15:56:52.833 INFO:     #360 chat/completions (stream): 96 prompt tokens ·
                       temperature: 0, greedy (req), max_tokens: 256 (req),
                       min_tokens: 256 (req)
15:56:53.837 INFO:     #360 chat/completions (stream): 256 tokens generated at
                       281.6 T/s · prompt 96 tokens, none cached, 96 new in 0.09
                       s · first token 0.10 s, total 1.00 s · draft 165/273
                       accepted (60%) · max_tokens reached
15:56:53.839 INFO:     #361 chat/completions (stream): 93 prompt tokens ·
                       temperature: 0, greedy (req), max_tokens: 256 (req),
                       min_tokens: 256 (req)
15:56:55.030 INFO:     #361 chat/completions (stream): 256 tokens generated at
                       233.2 T/s · prompt 93 tokens, none cached, 93 new in 0.09
                       s · first token 0.10 s, total 1.19 s · draft 147/327
                       accepted (45%) · max_tokens reached
15:56:55.035 INFO:     #362 chat/completions (stream): 804 prompt tokens ·
                       temperature: 0, greedy (req), max_tokens: 256 (req),
                       min_tokens: 256 (req)
15:56:56.113 INFO:     #362 chat/completions (stream): 256 tokens generated at
                       309.2 T/s · prompt 804 tokens, none cached, 804 new in
                       0.24 s (3,350 T/s) · first token 0.25 s, total 1.07 s ·
                       draft 174/246 accepted (71%) · max_tokens reached
15:56:56.117 INFO:     #363 chat/completions (stream): 745 prompt tokens ·
                       temperature: 0, greedy (req), max_tokens: 256 (req),
                       min_tokens: 256 (req)
15:56:57.128 INFO:     #363 chat/completions (stream): 256 tokens generated at
                       342.7 T/s · prompt 745 tokens, none cached, 745 new in
                       0.25 s (2,980 T/s) · first token 0.26 s, total 1.00 s ·
                       draft 182/222 accepted (82%) · max_tokens reached
15:56:57.132 INFO:     #364 chat/completions (stream): 740 prompt tokens ·
                       temperature: 0, greedy (req), max_tokens: 256 (req),
                       min_tokens: 256 (req)
15:56:58.293 INFO:     #364 chat/completions (stream): 256 tokens generated at
                       284.7 T/s · prompt 740 tokens, none cached, 740 new in
                       0.25 s (2,960 T/s) · first token 0.26 s, total 1.15 s ·
                       draft 166/270 accepted (61%) · max_tokens reached
15:56:58.295 INFO:     #365 chat/completions (stream): 93 prompt tokens ·
                       temperature: 0, greedy (req), max_tokens: 256 (req),
                       min_tokens: 256 (req)
15:56:59.231 INFO:     #365 chat/completions (stream): 256 tokens generated at
                       304.2 T/s · prompt 93 tokens, none cached, 93 new in 0.09
                       s · first token 0.10 s, total 0.94 s · draft 171/255
                       accepted (67%) · max_tokens reached
15:56:59.233 INFO:     #366 chat/completions (stream): 108 prompt tokens ·
                       temperature: 0, greedy (req), max_tokens: 256 (req),
                       min_tokens: 256 (req)
15:57:00.099 INFO:     #366 chat/completions (stream): 256 tokens generated at
                       334.3 T/s · prompt 108 tokens, none cached, 108 new in
                       0.09 s · first token 0.10 s, total 0.86 s · draft 179/231
                       accepted (77%) · max_tokens reached
15:57:00.101 INFO:     #367 chat/completions (stream): 63 prompt tokens ·
                       temperature: 0, greedy (req), max_tokens: 256 (req),
                       min_tokens: 256 (req)
15:57:01.203 INFO:     #367 chat/completions (stream): 256 tokens generated at
                       249.6 T/s · prompt 63 tokens, none cached, 63 new in 0.07
                       s · first token 0.08 s, total 1.10 s · draft 154/306
                       accepted (50%) · max_tokens reached
15:57:01.206 INFO:     #368 chat/completions (stream): 395 prompt tokens ·
                       temperature: 0, greedy (req), max_tokens: 256 (req),
                       min_tokens: 256 (req)
15:57:02.164 INFO:     #368 chat/completions (stream): 256 tokens generated at
                       347.0 T/s · prompt 395 tokens, none cached, 395 new in
                       0.21 s (1,881 T/s) · first token 0.22 s, total 0.95 s ·
                       draft 182/222 accepted (82%) · max_tokens reached
15:57:02.168 INFO:     #370 chat/completions (stream): 692 prompt tokens ·
                       temperature: 0, greedy (req), max_tokens: 256 (req),
                       min_tokens: 256 (req)
15:57:03.271 INFO:     #370 chat/completions (stream): 256 tokens generated at
                       300.1 T/s · prompt 692 tokens, none cached, 692 new in
                       0.24 s (2,883 T/s) · first token 0.25 s, total 1.10 s ·
                       draft 170/258 accepted (66%) · max_tokens reached
15:57:03.275 INFO:     #371 chat/completions (stream): 714 prompt tokens ·
                       temperature: 0, greedy (req), max_tokens: 256 (req),
                       min_tokens: 256 (req)
15:57:04.382 INFO:     #371 chat/completions (stream): 256 tokens generated at
                       313.5 T/s · prompt 714 tokens, none cached, 714 new in
                       0.28 s (2,550 T/s) · first token 0.29 s, total 1.10 s ·
                       draft 174/246 accepted (71%) · max_tokens reached
15:57:04.384 INFO:     #372 chat/completions (stream): 79 prompt tokens ·
                       temperature: 0, greedy (req), max_tokens: 256 (req),
                       min_tokens: 256 (req)
15:57:05.613 INFO:     #372 chat/completions (stream): 256 tokens generated at
                       223.9 T/s · prompt 79 tokens, none cached, 79 new in 0.08
                       s · first token 0.09 s, total 1.23 s · draft 142/342
                       accepted (42%) · max_tokens reached
15:57:05.617 INFO:     #373 chat/completions (stream): 587 prompt tokens ·
                       temperature: 0, greedy (req), max_tokens: 256 (req),
                       min_tokens: 256 (req)
15:57:06.782 INFO:     #373 chat/completions (stream): 256 tokens generated at
                       276.2 T/s · prompt 587 tokens, none cached, 587 new in
                       0.23 s (2,552 T/s) · first token 0.24 s, total 1.16 s ·
                       draft 164/276 accepted (59%) · max_tokens reached
15:57:06.785 INFO:     #374 chat/completions (stream): 120 prompt tokens ·
                       temperature: 0, greedy (req), max_tokens: 256 (req),
                       min_tokens: 256 (req)
15:57:07.584 INFO:     #374 chat/completions (stream): 256 tokens generated at
                       370.1 T/s · prompt 120 tokens, none cached, 120 new in
                       0.10 s · first token 0.11 s, total 0.80 s · draft 186/210
                       accepted (89%) · max_tokens reached
15:57:07.586 INFO:     #375 chat/completions (stream): 111 prompt tokens ·
                       temperature: 0, greedy (req), max_tokens: 256 (req),
                       min_tokens: 256 (req)
15:57:08.439 INFO:     #375 chat/completions (stream): 256 tokens generated at
                       341.0 T/s · prompt 111 tokens, none cached, 111 new in
                       0.09 s · first token 0.10 s, total 0.85 s · draft 181/225
                       accepted (80%) · max_tokens reached
15:57:08.443 INFO:     #376 chat/completions (stream): 894 prompt tokens ·
                       temperature: 0, greedy (req), max_tokens: 256 (req),
                       min_tokens: 256 (req)
15:57:09.545 INFO:     #376 chat/completions (stream): 256 tokens generated at
                       312.6 T/s · prompt 894 tokens, none cached, 894 new in
                       0.27 s (3,311 T/s) · first token 0.28 s, total 1.09 s ·
                       draft 174/246 accepted (71%) · max_tokens reached
15:57:09.550 INFO:     #377 chat/completions (stream): 1,157 prompt tokens ·
                       temperature: 0, greedy (req), max_tokens: 256 (req),
                       min_tokens: 256 (req)
15:57:10.869 INFO:     #377 chat/completions (stream): 256 tokens generated at
                       257.3 T/s · prompt 1,157 tokens, none cached, 1,157 new
                       in 0.31 s (3,732 T/s) · first token 0.32 s, total 1.31 s
                       · draft 156/300 accepted (52%) · max_tokens reached
15:57:10.872 INFO:     #378 chat/completions (stream): 93 prompt tokens ·
                       temperature: 0, greedy (req), max_tokens: 256 (req),
                       min_tokens: 256 (req)
15:57:11.832 INFO:     #378 chat/completions (stream): 256 tokens generated at
                       296.3 T/s · prompt 93 tokens, none cached, 93 new in 0.09
                       s · first token 0.10 s, total 0.96 s · draft 170/258
                       accepted (66%) · max_tokens reached
15:57:11.834 INFO:     #379 chat/completions (stream): 61 prompt tokens ·
                       temperature: 0, greedy (req), max_tokens: 256 (req),
                       min_tokens: 256 (req)
15:57:12.762 INFO:     #379 chat/completions (stream): 256 tokens generated at
                       300.3 T/s · prompt 61 tokens, none cached, 61 new in 0.07
                       s · first token 0.08 s, total 0.93 s · draft 170/258
                       accepted (66%) · max_tokens reached
15:57:12.768 INFO:     #380 chat/completions (stream): 1,540 prompt tokens ·
                       temperature: 0, greedy (req), max_tokens: 256 (req),
                       min_tokens: 256 (req)
15:57:13.997 INFO:     #380 chat/completions (stream): 256 tokens generated at
                       269.5 T/s · prompt 1,540 tokens, none cached, 1,540 new
                       in 0.27 s (5,704 T/s) · first token 0.28 s, total 1.23 s
                       · draft 162/282 accepted (57%) · max_tokens reached
15:57:13.999 INFO:     #381 chat/completions (stream): 64 prompt tokens ·
                       temperature: 0, greedy (req), max_tokens: 256 (req),
                       min_tokens: 256 (req)
15:57:14.939 INFO:     #381 chat/completions (stream): 256 tokens generated at
                       297.0 T/s · prompt 64 tokens, none cached, 64 new in 0.07
                       s · first token 0.08 s, total 0.94 s · draft 169/261
                       accepted (65%) · max_tokens reached
15:57:14.941 INFO:     #382 chat/completions (stream): 123 prompt tokens ·
                       temperature: 0, greedy (req), max_tokens: 256 (req),
                       min_tokens: 256 (req)
15:57:15.836 INFO:     #382 chat/completions (stream): 256 tokens generated at
                       324.4 T/s · prompt 123 tokens, none cached, 123 new in
                       0.10 s · first token 0.11 s, total 0.89 s · draft 177/237
                       accepted (75%) · max_tokens reached
15:57:15.839 INFO:     #383 chat/completions (stream): 72 prompt tokens ·
                       temperature: 0, greedy (req), max_tokens: 256 (req),
                       min_tokens: 256 (req)
15:57:16.862 INFO:     #383 chat/completions (stream): 256 tokens generated at
                       272.8 T/s · prompt 72 tokens, none cached, 72 new in 0.08
                       s · first token 0.09 s, total 1.02 s · draft 163/279
                       accepted (58%) · max_tokens reached
15:57:16.865 INFO:     #384 chat/completions (stream): 81 prompt tokens ·
                       temperature: 0, greedy (req), max_tokens: 256 (req),
                       min_tokens: 256 (req)
15:57:17.772 INFO:     #384 chat/completions (stream): 256 tokens generated at
                       312.7 T/s · prompt 81 tokens, none cached, 81 new in 0.08
                       s · first token 0.09 s, total 0.90 s · draft 175/243
                       accepted (72%) · max_tokens reached
15:57:17.774 INFO:     #386 chat/completions (stream): 64 prompt tokens ·
                       temperature: 0, greedy (req), max_tokens: 256 (req),
                       min_tokens: 256 (req)
15:57:18.832 INFO:     #386 chat/completions (stream): 256 tokens generated at
                       261.2 T/s · prompt 64 tokens, none cached, 64 new in 0.07
                       s · first token 0.08 s, total 1.06 s · draft 157/297
                       accepted (53%) · max_tokens reached
15:57:18.834 INFO:     #387 chat/completions (stream): 73 prompt tokens ·
                       temperature: 0, greedy (req), max_tokens: 256 (req),
                       min_tokens: 256 (req)
15:57:19.899 INFO:     #387 chat/completions (stream): 256 tokens generated at
                       261.3 T/s · prompt 73 tokens, none cached, 73 new in 0.08
                       s · first token 0.09 s, total 1.07 s · draft 166/270
                       accepted (61%) · max_tokens reached
15:57:19.901 INFO:     #388 chat/completions (stream): 63 prompt tokens ·
                       temperature: 0, greedy (req), max_tokens: 256 (req),
                       min_tokens: 256 (req)
15:57:20.958 INFO:     #388 chat/completions (stream): 256 tokens generated at
                       261.3 T/s · prompt 63 tokens, none cached, 63 new in 0.07
                       s · first token 0.08 s, total 1.06 s · draft 158/294
                       accepted (54%) · max_tokens reached
15:57:20.962 INFO:     #389 chat/completions (stream): 720 prompt tokens ·
                       temperature: 0, greedy (req), max_tokens: 256 (req),
                       min_tokens: 256 (req)
15:57:22.160 INFO:     #389 chat/completions (stream): 256 tokens generated at
                       273.5 T/s · prompt 720 tokens, none cached, 720 new in
                       0.25 s (2,880 T/s) · first token 0.26 s, total 1.19 s ·
                       draft 163/279 accepted (58%) · max_tokens reached
15:57:22.162 INFO:     #390 chat/completions (stream): 110 prompt tokens ·
                       temperature: 0, greedy (req), max_tokens: 256 (req),
                       min_tokens: 256 (req)
15:57:23.027 INFO:     #390 chat/completions (stream): 256 tokens generated at
                       334.1 T/s · prompt 110 tokens, none cached, 110 new in
                       0.09 s · first token 0.10 s, total 0.86 s · draft 180/228
                       accepted (79%) · max_tokens reached
15:57:23.031 INFO:     #391 chat/completions (stream): 751 prompt tokens ·
                       temperature: 0, greedy (req), max_tokens: 256 (req),
                       min_tokens: 256 (req)
15:57:24.104 INFO:     #391 chat/completions (stream): 256 tokens generated at
                       316.7 T/s · prompt 751 tokens, none cached, 751 new in
                       0.25 s (3,004 T/s) · first token 0.26 s, total 1.06 s ·
                       draft 176/240 accepted (73%) · max_tokens reached
15:57:24.107 INFO:     #392 chat/completions (stream): 128 prompt tokens ·
                       temperature: 0, greedy (req), max_tokens: 256 (req),
                       min_tokens: 256 (req)
15:57:24.981 INFO:     #392 chat/completions (stream): 256 tokens generated at
                       338.3 T/s · prompt 128 tokens, none cached, 128 new in
                       0.11 s · first token 0.12 s, total 0.87 s · draft 185/213
                       accepted (87%) · max_tokens reached
15:57:24.984 INFO:     #393 chat/completions (stream): 103 prompt tokens ·
                       temperature: 0, greedy (req), max_tokens: 256 (req),
                       min_tokens: 256 (req)
15:57:26.012 INFO:     #393 chat/completions (stream): 256 tokens generated at
                       277.5 T/s · prompt 103 tokens, none cached, 103 new in
                       0.10 s · first token 0.11 s, total 1.03 s · draft 163/279
                       accepted (58%) · max_tokens reached
15:57:26.015 INFO:     #394 chat/completions (stream): 64 prompt tokens ·
                       temperature: 0, greedy (req), max_tokens: 256 (req),
                       min_tokens: 256 (req)
15:57:27.052 INFO:     #394 chat/completions (stream): 256 tokens generated at
                       266.7 T/s · prompt 64 tokens, none cached, 64 new in 0.07
                       s · first token 0.08 s, total 1.04 s · draft 160/288
                       accepted (56%) · max_tokens reached
15:57:27.054 INFO:     #395 chat/completions (stream): 114 prompt tokens ·
                       temperature: 0, greedy (req), max_tokens: 256 (req),
                       min_tokens: 256 (req)
15:57:28.265 INFO:     #395 chat/completions (stream): 256 tokens generated at
                       231.9 T/s · prompt 114 tokens, none cached, 114 new in
                       0.10 s · first token 0.11 s, total 1.21 s · draft 146/330
                       accepted (44%) · max_tokens reached
15:57:28.267 INFO:     #396 chat/completions (stream): 135 prompt tokens ·
                       temperature: 0, greedy (req), max_tokens: 256 (req),
                       min_tokens: 256 (req)
15:57:29.163 INFO:     #396 chat/completions (stream): 256 tokens generated at
                       326.2 T/s · prompt 135 tokens, none cached, 135 new in
                       0.10 s · first token 0.11 s, total 0.89 s · draft 180/228
                       accepted (79%) · max_tokens reached
15:57:29.166 INFO:     #397 chat/completions (stream): 80 prompt tokens ·
                       temperature: 0, greedy (req), max_tokens: 256 (req),
                       min_tokens: 256 (req)
15:57:30.146 INFO:     #397 chat/completions (stream): 256 tokens generated at
                       286.5 T/s · prompt 80 tokens, none cached, 80 new in 0.08
                       s · first token 0.09 s, total 0.98 s · draft 167/267
                       accepted (63%) · max_tokens reached
15:57:30.149 INFO:     #398 chat/completions (stream): 73 prompt tokens ·
                       temperature: 0, greedy (req), max_tokens: 256 (req),
                       min_tokens: 256 (req)
15:57:31.065 INFO:     #398 chat/completions (stream): 256 tokens generated at
                       307.1 T/s · prompt 73 tokens, none cached, 73 new in 0.08
                       s · first token 0.09 s, total 0.92 s · draft 172/252
                       accepted (68%) · max_tokens reached
15:57:31.068 INFO:     #399 chat/completions (stream): 62 prompt tokens ·
                       temperature: 0, greedy (req), max_tokens: 256 (req),
                       min_tokens: 256 (req)
15:57:32.095 INFO:     #399 chat/completions (stream): 256 tokens generated at
                       269.4 T/s · prompt 62 tokens, none cached, 62 new in 0.07
                       s · first token 0.08 s, total 1.03 s · draft 160/288
                       accepted (56%) · max_tokens reached
15:57:32.100 INFO:     #401 chat/completions (stream): 785 prompt tokens ·
                       temperature: 0, greedy (req), max_tokens: 256 (req),
                       min_tokens: 256 (req)
15:57:33.184 INFO:     #401 chat/completions (stream): 256 tokens generated at
                       289.3 T/s · prompt 785 tokens, none cached, 785 new in
                       0.19 s (4,132 T/s) · first token 0.20 s, total 1.08 s ·
                       draft 167/267 accepted (63%) · max_tokens reached
15:57:33.186 INFO:     #402 chat/completions (stream): 92 prompt tokens ·
                       temperature: 0, greedy (req), max_tokens: 256 (req),
                       min_tokens: 256 (req)
15:57:34.173 INFO:     #402 chat/completions (stream): 256 tokens generated at
                       286.5 T/s · prompt 92 tokens, none cached, 92 new in 0.09
                       s · first token 0.10 s, total 0.99 s · draft 165/273
                       accepted (60%) · max_tokens reached
15:57:34.177 INFO:     #403 chat/completions (stream): 680 prompt tokens ·
                       temperature: 0, greedy (req), max_tokens: 256 (req),
                       min_tokens: 256 (req)
15:57:35.311 INFO:     #403 chat/completions (stream): 256 tokens generated at
                       288.5 T/s · prompt 680 tokens, none cached, 680 new in
                       0.24 s (2,833 T/s) · first token 0.25 s, total 1.13 s ·
                       draft 167/267 accepted (63%) · max_tokens reached
15:57:35.313 INFO:     #404 chat/completions (stream): 125 prompt tokens ·
                       temperature: 0, greedy (req), max_tokens: 256 (req),
                       min_tokens: 256 (req)
15:57:36.301 INFO:     #404 chat/completions (stream): 256 tokens generated at
                       289.7 T/s · prompt 125 tokens, none cached, 125 new in
                       0.10 s · first token 0.11 s, total 0.99 s · draft 167/267
                       accepted (63%) · max_tokens reached
15:57:36.304 INFO:     #405 chat/completions (stream): 79 prompt tokens ·
                       temperature: 0, greedy (req), max_tokens: 256 (req),
                       min_tokens: 256 (req)
15:57:37.336 INFO:     #405 chat/completions (stream): 256 tokens generated at
                       270.8 T/s · prompt 79 tokens, none cached, 79 new in 0.08
                       s · first token 0.09 s, total 1.03 s · draft 161/285
                       accepted (56%) · max_tokens reached
15:57:37.339 INFO:     #406 chat/completions (stream): 86 prompt tokens ·
                       temperature: 0, greedy (req), max_tokens: 256 (req),
                       min_tokens: 256 (req)
15:57:38.320 INFO:     #406 chat/completions (stream): 256 tokens generated at
                       288.0 T/s · prompt 86 tokens, none cached, 86 new in 0.08
                       s · first token 0.09 s, total 0.97 s · draft 167/267
                       accepted (63%) · max_tokens reached
15:57:38.323 INFO:     #407 chat/completions (stream): 69 prompt tokens ·
                       temperature: 0, greedy (req), max_tokens: 256 (req),
                       min_tokens: 256 (req)
15:57:39.264 INFO:     #407 chat/completions (stream): 256 tokens generated at
                       298.8 T/s · prompt 69 tokens, none cached, 69 new in 0.08
                       s · first token 0.09 s, total 0.94 s · draft 170/258
                       accepted (66%) · max_tokens reached
15:57:39.266 INFO:     #408 chat/completions (stream): 80 prompt tokens ·
                       temperature: 0, greedy (req), max_tokens: 256 (req),
                       min_tokens: 256 (req)
15:57:40.262 INFO:     #408 chat/completions (stream): 256 tokens generated at
                       282.0 T/s · prompt 80 tokens, none cached, 80 new in 0.08
                       s · first token 0.09 s, total 0.99 s · draft 165/273
                       accepted (60%) · max_tokens reached
15:57:40.264 INFO:     #409 chat/completions (stream): 80 prompt tokens ·
                       temperature: 0, greedy (req), max_tokens: 256 (req),
                       min_tokens: 256 (req)
15:57:41.350 INFO:     #409 chat/completions (stream): 256 tokens generated at
                       256.8 T/s · prompt 80 tokens, none cached, 80 new in 0.08
                       s · first token 0.09 s, total 1.08 s · draft 158/294
                       accepted (54%) · max_tokens reached
15:57:41.353 INFO:     #410 chat/completions (stream): 62 prompt tokens ·
                       temperature: 0, greedy (req), max_tokens: 256 (req),
                       min_tokens: 256 (req)
15:57:42.480 INFO:     #410 chat/completions (stream): 256 tokens generated at
                       243.8 T/s · prompt 62 tokens, none cached, 62 new in 0.07
                       s · first token 0.08 s, total 1.13 s · draft 152/312
                       accepted (49%) · max_tokens reached
15:57:42.484 INFO:     #411 chat/completions (stream): 635 prompt tokens ·
                       temperature: 0, greedy (req), max_tokens: 256 (req),
                       min_tokens: 256 (req)
15:57:43.630 INFO:     #411 chat/completions (stream): 256 tokens generated at
                       285.5 T/s · prompt 635 tokens, none cached, 635 new in
                       0.24 s (2,646 T/s) · first token 0.25 s, total 1.14 s ·
                       draft 167/267 accepted (63%) · max_tokens reached
15:57:43.635 INFO:     #412 chat/completions (stream): 828 prompt tokens ·
                       temperature: 0, greedy (req), max_tokens: 256 (req),
                       min_tokens: 256 (req)
15:57:44.775 INFO:     #412 chat/completions (stream): 256 tokens generated at
                       289.1 T/s · prompt 828 tokens, none cached, 828 new in
                       0.24 s (3,450 T/s) · first token 0.25 s, total 1.13 s ·
                       draft 167/267 accepted (63%) · max_tokens reached
15:57:44.777 INFO:     #413 chat/completions (stream): 62 prompt tokens ·
                       temperature: 0, greedy (req), max_tokens: 256 (req),
                       min_tokens: 256 (req)
15:57:45.988 INFO:     #413 chat/completions (stream): 256 tokens generated at
                       225.6 T/s · prompt 62 tokens, none cached, 62 new in 0.07
                       s · first token 0.08 s, total 1.21 s · draft 141/345
                       accepted (41%) · max_tokens reached
15:57:45.990 INFO:     #414 chat/completions (stream): 79 prompt tokens ·
                       temperature: 0, greedy (req), max_tokens: 256 (req),
                       min_tokens: 256 (req)
15:57:46.788 INFO:     #414 chat/completions (stream): 256 tokens generated at
                       359.2 T/s · prompt 79 tokens, none cached, 79 new in 0.08
                       s · first token 0.09 s, total 0.80 s · draft 184/216
                       accepted (85%) · max_tokens reached
15:57:46.792 INFO:     #415 chat/completions (stream): 492 prompt tokens ·
                       temperature: 0, greedy (req), max_tokens: 256 (req),
                       min_tokens: 256 (req)
15:57:48.008 INFO:     #415 chat/completions (stream): 256 tokens generated at
                       263.7 T/s · prompt 492 tokens, none cached, 492 new in
                       0.24 s (2,050 T/s) · first token 0.25 s, total 1.22 s ·
                       draft 159/291 accepted (55%) · max_tokens reached
15:57:48.010 INFO:     #417 chat/completions (stream): 65 prompt tokens ·
                       temperature: 0, greedy (req), max_tokens: 256 (req),
                       min_tokens: 256 (req)
15:57:48.978 INFO:     #417 chat/completions (stream): 256 tokens generated at
                       287.7 T/s · prompt 65 tokens, none cached, 65 new in 0.07
                       s · first token 0.08 s, total 0.97 s · draft 166/270
                       accepted (61%) · max_tokens reached
15:57:48.980 INFO:     #418 chat/completions (stream): 63 prompt tokens ·
                       temperature: 0, greedy (req), max_tokens: 256 (req),
                       min_tokens: 256 (req)
15:57:49.961 INFO:     #418 chat/completions (stream): 256 tokens generated at
                       284.0 T/s · prompt 63 tokens, none cached, 63 new in 0.07
                       s · first token 0.08 s, total 0.98 s · draft 166/270
                       accepted (61%) · max_tokens reached
15:57:49.965 INFO:     #419 chat/completions (stream): 724 prompt tokens ·
                       temperature: 0, greedy (req), max_tokens: 256 (req),
                       min_tokens: 256 (req)
15:57:51.082 INFO:     #419 chat/completions (stream): 256 tokens generated at
                       298.1 T/s · prompt 724 tokens, none cached, 724 new in
                       0.25 s (2,896 T/s) · first token 0.26 s, total 1.11 s ·
                       draft 170/258 accepted (66%) · max_tokens reached
15:57:51.086 INFO:     #420 chat/completions (stream): 760 prompt tokens ·
                       temperature: 0, greedy (req), max_tokens: 256 (req),
                       min_tokens: 256 (req)
15:57:52.225 INFO:     #420 chat/completions (stream): 256 tokens generated at
                       290.4 T/s · prompt 760 tokens, none cached, 760 new in
                       0.25 s (3,040 T/s) · first token 0.26 s, total 1.14 s ·
                       draft 168/264 accepted (64%) · max_tokens reached
15:57:52.229 INFO:     #421 chat/completions (stream): 742 prompt tokens ·
                       temperature: 0, greedy (req), max_tokens: 256 (req),
                       min_tokens: 256 (req)
15:57:53.303 INFO:     #421 chat/completions (stream): 256 tokens generated at
                       315.6 T/s · prompt 742 tokens, none cached, 742 new in
                       0.25 s (2,968 T/s) · first token 0.26 s, total 1.07 s ·
                       draft 175/243 accepted (72%) · max_tokens reached
15:57:53.305 INFO:     #422 chat/completions (stream): 61 prompt tokens ·
                       temperature: 0, greedy (req), max_tokens: 256 (req),
                       min_tokens: 256 (req)
15:57:54.452 INFO:     #422 chat/completions (stream): 256 tokens generated at
                       239.2 T/s · prompt 61 tokens, none cached, 61 new in 0.07
                       s · first token 0.08 s, total 1.15 s · draft 148/324
                       accepted (46%) · max_tokens reached
15:57:54.456 INFO:     #423 chat/completions (stream): 764 prompt tokens ·
                       temperature: 0, greedy (req), max_tokens: 256 (req),
                       min_tokens: 256 (req)
15:57:55.501 INFO:     #423 chat/completions (stream): 256 tokens generated at
                       327.5 T/s · prompt 764 tokens, none cached, 764 new in
                       0.25 s (3,056 T/s) · first token 0.26 s, total 1.04 s ·
                       draft 177/237 accepted (75%) · max_tokens reached
15:57:55.506 INFO:     #424 chat/completions (stream): 833 prompt tokens ·
                       temperature: 0, greedy (req), max_tokens: 256 (req),
                       min_tokens: 256 (req)
15:57:56.580 INFO:     #424 chat/completions (stream): 256 tokens generated at
                       314.9 T/s · prompt 833 tokens, none cached, 833 new in
                       0.25 s (3,332 T/s) · first token 0.26 s, total 1.07 s ·
                       draft 174/246 accepted (71%) · max_tokens reached
15:57:56.583 INFO:     #425 chat/completions (stream): 71 prompt tokens ·
                       temperature: 0, greedy (req), max_tokens: 256 (req),
                       min_tokens: 256 (req)
15:57:57.698 INFO:     #425 chat/completions (stream): 256 tokens generated at
                       248.1 T/s · prompt 71 tokens, none cached, 71 new in 0.08
                       s · first token 0.09 s, total 1.12 s · draft 152/312
                       accepted (49%) · max_tokens reached
15:57:57.702 INFO:     #426 chat/completions (stream): 798 prompt tokens ·
                       temperature: 0, greedy (req), max_tokens: 256 (req),
                       min_tokens: 256 (req)
15:57:58.734 INFO:     #426 chat/completions (stream): 256 tokens generated at
                       311.3 T/s · prompt 798 tokens, none cached, 798 new in
                       0.20 s (3,990 T/s) · first token 0.21 s, total 1.03 s ·
                       draft 173/249 accepted (69%) · max_tokens reached
15:57:58.737 INFO:     #427 chat/completions (stream): 87 prompt tokens ·
                       temperature: 0, greedy (req), max_tokens: 256 (req),
                       min_tokens: 256 (req)
15:57:59.638 INFO:     #427 chat/completions (stream): 256 tokens generated at
                       316.3 T/s · prompt 87 tokens, none cached, 87 new in 0.08
                       s · first token 0.09 s, total 0.89 s · draft 175/243
                       accepted (72%) · max_tokens reached
15:57:59.643 INFO:     #428 chat/completions (stream): 773 prompt tokens ·
                       temperature: 0, greedy (req), max_tokens: 256 (req),
                       min_tokens: 256 (req)
15:58:00.688 INFO:     #428 chat/completions (stream): 256 tokens generated at
                       300.7 T/s · prompt 773 tokens, none cached, 773 new in
                       0.18 s (4,294 T/s) · first token 0.19 s, total 1.04 s ·
                       draft 171/255 accepted (67%) · max_tokens reached
15:58:00.691 INFO:     #429 chat/completions (stream): 114 prompt tokens ·
                       temperature: 0, greedy (req), max_tokens: 256 (req),
                       min_tokens: 256 (req)
15:58:01.716 INFO:     #429 chat/completions (stream): 256 tokens generated at
                       278.5 T/s · prompt 114 tokens, none cached, 114 new in
                       0.10 s · first token 0.11 s, total 1.02 s · draft 164/276
                       accepted (59%) · max_tokens reached
15:58:01.719 INFO:     #430 chat/completions (stream): 312 prompt tokens ·
                       temperature: 0, greedy (req), max_tokens: 256 (req),
                       min_tokens: 256 (req)
15:58:02.834 INFO:     #430 chat/completions (stream): 256 tokens generated at
                       280.3 T/s · prompt 312 tokens, none cached, 312 new in
                       0.19 s (1,642 T/s) · first token 0.20 s, total 1.11 s ·
                       draft 165/273 accepted (60%) · max_tokens reached
15:58:02.836 INFO:     #432 chat/completions (stream): 63 prompt tokens ·
                       temperature: 0, greedy (req), max_tokens: 256 (req),
                       min_tokens: 256 (req)
15:58:03.686 INFO:     #432 chat/completions (stream): 256 tokens generated at
                       331.5 T/s · prompt 63 tokens, none cached, 63 new in 0.07
                       s · first token 0.08 s, total 0.85 s · draft 178/234
                       accepted (76%) · max_tokens reached
15:58:03.688 INFO:     #433 chat/completions (stream): 66 prompt tokens ·
                       temperature: 0, greedy (req), max_tokens: 256 (req),
                       min_tokens: 256 (req)
15:58:04.749 INFO:     #433 chat/completions (stream): 256 tokens generated at
                       261.8 T/s · prompt 66 tokens, none cached, 66 new in 0.07
                       s · first token 0.08 s, total 1.05 s · draft 159/291
                       accepted (55%) · max_tokens reached
15:58:04.754 INFO:     #434 chat/completions (stream): 912 prompt tokens ·
                       temperature: 0, greedy (req), max_tokens: 256 (req),
                       min_tokens: 256 (req)
15:58:06.067 INFO:     #434 chat/completions (stream): 256 tokens generated at
                       251.8 T/s · prompt 912 tokens, none cached, 912 new in
                       0.29 s (3,145 T/s) · first token 0.30 s, total 1.31 s ·
                       draft 154/306 accepted (50%) · max_tokens reached
15:58:06.069 INFO:     #435 chat/completions (stream): 66 prompt tokens ·
                       temperature: 0, greedy (req), max_tokens: 256 (req),
                       min_tokens: 256 (req)
15:58:07.026 INFO:     #435 chat/completions (stream): 256 tokens generated at
                       292.8 T/s · prompt 66 tokens, none cached, 66 new in 0.07
                       s · first token 0.08 s, total 0.95 s · draft 169/261
                       accepted (65%) · max_tokens reached
15:58:07.028 INFO:     #436 chat/completions (stream): 75 prompt tokens ·
                       temperature: 0, greedy (req), max_tokens: 256 (req),
                       min_tokens: 256 (req)
15:58:08.036 INFO:     #436 chat/completions (stream): 256 tokens generated at
                       277.1 T/s · prompt 75 tokens, none cached, 75 new in 0.08
                       s · first token 0.09 s, total 1.01 s · draft 164/276
                       accepted (59%) · max_tokens reached
15:58:08.040 INFO:     #437 chat/completions (stream): 624 prompt tokens ·
                       temperature: 0, greedy (req), max_tokens: 256 (req),
                       min_tokens: 256 (req)
15:58:09.250 INFO:     #437 chat/completions (stream): 256 tokens generated at
                       266.8 T/s · prompt 624 tokens, none cached, 624 new in
                       0.24 s (2,600 T/s) · first token 0.25 s, total 1.20 s ·
                       draft 163/279 accepted (58%) · max_tokens reached
15:58:09.252 INFO:     #438 chat/completions (stream): 63 prompt tokens ·
                       temperature: 0, greedy (req), max_tokens: 256 (req),
                       min_tokens: 256 (req)
15:58:10.318 INFO:     #438 chat/completions (stream): 256 tokens generated at
                       259.1 T/s · prompt 63 tokens, none cached, 63 new in 0.07
                       s · first token 0.08 s, total 1.06 s · draft 157/297
                       accepted (53%) · max_tokens reached
15:58:10.320 INFO:     #439 chat/completions (stream): 78 prompt tokens ·
                       temperature: 0, greedy (req), max_tokens: 256 (req),
                       min_tokens: 256 (req)
15:58:11.463 INFO:     #439 chat/completions (stream): 256 tokens generated at
                       242.2 T/s · prompt 78 tokens, none cached, 78 new in 0.08
                       s · first token 0.09 s, total 1.14 s · draft 150/318
                       accepted (47%) · max_tokens reached
15:58:11.466 INFO:     #440 chat/completions (stream): 136 prompt tokens ·
                       temperature: 0, greedy (req), max_tokens: 256 (req),
                       min_tokens: 256 (req)
15:58:12.449 INFO:     #440 chat/completions (stream): 256 tokens generated at
                       294.7 T/s · prompt 136 tokens, none cached, 136 new in
                       0.11 s · first token 0.12 s, total 0.98 s · draft 169/261
                       accepted (65%) · max_tokens reached
15:58:12.451 INFO:     #441 chat/completions (stream): 87 prompt tokens ·
                       temperature: 0, greedy (req), max_tokens: 256 (req),
                       min_tokens: 256 (req)
15:58:13.481 INFO:     #441 chat/completions (stream): 256 tokens generated at
                       273.3 T/s · prompt 87 tokens, none cached, 87 new in 0.08
                       s · first token 0.09 s, total 1.02 s · draft 162/282
                       accepted (57%) · max_tokens reached
15:58:13.483 INFO:     #442 chat/completions (stream): 63 prompt tokens ·
                       temperature: 0, greedy (req), max_tokens: 256 (req),
                       min_tokens: 256 (req)
15:58:14.497 INFO:     #442 chat/completions (stream): 256 tokens generated at
                       273.1 T/s · prompt 63 tokens, none cached, 63 new in 0.07
                       s · first token 0.08 s, total 1.01 s · draft 161/285
                       accepted (56%) · max_tokens reached
15:58:14.500 INFO:     #443 chat/completions (stream): 106 prompt tokens ·
                       temperature: 0, greedy (req), max_tokens: 256 (req),
                       min_tokens: 256 (req)
15:58:15.511 INFO:     #443 chat/completions (stream): 256 tokens generated at
                       281.2 T/s · prompt 106 tokens, none cached, 106 new in
                       0.09 s · first token 0.10 s, total 1.01 s · draft 165/273
                       accepted (60%) · max_tokens reached
15:58:15.513 INFO:     #444 chat/completions (stream): 121 prompt tokens ·
                       temperature: 0, greedy (req), max_tokens: 256 (req),
                       min_tokens: 256 (req)
15:58:16.419 INFO:     #444 chat/completions (stream): 256 tokens generated at
                       320.6 T/s · prompt 121 tokens, none cached, 121 new in
                       0.10 s · first token 0.11 s, total 0.90 s · draft 176/240
                       accepted (73%) · max_tokens reached
15:58:16.421 INFO:     #445 chat/completions (stream): 88 prompt tokens ·
                       temperature: 0, greedy (req), max_tokens: 256 (req),
                       min_tokens: 256 (req)
15:58:17.340 INFO:     #445 chat/completions (stream): 256 tokens generated at
                       310.1 T/s · prompt 88 tokens, none cached, 88 new in 0.08
                       s · first token 0.09 s, total 0.91 s · draft 173/249
                       accepted (69%) · max_tokens reached
15:58:17.344 INFO:     #447 chat/completions (stream): 728 prompt tokens ·
                       temperature: 0, greedy (req), max_tokens: 256 (req),
                       min_tokens: 256 (req)
15:58:18.572 INFO:     #447 chat/completions (stream): 256 tokens generated at
                       264.4 T/s · prompt 728 tokens, none cached, 728 new in
                       0.25 s (2,912 T/s) · first token 0.26 s, total 1.22 s ·
                       draft 159/291 accepted (55%) · max_tokens reached
15:58:18.576 INFO:     #448 chat/completions (stream): 749 prompt tokens ·
                       temperature: 0, greedy (req), max_tokens: 256 (req),
                       min_tokens: 256 (req)
15:58:19.669 INFO:     #448 chat/completions (stream): 256 tokens generated at
                       307.1 T/s · prompt 749 tokens, none cached, 749 new in
                       0.25 s (2,996 T/s) · first token 0.26 s, total 1.09 s ·
                       draft 175/243 accepted (72%) · max_tokens reached
15:58:19.671 INFO:     #449 chat/completions (stream): 89 prompt tokens ·
                       temperature: 0, greedy (req), max_tokens: 256 (req),
                       min_tokens: 256 (req)
15:58:20.696 INFO:     #449 chat/completions (stream): 256 tokens generated at
                       274.8 T/s · prompt 89 tokens, none cached, 89 new in 0.09
                       s · first token 0.10 s, total 1.03 s · draft 163/279
                       accepted (58%) · max_tokens reached
15:58:20.699 INFO:     #450 chat/completions (stream): 341 prompt tokens ·
                       temperature: 0, greedy (req), max_tokens: 256 (req),
                       min_tokens: 256 (req)
15:58:21.919 INFO:     #450 chat/completions (stream): 256 tokens generated at
                       254.7 T/s · prompt 341 tokens, none cached, 341 new in
                       0.20 s (1,705 T/s) · first token 0.21 s, total 1.21 s ·
                       draft 155/303 accepted (51%) · max_tokens reached
15:58:21.922 INFO:     #451 chat/completions (stream): 66 prompt tokens ·
                       temperature: 0, greedy (req), max_tokens: 256 (req),
                       min_tokens: 256 (req)
15:58:22.883 INFO:     #451 chat/completions (stream): 256 tokens generated at
                       290.9 T/s · prompt 66 tokens, none cached, 66 new in 0.07
                       s · first token 0.08 s, total 0.96 s · draft 168/264
                       accepted (64%) · max_tokens reached
15:58:22.885 INFO:     #452 chat/completions (stream): 63 prompt tokens ·
                       temperature: 0, greedy (req), max_tokens: 256 (req),
                       min_tokens: 256 (req)
15:58:23.793 INFO:     #452 chat/completions (stream): 256 tokens generated at
                       308.7 T/s · prompt 63 tokens, none cached, 63 new in 0.07
                       s · first token 0.08 s, total 0.90 s · draft 174/246
                       accepted (71%) · max_tokens reached
15:58:23.796 INFO:     #453 chat/completions (stream): 74 prompt tokens ·
                       temperature: 0, greedy (req), max_tokens: 256 (req),
                       min_tokens: 256 (req)
15:58:24.921 INFO:     #453 chat/completions (stream): 256 tokens generated at
                       246.0 T/s · prompt 74 tokens, none cached, 74 new in 0.08
                       s · first token 0.09 s, total 1.13 s · draft 158/294
                       accepted (54%) · max_tokens reached
15:58:24.925 INFO:     #454 chat/completions (stream): 107 prompt tokens ·
                       temperature: 0, greedy (req), max_tokens: 256 (req),
                       min_tokens: 256 (req)
15:58:25.808 INFO:     #454 chat/completions (stream): 256 tokens generated at
                       330.0 T/s · prompt 107 tokens, none cached, 107 new in
                       0.10 s · first token 0.11 s, total 0.88 s · draft 179/231
                       accepted (77%) · max_tokens reached
15:58:25.810 INFO:     #455 chat/completions (stream): 165 prompt tokens ·
                       temperature: 0, greedy (req), max_tokens: 256 (req),
                       min_tokens: 256 (req)
15:58:26.661 INFO:     #455 chat/completions (stream): 256 tokens generated at
                       340.9 T/s · prompt 165 tokens, none cached, 165 new in
                       0.09 s · first token 0.10 s, total 0.85 s · draft 181/225
                       accepted (80%) · max_tokens reached
15:58:26.666 INFO:     #456 chat/completions (stream): 780 prompt tokens ·
                       temperature: 0, greedy (req), max_tokens: 256 (req),
                       min_tokens: 256 (req)
15:58:27.803 INFO:     #456 chat/completions (stream): 256 tokens generated at
                       276.4 T/s · prompt 780 tokens, none cached, 780 new in
                       0.20 s (3,900 T/s) · first token 0.21 s, total 1.13 s ·
                       draft 163/279 accepted (58%) · max_tokens reached
15:58:27.805 INFO:     #457 chat/completions (stream): 79 prompt tokens ·
                       temperature: 0, greedy (req), max_tokens: 256 (req),
                       min_tokens: 256 (req)
15:58:28.702 INFO:     #457 chat/completions (stream): 256 tokens generated at
                       316.5 T/s · prompt 79 tokens, none cached, 79 new in 0.08
                       s · first token 0.09 s, total 0.89 s · draft 174/246
                       accepted (71%) · max_tokens reached
15:58:28.707 INFO:     #458 chat/completions (stream): 1,083 prompt tokens ·
                       temperature: 0, greedy (req), max_tokens: 256 (req),
                       min_tokens: 256 (req)
15:58:29.937 INFO:     #458 chat/completions (stream): 256 tokens generated at
                       272.4 T/s · prompt 1,083 tokens, none cached, 1,083 new
                       in 0.28 s (3,868 T/s) · first token 0.29 s, total 1.22 s
                       · draft 162/282 accepted (57%) · max_tokens reached
15:58:29.939 INFO:     #459 chat/completions (stream): 82 prompt tokens ·
                       temperature: 0, greedy (req), max_tokens: 256 (req),
                       min_tokens: 256 (req)
15:58:30.713 INFO:     #459 chat/completions (stream): 256 tokens generated at
                       375.3 T/s · prompt 82 tokens, none cached, 82 new in 0.08
                       s · first token 0.09 s, total 0.77 s · draft 187/207
                       accepted (90%) · max_tokens reached
15:58:30.715 INFO:     #460 chat/completions (stream): 91 prompt tokens ·
                       temperature: 0, greedy (req), max_tokens: 256 (req),
                       min_tokens: 256 (req)
15:58:31.764 INFO:     #460 chat/completions (stream): 256 tokens generated at
                       267.9 T/s · prompt 91 tokens, none cached, 91 new in 0.08
                       s · first token 0.09 s, total 1.04 s · draft 159/291
                       accepted (55%) · max_tokens reached
15:58:31.766 INFO:     #461 chat/completions (stream): 82 prompt tokens ·
                       temperature: 0, greedy (req), max_tokens: 256 (req),
                       min_tokens: 256 (req)
15:58:32.947 INFO:     #461 chat/completions (stream): 256 tokens generated at
                       234.8 T/s · prompt 82 tokens, none cached, 82 new in 0.08
                       s · first token 0.09 s, total 1.18 s · draft 146/330
                       accepted (44%) · max_tokens reached
15:58:32.950 INFO:     #463 chat/completions (stream): 70 prompt tokens ·
                       temperature: 0, greedy (req), max_tokens: 256 (req),
                       min_tokens: 256 (req)
15:58:33.853 INFO:     #463 chat/completions (stream): 256 tokens generated at
                       312.6 T/s · prompt 70 tokens, none cached, 70 new in 0.08
                       s · first token 0.09 s, total 0.90 s · draft 173/249
                       accepted (69%) · max_tokens reached
15:58:33.857 INFO:     #464 chat/completions (stream): 816 prompt tokens ·
                       temperature: 0, greedy (req), max_tokens: 256 (req),
                       min_tokens: 256 (req)
15:58:34.921 INFO:     #464 chat/completions (stream): 256 tokens generated at
                       311.9 T/s · prompt 816 tokens, none cached, 816 new in
                       0.23 s (3,548 T/s) · first token 0.24 s, total 1.06 s ·
                       draft 174/246 accepted (71%) · max_tokens reached
15:58:34.923 INFO:     #465 chat/completions (stream): 103 prompt tokens ·
                       temperature: 0, greedy (req), max_tokens: 256 (req),
                       min_tokens: 256 (req)
15:58:35.710 INFO:     #465 chat/completions (stream): 256 tokens generated at
                       371.7 T/s · prompt 103 tokens, none cached, 103 new in
                       0.09 s · first token 0.10 s, total 0.78 s · draft 186/210
                       accepted (89%) · max_tokens reached
15:58:35.712 INFO:     #466 chat/completions (stream): 96 prompt tokens ·
                       temperature: 0, greedy (req), max_tokens: 256 (req),
                       min_tokens: 256 (req)
15:58:36.702 INFO:     #466 chat/completions (stream): 256 tokens generated at
                       286.5 T/s · prompt 96 tokens, none cached, 96 new in 0.09
                       s · first token 0.10 s, total 0.99 s · draft 167/267
                       accepted (63%) · max_tokens reached
15:58:36.704 INFO:     #467 chat/completions (stream): 64 prompt tokens ·
                       temperature: 0, greedy (req), max_tokens: 256 (req),
                       min_tokens: 256 (req)
15:58:37.701 INFO:     #467 chat/completions (stream): 256 tokens generated at
                       278.9 T/s · prompt 64 tokens, none cached, 64 new in 0.07
                       s · first token 0.08 s, total 0.99 s · draft 164/276
                       accepted (59%) · max_tokens reached
15:58:37.705 INFO:     #468 chat/completions (stream): 494 prompt tokens ·
                       temperature: 0, greedy (req), max_tokens: 256 (req),
                       min_tokens: 256 (req)
15:58:39.032 INFO:     #468 chat/completions (stream): 256 tokens generated at
                       235.3 T/s · prompt 494 tokens, none cached, 494 new in
                       0.23 s (2,148 T/s) · first token 0.24 s, total 1.32 s ·
                       draft 147/327 accepted (45%) · max_tokens reached
15:58:39.037 INFO:     #469 chat/completions (stream): 814 prompt tokens ·
                       temperature: 0, greedy (req), max_tokens: 256 (req),
                       min_tokens: 256 (req)
15:58:40.070 INFO:     #469 chat/completions (stream): 256 tokens generated at
                       325.0 T/s · prompt 814 tokens, none cached, 814 new in
                       0.24 s (3,392 T/s) · first token 0.25 s, total 1.03 s ·
                       draft 177/237 accepted (75%) · max_tokens reached
15:58:40.072 INFO:     #470 chat/completions (stream): 64 prompt tokens ·
                       temperature: 0, greedy (req), max_tokens: 256 (req),
                       min_tokens: 256 (req)
15:58:40.997 INFO:     #470 chat/completions (stream): 256 tokens generated at
                       302.8 T/s · prompt 64 tokens, none cached, 64 new in 0.07
                       s · first token 0.08 s, total 0.92 s · draft 170/258
                       accepted (66%) · max_tokens reached
15:58:40.999 INFO:     #471 chat/completions (stream): 82 prompt tokens ·
                       temperature: 0, greedy (req), max_tokens: 256 (req),
                       min_tokens: 256 (req)
15:58:41.952 INFO:     #471 chat/completions (stream): 256 tokens generated at
                       296.9 T/s · prompt 82 tokens, none cached, 82 new in 0.08
                       s · first token 0.09 s, total 0.95 s · draft 169/261
                       accepted (65%) · max_tokens reached
15:58:41.954 INFO:     #472 chat/completions (stream): 97 prompt tokens ·
                       temperature: 0, greedy (req), max_tokens: 256 (req),
                       min_tokens: 256 (req)
15:58:42.805 INFO:     #472 chat/completions (stream): 256 tokens generated at
                       338.7 T/s · prompt 97 tokens, none cached, 97 new in 0.09
                       s · first token 0.10 s, total 0.85 s · draft 180/228
                       accepted (79%) · max_tokens reached
15:58:42.807 INFO:     #473 chat/completions (stream): 64 prompt tokens ·
                       temperature: 0, greedy (req), max_tokens: 256 (req),
                       min_tokens: 256 (req)
15:58:43.952 INFO:     #473 chat/completions (stream): 256 tokens generated at
                       240.1 T/s · prompt 64 tokens, none cached, 64 new in 0.07
                       s · first token 0.08 s, total 1.14 s · draft 149/321
                       accepted (46%) · max_tokens reached
15:58:43.956 INFO:     #474 chat/completions (stream): 684 prompt tokens ·
                       temperature: 0, greedy (req), max_tokens: 256 (req),
                       min_tokens: 256 (req)
15:58:45.193 INFO:     #474 chat/completions (stream): 256 tokens generated at
                       258.0 T/s · prompt 684 tokens, none cached, 684 new in
                       0.24 s (2,850 T/s) · first token 0.25 s, total 1.24 s ·
                       draft 157/297 accepted (53%) · max_tokens reached
15:58:45.198 INFO:     #475 chat/completions (stream): 704 prompt tokens ·
                       temperature: 0, greedy (req), max_tokens: 256 (req),
                       min_tokens: 256 (req)
15:58:46.427 INFO:     #475 chat/completions (stream): 256 tokens generated at
                       263.0 T/s · prompt 704 tokens, none cached, 704 new in
                       0.24 s (2,933 T/s) · first token 0.25 s, total 1.22 s ·
                       draft 159/291 accepted (55%) · max_tokens reached
15:58:46.431 INFO:     #476 chat/completions (stream): 583 prompt tokens ·
                       temperature: 0, greedy (req), max_tokens: 256 (req),
                       min_tokens: 256 (req)
15:58:47.589 INFO:     #476 chat/completions (stream): 256 tokens generated at
                       275.4 T/s · prompt 583 tokens, none cached, 583 new in
                       0.22 s (2,650 T/s) · first token 0.23 s, total 1.15 s ·
                       draft 163/279 accepted (58%) · max_tokens reached
15:58:47.592 INFO:     #478 chat/completions (stream): 255 prompt tokens ·
                       temperature: 0, greedy (req), max_tokens: 256 (req),
                       min_tokens: 256 (req)
15:58:48.697 INFO:     #478 chat/completions (stream): 256 tokens generated at
                       259.9 T/s · prompt 255 tokens, none cached, 255 new in
                       0.11 s · first token 0.12 s, total 1.10 s · draft 158/294
                       accepted (54%) · max_tokens reached
15:58:48.700 INFO:     #479 chat/completions (stream): 61 prompt tokens ·
                       temperature: 0, greedy (req), max_tokens: 256 (req),
                       min_tokens: 256 (req)
15:58:49.694 INFO:     #479 chat/completions (stream): 256 tokens generated at
                       279.2 T/s · prompt 61 tokens, none cached, 61 new in 0.07
                       s · first token 0.08 s, total 0.99 s · draft 163/279
                       accepted (58%) · max_tokens reached
15:58:49.697 INFO:     #480 chat/completions (stream): 66 prompt tokens ·
                       temperature: 0, greedy (req), max_tokens: 256 (req),
                       min_tokens: 256 (req)
15:58:50.522 INFO:     #480 chat/completions (stream): 256 tokens generated at
                       344.2 T/s · prompt 66 tokens, none cached, 66 new in 0.07
                       s · first token 0.08 s, total 0.82 s · draft 181/225
                       accepted (80%) · max_tokens reached
15:58:50.525 INFO:     #481 chat/completions (stream): 479 prompt tokens ·
                       temperature: 0, greedy (req), max_tokens: 256 (req),
                       min_tokens: 256 (req)
15:58:51.758 INFO:     #481 chat/completions (stream): 256 tokens generated at
                       257.4 T/s · prompt 479 tokens, none cached, 479 new in
                       0.23 s (2,083 T/s) · first token 0.24 s, total 1.23 s ·
                       draft 157/297 accepted (53%) · max_tokens reached
15:58:51.760 INFO:     #482 chat/completions (stream): 93 prompt tokens ·
                       temperature: 0, greedy (req), max_tokens: 256 (req),
                       min_tokens: 256 (req)
15:58:52.667 INFO:     #482 chat/completions (stream): 256 tokens generated at
                       315.1 T/s · prompt 93 tokens, none cached, 93 new in 0.09
                       s · first token 0.10 s, total 0.91 s · draft 175/243
                       accepted (72%) · max_tokens reached
15:58:52.671 INFO:     #483 chat/completions (stream): 743 prompt tokens ·
                       temperature: 0, greedy (req), max_tokens: 256 (req),
                       min_tokens: 256 (req)
15:58:53.866 INFO:     #483 chat/completions (stream): 256 tokens generated at
                       273.3 T/s · prompt 743 tokens, none cached, 743 new in
                       0.25 s (2,972 T/s) · first token 0.26 s, total 1.19 s ·
                       draft 161/285 accepted (56%) · max_tokens reached
15:58:53.869 INFO:     #484 chat/completions (stream): 82 prompt tokens ·
                       temperature: 0, greedy (req), max_tokens: 256 (req),
                       min_tokens: 256 (req)
15:58:54.777 INFO:     #484 chat/completions (stream): 256 tokens generated at
                       313.1 T/s · prompt 82 tokens, none cached, 82 new in 0.08
                       s · first token 0.09 s, total 0.90 s · draft 175/243
                       accepted (72%) · max_tokens reached
15:58:54.779 INFO:     #485 chat/completions (stream): 124 prompt tokens ·
                       temperature: 0, greedy (req), max_tokens: 256 (req),
                       min_tokens: 256 (req)
15:58:55.701 INFO:     #485 chat/completions (stream): 256 tokens generated at
                       314.4 T/s · prompt 124 tokens, none cached, 124 new in
                       0.10 s · first token 0.11 s, total 0.92 s · draft 175/243
                       accepted (72%) · max_tokens reached
15:58:55.704 INFO:     #486 chat/completions (stream): 228 prompt tokens ·
                       temperature: 0, greedy (req), max_tokens: 256 (req),
                       min_tokens: 256 (req)
15:58:56.681 INFO:     #486 chat/completions (stream): 256 tokens generated at
                       295.9 T/s · prompt 228 tokens, none cached, 228 new in
                       0.10 s · first token 0.11 s, total 0.97 s · draft 169/261
                       accepted (65%) · max_tokens reached
15:58:56.684 INFO:     #487 chat/completions (stream): 69 prompt tokens ·
                       temperature: 0, greedy (req), max_tokens: 256 (req),
                       min_tokens: 256 (req)
15:58:57.711 INFO:     #487 chat/completions (stream): 256 tokens generated at
                       271.7 T/s · prompt 69 tokens, none cached, 69 new in 0.08
                       s · first token 0.09 s, total 1.03 s · draft 162/282
                       accepted (57%) · max_tokens reached
15:58:57.713 INFO:     #488 chat/completions (stream): 73 prompt tokens ·
                       temperature: 0, greedy (req), max_tokens: 256 (req),
                       min_tokens: 256 (req)
15:58:58.869 INFO:     #488 chat/completions (stream): 256 tokens generated at
                       239.0 T/s · prompt 73 tokens, none cached, 73 new in 0.08
                       s · first token 0.09 s, total 1.16 s · draft 149/321
                       accepted (46%) · max_tokens reached
15:58:58.871 INFO:     #489 chat/completions (stream): 66 prompt tokens ·
                       temperature: 0, greedy (req), max_tokens: 256 (req),
                       min_tokens: 256 (req)
15:58:59.864 INFO:     #489 chat/completions (stream): 256 tokens generated at
                       281.1 T/s · prompt 66 tokens, none cached, 66 new in 0.07
                       s · first token 0.08 s, total 0.99 s · draft 164/276
                       accepted (59%) · max_tokens reached
15:58:59.868 INFO:     #490 chat/completions (stream): 736 prompt tokens ·
                       temperature: 0, greedy (req), max_tokens: 256 (req),
                       min_tokens: 256 (req)
15:59:01.058 INFO:     #490 chat/completions (stream): 256 tokens generated at
                       273.8 T/s · prompt 736 tokens, none cached, 736 new in
                       0.24 s (3,067 T/s) · first token 0.25 s, total 1.18 s ·
                       draft 162/282 accepted (57%) · max_tokens reached
15:59:01.060 INFO:     #491 chat/completions (stream): 106 prompt tokens ·
                       temperature: 0, greedy (req), max_tokens: 256 (req),
                       min_tokens: 256 (req)
15:59:01.915 INFO:     #491 chat/completions (stream): 256 tokens generated at
                       339.0 T/s · prompt 106 tokens, none cached, 106 new in
                       0.09 s · first token 0.10 s, total 0.85 s · draft 180/228
                       accepted (79%) · max_tokens reached
15:59:01.918 INFO:     #492 chat/completions (stream): 63 prompt tokens ·
                       temperature: 0, greedy (req), max_tokens: 256 (req),
                       min_tokens: 256 (req)
15:59:03.046 INFO:     #492 chat/completions (stream): 256 tokens generated at
                       243.8 T/s · prompt 63 tokens, none cached, 63 new in 0.07
                       s · first token 0.08 s, total 1.13 s · draft 150/318
                       accepted (47%) · max_tokens reached
15:59:03.048 INFO:     #494 chat/completions (stream): 76 prompt tokens ·
                       temperature: 0, greedy (req), max_tokens: 256 (req),
                       min_tokens: 256 (req)
15:59:04.012 INFO:     #494 chat/completions (stream): 256 tokens generated at
                       292.2 T/s · prompt 76 tokens, none cached, 76 new in 0.08
                       s · first token 0.09 s, total 0.96 s · draft 169/261
                       accepted (65%) · max_tokens reached
15:59:04.016 INFO:     #495 chat/completions (stream): 833 prompt tokens ·
                       temperature: 0, greedy (req), max_tokens: 256 (req),
                       min_tokens: 256 (req)
15:59:05.192 INFO:     #495 chat/completions (stream): 256 tokens generated at
                       278.1 T/s · prompt 833 tokens, none cached, 833 new in
                       0.25 s (3,332 T/s) · first token 0.26 s, total 1.18 s ·
                       draft 164/276 accepted (59%) · max_tokens reached
15:59:05.194 INFO:     #496 chat/completions (stream): 61 prompt tokens ·
                       temperature: 0, greedy (req), max_tokens: 256 (req),
                       min_tokens: 256 (req)
15:59:06.292 INFO:     #496 chat/completions (stream): 256 tokens generated at
                       250.9 T/s · prompt 61 tokens, none cached, 61 new in 0.07
                       s · first token 0.08 s, total 1.10 s · draft 154/306
                       accepted (50%) · max_tokens reached
15:59:06.295 INFO:     #497 chat/completions (stream): 85 prompt tokens ·
                       temperature: 0, greedy (req), max_tokens: 256 (req),
                       min_tokens: 256 (req)
15:59:07.460 INFO:     #497 chat/completions (stream): 256 tokens generated at
                       238.0 T/s · prompt 85 tokens, none cached, 85 new in 0.08
                       s · first token 0.09 s, total 1.16 s · draft 149/321
                       accepted (46%) · max_tokens reached
15:59:07.463 INFO:     #498 chat/completions (stream): 100 prompt tokens ·
                       temperature: 0, greedy (req), max_tokens: 256 (req),
                       min_tokens: 256 (req)
15:59:08.369 INFO:     #498 chat/completions (stream): 256 tokens generated at
                       317.0 T/s · prompt 100 tokens, none cached, 100 new in
                       0.09 s · first token 0.10 s, total 0.90 s · draft 174/246
                       accepted (71%) · max_tokens reached
15:59:08.373 INFO:     #499 chat/completions (stream): 723 prompt tokens ·
                       temperature: 0, greedy (req), max_tokens: 256 (req),
                       min_tokens: 256 (req)
15:59:09.423 INFO:     #499 chat/completions (stream): 256 tokens generated at
                       324.7 T/s · prompt 723 tokens, none cached, 723 new in
                       0.25 s (2,892 T/s) · first token 0.26 s, total 1.04 s ·
                       draft 176/240 accepted (73%) · max_tokens reached
15:59:09.426 INFO:     #500 chat/completions (stream): 120 prompt tokens ·
                       temperature: 0, greedy (req), max_tokens: 256 (req),
                       min_tokens: 256 (req)
15:59:10.412 INFO:     #500 chat/completions (stream): 256 tokens generated at
                       301.2 T/s · prompt 120 tokens, none cached, 120 new in
                       0.13 s · first token 0.14 s, total 0.99 s · draft 170/258
                       accepted (66%) · max_tokens reached
15:59:10.414 INFO:     #501 chat/completions (stream): 66 prompt tokens ·
                       temperature: 0, greedy (req), max_tokens: 256 (req),
                       min_tokens: 256 (req)
15:59:11.599 INFO:     #501 chat/completions (stream): 256 tokens generated at
                       232.8 T/s · prompt 66 tokens, none cached, 66 new in 0.08
                       s · first token 0.09 s, total 1.19 s · draft 145/333
                       accepted (44%) · max_tokens reached
15:59:11.602 INFO:     #502 chat/completions (stream): 68 prompt tokens ·
                       temperature: 0, greedy (req), max_tokens: 256 (req),
                       min_tokens: 256 (req)
15:59:12.519 INFO:     #502 chat/completions (stream): 256 tokens generated at
                       306.8 T/s · prompt 68 tokens, none cached, 68 new in 0.07
                       s · first token 0.08 s, total 0.91 s · draft 172/252
                       accepted (68%) · max_tokens reached
15:59:12.521 INFO:     #503 chat/completions (stream): 70 prompt tokens ·
                       temperature: 0, greedy (req), max_tokens: 256 (req),
                       min_tokens: 256 (req)
15:59:13.458 INFO:     #503 chat/completions (stream): 256 tokens generated at
                       300.4 T/s · prompt 70 tokens, none cached, 70 new in 0.08
                       s · first token 0.09 s, total 0.94 s · draft 171/255
                       accepted (67%) · max_tokens reached
15:59:13.462 INFO:     #504 chat/completions (stream): 737 prompt tokens ·
                       temperature: 0, greedy (req), max_tokens: 256 (req),
                       min_tokens: 256 (req)
15:59:14.620 INFO:     #504 chat/completions (stream): 256 tokens generated at
                       285.5 T/s · prompt 737 tokens, none cached, 737 new in
                       0.25 s (2,948 T/s) · first token 0.26 s, total 1.15 s ·
                       draft 167/267 accepted (63%) · max_tokens reached
15:59:14.622 INFO:     #505 chat/completions (stream): 61 prompt tokens ·
                       temperature: 0, greedy (req), max_tokens: 256 (req),
                       min_tokens: 256 (req)
15:59:15.644 INFO:     #505 chat/completions (stream): 256 tokens generated at
                       271.0 T/s · prompt 61 tokens, none cached, 61 new in 0.07
                       s · first token 0.08 s, total 1.02 s · draft 161/285
                       accepted (56%) · max_tokens reached
15:59:15.649 INFO:     #506 chat/completions (stream): 1,015 prompt tokens ·
                       temperature: 0, greedy (req), max_tokens: 256 (req),
                       min_tokens: 256 (req)
15:59:16.829 INFO:     #506 chat/completions (stream): 256 tokens generated at
                       287.9 T/s · prompt 1,015 tokens, none cached, 1,015 new
                       in 0.28 s (3,625 T/s) · first token 0.29 s, total 1.17 s
                       · draft 167/267 accepted (63%) · max_tokens reached
15:59:16.831 INFO:     #507 chat/completions (stream): 62 prompt tokens ·
                       temperature: 0, greedy (req), max_tokens: 256 (req),
                       min_tokens: 256 (req)
15:59:17.718 INFO:     #507 chat/completions (stream): 256 tokens generated at
                       316.2 T/s · prompt 62 tokens, none cached, 62 new in 0.07
                       s · first token 0.08 s, total 0.88 s · draft 174/246
                       accepted (71%) · max_tokens reached
15:59:17.720 INFO:     #509 chat/completions (stream): 84 prompt tokens ·
                       temperature: 0, greedy (req), max_tokens: 256 (req),
                       min_tokens: 256 (req)
15:59:18.605 INFO:     #509 chat/completions (stream): 256 tokens generated at
                       323.0 T/s · prompt 84 tokens, none cached, 84 new in 0.08
                       s · first token 0.09 s, total 0.88 s · draft 177/237
                       accepted (75%) · max_tokens reached
15:59:18.609 INFO:     #510 chat/completions (stream): 783 prompt tokens ·
                       temperature: 0, greedy (req), max_tokens: 256 (req),
                       min_tokens: 256 (req)
15:59:19.645 INFO:     #510 chat/completions (stream): 256 tokens generated at
                       310.9 T/s · prompt 783 tokens, none cached, 783 new in
                       0.20 s (3,915 T/s) · first token 0.21 s, total 1.03 s ·
                       draft 174/246 accepted (71%) · max_tokens reached
15:59:19.649 INFO:     #511 chat/completions (stream): 766 prompt tokens ·
                       temperature: 0, greedy (req), max_tokens: 256 (req),
                       min_tokens: 256 (req)
15:59:20.808 INFO:     #511 chat/completions (stream): 256 tokens generated at
                       286.3 T/s · prompt 766 tokens, none cached, 766 new in
                       0.25 s (3,064 T/s) · first token 0.26 s, total 1.15 s ·
                       draft 167/267 accepted (63%) · max_tokens reached
15:59:20.813 INFO:     #512 chat/completions (stream): 1,490 prompt tokens ·
                       temperature: 0, greedy (req), max_tokens: 256 (req),
                       min_tokens: 256 (req)
15:59:22.162 INFO:     #512 chat/completions (stream): 256 tokens generated at
                       256.2 T/s · prompt 1,490 tokens, none cached, 1,490 new
                       in 0.34 s (4,382 T/s) · first token 0.35 s, total 1.34 s
                       · draft 156/300 accepted (52%) · max_tokens reached
15:59:22.164 INFO:     #513 chat/completions (stream): 61 prompt tokens ·
                       temperature: 0, greedy (req), max_tokens: 256 (req),
                       min_tokens: 256 (req)
15:59:23.163 INFO:     #513 chat/completions (stream): 256 tokens generated at
                       277.5 T/s · prompt 61 tokens, none cached, 61 new in 0.07
                       s · first token 0.08 s, total 1.00 s · draft 163/279
                       accepted (58%) · max_tokens reached
15:59:23.165 INFO:     #514 chat/completions (stream): 65 prompt tokens ·
                       temperature: 0, greedy (req), max_tokens: 256 (req),
                       min_tokens: 256 (req)
15:59:24.135 INFO:     #514 chat/completions (stream): 256 tokens generated at
                       287.6 T/s · prompt 65 tokens, none cached, 65 new in 0.07
                       s · first token 0.08 s, total 0.97 s · draft 167/267
                       accepted (63%) · max_tokens reached
15:59:24.139 INFO:     #515 chat/completions (stream): 89 prompt tokens ·
                       temperature: 0, greedy (req), max_tokens: 256 (req),
                       min_tokens: 256 (req)
15:59:25.165 INFO:     #515 chat/completions (stream): 256 tokens generated at
                       276.6 T/s · prompt 89 tokens, none cached, 89 new in 0.09
                       s · first token 0.10 s, total 1.02 s · draft 169/261
                       accepted (65%) · max_tokens reached
15:59:25.167 INFO:     #516 chat/completions (stream): 90 prompt tokens ·
                       temperature: 0, greedy (req), max_tokens: 256 (req),
                       min_tokens: 256 (req)
15:59:26.248 INFO:     #516 chat/completions (stream): 256 tokens generated at
                       258.9 T/s · prompt 90 tokens, none cached, 90 new in 0.08
                       s · first token 0.09 s, total 1.07 s · draft 157/297
                       accepted (53%) · max_tokens reached
15:59:26.253 INFO:     #517 chat/completions (stream): 875 prompt tokens ·
                       temperature: 0, greedy (req), max_tokens: 256 (req),
                       min_tokens: 256 (req)
15:59:27.517 INFO:     #517 chat/completions (stream): 256 tokens generated at
                       266.4 T/s · prompt 875 tokens, none cached, 875 new in
                       0.29 s (3,017 T/s) · first token 0.30 s, total 1.26 s ·
                       draft 160/288 accepted (56%) · max_tokens reached
15:59:27.521 INFO:     #518 chat/completions (stream): 749 prompt tokens ·
                       temperature: 0, greedy (req), max_tokens: 256 (req),
                       min_tokens: 256 (req)
15:59:28.605 INFO:     #518 chat/completions (stream): 256 tokens generated at
                       309.0 T/s · prompt 749 tokens, none cached, 749 new in
                       0.24 s (3,121 T/s) · first token 0.25 s, total 1.07 s ·
                       draft 173/249 accepted (69%) · max_tokens reached
15:59:28.607 INFO:     #519 chat/completions (stream): 94 prompt tokens ·
                       temperature: 0, greedy (req), max_tokens: 256 (req),
                       min_tokens: 256 (req)
15:59:29.438 INFO:     #519 chat/completions (stream): 256 tokens generated at
                       347.9 T/s · prompt 94 tokens, none cached, 94 new in 0.09
                       s · first token 0.10 s, total 0.83 s · draft 182/222
                       accepted (82%) · max_tokens reached
15:59:29.444 INFO:     #520 chat/completions (stream): 1,065 prompt tokens ·
                       temperature: 0, greedy (req), max_tokens: 256 (req),
                       min_tokens: 256 (req)
15:59:30.624 INFO:     #520 chat/completions (stream): 256 tokens generated at
                       283.3 T/s · prompt 1,065 tokens, none cached, 1,065 new
                       in 0.27 s (3,944 T/s) · first token 0.28 s, total 1.18 s
                       · draft 166/270 accepted (61%) · max_tokens reached
15:59:30.628 INFO:     #521 chat/completions (stream): 761 prompt tokens ·
                       temperature: 0, greedy (req), max_tokens: 256 (req),
                       min_tokens: 256 (req)
15:59:31.804 INFO:     #521 chat/completions (stream): 256 tokens generated at
                       280.7 T/s · prompt 761 tokens, none cached, 761 new in
                       0.25 s (3,044 T/s) · first token 0.26 s, total 1.17 s ·
                       draft 165/273 accepted (60%) · max_tokens reached
