16:50:59.062 INFO:     Sampler preset "qwen38_thinking": temperature 0.6, top_k
                       20, top_p 0.95
16:50:59.099 INFO:     exllamav3 version: 1.5.2
16:51:00.652 INFO:     Using main model MTP component for drafting
16:51:00.675 INFO:     Context: max_seq_len 262,144 tokens (configured),
                       cache_size 901,120 tokens
16:51:00.723 INFO:     Using tool format: qwen3_coder
16:51:00.723 INFO:     Using template "chat_template" for chat completions.
16:51:02.931 INFO:     Loading model
                       /models/qwen3.8-flash-next-exl3-2.50bpw-r0b0tlab (manual
                       GPU split)
Loading vision modules ━━━━━━━━━━━━━━━━━━━━━━━━━━━━━━━━━━━━━━ 100% 30/30 0:00:00
Loading draft modules  ━━━━━━━━━━━━━━━━━━━━━━━━━━━━━━━━━━━━━━ 100% 3/3   0:00:00
Loading model modules  ━━━━━━━━━━━━━━━━━━━━━━━━━━━━━━━━━━━━━━ 100% 53/53 0:00:00
EXL3_EMBED_GPU_PRUNED=1: embedding mirror 65536 of 248320 rows (320.0 MiB, prefix) on cuda:1
16:51:13.634 INFO:     Model loaded in 12.9 s

16:51:13.634 WARNING:  Disabling authentication makes your instance vulnerable.
                       Set the `disable_auth` flag to False in config.yml if you
                       want to share this instance with others.
16:51:13.635 WARNING:  With authentication disabled and `allowed_origins` left
                       at ["*"], any website open in a browser on this machine
                       can send requests to this instance and read the
                       responses, including admin endpoints. Set
                       `network.allowed_origins` to your own frontends (or [])
                       unless you use a browser-based frontend that needs it.
16:51:13.635 INFO:     Serving OAI API on http://0.0.0.0:8022 (docs at
                       http://0.0.0.0:8022/redoc)
16:51:13.955 INFO:     #3 completions: 3 prompt tokens · temperature: 0, greedy
                       (req), max_tokens: 16 (req)
densegemm lcguard: device 1: dense calls on the QSA side branch use the side scratch (hctr upper half, side slots)
densegemm lcguard: device 0: dense calls on the QSA side branch use the side scratch (hctr upper half, side slots)
16:51:14.329 INFO:     #3 completions: 16 tokens generated at 98.7 T/s · prompt
                       3 tokens, none cached, 3 new in 0.20 s · first token 0.21
                       s, total 0.37 s · draft 7/27 accepted (26%) · max_tokens
                       reached
16:51:14.721 INFO:     #5 chat/completions: 73 prompt tokens · temperature: 0,
                       greedy (req), max_tokens: 64 (req), min_tokens: 64 (req)
16:51:14.723 INFO:     #6 chat/completions: 73 prompt tokens · temperature: 0,
                       greedy (req), max_tokens: 64 (req), min_tokens: 64 (req)
16:51:14.955 INFO:     #7 chat/completions: 73 prompt tokens · temperature: 0,
                       greedy (req), max_tokens: 64 (req), min_tokens: 64 (req)
16:51:15.058 INFO:     #8 chat/completions: 73 prompt tokens · temperature: 0,
                       greedy (req), max_tokens: 64 (req), min_tokens: 64 (req)
16:51:15.529 INFO:     #5 chat/completions: 64 tokens generated at 113.7 T/s ·
                       prompt 73 tokens, none cached, 73 new in 0.20 s · first
                       token 0.21 s, total 0.77 s · draft 42/66 accepted (64%) ·
                       max_tokens reached
16:51:15.530 INFO:     #6 chat/completions: 64 tokens generated at 113.7 T/s ·
                       prompt 73 tokens, none cached, 73 new in 0.08 s · queued
                       0.13 s, first token 0.21 s, total 0.78 s · draft 42/66
                       accepted (64%) · max_tokens reached
16:51:15.530 INFO:     #7 chat/completions: 64 tokens generated at 134.2 T/s ·
                       prompt 73 tokens, none cached, 73 new in 0.08 s · first
                       token 0.09 s, total 0.56 s · draft 42/66 accepted (64%) ·
                       max_tokens reached
16:51:15.531 INFO:     #8 chat/completions: 64 tokens generated at 165.6 T/s ·
                       prompt 73 tokens, none cached, 73 new in 0.08 s · first
                       token 0.08 s, total 0.47 s · draft 42/66 accepted (64%) ·
                       max_tokens reached
16:51:27.696 INFO:     #12 chat/completions (stream): 92 prompt tokens ·
                       temperature: 0, greedy (req), max_tokens: 256 (req),
                       min_tokens: 256 (req)
16:51:27.813 INFO:     #13 chat/completions (stream): 511 prompt tokens ·
                       temperature: 0, greedy (req), max_tokens: 256 (req),
                       min_tokens: 256 (req)
16:51:27.978 INFO:     #14 chat/completions (stream): 74 prompt tokens ·
                       temperature: 0, greedy (req), max_tokens: 256 (req),
                       min_tokens: 256 (req)
16:51:28.216 INFO:     #15 chat/completions (stream): 87 prompt tokens ·
                       temperature: 0, greedy (req), max_tokens: 256 (req),
                       min_tokens: 256 (req)
16:51:29.844 INFO:     #12 chat/completions (stream): 256 tokens generated at
                       129.7 T/s · prompt 92 tokens, none cached, 92 new in 0.10
                       s · first token 0.11 s, total 2.08 s · draft 175/243
                       accepted (72%) · max_tokens reached
16:51:29.895 INFO:     #16 chat/completions (stream): 105 prompt tokens ·
                       temperature: 0, greedy (req), max_tokens: 256 (req),
                       min_tokens: 256 (req)
16:51:30.141 INFO:     #15 chat/completions (stream): 256 tokens generated at
                       144.8 T/s · prompt 87 tokens, none cached, 87 new in 0.09
                       s · first token 0.09 s, total 1.86 s · draft 167/267
                       accepted (63%) · max_tokens reached
16:51:30.191 INFO:     #17 chat/completions (stream): 121 prompt tokens ·
                       temperature: 0, greedy (req), max_tokens: 256 (req),
                       min_tokens: 256 (req)
16:51:30.358 INFO:     #13 chat/completions (stream): 256 tokens generated at
                       128.4 T/s · prompt 511 tokens, none cached, 511 new in
                       0.38 s (1,345 T/s) · first token 0.39 s, total 2.38 s ·
                       draft 159/291 accepted (55%) · max_tokens reached
16:51:30.397 INFO:     #18 chat/completions (stream): 74 prompt tokens ·
                       temperature: 0, greedy (req), max_tokens: 256 (req),
                       min_tokens: 256 (req)
16:51:30.398 INFO:     #14 chat/completions (stream): 256 tokens generated at
                       119.2 T/s · prompt 74 tokens, none cached, 74 new in 0.08
                       s · queued 0.14 s, first token 0.22 s, total 2.37 s ·
                       draft 156/300 accepted (52%) · max_tokens reached
16:51:30.528 INFO:     #19 chat/completions (stream): 78 prompt tokens ·
                       temperature: 0, greedy (req), max_tokens: 256 (req),
                       min_tokens: 256 (req)
16:51:31.675 INFO:     #16 chat/completions (stream): 256 tokens generated at
                       159.5 T/s · prompt 105 tokens, none cached, 105 new in
                       0.10 s · first token 0.11 s, total 1.71 s · draft 181/225
                       accepted (80%) · max_tokens reached
16:51:31.725 INFO:     #20 chat/completions (stream): 62 prompt tokens ·
                       temperature: 0, greedy (req), max_tokens: 256 (req),
                       min_tokens: 256 (req)
16:51:32.058 INFO:     #17 chat/completions (stream): 256 tokens generated at
                       150.9 T/s · prompt 121 tokens, none cached, 121 new in
                       0.10 s · first token 0.10 s, total 1.80 s · draft 175/243
                       accepted (72%) · max_tokens reached
16:51:32.108 INFO:     #22 chat/completions (stream): 64 prompt tokens ·
                       temperature: 0, greedy (req), max_tokens: 256 (req),
                       min_tokens: 256 (req)
16:51:32.444 INFO:     #19 chat/completions (stream): 256 tokens generated at
                       146.1 T/s · prompt 78 tokens, none cached, 78 new in 0.08
                       s · first token 0.08 s, total 1.84 s · draft 168/264
                       accepted (64%) · max_tokens reached
16:51:32.494 INFO:     #23 chat/completions (stream): 89 prompt tokens ·
                       temperature: 0, greedy (req), max_tokens: 256 (req),
                       min_tokens: 256 (req)
16:51:32.703 INFO:     #18 chat/completions (stream): 256 tokens generated at
                       118.7 T/s · prompt 74 tokens, none cached, 74 new in 0.08
                       s · first token 0.09 s, total 2.24 s · draft 155/303
                       accepted (51%) · max_tokens reached
16:51:32.752 INFO:     #24 chat/completions (stream): 109 prompt tokens ·
                       temperature: 0, greedy (req), max_tokens: 256 (req),
                       min_tokens: 256 (req)
16:51:33.852 INFO:     #20 chat/completions (stream): 256 tokens generated at
                       129.5 T/s · prompt 62 tokens, none cached, 62 new in 0.08
                       s · first token 0.08 s, total 2.06 s · draft 161/285
                       accepted (56%) · max_tokens reached
16:51:33.905 INFO:     #25 chat/completions (stream): 829 prompt tokens ·
                       temperature: 0, greedy (req), max_tokens: 256 (req),
                       min_tokens: 256 (req)
16:51:34.409 INFO:     #23 chat/completions (stream): 256 tokens generated at
                       146.8 T/s · prompt 89 tokens, none cached, 89 new in 0.08
                       s · first token 0.09 s, total 1.83 s · draft 180/228
                       accepted (79%) · max_tokens reached
16:51:34.479 INFO:     #26 chat/completions (stream): 67 prompt tokens ·
                       temperature: 0, greedy (req), max_tokens: 256 (req),
                       min_tokens: 256 (req)
16:51:34.733 INFO:     #22 chat/completions (stream): 256 tokens generated at
                       103.0 T/s · prompt 64 tokens, none cached, 64 new in 0.07
                       s · first token 0.07 s, total 2.56 s · draft 150/318
                       accepted (47%) · max_tokens reached
16:51:34.783 INFO:     #27 chat/completions (stream): 201 prompt tokens ·
                       temperature: 0, greedy (req), max_tokens: 256 (req),
                       min_tokens: 256 (req)
16:51:35.012 INFO:     #24 chat/completions (stream): 256 tokens generated at
                       122.1 T/s · prompt 109 tokens, none cached, 109 new in
                       0.09 s · first token 0.09 s, total 2.19 s · draft 167/267
                       accepted (63%) · max_tokens reached
16:51:35.061 INFO:     #28 chat/completions (stream): 88 prompt tokens ·
                       temperature: 0, greedy (req), max_tokens: 256 (req),
                       min_tokens: 256 (req)
16:51:36.220 INFO:     #25 chat/completions (stream): 256 tokens generated at
                       130.5 T/s · prompt 829 tokens, none cached, 829 new in
                       0.29 s (2,859 T/s) · first token 0.30 s, total 2.26 s ·
                       draft 164/276 accepted (59%) · max_tokens reached
16:51:36.235 INFO:     #26 chat/completions (stream): 256 tokens generated at
                       158.1 T/s · prompt 67 tokens, none cached, 67 new in 0.07
                       s · first token 0.08 s, total 1.69 s · draft 177/237
                       accepted (75%) · max_tokens reached
16:51:36.263 INFO:     #29 chat/completions (stream): 84 prompt tokens ·
                       temperature: 0, greedy (req), max_tokens: 256 (req),
                       min_tokens: 256 (req)
16:51:36.369 INFO:     #30 chat/completions (stream): 735 prompt tokens ·
                       temperature: 0, greedy (req), max_tokens: 256 (req),
                       min_tokens: 256 (req)
16:51:36.994 INFO:     #27 chat/completions (stream): 256 tokens generated at
                       125.7 T/s · prompt 201 tokens, none cached, 201 new in
                       0.10 s · first token 0.10 s, total 2.14 s · draft 169/261
                       accepted (65%) · max_tokens reached
16:51:37.044 INFO:     #31 chat/completions (stream): 72 prompt tokens ·
                       temperature: 0, greedy (req), max_tokens: 256 (req),
                       min_tokens: 256 (req)
16:51:37.491 INFO:     #28 chat/completions (stream): 256 tokens generated at
                       113.0 T/s · prompt 88 tokens, none cached, 88 new in 0.08
                       s · first token 0.08 s, total 2.35 s · draft 156/300
                       accepted (52%) · max_tokens reached
16:51:37.546 INFO:     #32 chat/completions (stream): 1,231 prompt tokens ·
                       temperature: 0, greedy (req), max_tokens: 256 (req),
                       min_tokens: 256 (req)
16:51:38.824 INFO:     #29 chat/completions (stream): 256 tokens generated at
                       106.4 T/s · prompt 84 tokens, none cached, 84 new in 0.08
                       s · first token 0.09 s, total 2.49 s · draft 165/273
                       accepted (60%) · max_tokens reached
16:51:38.876 INFO:     #33 chat/completions (stream): 134 prompt tokens ·
                       temperature: 0, greedy (req), max_tokens: 256 (req),
                       min_tokens: 256 (req)
16:51:39.110 INFO:     #30 chat/completions (stream): 256 tokens generated at
                       108.8 T/s · prompt 735 tokens, none cached, 735 new in
                       0.32 s (2,297 T/s) · first token 0.32 s, total 2.68 s ·
                       draft 157/297 accepted (53%) · max_tokens reached
16:51:39.163 INFO:     #34 chat/completions (stream): 1,082 prompt tokens ·
                       temperature: 0, greedy (req), max_tokens: 256 (req),
                       min_tokens: 256 (req)
16:51:39.985 INFO:     #31 chat/completions (stream): 256 tokens generated at
                       91.7 T/s · prompt 72 tokens, none cached, 72 new in 0.08
                       s · first token 0.09 s, total 2.88 s · draft 149/321
                       accepted (46%) · max_tokens reached
16:51:40.037 INFO:     #35 chat/completions (stream): 84 prompt tokens ·
                       temperature: 0, greedy (req), max_tokens: 256 (req),
                       min_tokens: 256 (req)
16:51:40.227 INFO:     #32 chat/completions (stream): 256 tokens generated at
                       114.2 T/s · prompt 1,231 tokens, none cached, 1,231 new
                       in 0.37 s (3,327 T/s) · first token 0.37 s, total 2.62 s
                       · draft 164/276 accepted (59%) · max_tokens reached
16:51:40.278 INFO:     #36 chat/completions (stream): 78 prompt tokens ·
                       temperature: 0, greedy (req), max_tokens: 256 (req),
                       min_tokens: 256 (req)
16:51:40.920 INFO:     #33 chat/completions (stream): 256 tokens generated at
                       137.3 T/s · prompt 134 tokens, none cached, 134 new in
                       0.11 s · first token 0.12 s, total 1.98 s · draft 182/222
                       accepted (82%) · max_tokens reached
16:51:40.969 INFO:     #37 chat/completions (stream): 70 prompt tokens ·
                       temperature: 0, greedy (req), max_tokens: 256 (req),
                       min_tokens: 256 (req)
16:51:41.860 INFO:     #34 chat/completions (stream): 256 tokens generated at
                       114.1 T/s · prompt 1,082 tokens, none cached, 1,082 new
                       in 0.38 s (2,847 T/s) · first token 0.39 s, total 2.63 s
                       · draft 146/330 accepted (44%) · max_tokens reached
16:51:41.909 INFO:     #38 chat/completions (stream): 149 prompt tokens ·
                       temperature: 0, greedy (req), max_tokens: 256 (req),
                       min_tokens: 256 (req)
16:51:42.075 INFO:     #35 chat/completions (stream): 256 tokens generated at
                       143.5 T/s · prompt 84 tokens, none cached, 84 new in 0.08
                       s · first token 0.08 s, total 1.87 s · draft 166/270
                       accepted (61%) · max_tokens reached
16:51:42.124 INFO:     #39 chat/completions (stream): 258 prompt tokens ·
                       temperature: 0, greedy (req), max_tokens: 256 (req),
                       min_tokens: 256 (req)
16:51:42.444 INFO:     #36 chat/completions (stream): 256 tokens generated at
                       127.6 T/s · prompt 78 tokens, none cached, 78 new in 0.08
                       s · first token 0.08 s, total 2.09 s · draft 163/279
                       accepted (58%) · max_tokens reached
16:51:42.495 INFO:     #40 chat/completions (stream): 109 prompt tokens ·
                       temperature: 0, greedy (req), max_tokens: 256 (req),
                       min_tokens: 256 (req)
16:51:43.028 INFO:     #37 chat/completions (stream): 256 tokens generated at
                       134.1 T/s · prompt 70 tokens, none cached, 70 new in 0.08
                       s · first token 0.08 s, total 1.99 s · draft 170/258
                       accepted (66%) · max_tokens reached
16:51:43.079 INFO:     #41 chat/completions (stream): 105 prompt tokens ·
                       temperature: 0, greedy (req), max_tokens: 256 (req),
                       min_tokens: 256 (req)
16:51:43.956 INFO:     #38 chat/completions (stream): 256 tokens generated at
                       136.4 T/s · prompt 149 tokens, none cached, 149 new in
                       0.10 s · first token 0.11 s, total 1.98 s · draft 172/252
                       accepted (68%) · max_tokens reached
16:51:44.010 INFO:     #42 chat/completions (stream): 788 prompt tokens ·
                       temperature: 0, greedy (req), max_tokens: 256 (req),
                       min_tokens: 256 (req)
16:51:44.527 INFO:     #39 chat/completions (stream): 256 tokens generated at
                       118.4 T/s · prompt 258 tokens, none cached, 258 new in
                       0.17 s (1,518 T/s) · first token 0.17 s, total 2.34 s ·
                       draft 161/285 accepted (56%) · max_tokens reached
16:51:44.575 INFO:     #43 chat/completions (stream): 62 prompt tokens ·
                       temperature: 0, greedy (req), max_tokens: 256 (req),
                       min_tokens: 256 (req)
16:51:44.698 INFO:     #40 chat/completions (stream): 256 tokens generated at
                       130.2 T/s · prompt 109 tokens, none cached, 109 new in
                       0.09 s · first token 0.10 s, total 2.06 s · draft 166/270
                       accepted (61%) · max_tokens reached
16:51:44.751 INFO:     #44 chat/completions (stream): 1,445 prompt tokens ·
                       temperature: 0, greedy (req), max_tokens: 256 (req),
                       min_tokens: 256 (req)
16:51:45.658 INFO:     #41 chat/completions (stream): 256 tokens generated at
                       106.1 T/s · prompt 105 tokens, none cached, 105 new in
                       0.09 s · first token 0.09 s, total 2.51 s · draft 162/282
                       accepted (57%) · max_tokens reached
16:51:45.709 INFO:     #45 chat/completions (stream): 159 prompt tokens ·
                       temperature: 0, greedy (req), max_tokens: 256 (req),
                       min_tokens: 256 (req)
16:51:46.434 INFO:     #42 chat/completions (stream): 256 tokens generated at
                       121.3 T/s · prompt 788 tokens, none cached, 788 new in
                       0.24 s (3,283 T/s) · first token 0.25 s, total 2.36 s ·
                       draft 171/255 accepted (67%) · max_tokens reached
16:51:46.487 INFO:     #46 chat/completions (stream): 705 prompt tokens ·
                       temperature: 0, greedy (req), max_tokens: 256 (req),
                       min_tokens: 256 (req)
16:51:47.182 INFO:     #43 chat/completions (stream): 256 tokens generated at
                       103.9 T/s · prompt 62 tokens, none cached, 62 new in 0.07
                       s · first token 0.08 s, total 2.54 s · draft 163/279
                       accepted (58%) · max_tokens reached
16:51:47.233 INFO:     #48 chat/completions (stream): 62 prompt tokens ·
                       temperature: 0, greedy (req), max_tokens: 256 (req),
                       min_tokens: 256 (req)
16:51:47.372 INFO:     #44 chat/completions (stream): 256 tokens generated at
                       123.5 T/s · prompt 1,445 tokens, none cached, 1,445 new
                       in 0.40 s (3,612 T/s) · first token 0.40 s, total 2.48 s
                       · draft 163/279 accepted (58%) · max_tokens reached
16:51:47.446 INFO:     #49 chat/completions (stream): 796 prompt tokens ·
                       temperature: 0, greedy (req), max_tokens: 256 (req),
                       min_tokens: 256 (req)
16:51:47.750 INFO:     #45 chat/completions (stream): 256 tokens generated at
                       138.4 T/s · prompt 159 tokens, none cached, 159 new in
                       0.09 s · first token 0.09 s, total 1.95 s · draft 185/213
                       accepted (87%) · max_tokens reached
16:51:47.799 INFO:     #50 chat/completions (stream): 93 prompt tokens ·
                       temperature: 0, greedy (req), max_tokens: 256 (req),
                       min_tokens: 256 (req)
16:51:48.998 INFO:     #46 chat/completions (stream): 256 tokens generated at
                       119.3 T/s · prompt 705 tokens, none cached, 705 new in
                       0.29 s (2,431 T/s) · first token 0.30 s, total 2.44 s ·
                       draft 159/291 accepted (55%) · max_tokens reached
16:51:49.046 INFO:     #51 chat/completions (stream): 94 prompt tokens ·
                       temperature: 0, greedy (req), max_tokens: 256 (req),
                       min_tokens: 256 (req)
16:51:49.388 INFO:     #48 chat/completions (stream): 256 tokens generated at
                       127.3 T/s · prompt 62 tokens, none cached, 62 new in 0.07
                       s · first token 0.08 s, total 2.09 s · draft 167/267
                       accepted (63%) · max_tokens reached
16:51:49.416 INFO:     #50 chat/completions (stream): 256 tokens generated at
                       175.3 T/s · prompt 93 tokens, none cached, 93 new in 0.09
                       s · first token 0.09 s, total 1.56 s · draft 180/228
                       accepted (79%) · max_tokens reached
16:51:49.439 INFO:     #52 chat/completions (stream): 65 prompt tokens ·
                       temperature: 0, greedy (req), max_tokens: 256 (req),
                       min_tokens: 256 (req)
16:51:49.561 INFO:     #53 chat/completions (stream): 1,347 prompt tokens ·
                       temperature: 0, greedy (req), max_tokens: 256 (req),
                       min_tokens: 256 (req)
16:51:50.022 INFO:     #49 chat/completions (stream): 256 tokens generated at
                       112.7 T/s · prompt 796 tokens, none cached, 796 new in
                       0.24 s (3,317 T/s) · first token 0.24 s, total 2.52 s ·
                       draft 164/276 accepted (59%) · max_tokens reached
16:51:50.073 INFO:     #54 chat/completions (stream): 754 prompt tokens ·
                       temperature: 0, greedy (req), max_tokens: 256 (req),
                       min_tokens: 256 (req)
16:51:51.506 INFO:     #51 chat/completions (stream): 256 tokens generated at
                       111.0 T/s · prompt 94 tokens, none cached, 94 new in 0.09
                       s · first token 0.10 s, total 2.40 s · draft 169/261
                       accepted (65%) · max_tokens reached
16:51:51.552 INFO:     #55 chat/completions (stream): 73 prompt tokens ·
                       temperature: 0, greedy (req), max_tokens: 256 (req),
                       min_tokens: 256 (req)
16:51:51.680 INFO:     #52 chat/completions (stream): 256 tokens generated at
                       127.3 T/s · prompt 65 tokens, none cached, 65 new in 0.08
                       s · first token 0.09 s, total 2.10 s · draft 180/228
                       accepted (79%) · max_tokens reached
16:51:51.732 INFO:     #56 chat/completions (stream): 758 prompt tokens ·
                       temperature: 0, greedy (req), max_tokens: 256 (req),
                       min_tokens: 256 (req)
16:51:52.312 INFO:     #54 chat/completions (stream): 256 tokens generated at
                       136.0 T/s · prompt 754 tokens, none cached, 754 new in
                       0.29 s (2,600 T/s) · first token 0.30 s, total 2.18 s ·
                       draft 172/252 accepted (68%) · max_tokens reached
16:51:52.362 INFO:     #57 chat/completions (stream): 63 prompt tokens ·
                       temperature: 0, greedy (req), max_tokens: 256 (req),
                       min_tokens: 256 (req)
16:51:52.500 INFO:     #53 chat/completions (stream): 256 tokens generated at
                       105.8 T/s · prompt 1,347 tokens, none cached, 1,347 new
                       in 0.38 s (3,545 T/s) · first token 0.38 s, total 2.80 s
                       · draft 156/300 accepted (52%) · max_tokens reached
16:51:52.552 INFO:     #58 chat/completions (stream): 71 prompt tokens ·
                       temperature: 0, greedy (req), max_tokens: 256 (req),
                       min_tokens: 256 (req)
16:51:53.602 INFO:     #55 chat/completions (stream): 256 tokens generated at
                       134.6 T/s · prompt 73 tokens, none cached, 73 new in 0.08
                       s · first token 0.09 s, total 1.99 s · draft 174/246
                       accepted (71%) · max_tokens reached
16:51:53.654 INFO:     #59 chat/completions (stream): 71 prompt tokens ·
                       temperature: 0, greedy (req), max_tokens: 256 (req),
                       min_tokens: 256 (req)
16:51:54.021 INFO:     #56 chat/completions (stream): 256 tokens generated at
                       132.7 T/s · prompt 758 tokens, none cached, 758 new in
                       0.29 s (2,614 T/s) · first token 0.29 s, total 2.22 s ·
                       draft 162/282 accepted (57%) · max_tokens reached
16:51:54.071 INFO:     #60 chat/completions (stream): 741 prompt tokens ·
                       temperature: 0, greedy (req), max_tokens: 256 (req),
                       min_tokens: 256 (req)
16:51:54.693 INFO:     #57 chat/completions (stream): 256 tokens generated at
                       116.9 T/s · prompt 63 tokens, none cached, 63 new in 0.07
                       s · first token 0.08 s, total 2.27 s · draft 159/291
                       accepted (55%) · max_tokens reached
16:51:54.741 INFO:     #61 chat/completions (stream): 117 prompt tokens ·
                       temperature: 0, greedy (req), max_tokens: 256 (req),
                       min_tokens: 256 (req)
16:51:54.894 INFO:     #58 chat/completions (stream): 256 tokens generated at
                       122.3 T/s · prompt 71 tokens, none cached, 71 new in 0.08
                       s · first token 0.08 s, total 2.18 s · draft 160/288
                       accepted (56%) · max_tokens reached
16:51:54.943 INFO:     #62 chat/completions (stream): 72 prompt tokens ·
                       temperature: 0, greedy (req), max_tokens: 256 (req),
                       min_tokens: 256 (req)
16:51:55.638 INFO:     #59 chat/completions (stream): 256 tokens generated at
                       139.4 T/s · prompt 71 tokens, none cached, 71 new in 0.08
                       s · first token 0.09 s, total 1.92 s · draft 179/231
                       accepted (77%) · max_tokens reached
16:51:55.687 INFO:     #63 chat/completions (stream): 127 prompt tokens ·
                       temperature: 0, greedy (req), max_tokens: 256 (req),
                       min_tokens: 256 (req)
16:51:56.207 INFO:     #60 chat/completions (stream): 256 tokens generated at
                       143.7 T/s · prompt 741 tokens, none cached, 741 new in
                       0.28 s (2,646 T/s) · first token 0.28 s, total 2.07 s ·
                       draft 173/249 accepted (69%) · max_tokens reached
16:51:56.257 INFO:     #64 chat/completions (stream): 62 prompt tokens ·
                       temperature: 0, greedy (req), max_tokens: 256 (req),
                       min_tokens: 256 (req)
16:51:56.785 INFO:     #61 chat/completions (stream): 256 tokens generated at
                       136.7 T/s · prompt 117 tokens, none cached, 117 new in
                       0.10 s · first token 0.11 s, total 1.98 s · draft 167/267
                       accepted (63%) · max_tokens reached
16:51:56.834 INFO:     #65 chat/completions (stream): 104 prompt tokens ·
                       temperature: 0, greedy (req), max_tokens: 256 (req),
                       min_tokens: 256 (req)
16:51:57.015 INFO:     #62 chat/completions (stream): 256 tokens generated at
                       133.0 T/s · prompt 72 tokens, none cached, 72 new in 0.08
                       s · first token 0.08 s, total 2.01 s · draft 165/273
                       accepted (60%) · max_tokens reached
16:51:57.065 INFO:     #66 chat/completions (stream): 67 prompt tokens ·
                       temperature: 0, greedy (req), max_tokens: 256 (req),
                       min_tokens: 256 (req)
16:51:57.695 INFO:     #63 chat/completions (stream): 256 tokens generated at
                       139.7 T/s · prompt 127 tokens, none cached, 127 new in
                       0.10 s · first token 0.10 s, total 1.94 s · draft 169/261
                       accepted (65%) · max_tokens reached
16:51:57.747 INFO:     #67 chat/completions (stream): 676 prompt tokens ·
                       temperature: 0, greedy (req), max_tokens: 256 (req),
                       min_tokens: 256 (req)
16:51:58.582 INFO:     #64 chat/completions (stream): 256 tokens generated at
                       117.3 T/s · prompt 62 tokens, none cached, 62 new in 0.07
                       s · first token 0.08 s, total 2.26 s · draft 160/288
                       accepted (56%) · max_tokens reached
16:51:58.634 INFO:     #68 chat/completions (stream): 802 prompt tokens ·
                       temperature: 0, greedy (req), max_tokens: 256 (req),
                       min_tokens: 256 (req)
16:51:59.282 INFO:     #65 chat/completions (stream): 256 tokens generated at
                       112.1 T/s · prompt 104 tokens, none cached, 104 new in
                       0.09 s · first token 0.09 s, total 2.38 s · draft 162/282
                       accepted (57%) · max_tokens reached
16:51:59.335 INFO:     #69 chat/completions (stream): 992 prompt tokens ·
                       temperature: 0, greedy (req), max_tokens: 256 (req),
                       min_tokens: 256 (req)
16:51:59.709 INFO:     #66 chat/completions (stream): 256 tokens generated at
                       106.9 T/s · prompt 67 tokens, none cached, 67 new in 0.07
                       s · first token 0.07 s, total 2.47 s · draft 162/282
                       accepted (57%) · max_tokens reached
16:51:59.759 INFO:     #70 chat/completions (stream): 68 prompt tokens ·
                       temperature: 0, greedy (req), max_tokens: 256 (req),
                       min_tokens: 256 (req)
16:52:00.302 INFO:     #67 chat/completions (stream): 256 tokens generated at
                       115.5 T/s · prompt 676 tokens, none cached, 676 new in
                       0.27 s (2,504 T/s) · first token 0.27 s, total 2.49 s ·
                       draft 167/267 accepted (63%) · max_tokens reached
16:52:00.354 INFO:     #71 chat/completions (stream): 785 prompt tokens ·
                       temperature: 0, greedy (req), max_tokens: 256 (req),
                       min_tokens: 256 (req)
16:52:01.015 INFO:     #68 chat/completions (stream): 256 tokens generated at
                       125.3 T/s · prompt 802 tokens, none cached, 802 new in
                       0.27 s (2,970 T/s) · first token 0.28 s, total 2.32 s ·
                       draft 176/240 accepted (73%) · max_tokens reached
16:52:01.068 INFO:     #72 chat/completions (stream): 262 prompt tokens ·
                       temperature: 0, greedy (req), max_tokens: 256 (req),
                       min_tokens: 256 (req)
16:52:01.605 INFO:     #69 chat/completions (stream): 256 tokens generated at
                       135.2 T/s · prompt 992 tokens, none cached, 992 new in
                       0.30 s (3,307 T/s) · first token 0.30 s, total 2.20 s ·
                       draft 178/234 accepted (76%) · max_tokens reached
16:52:01.659 INFO:     #73 chat/completions (stream): 689 prompt tokens ·
                       temperature: 0, greedy (req), max_tokens: 256 (req),
                       min_tokens: 256 (req)
16:52:02.386 INFO:     #70 chat/completions (stream): 256 tokens generated at
                       103.2 T/s · prompt 68 tokens, none cached, 68 new in 0.07
                       s · first token 0.07 s, total 2.56 s · draft 156/300
                       accepted (52%) · max_tokens reached
16:52:02.461 INFO:     #75 chat/completions (stream): 702 prompt tokens ·
                       temperature: 0, greedy (req), max_tokens: 256 (req),
                       min_tokens: 256 (req)
16:52:02.950 INFO:     #71 chat/completions (stream): 256 tokens generated at
                       113.0 T/s · prompt 785 tokens, none cached, 785 new in
                       0.26 s (3,019 T/s) · first token 0.27 s, total 2.53 s ·
                       draft 170/258 accepted (66%) · max_tokens reached
16:52:03.002 INFO:     #76 chat/completions (stream): 785 prompt tokens ·
                       temperature: 0, greedy (req), max_tokens: 256 (req),
                       min_tokens: 256 (req)
16:52:03.550 INFO:     #72 chat/completions (stream): 256 tokens generated at
                       114.2 T/s · prompt 262 tokens, none cached, 262 new in
                       0.17 s (1,541 T/s) · first token 0.18 s, total 2.42 s ·
                       draft 176/240 accepted (73%) · max_tokens reached
16:52:03.600 INFO:     #77 chat/completions (stream): 67 prompt tokens ·
                       temperature: 0, greedy (req), max_tokens: 256 (req),
                       min_tokens: 256 (req)
16:52:04.527 INFO:     #73 chat/completions (stream): 256 tokens generated at
                       101.5 T/s · prompt 689 tokens, none cached, 689 new in
                       0.27 s (2,552 T/s) · first token 0.28 s, total 2.80 s ·
                       draft 150/318 accepted (47%) · max_tokens reached
16:52:04.578 INFO:     #78 chat/completions (stream): 724 prompt tokens ·
                       temperature: 0, greedy (req), max_tokens: 256 (req),
                       min_tokens: 256 (req)
16:52:05.054 INFO:     #75 chat/completions (stream): 256 tokens generated at
                       113.5 T/s · prompt 702 tokens, none cached, 702 new in
                       0.27 s (2,600 T/s) · first token 0.28 s, total 2.53 s ·
                       draft 163/279 accepted (58%) · max_tokens reached
16:52:05.069 INFO:     #76 chat/completions (stream): 256 tokens generated at
                       144.3 T/s · prompt 785 tokens, none cached, 785 new in
                       0.23 s (3,413 T/s) · first token 0.23 s, total 2.01 s ·
                       draft 178/234 accepted (76%) · max_tokens reached
16:52:05.097 INFO:     #79 chat/completions (stream): 414 prompt tokens ·
                       temperature: 0, greedy (req), max_tokens: 256 (req),
                       min_tokens: 256 (req)
16:52:05.244 INFO:     #80 chat/completions (stream): 63 prompt tokens ·
                       temperature: 0, greedy (req), max_tokens: 256 (req),
                       min_tokens: 256 (req)
16:52:05.869 INFO:     #77 chat/completions (stream): 256 tokens generated at
                       120.6 T/s · prompt 67 tokens, none cached, 67 new in 0.07
                       s · first token 0.08 s, total 2.20 s · draft 169/261
                       accepted (65%) · max_tokens reached
16:52:05.920 INFO:     #81 chat/completions (stream): 104 prompt tokens ·
                       temperature: 0, greedy (req), max_tokens: 256 (req),
                       min_tokens: 256 (req)
16:52:07.103 INFO:     #78 chat/completions (stream): 256 tokens generated at
                       117.2 T/s · prompt 724 tokens, none cached, 724 new in
                       0.27 s (2,681 T/s) · first token 0.28 s, total 2.46 s ·
                       draft 156/300 accepted (52%) · max_tokens reached
16:52:07.155 INFO:     #82 chat/completions (stream): 666 prompt tokens ·
                       temperature: 0, greedy (req), max_tokens: 256 (req),
                       min_tokens: 256 (req)
16:52:07.512 INFO:     #79 chat/completions (stream): 256 tokens generated at
                       125.9 T/s · prompt 414 tokens, none cached, 414 new in
                       0.31 s (1,335 T/s) · first token 0.32 s, total 2.35 s ·
                       draft 163/279 accepted (58%) · max_tokens reached
16:52:07.561 INFO:     #83 chat/completions (stream): 90 prompt tokens ·
                       temperature: 0, greedy (req), max_tokens: 256 (req),
                       min_tokens: 256 (req)
16:52:07.805 INFO:     #80 chat/completions (stream): 256 tokens generated at
                       110.1 T/s · prompt 63 tokens, none cached, 63 new in 0.07
                       s · queued 0.10 s, first token 0.17 s, total 2.50 s ·
                       draft 151/315 accepted (48%) · max_tokens reached
16:52:07.855 INFO:     #84 chat/completions (stream): 61 prompt tokens ·
                       temperature: 0, greedy (req), max_tokens: 256 (req),
                       min_tokens: 256 (req)
16:52:08.210 INFO:     #81 chat/completions (stream): 256 tokens generated at
                       120.5 T/s · prompt 104 tokens, none cached, 104 new in
                       0.09 s · first token 0.10 s, total 2.22 s · draft 160/288
                       accepted (56%) · max_tokens reached
16:52:08.263 INFO:     #85 chat/completions (stream): 1,355 prompt tokens ·
                       temperature: 0, greedy (req), max_tokens: 256 (req),
                       min_tokens: 256 (req)
16:52:09.764 INFO:     #83 chat/completions (stream): 256 tokens generated at
                       124.5 T/s · prompt 90 tokens, none cached, 90 new in 0.08
                       s · first token 0.09 s, total 2.14 s · draft 167/267
                       accepted (63%) · max_tokens reached
16:52:09.779 INFO:     #82 chat/completions (stream): 256 tokens generated at
                       111.6 T/s · prompt 666 tokens, none cached, 666 new in
                       0.27 s (2,467 T/s) · first token 0.28 s, total 2.57 s ·
                       draft 158/294 accepted (54%) · max_tokens reached
16:52:09.809 INFO:     #86 chat/completions (stream): 67 prompt tokens ·
                       temperature: 0, greedy (req), max_tokens: 256 (req),
                       min_tokens: 256 (req)
16:52:09.907 INFO:     #87 chat/completions (stream): 1,173 prompt tokens ·
                       temperature: 0, greedy (req), max_tokens: 256 (req),
                       min_tokens: 256 (req)
16:52:10.323 INFO:     #84 chat/completions (stream): 256 tokens generated at
                       109.9 T/s · prompt 61 tokens, none cached, 61 new in 0.07
                       s · first token 0.07 s, total 2.41 s · draft 169/261
                       accepted (65%) · max_tokens reached
16:52:10.372 INFO:     #88 chat/completions (stream): 65 prompt tokens ·
                       temperature: 0, greedy (req), max_tokens: 256 (req),
                       min_tokens: 256 (req)
16:52:10.929 INFO:     #85 chat/completions (stream): 256 tokens generated at
                       114.9 T/s · prompt 1,355 tokens, none cached, 1,355 new
                       in 0.37 s (3,662 T/s) · first token 0.38 s, total 2.60 s
                       · draft 159/291 accepted (55%) · max_tokens reached
16:52:10.979 INFO:     #89 chat/completions (stream): 100 prompt tokens ·
                       temperature: 0, greedy (req), max_tokens: 256 (req),
                       min_tokens: 256 (req)
16:52:12.023 INFO:     #86 chat/completions (stream): 256 tokens generated at
                       123.9 T/s · prompt 67 tokens, none cached, 67 new in 0.07
                       s · first token 0.08 s, total 2.14 s · draft 168/264
                       accepted (64%) · max_tokens reached
16:52:12.064 INFO:     #90 chat/completions (stream): 110 prompt tokens ·
                       temperature: 0, greedy (req), max_tokens: 256 (req),
                       min_tokens: 256 (req)
16:52:12.180 INFO:     #87 chat/completions (stream): 256 tokens generated at
                       144.0 T/s · prompt 1,173 tokens, none cached, 1,173 new
                       in 0.33 s (3,555 T/s) · first token 0.33 s, total 2.11 s
                       · draft 166/270 accepted (61%) · max_tokens reached
16:52:12.230 INFO:     #91 chat/completions (stream): 112 prompt tokens ·
                       temperature: 0, greedy (req), max_tokens: 256 (req),
                       min_tokens: 256 (req)
16:52:12.796 INFO:     #89 chat/completions (stream): 256 tokens generated at
                       154.2 T/s · prompt 100 tokens, none cached, 100 new in
                       0.09 s · first token 0.09 s, total 1.76 s · draft 175/243
                       accepted (72%) · max_tokens reached
16:52:12.824 INFO:     #88 chat/completions (stream): 256 tokens generated at
                       110.3 T/s · prompt 65 tokens, none cached, 65 new in 0.07
                       s · first token 0.08 s, total 2.40 s · draft 143/339
                       accepted (42%) · max_tokens reached
16:52:12.838 INFO:     #92 chat/completions (stream): 64 prompt tokens ·
                       temperature: 0, greedy (req), max_tokens: 256 (req),
                       min_tokens: 256 (req)
16:52:12.946 INFO:     #93 chat/completions (stream): 63 prompt tokens ·
                       temperature: 0, greedy (req), max_tokens: 256 (req),
                       min_tokens: 256 (req)
16:52:14.068 INFO:     #90 chat/completions (stream): 256 tokens generated at
                       138.7 T/s · prompt 110 tokens, none cached, 110 new in
                       0.09 s · first token 0.10 s, total 1.94 s · draft 167/267
                       accepted (63%) · max_tokens reached
16:52:14.084 INFO:     #91 chat/completions (stream): 256 tokens generated at
                       150.6 T/s · prompt 112 tokens, none cached, 112 new in
                       0.09 s · first token 0.09 s, total 1.79 s · draft 170/258
                       accepted (66%) · max_tokens reached
16:52:14.114 INFO:     #94 chat/completions (stream): 794 prompt tokens ·
                       temperature: 0, greedy (req), max_tokens: 256 (req),
                       min_tokens: 256 (req)
16:52:14.322 INFO:     #95 chat/completions (stream): 440 prompt tokens ·
                       temperature: 0, greedy (req), max_tokens: 256 (req),
                       min_tokens: 256 (req)
16:52:14.995 INFO:     #92 chat/completions (stream): 256 tokens generated at
                       127.1 T/s · prompt 64 tokens, none cached, 64 new in 0.07
                       s · first token 0.08 s, total 2.09 s · draft 172/252
                       accepted (68%) · max_tokens reached
16:52:15.046 INFO:     #96 chat/completions (stream): 65 prompt tokens ·
                       temperature: 0, greedy (req), max_tokens: 256 (req),
                       min_tokens: 256 (req)
16:52:15.345 INFO:     #93 chat/completions (stream): 256 tokens generated at
                       113.3 T/s · prompt 63 tokens, none cached, 63 new in 0.07
                       s · first token 0.07 s, total 2.33 s · draft 158/294
                       accepted (54%) · max_tokens reached
16:52:15.400 INFO:     #97 chat/completions (stream): 1,320 prompt tokens ·
                       temperature: 0, greedy (req), max_tokens: 256 (req),
                       min_tokens: 256 (req)
16:52:16.697 INFO:     #94 chat/completions (stream): 256 tokens generated at
                       118.1 T/s · prompt 794 tokens, none cached, 794 new in
                       0.36 s (2,206 T/s) · first token 0.37 s, total 2.53 s ·
                       draft 165/273 accepted (60%) · max_tokens reached
16:52:16.698 INFO:     #95 chat/completions (stream): 256 tokens generated at
                       124.7 T/s · prompt 440 tokens, none cached, 440 new in
                       0.24 s (1,833 T/s) · first token 0.27 s, total 2.32 s ·
                       draft 166/270 accepted (61%) · max_tokens reached
16:52:16.740 INFO:     #98 chat/completions (stream): 267 prompt tokens ·
                       temperature: 0, greedy (req), max_tokens: 256 (req),
                       min_tokens: 256 (req)
16:52:16.743 INFO:     #99 chat/completions (stream): 795 prompt tokens ·
                       temperature: 0, greedy (req), max_tokens: 256 (req),
                       min_tokens: 256 (req)
16:52:17.580 INFO:     #96 chat/completions (stream): 256 tokens generated at
                       107.0 T/s · prompt 65 tokens, none cached, 65 new in 0.07
                       s · first token 0.08 s, total 2.47 s · draft 163/279
                       accepted (58%) · max_tokens reached
16:52:17.631 INFO:     #101 chat/completions (stream): 300 prompt tokens ·
                       temperature: 0, greedy (req), max_tokens: 256 (req),
                       min_tokens: 256 (req)
16:52:18.351 INFO:     #97 chat/completions (stream): 256 tokens generated at
                       102.2 T/s · prompt 1,320 tokens, none cached, 1,320 new
                       in 0.37 s (3,568 T/s) · first token 0.38 s, total 2.88 s
                       · draft 148/324 accepted (46%) · max_tokens reached
16:52:18.402 INFO:     #102 chat/completions (stream): 73 prompt tokens ·
                       temperature: 0, greedy (req), max_tokens: 256 (req),
                       min_tokens: 256 (req)
16:52:18.962 INFO:     #98 chat/completions (stream): 256 tokens generated at
                       143.8 T/s · prompt 267 tokens, none cached, 267 new in
                       0.37 s (722 T/s) · first token 0.38 s, total 2.16 s ·
                       draft 174/246 accepted (71%) · max_tokens reached
16:52:18.989 INFO:     #99 chat/completions (stream): 256 tokens generated at
                       141.3 T/s · prompt 795 tokens, none cached, 795 new in
                       0.25 s (3,180 T/s) · queued 0.13 s, first token 0.38 s,
                       total 2.19 s · draft 172/252 accepted (68%) · max_tokens
                       reached
16:52:19.003 INFO:     #103 chat/completions (stream): 64 prompt tokens ·
                       temperature: 0, greedy (req), max_tokens: 256 (req),
                       min_tokens: 256 (req)
16:52:19.112 INFO:     #104 chat/completions (stream): 121 prompt tokens ·
                       temperature: 0, greedy (req), max_tokens: 256 (req),
                       min_tokens: 256 (req)
16:52:19.823 INFO:     #101 chat/completions (stream): 256 tokens generated at
                       133.9 T/s · prompt 300 tokens, none cached, 300 new in
                       0.21 s (1,429 T/s) · first token 0.22 s, total 2.13 s ·
                       draft 166/270 accepted (61%) · max_tokens reached
16:52:19.875 INFO:     #105 chat/completions (stream): 464 prompt tokens ·
                       temperature: 0, greedy (req), max_tokens: 256 (req),
                       min_tokens: 256 (req)
16:52:20.614 INFO:     #102 chat/completions (stream): 256 tokens generated at
                       125.5 T/s · prompt 73 tokens, none cached, 73 new in 0.10
                       s · first token 0.11 s, total 2.15 s · draft 166/270
                       accepted (61%) · max_tokens reached
16:52:20.666 INFO:     #106 chat/completions (stream): 443 prompt tokens ·
                       temperature: 0, greedy (req), max_tokens: 256 (req),
                       min_tokens: 256 (req)
16:52:21.251 INFO:     #104 chat/completions (stream): 256 tokens generated at
                       130.2 T/s · prompt 121 tokens, none cached, 121 new in
                       0.10 s · first token 0.10 s, total 2.07 s · draft 174/246
                       accepted (71%) · max_tokens reached
16:52:21.301 INFO:     #107 chat/completions (stream): 74 prompt tokens ·
                       temperature: 0, greedy (req), max_tokens: 256 (req),
                       min_tokens: 256 (req)
16:52:21.671 INFO:     #103 chat/completions (stream): 256 tokens generated at
                       101.3 T/s · prompt 64 tokens, none cached, 64 new in 0.07
                       s · first token 0.08 s, total 2.60 s · draft 153/309
                       accepted (50%) · max_tokens reached
16:52:21.722 INFO:     #108 chat/completions (stream): 153 prompt tokens ·
                       temperature: 0, greedy (req), max_tokens: 256 (req),
                       min_tokens: 256 (req)
16:52:22.288 INFO:     #105 chat/completions (stream): 256 tokens generated at
                       122.6 T/s · prompt 464 tokens, none cached, 464 new in
                       0.25 s (1,856 T/s) · first token 0.26 s, total 2.34 s ·
                       draft 162/282 accepted (57%) · max_tokens reached
16:52:22.340 INFO:     #109 chat/completions (stream): 63 prompt tokens ·
                       temperature: 0, greedy (req), max_tokens: 256 (req),
                       min_tokens: 256 (req)
16:52:22.829 INFO:     #106 chat/completions (stream): 256 tokens generated at
                       138.5 T/s · prompt 443 tokens, none cached, 443 new in
                       0.24 s (1,846 T/s) · first token 0.25 s, total 2.09 s ·
                       draft 167/267 accepted (63%) · max_tokens reached
16:52:22.880 INFO:     #110 chat/completions (stream): 729 prompt tokens ·
                       temperature: 0, greedy (req), max_tokens: 256 (req),
                       min_tokens: 256 (req)
16:52:23.584 INFO:     #107 chat/completions (stream): 256 tokens generated at
                       119.7 T/s · prompt 74 tokens, none cached, 74 new in 0.08
                       s · first token 0.09 s, total 2.22 s · draft 163/279
                       accepted (58%) · max_tokens reached
16:52:23.613 INFO:     #108 chat/completions (stream): 256 tokens generated at
                       147.4 T/s · prompt 153 tokens, none cached, 153 new in
                       0.09 s · first token 0.10 s, total 1.83 s · draft 180/228
                       accepted (79%) · max_tokens reached
16:52:23.629 INFO:     #111 chat/completions (stream): 789 prompt tokens ·
                       temperature: 0, greedy (req), max_tokens: 256 (req),
                       min_tokens: 256 (req)
16:52:23.880 INFO:     #112 chat/completions (stream): 168 prompt tokens ·
                       temperature: 0, greedy (req), max_tokens: 256 (req),
                       min_tokens: 256 (req)
16:52:25.055 INFO:     #109 chat/completions (stream): 256 tokens generated at
                       99.7 T/s · prompt 63 tokens, none cached, 63 new in 0.07
                       s · first token 0.08 s, total 2.64 s · draft 152/312
                       accepted (49%) · max_tokens reached
16:52:25.108 INFO:     #113 chat/completions (stream): 143 prompt tokens ·
                       temperature: 0, greedy (req), max_tokens: 256 (req),
                       min_tokens: 256 (req)
16:52:25.487 INFO:     #110 chat/completions (stream): 256 tokens generated at
                       113.8 T/s · prompt 729 tokens, none cached, 729 new in
                       0.28 s (2,604 T/s) · first token 0.28 s, total 2.53 s ·
                       draft 161/285 accepted (56%) · max_tokens reached
16:52:25.536 INFO:     #114 chat/completions (stream): 118 prompt tokens ·
                       temperature: 0, greedy (req), max_tokens: 256 (req),
                       min_tokens: 256 (req)
16:52:25.775 INFO:     #112 chat/completions (stream): 256 tokens generated at
                       147.8 T/s · prompt 168 tokens, none cached, 168 new in
                       0.09 s · first token 0.09 s, total 1.83 s · draft 177/237
                       accepted (75%) · max_tokens reached
16:52:25.824 INFO:     #115 chat/completions (stream): 273 prompt tokens ·
                       temperature: 0, greedy (req), max_tokens: 256 (req),
                       min_tokens: 256 (req)
16:52:26.341 INFO:     #111 chat/completions (stream): 256 tokens generated at
                       106.1 T/s · prompt 789 tokens, none cached, 789 new in
                       0.23 s (3,430 T/s) · first token 0.24 s, total 2.65 s ·
                       draft 152/312 accepted (49%) · max_tokens reached
16:52:26.392 INFO:     #116 chat/completions (stream): 87 prompt tokens ·
                       temperature: 0, greedy (req), max_tokens: 256 (req),
                       min_tokens: 256 (req)
16:52:27.543 INFO:     #113 chat/completions (stream): 256 tokens generated at
                       113.5 T/s · prompt 143 tokens, none cached, 143 new in
                       0.11 s · first token 0.12 s, total 2.37 s · draft 149/321
                       accepted (46%) · max_tokens reached
16:52:27.592 INFO:     #117 chat/completions (stream): 130 prompt tokens ·
                       temperature: 0, greedy (req), max_tokens: 256 (req),
                       min_tokens: 256 (req)
16:52:27.799 INFO:     #115 chat/completions (stream): 256 tokens generated at
                       146.3 T/s · prompt 273 tokens, none cached, 273 new in
                       0.16 s (1,706 T/s) · first token 0.16 s, total 1.91 s ·
                       draft 170/258 accepted (66%) · max_tokens reached
16:52:27.845 INFO:     #118 chat/completions (stream): 63 prompt tokens ·
                       temperature: 0, greedy (req), max_tokens: 256 (req),
                       min_tokens: 256 (req)
16:52:27.956 INFO:     #114 chat/completions (stream): 256 tokens generated at
                       117.0 T/s · prompt 118 tokens, none cached, 118 new in
                       0.10 s · first token 0.11 s, total 2.29 s · draft 152/312
                       accepted (49%) · max_tokens reached
16:52:27.969 INFO:     #116 chat/completions (stream): 256 tokens generated at
                       188.1 T/s · prompt 87 tokens, none cached, 87 new in 0.08
                       s · first token 0.09 s, total 1.45 s · draft 186/210
                       accepted (89%) · max_tokens reached
16:52:27.996 INFO:     #119 chat/completions (stream): 67 prompt tokens ·
                       temperature: 0, greedy (req), max_tokens: 256 (req),
                       min_tokens: 256 (req)
16:52:28.090 INFO:     #120 chat/completions (stream): 61 prompt tokens ·
                       temperature: 0, greedy (req), max_tokens: 256 (req),
                       min_tokens: 256 (req)
16:52:29.300 INFO:     #117 chat/completions (stream): 256 tokens generated at
                       166.9 T/s · prompt 130 tokens, none cached, 130 new in
                       0.10 s · first token 0.11 s, total 1.64 s · draft 181/225
                       accepted (80%) · max_tokens reached
16:52:29.349 INFO:     #121 chat/completions (stream): 96 prompt tokens ·
                       temperature: 0, greedy (req), max_tokens: 256 (req),
                       min_tokens: 256 (req)
16:52:29.787 INFO:     #119 chat/completions (stream): 256 tokens generated at
                       155.5 T/s · prompt 67 tokens, none cached, 67 new in 0.07
                       s · first token 0.07 s, total 1.72 s · draft 174/246
                       accepted (71%) · max_tokens reached
16:52:29.837 INFO:     #122 chat/completions (stream): 497 prompt tokens ·
                       temperature: 0, greedy (req), max_tokens: 256 (req),
                       min_tokens: 256 (req)
16:52:30.127 INFO:     #118 chat/completions (stream): 256 tokens generated at
                       134.5 T/s · prompt 63 tokens, none cached, 63 new in 0.07
                       s · first token 0.07 s, total 1.98 s · draft 162/282
                       accepted (57%) · max_tokens reached
16:52:30.174 INFO:     #123 chat/completions (stream): 357 prompt tokens ·
                       temperature: 0, greedy (req), max_tokens: 256 (req),
                       min_tokens: 256 (req)
16:52:30.453 INFO:     #120 chat/completions (stream): 256 tokens generated at
                       128.3 T/s · prompt 61 tokens, none cached, 61 new in 0.07
                       s · first token 0.07 s, total 2.07 s · draft 163/279
                       accepted (58%) · max_tokens reached
16:52:30.503 INFO:     #124 chat/completions (stream): 82 prompt tokens ·
                       temperature: 0, greedy (req), max_tokens: 256 (req),
                       min_tokens: 256 (req)
16:52:31.509 INFO:     #121 chat/completions (stream): 256 tokens generated at
                       128.1 T/s · prompt 96 tokens, none cached, 96 new in 0.09
                       s · first token 0.10 s, total 2.09 s · draft 176/240
                       accepted (73%) · max_tokens reached
16:52:31.561 INFO:     #125 chat/completions (stream): 851 prompt tokens ·
                       temperature: 0, greedy (req), max_tokens: 256 (req),
                       min_tokens: 256 (req)
16:52:32.325 INFO:     #122 chat/completions (stream): 256 tokens generated at
                       118.2 T/s · prompt 497 tokens, none cached, 497 new in
                       0.25 s (1,988 T/s) · first token 0.25 s, total 2.42 s ·
                       draft 169/261 accepted (65%) · max_tokens reached
16:52:32.375 INFO:     #127 chat/completions (stream): 121 prompt tokens ·
                       temperature: 0, greedy (req), max_tokens: 256 (req),
                       min_tokens: 256 (req)
16:52:32.651 INFO:     #123 chat/completions (stream): 256 tokens generated at
                       117.6 T/s · prompt 357 tokens, none cached, 357 new in
                       0.23 s (1,552 T/s) · first token 0.24 s, total 2.41 s ·
                       draft 162/282 accepted (57%) · max_tokens reached
16:52:32.694 INFO:     #128 chat/completions (stream): 62 prompt tokens ·
                       temperature: 0, greedy (req), max_tokens: 256 (req),
                       min_tokens: 256 (req)
16:52:32.797 INFO:     #124 chat/completions (stream): 256 tokens generated at
                       123.4 T/s · prompt 82 tokens, none cached, 82 new in 0.08
                       s · first token 0.09 s, total 2.16 s · draft 162/282
                       accepted (57%) · max_tokens reached
16:52:32.846 INFO:     #129 chat/completions (stream): 95 prompt tokens ·
                       temperature: 0, greedy (req), max_tokens: 256 (req),
                       min_tokens: 256 (req)
16:52:33.788 INFO:     #125 chat/completions (stream): 256 tokens generated at
                       137.4 T/s · prompt 851 tokens, none cached, 851 new in
                       0.29 s (2,934 T/s) · first token 0.30 s, total 2.16 s ·
                       draft 167/267 accepted (63%) · max_tokens reached
16:52:33.841 INFO:     #130 chat/completions (stream): 61 prompt tokens ·
                       temperature: 0, greedy (req), max_tokens: 256 (req),
                       min_tokens: 256 (req)
16:52:34.143 INFO:     #127 chat/completions (stream): 256 tokens generated at
                       160.2 T/s · prompt 121 tokens, none cached, 121 new in
                       0.10 s · first token 0.11 s, total 1.70 s · draft 180/228
                       accepted (79%) · max_tokens reached
16:52:34.196 INFO:     #131 chat/completions (stream): 1,431 prompt tokens ·
                       temperature: 0, greedy (req), max_tokens: 256 (req),
                       min_tokens: 256 (req)
16:52:34.977 INFO:     #129 chat/completions (stream): 256 tokens generated at
                       129.2 T/s · prompt 95 tokens, none cached, 95 new in 0.09
                       s · first token 0.09 s, total 2.08 s · draft 171/255
                       accepted (67%) · max_tokens reached
16:52:35.006 INFO:     #128 chat/completions (stream): 256 tokens generated at
                       117.2 T/s · prompt 62 tokens, none cached, 62 new in 0.07
                       s · first token 0.07 s, total 2.26 s · draft 164/276
                       accepted (59%) · max_tokens reached
16:52:35.021 INFO:     #132 chat/completions (stream): 670 prompt tokens ·
                       temperature: 0, greedy (req), max_tokens: 256 (req),
                       min_tokens: 256 (req)
16:52:35.299 INFO:     #133 chat/completions (stream): 393 prompt tokens ·
                       temperature: 0, greedy (req), max_tokens: 256 (req),
                       min_tokens: 256 (req)
16:52:36.530 INFO:     #131 chat/completions (stream): 256 tokens generated at
                       135.3 T/s · prompt 1,431 tokens, none cached, 1,431 new
                       in 0.37 s (3,868 T/s) · first token 0.37 s, total 2.27 s
                       · draft 178/234 accepted (76%) · max_tokens reached
16:52:36.581 INFO:     #134 chat/completions (stream): 242 prompt tokens ·
                       temperature: 0, greedy (req), max_tokens: 256 (req),
                       min_tokens: 256 (req)
16:52:36.882 INFO:     #130 chat/completions (stream): 256 tokens generated at
                       88.3 T/s · prompt 61 tokens, none cached, 61 new in 0.07
                       s · first token 0.08 s, total 2.97 s · draft 148/324
                       accepted (46%) · max_tokens reached
16:52:36.931 INFO:     #135 chat/completions (stream): 199 prompt tokens ·
                       temperature: 0, greedy (req), max_tokens: 256 (req),
                       min_tokens: 256 (req)
16:52:37.419 INFO:     #132 chat/completions (stream): 256 tokens generated at
                       123.6 T/s · prompt 670 tokens, none cached, 670 new in
                       0.25 s (2,680 T/s) · first token 0.26 s, total 2.33 s ·
                       draft 168/264 accepted (64%) · max_tokens reached
16:52:37.476 INFO:     #136 chat/completions (stream): 412 prompt tokens ·
                       temperature: 0, greedy (req), max_tokens: 256 (req),
                       min_tokens: 256 (req)
16:52:37.982 INFO:     #133 chat/completions (stream): 256 tokens generated at
                       108.5 T/s · prompt 393 tokens, none cached, 393 new in
                       0.25 s (1,572 T/s) · first token 0.25 s, total 2.61 s ·
                       draft 151/315 accepted (48%) · max_tokens reached
16:52:38.034 INFO:     #137 chat/completions (stream): 109 prompt tokens ·
                       temperature: 0, greedy (req), max_tokens: 256 (req),
                       min_tokens: 256 (req)
16:52:38.460 INFO:     #134 chat/completions (stream): 256 tokens generated at
                       151.4 T/s · prompt 242 tokens, none cached, 242 new in
                       0.11 s · first token 0.12 s, total 1.81 s · draft 186/210
                       accepted (89%) · max_tokens reached
16:52:38.510 INFO:     #138 chat/completions (stream): 92 prompt tokens ·
                       temperature: 0, greedy (req), max_tokens: 256 (req),
                       min_tokens: 256 (req)
16:52:39.384 INFO:     #135 chat/completions (stream): 256 tokens generated at
                       112.5 T/s · prompt 199 tokens, none cached, 199 new in
                       0.10 s · first token 0.11 s, total 2.38 s · draft 153/309
                       accepted (50%) · max_tokens reached
16:52:39.442 INFO:     #139 chat/completions (stream): 98 prompt tokens ·
                       temperature: 0, greedy (req), max_tokens: 256 (req),
                       min_tokens: 256 (req)
16:52:39.712 INFO:     #136 chat/completions (stream): 256 tokens generated at
                       132.8 T/s · prompt 412 tokens, none cached, 412 new in
                       0.23 s (1,791 T/s) · first token 0.24 s, total 2.16 s ·
                       draft 165/273 accepted (60%) · max_tokens reached
16:52:39.757 INFO:     #140 chat/completions (stream): 91 prompt tokens ·
                       temperature: 0, greedy (req), max_tokens: 256 (req),
                       min_tokens: 256 (req)
16:52:39.879 INFO:     #137 chat/completions (stream): 256 tokens generated at
                       160.5 T/s · prompt 109 tokens, none cached, 109 new in
                       0.09 s · first token 0.10 s, total 1.69 s · draft 178/234
                       accepted (76%) · max_tokens reached
16:52:39.930 INFO:     #141 chat/completions (stream): 774 prompt tokens ·
                       temperature: 0, greedy (req), max_tokens: 256 (req),
                       min_tokens: 256 (req)
16:52:41.003 INFO:     #138 chat/completions (stream): 256 tokens generated at
                       109.5 T/s · prompt 92 tokens, none cached, 92 new in 0.09
                       s · first token 0.10 s, total 2.43 s · draft 149/321
                       accepted (46%) · max_tokens reached
16:52:41.053 INFO:     #142 chat/completions (stream): 823 prompt tokens ·
                       temperature: 0, greedy (req), max_tokens: 256 (req),
                       min_tokens: 256 (req)
16:52:41.578 INFO:     #139 chat/completions (stream): 256 tokens generated at
                       129.6 T/s · prompt 98 tokens, none cached, 98 new in 0.09
                       s · first token 0.10 s, total 2.07 s · draft 177/237
                       accepted (75%) · max_tokens reached
16:52:41.628 INFO:     #143 chat/completions (stream): 75 prompt tokens ·
                       temperature: 0, greedy (req), max_tokens: 256 (req),
                       min_tokens: 256 (req)
16:52:41.869 INFO:     #140 chat/completions (stream): 256 tokens generated at
                       131.0 T/s · prompt 91 tokens, none cached, 91 new in 0.09
                       s · first token 0.10 s, total 2.05 s · draft 178/234
                       accepted (76%) · max_tokens reached
16:52:41.921 INFO:     #144 chat/completions (stream): 819 prompt tokens ·
                       temperature: 0, greedy (req), max_tokens: 256 (req),
                       min_tokens: 256 (req)
16:52:42.299 INFO:     #141 chat/completions (stream): 256 tokens generated at
                       122.9 T/s · prompt 774 tokens, none cached, 774 new in
                       0.22 s (3,518 T/s) · first token 0.22 s, total 2.31 s ·
                       draft 174/246 accepted (71%) · max_tokens reached
16:52:42.349 INFO:     #145 chat/completions (stream): 125 prompt tokens ·
                       temperature: 0, greedy (req), max_tokens: 256 (req),
                       min_tokens: 256 (req)
16:52:43.379 INFO:     #142 chat/completions (stream): 256 tokens generated at
                       129.1 T/s · prompt 823 tokens, none cached, 823 new in
                       0.27 s (3,048 T/s) · first token 0.28 s, total 2.26 s ·
                       draft 170/258 accepted (66%) · max_tokens reached
16:52:43.442 INFO:     #146 chat/completions (stream): 763 prompt tokens ·
                       temperature: 0, greedy (req), max_tokens: 256 (req),
                       min_tokens: 256 (req)
16:52:44.005 INFO:     #144 chat/completions (stream): 256 tokens generated at
                       146.8 T/s · prompt 819 tokens, none cached, 819 new in
                       0.27 s (3,033 T/s) · first token 0.28 s, total 2.02 s ·
                       draft 181/225 accepted (80%) · max_tokens reached
16:52:44.046 INFO:     #147 chat/completions (stream): 65 prompt tokens ·
                       temperature: 0, greedy (req), max_tokens: 256 (req),
                       min_tokens: 256 (req)
16:52:44.047 INFO:     #143 chat/completions (stream): 256 tokens generated at
                       112.3 T/s · prompt 75 tokens, none cached, 75 new in 0.08
                       s · first token 0.09 s, total 2.36 s · draft 165/273
                       accepted (60%) · max_tokens reached
16:52:44.175 INFO:     #148 chat/completions (stream): 536 prompt tokens ·
                       temperature: 0, greedy (req), max_tokens: 256 (req),
                       min_tokens: 256 (req)
16:52:44.418 INFO:     #145 chat/completions (stream): 256 tokens generated at
                       149.0 T/s · prompt 125 tokens, none cached, 125 new in
                       0.10 s · first token 0.11 s, total 1.82 s · draft 180/228
                       accepted (79%) · max_tokens reached
16:52:44.475 INFO:     #149 chat/completions (stream): 106 prompt tokens ·
                       temperature: 0, greedy (req), max_tokens: 256 (req),
                       min_tokens: 256 (req)
16:52:45.840 INFO:     #146 chat/completions (stream): 256 tokens generated at
                       125.8 T/s · prompt 763 tokens, none cached, 763 new in
                       0.29 s (2,631 T/s) · first token 0.30 s, total 2.33 s ·
                       draft 163/279 accepted (58%) · max_tokens reached
16:52:45.890 INFO:     #150 chat/completions (stream): 70 prompt tokens ·
                       temperature: 0, greedy (req), max_tokens: 256 (req),
                       min_tokens: 256 (req)
16:52:46.295 INFO:     #149 chat/completions (stream): 256 tokens generated at
                       153.7 T/s · prompt 106 tokens, none cached, 106 new in
                       0.09 s · first token 0.10 s, total 1.76 s · draft 169/261
                       accepted (65%) · max_tokens reached
16:52:46.319 INFO:     #147 chat/completions (stream): 256 tokens generated at
                       119.0 T/s · prompt 65 tokens, none cached, 65 new in 0.07
                       s · first token 0.08 s, total 2.23 s · draft 157/297
                       accepted (53%) · max_tokens reached
16:52:46.319 INFO:     #148 chat/completions (stream): 256 tokens generated at
                       134.5 T/s · prompt 536 tokens, none cached, 536 new in
                       0.19 s (2,821 T/s) · first token 0.20 s, total 2.10 s ·
                       draft 161/285 accepted (56%) · max_tokens reached
16:52:46.332 INFO:     #151 chat/completions (stream): 1,053 prompt tokens ·
                       temperature: 0, greedy (req), max_tokens: 256 (req),
                       min_tokens: 256 (req)
16:52:46.611 INFO:     #152 chat/completions (stream): 1,100 prompt tokens ·
                       temperature: 0, greedy (req), max_tokens: 256 (req),
                       min_tokens: 256 (req)
16:52:46.613 INFO:     #153 chat/completions (stream): 411 prompt tokens ·
                       temperature: 0, greedy (req), max_tokens: 256 (req),
                       min_tokens: 256 (req)
16:52:48.471 INFO:     #150 chat/completions (stream): 256 tokens generated at
                       105.8 T/s · prompt 70 tokens, none cached, 70 new in 0.08
                       s · first token 0.09 s, total 2.50 s · draft 164/276
                       accepted (59%) · max_tokens reached
16:52:48.522 INFO:     #155 chat/completions (stream): 128 prompt tokens ·
                       temperature: 0, greedy (req), max_tokens: 256 (req),
                       min_tokens: 256 (req)
16:52:48.802 INFO:     #152 chat/completions (stream): 256 tokens generated at
                       162.2 T/s · prompt 1,100 tokens, none cached, 1,100 new
                       in 0.54 s (2,037 T/s) · first token 0.55 s, total 2.13 s
                       · draft 176/240 accepted (73%) · max_tokens reached
16:52:48.841 INFO:     #156 chat/completions (stream): 84 prompt tokens ·
                       temperature: 0, greedy (req), max_tokens: 256 (req),
                       min_tokens: 256 (req)
16:52:48.941 INFO:     #153 chat/completions (stream): 256 tokens generated at
                       155.8 T/s · prompt 411 tokens, none cached, 411 new in
                       0.32 s (1,284 T/s) · queued 0.23 s, first token 0.55 s,
                       total 2.19 s · draft 172/252 accepted (68%) · max_tokens
                       reached
16:52:48.969 INFO:     #151 chat/completions (stream): 256 tokens generated at
                       114.7 T/s · prompt 1,053 tokens, none cached, 1,053 new
                       in 0.26 s (4,050 T/s) · first token 0.27 s, total 2.50 s
                       · draft 168/264 accepted (64%) · max_tokens reached
16:52:48.984 INFO:     #157 chat/completions (stream): 74 prompt tokens ·
                       temperature: 0, greedy (req), max_tokens: 256 (req),
                       min_tokens: 256 (req)
16:52:49.097 INFO:     #158 chat/completions (stream): 61 prompt tokens ·
                       temperature: 0, greedy (req), max_tokens: 256 (req),
                       min_tokens: 256 (req)
16:52:50.264 INFO:     #155 chat/completions (stream): 256 tokens generated at
                       162.8 T/s · prompt 128 tokens, none cached, 128 new in
                       0.10 s · first token 0.11 s, total 1.68 s · draft 182/222
                       accepted (82%) · max_tokens reached
16:52:50.314 INFO:     #159 chat/completions (stream): 80 prompt tokens ·
                       temperature: 0, greedy (req), max_tokens: 256 (req),
                       min_tokens: 256 (req)
16:52:50.994 INFO:     #158 chat/completions (stream): 256 tokens generated at
                       145.2 T/s · prompt 61 tokens, none cached, 61 new in 0.07
                       s · first token 0.07 s, total 1.84 s · draft 165/273
                       accepted (60%) · max_tokens reached
16:52:51.034 INFO:     #160 chat/completions (stream): 112 prompt tokens ·
                       temperature: 0, greedy (req), max_tokens: 256 (req),
                       min_tokens: 256 (req)
16:52:51.035 INFO:     #156 chat/completions (stream): 256 tokens generated at
                       124.8 T/s · prompt 84 tokens, none cached, 84 new in 0.08
                       s · first token 0.09 s, total 2.14 s · draft 156/300
                       accepted (52%) · max_tokens reached
16:52:51.185 INFO:     #161 chat/completions (stream): 83 prompt tokens ·
                       temperature: 0, greedy (req), max_tokens: 256 (req),
                       min_tokens: 256 (req)
16:52:51.546 INFO:     #157 chat/completions (stream): 256 tokens generated at
                       106.0 T/s · prompt 74 tokens, none cached, 74 new in 0.08
                       s · first token 0.09 s, total 2.50 s · draft 142/342
                       accepted (42%) · max_tokens reached
16:52:51.598 INFO:     #162 chat/completions (stream): 100 prompt tokens ·
                       temperature: 0, greedy (req), max_tokens: 256 (req),
                       min_tokens: 256 (req)
16:52:52.120 INFO:     #159 chat/completions (stream): 256 tokens generated at
                       154.7 T/s · prompt 80 tokens, none cached, 80 new in 0.08
                       s · first token 0.09 s, total 1.74 s · draft 179/231
                       accepted (77%) · max_tokens reached
16:52:52.170 INFO:     #163 chat/completions (stream): 127 prompt tokens ·
                       temperature: 0, greedy (req), max_tokens: 256 (req),
                       min_tokens: 256 (req)
16:52:52.856 INFO:     #160 chat/completions (stream): 256 tokens generated at
                       154.8 T/s · prompt 112 tokens, none cached, 112 new in
                       0.10 s · first token 0.11 s, total 1.76 s · draft 180/228
                       accepted (79%) · max_tokens reached
16:52:52.907 INFO:     #164 chat/completions (stream): 90 prompt tokens ·
                       temperature: 0, greedy (req), max_tokens: 256 (req),
                       min_tokens: 256 (req)
16:52:53.331 INFO:     #161 chat/completions (stream): 256 tokens generated at
                       128.4 T/s · prompt 83 tokens, none cached, 83 new in 0.08
                       s · first token 0.08 s, total 2.08 s · draft 161/285
                       accepted (56%) · max_tokens reached
16:52:53.375 INFO:     #165 chat/completions (stream): 63 prompt tokens ·
                       temperature: 0, greedy (req), max_tokens: 256 (req),
                       min_tokens: 256 (req)
16:52:53.482 INFO:     #162 chat/completions (stream): 256 tokens generated at
                       155.0 T/s · prompt 100 tokens, none cached, 100 new in
                       0.09 s · first token 0.10 s, total 1.75 s · draft 174/246
                       accepted (71%) · max_tokens reached
16:52:53.534 INFO:     #166 chat/completions (stream): 104 prompt tokens ·
                       temperature: 0, greedy (req), max_tokens: 256 (req),
                       min_tokens: 256 (req)
16:52:53.900 INFO:     #163 chat/completions (stream): 256 tokens generated at
                       164.3 T/s · prompt 127 tokens, none cached, 127 new in
                       0.10 s · first token 0.10 s, total 1.66 s · draft 183/219
                       accepted (84%) · max_tokens reached
16:52:53.951 INFO:     #167 chat/completions (stream): 80 prompt tokens ·
                       temperature: 0, greedy (req), max_tokens: 256 (req),
                       min_tokens: 256 (req)
16:52:54.952 INFO:     #164 chat/completions (stream): 256 tokens generated at
                       135.5 T/s · prompt 90 tokens, none cached, 90 new in 0.08
                       s · first token 0.09 s, total 1.97 s · draft 165/273
                       accepted (60%) · max_tokens reached
16:52:55.003 INFO:     #168 chat/completions (stream): 82 prompt tokens ·
                       temperature: 0, greedy (req), max_tokens: 256 (req),
                       min_tokens: 256 (req)
16:52:55.442 INFO:     #165 chat/completions (stream): 256 tokens generated at
                       133.6 T/s · prompt 63 tokens, none cached, 63 new in 0.07
                       s · first token 0.08 s, total 1.99 s · draft 165/273
                       accepted (60%) · max_tokens reached
16:52:55.494 INFO:     #169 chat/completions (stream): 809 prompt tokens ·
                       temperature: 0, greedy (req), max_tokens: 256 (req),
                       min_tokens: 256 (req)
16:52:55.904 INFO:     #166 chat/completions (stream): 256 tokens generated at
                       116.0 T/s · prompt 104 tokens, none cached, 104 new in
                       0.09 s · first token 0.09 s, total 2.30 s · draft 158/294
                       accepted (54%) · max_tokens reached
16:52:55.953 INFO:     #170 chat/completions (stream): 77 prompt tokens ·
                       temperature: 0, greedy (req), max_tokens: 256 (req),
                       min_tokens: 256 (req)
16:52:56.390 INFO:     #167 chat/completions (stream): 256 tokens generated at
                       111.7 T/s · prompt 80 tokens, none cached, 80 new in 0.08
                       s · first token 0.08 s, total 2.38 s · draft 153/309
                       accepted (50%) · max_tokens reached
16:52:56.455 INFO:     #171 chat/completions (stream): 64 prompt tokens ·
                       temperature: 0, greedy (req), max_tokens: 256 (req),
                       min_tokens: 256 (req)
16:52:57.487 INFO:     #168 chat/completions (stream): 256 tokens generated at
                       109.9 T/s · prompt 82 tokens, none cached, 82 new in 0.08
                       s · first token 0.09 s, total 2.41 s · draft 150/318
                       accepted (47%) · max_tokens reached
16:52:57.531 INFO:     #172 chat/completions (stream): 104 prompt tokens ·
                       temperature: 0, greedy (req), max_tokens: 256 (req),
                       min_tokens: 256 (req)
16:52:57.659 INFO:     #169 chat/completions (stream): 256 tokens generated at
                       147.4 T/s · prompt 809 tokens, none cached, 809 new in
                       0.27 s (2,996 T/s) · first token 0.28 s, total 2.01 s ·
                       draft 168/264 accepted (64%) · max_tokens reached
16:52:57.700 INFO:     #173 chat/completions (stream): 66 prompt tokens ·
                       temperature: 0, greedy (req), max_tokens: 256 (req),
                       min_tokens: 256 (req)
16:52:57.796 INFO:     #170 chat/completions (stream): 256 tokens generated at
                       158.1 T/s · prompt 77 tokens, none cached, 77 new in 0.08
                       s · first token 0.09 s, total 1.70 s · draft 175/243
                       accepted (72%) · max_tokens reached
16:52:57.848 INFO:     #174 chat/completions (stream): 786 prompt tokens ·
                       temperature: 0, greedy (req), max_tokens: 256 (req),
                       min_tokens: 256 (req)
16:52:58.364 INFO:     #171 chat/completions (stream): 256 tokens generated at
                       144.9 T/s · prompt 64 tokens, none cached, 64 new in 0.07
                       s · first token 0.07 s, total 1.84 s · draft 177/237
                       accepted (75%) · max_tokens reached
16:52:58.415 INFO:     #175 chat/completions (stream): 67 prompt tokens ·
                       temperature: 0, greedy (req), max_tokens: 256 (req),
                       min_tokens: 256 (req)
16:52:59.327 INFO:     #172 chat/completions (stream): 256 tokens generated at
                       156.8 T/s · prompt 104 tokens, none cached, 104 new in
                       0.09 s · first token 0.10 s, total 1.73 s · draft 184/216
                       accepted (85%) · max_tokens reached
16:52:59.381 INFO:     #176 chat/completions (stream): 831 prompt tokens ·
                       temperature: 0, greedy (req), max_tokens: 256 (req),
                       min_tokens: 256 (req)
16:53:00.020 INFO:     #173 chat/completions (stream): 256 tokens generated at
                       116.9 T/s · prompt 66 tokens, none cached, 66 new in 0.07
                       s · first token 0.07 s, total 2.26 s · draft 165/273
                       accepted (60%) · max_tokens reached
16:53:00.021 INFO:     #174 chat/completions (stream): 256 tokens generated at
                       134.3 T/s · prompt 786 tokens, none cached, 786 new in
                       0.21 s (3,743 T/s) · first token 0.21 s, total 2.12 s ·
                       draft 170/258 accepted (66%) · max_tokens reached
16:53:00.062 INFO:     #177 chat/completions (stream): 87 prompt tokens ·
                       temperature: 0, greedy (req), max_tokens: 256 (req),
                       min_tokens: 256 (req)
16:53:00.064 INFO:     #178 chat/completions (stream): 731 prompt tokens ·
                       temperature: 0, greedy (req), max_tokens: 256 (req),
                       min_tokens: 256 (req)
16:53:01.022 INFO:     #175 chat/completions (stream): 256 tokens generated at
                       104.2 T/s · prompt 67 tokens, none cached, 67 new in 0.08
                       s · first token 0.09 s, total 2.54 s · draft 153/309
                       accepted (50%) · max_tokens reached
16:53:01.075 INFO:     #179 chat/completions (stream): 1,138 prompt tokens ·
                       temperature: 0, greedy (req), max_tokens: 256 (req),
                       min_tokens: 256 (req)
16:53:02.115 INFO:     #176 chat/completions (stream): 256 tokens generated at
                       108.2 T/s · prompt 831 tokens, none cached, 831 new in
                       0.30 s (2,770 T/s) · first token 0.31 s, total 2.67 s ·
                       draft 160/288 accepted (56%) · max_tokens reached
16:53:02.162 INFO:     #181 chat/completions (stream): 128 prompt tokens ·
                       temperature: 0, greedy (req), max_tokens: 256 (req),
                       min_tokens: 256 (req)
16:53:02.313 INFO:     #177 chat/completions (stream): 256 tokens generated at
                       138.9 T/s · prompt 87 tokens, none cached, 87 new in 0.23
                       s · first token 0.24 s, total 2.09 s · draft 177/237
                       accepted (75%) · max_tokens reached
16:53:02.355 INFO:     #182 chat/completions (stream): 592 prompt tokens ·
                       temperature: 0, greedy (req), max_tokens: 256 (req),
                       min_tokens: 256 (req)
16:53:02.522 INFO:     #178 chat/completions (stream): 256 tokens generated at
                       136.0 T/s · prompt 731 tokens, none cached, 731 new in
                       0.27 s (2,707 T/s) · first token 0.36 s, total 2.25 s ·
                       draft 174/246 accepted (71%) · max_tokens reached
16:53:02.654 INFO:     #183 chat/completions (stream): 63 prompt tokens ·
                       temperature: 0, greedy (req), max_tokens: 256 (req),
                       min_tokens: 256 (req)
16:53:03.529 INFO:     #179 chat/completions (stream): 256 tokens generated at
                       125.0 T/s · prompt 1,138 tokens, none cached, 1,138 new
                       in 0.33 s (3,448 T/s) · first token 0.34 s, total 2.38 s
                       · draft 164/276 accepted (59%) · max_tokens reached
16:53:03.580 INFO:     #184 chat/completions (stream): 654 prompt tokens ·
                       temperature: 0, greedy (req), max_tokens: 256 (req),
                       min_tokens: 256 (req)
16:53:04.268 INFO:     #181 chat/completions (stream): 256 tokens generated at
                       132.3 T/s · prompt 128 tokens, none cached, 128 new in
                       0.10 s · first token 0.11 s, total 2.04 s · draft 179/231
                       accepted (77%) · max_tokens reached
16:53:04.319 INFO:     #185 chat/completions (stream): 586 prompt tokens ·
                       temperature: 0, greedy (req), max_tokens: 256 (req),
                       min_tokens: 256 (req)
16:53:04.916 INFO:     #182 chat/completions (stream): 256 tokens generated at
                       114.0 T/s · prompt 592 tokens, none cached, 592 new in
                       0.24 s (2,467 T/s) · first token 0.24 s, total 2.49 s ·
                       draft 164/276 accepted (59%) · max_tokens reached
16:53:04.966 INFO:     #186 chat/completions (stream): 212 prompt tokens ·
                       temperature: 0, greedy (req), max_tokens: 256 (req),
                       min_tokens: 256 (req)
16:53:05.363 INFO:     #183 chat/completions (stream): 256 tokens generated at
                       99.7 T/s · prompt 63 tokens, none cached, 63 new in 0.07
                       s · first token 0.07 s, total 2.64 s · draft 148/324
                       accepted (46%) · max_tokens reached
16:53:05.415 INFO:     #187 chat/completions (stream): 960 prompt tokens ·
                       temperature: 0, greedy (req), max_tokens: 256 (req),
                       min_tokens: 256 (req)
16:53:06.344 INFO:     #184 chat/completions (stream): 256 tokens generated at
                       106.0 T/s · prompt 654 tokens, none cached, 654 new in
                       0.27 s (2,422 T/s) · first token 0.28 s, total 2.69 s ·
                       draft 158/294 accepted (54%) · max_tokens reached
16:53:06.395 INFO:     #188 chat/completions (stream): 77 prompt tokens ·
                       temperature: 0, greedy (req), max_tokens: 256 (req),
                       min_tokens: 256 (req)
16:53:06.731 INFO:     #185 chat/completions (stream): 256 tokens generated at
                       123.8 T/s · prompt 586 tokens, none cached, 586 new in
                       0.27 s (2,170 T/s) · first token 0.28 s, total 2.34 s ·
                       draft 168/264 accepted (64%) · max_tokens reached
16:53:06.784 INFO:     #189 chat/completions (stream): 819 prompt tokens ·
                       temperature: 0, greedy (req), max_tokens: 256 (req),
                       min_tokens: 256 (req)
16:53:07.156 INFO:     #186 chat/completions (stream): 256 tokens generated at
                       127.2 T/s · prompt 212 tokens, none cached, 212 new in
                       0.10 s · first token 0.11 s, total 2.12 s · draft 179/231
                       accepted (77%) · max_tokens reached
16:53:07.210 INFO:     #190 chat/completions (stream): 780 prompt tokens ·
                       temperature: 0, greedy (req), max_tokens: 256 (req),
                       min_tokens: 256 (req)
16:53:08.251 INFO:     #187 chat/completions (stream): 256 tokens generated at
                       104.0 T/s · prompt 960 tokens, none cached, 960 new in
                       0.30 s (3,200 T/s) · first token 0.30 s, total 2.77 s ·
                       draft 152/312 accepted (49%) · max_tokens reached
16:53:08.301 INFO:     #191 chat/completions (stream): 134 prompt tokens ·
                       temperature: 0, greedy (req), max_tokens: 256 (req),
                       min_tokens: 256 (req)
16:53:08.821 INFO:     #188 chat/completions (stream): 256 tokens generated at
                       112.5 T/s · prompt 77 tokens, none cached, 77 new in 0.08
                       s · first token 0.09 s, total 2.36 s · draft 163/279
                       accepted (58%) · max_tokens reached
16:53:08.872 INFO:     #192 chat/completions (stream): 695 prompt tokens ·
                       temperature: 0, greedy (req), max_tokens: 256 (req),
                       min_tokens: 256 (req)
16:53:09.419 INFO:     #190 chat/completions (stream): 256 tokens generated at
                       137.1 T/s · prompt 780 tokens, none cached, 780 new in
                       0.27 s (2,889 T/s) · first token 0.28 s, total 2.14 s ·
                       draft 172/252 accepted (68%) · max_tokens reached
16:53:09.470 INFO:     #193 chat/completions (stream): 88 prompt tokens ·
                       temperature: 0, greedy (req), max_tokens: 256 (req),
                       min_tokens: 256 (req)
16:53:09.785 INFO:     #189 chat/completions (stream): 256 tokens generated at
                       96.1 T/s · prompt 819 tokens, none cached, 819 new in
                       0.27 s (3,033 T/s) · first token 0.27 s, total 2.94 s ·
                       draft 146/330 accepted (44%) · max_tokens reached
16:53:09.834 INFO:     #194 chat/completions (stream): 516 prompt tokens ·
                       temperature: 0, greedy (req), max_tokens: 256 (req),
                       min_tokens: 256 (req)
16:53:10.313 INFO:     #191 chat/completions (stream): 256 tokens generated at
                       139.5 T/s · prompt 134 tokens, none cached, 134 new in
                       0.11 s · first token 0.12 s, total 1.95 s · draft 181/225
                       accepted (80%) · max_tokens reached
16:53:10.364 INFO:     #195 chat/completions (stream): 93 prompt tokens ·
                       temperature: 0, greedy (req), max_tokens: 256 (req),
                       min_tokens: 256 (req)
16:53:11.192 INFO:     #192 chat/completions (stream): 256 tokens generated at
                       129.7 T/s · prompt 695 tokens, none cached, 695 new in
                       0.28 s (2,482 T/s) · first token 0.28 s, total 2.26 s ·
                       draft 164/276 accepted (59%) · max_tokens reached
16:53:11.243 INFO:     #196 chat/completions (stream): 775 prompt tokens ·
                       temperature: 0, greedy (req), max_tokens: 256 (req),
                       min_tokens: 256 (req)
16:53:11.624 INFO:     #193 chat/completions (stream): 256 tokens generated at
                       128.0 T/s · prompt 88 tokens, none cached, 88 new in 0.08
                       s · first token 0.09 s, total 2.09 s · draft 170/258
                       accepted (66%) · max_tokens reached
16:53:11.674 INFO:     #197 chat/completions (stream): 386 prompt tokens ·
                       temperature: 0, greedy (req), max_tokens: 256 (req),
                       min_tokens: 256 (req)
16:53:12.259 INFO:     #194 chat/completions (stream): 256 tokens generated at
                       117.4 T/s · prompt 516 tokens, none cached, 516 new in
                       0.18 s (2,867 T/s) · first token 0.18 s, total 2.36 s ·
                       draft 164/276 accepted (59%) · max_tokens reached
16:53:12.301 INFO:     #198 chat/completions (stream): 123 prompt tokens ·
                       temperature: 0, greedy (req), max_tokens: 256 (req),
                       min_tokens: 256 (req)
16:53:12.302 INFO:     #195 chat/completions (stream): 256 tokens generated at
                       143.2 T/s · prompt 93 tokens, none cached, 93 new in 0.09
                       s · first token 0.10 s, total 1.88 s · draft 181/225
                       accepted (80%) · max_tokens reached
16:53:12.458 INFO:     #199 chat/completions (stream): 78 prompt tokens ·
                       temperature: 0, greedy (req), max_tokens: 256 (req),
                       min_tokens: 256 (req)
16:53:13.633 INFO:     #196 chat/completions (stream): 256 tokens generated at
                       123.1 T/s · prompt 775 tokens, none cached, 775 new in
                       0.24 s (3,229 T/s) · first token 0.25 s, total 2.32 s ·
                       draft 163/279 accepted (58%) · max_tokens reached
16:53:13.673 INFO:     #200 chat/completions (stream): 116 prompt tokens ·
                       temperature: 0, greedy (req), max_tokens: 256 (req),
                       min_tokens: 256 (req)
16:53:13.792 INFO:     #197 chat/completions (stream): 256 tokens generated at
                       150.4 T/s · prompt 386 tokens, none cached, 386 new in
                       0.25 s (1,544 T/s) · first token 0.25 s, total 1.96 s ·
                       draft 171/255 accepted (67%) · max_tokens reached
16:53:13.841 INFO:     #201 chat/completions (stream): 67 prompt tokens ·
                       temperature: 0, greedy (req), max_tokens: 256 (req),
                       min_tokens: 256 (req)
16:53:14.259 INFO:     #199 chat/completions (stream): 256 tokens generated at
                       155.2 T/s · prompt 78 tokens, none cached, 78 new in 0.08
                       s · first token 0.09 s, total 1.73 s · draft 174/246
                       accepted (71%) · max_tokens reached
16:53:14.308 INFO:     #202 chat/completions (stream): 74 prompt tokens ·
                       temperature: 0, greedy (req), max_tokens: 256 (req),
                       min_tokens: 256 (req)
16:53:14.650 INFO:     #198 chat/completions (stream): 256 tokens generated at
                       117.3 T/s · prompt 123 tokens, none cached, 123 new in
                       0.10 s · first token 0.11 s, total 2.29 s · draft 154/306
                       accepted (50%) · max_tokens reached
16:53:14.700 INFO:     #203 chat/completions (stream): 148 prompt tokens ·
                       temperature: 0, greedy (req), max_tokens: 256 (req),
                       min_tokens: 256 (req)
16:53:15.546 INFO:     #201 chat/completions (stream): 256 tokens generated at
                       164.0 T/s · prompt 67 tokens, none cached, 67 new in 0.07
                       s · first token 0.07 s, total 1.64 s · draft 179/231
                       accepted (77%) · max_tokens reached
16:53:15.598 INFO:     #204 chat/completions (stream): 660 prompt tokens ·
                       temperature: 0, greedy (req), max_tokens: 256 (req),
                       min_tokens: 256 (req)
16:53:15.961 INFO:     #200 chat/completions (stream): 256 tokens generated at
                       120.7 T/s · prompt 116 tokens, none cached, 116 new in
                       0.10 s · first token 0.11 s, total 2.23 s · draft 165/273
                       accepted (60%) · max_tokens reached
16:53:16.010 INFO:     #205 chat/completions (stream): 62 prompt tokens ·
                       temperature: 0, greedy (req), max_tokens: 256 (req),
                       min_tokens: 256 (req)
16:53:16.493 INFO:     #202 chat/completions (stream): 256 tokens generated at
                       127.0 T/s · prompt 74 tokens, none cached, 74 new in 0.08
                       s · first token 0.09 s, total 2.10 s · draft 166/270
                       accepted (61%) · max_tokens reached
16:53:16.535 INFO:     #206 chat/completions (stream): 61 prompt tokens ·
                       temperature: 0, greedy (req), max_tokens: 256 (req),
                       min_tokens: 256 (req)
16:53:16.625 INFO:     #203 chat/completions (stream): 256 tokens generated at
                       150.8 T/s · prompt 148 tokens, none cached, 148 new in
                       0.09 s · first token 0.10 s, total 1.79 s · draft 179/231
                       accepted (77%) · max_tokens reached
16:53:16.676 INFO:     #207 chat/completions (stream): 91 prompt tokens ·
                       temperature: 0, greedy (req), max_tokens: 256 (req),
                       min_tokens: 256 (req)
16:53:17.891 INFO:     #204 chat/completions (stream): 256 tokens generated at
                       130.4 T/s · prompt 660 tokens, none cached, 660 new in
                       0.26 s (2,538 T/s) · first token 0.27 s, total 2.23 s ·
                       draft 161/285 accepted (56%) · max_tokens reached
16:53:17.940 INFO:     #209 chat/completions (stream): 86 prompt tokens ·
                       temperature: 0, greedy (req), max_tokens: 256 (req),
                       min_tokens: 256 (req)
16:53:18.284 INFO:     #207 chat/completions (stream): 256 tokens generated at
                       175.5 T/s · prompt 91 tokens, none cached, 91 new in 0.09
                       s · first token 0.09 s, total 1.55 s · draft 181/225
                       accepted (80%) · max_tokens reached
16:53:18.311 INFO:     #205 chat/completions (stream): 256 tokens generated at
                       117.9 T/s · prompt 62 tokens, none cached, 62 new in 0.07
                       s · first token 0.08 s, total 2.25 s · draft 150/318
                       accepted (47%) · max_tokens reached
16:53:18.322 INFO:     #210 chat/completions (stream): 64 prompt tokens ·
                       temperature: 0, greedy (req), max_tokens: 256 (req),
                       min_tokens: 256 (req)
16:53:18.426 INFO:     #211 chat/completions (stream): 745 prompt tokens ·
                       temperature: 0, greedy (req), max_tokens: 256 (req),
                       min_tokens: 256 (req)
16:53:18.597 INFO:     #206 chat/completions (stream): 256 tokens generated at
                       150.5 T/s · prompt 61 tokens, none cached, 61 new in 0.07
                       s · first token 0.07 s, total 1.78 s · draft 171/255
                       accepted (67%) · max_tokens reached
16:53:18.760 INFO:     #212 chat/completions (stream): 722 prompt tokens ·
                       temperature: 0, greedy (req), max_tokens: 256 (req),
                       min_tokens: 256 (req)
16:53:20.548 INFO:     #209 chat/completions (stream): 256 tokens generated at
                       104.4 T/s · prompt 86 tokens, none cached, 86 new in 0.08
                       s · first token 0.09 s, total 2.54 s · draft 154/306
                       accepted (50%) · max_tokens reached
16:53:20.595 INFO:     #213 chat/completions (stream): 115 prompt tokens ·
                       temperature: 0, greedy (req), max_tokens: 256 (req),
                       min_tokens: 256 (req)
16:53:20.744 INFO:     #211 chat/completions (stream): 256 tokens generated at
                       136.8 T/s · prompt 745 tokens, none cached, 745 new in
                       0.28 s (2,661 T/s) · first token 0.28 s, total 2.16 s ·
                       draft 169/261 accepted (65%) · max_tokens reached
16:53:20.788 INFO:     #214 chat/completions (stream): 91 prompt tokens ·
                       temperature: 0, greedy (req), max_tokens: 256 (req),
                       min_tokens: 256 (req)
16:53:20.908 INFO:     #210 chat/completions (stream): 256 tokens generated at
                       108.4 T/s · prompt 64 tokens, none cached, 64 new in 0.07
                       s · first token 0.08 s, total 2.44 s · draft 161/285
                       accepted (56%) · max_tokens reached
16:53:20.951 INFO:     #215 chat/completions (stream): 680 prompt tokens ·
                       temperature: 0, greedy (req), max_tokens: 256 (req),
                       min_tokens: 256 (req)
16:53:20.951 INFO:     #212 chat/completions (stream): 256 tokens generated at
                       137.9 T/s · prompt 722 tokens, none cached, 722 new in
                       0.27 s (2,674 T/s) · first token 0.28 s, total 2.13 s ·
                       draft 165/273 accepted (60%) · max_tokens reached
16:53:21.252 INFO:     #216 chat/completions (stream): 100 prompt tokens ·
                       temperature: 0, greedy (req), max_tokens: 256 (req),
                       min_tokens: 256 (req)
16:53:22.533 INFO:     #213 chat/completions (stream): 256 tokens generated at
                       143.7 T/s · prompt 115 tokens, none cached, 115 new in
                       0.10 s · first token 0.11 s, total 1.89 s · draft 178/234
                       accepted (76%) · max_tokens reached
16:53:22.548 INFO:     #214 chat/completions (stream): 256 tokens generated at
                       158.5 T/s · prompt 91 tokens, none cached, 91 new in 0.09
                       s · first token 0.09 s, total 1.71 s · draft 183/219
                       accepted (84%) · max_tokens reached
16:53:22.577 INFO:     #217 chat/completions (stream): 64 prompt tokens ·
                       temperature: 0, greedy (req), max_tokens: 256 (req),
                       min_tokens: 256 (req)
16:53:22.670 INFO:     #218 chat/completions (stream): 672 prompt tokens ·
                       temperature: 0, greedy (req), max_tokens: 256 (req),
                       min_tokens: 256 (req)
16:53:23.052 INFO:     #216 chat/completions (stream): 256 tokens generated at
                       156.2 T/s · prompt 100 tokens, none cached, 100 new in
                       0.09 s · first token 0.10 s, total 1.73 s · draft 180/228
                       accepted (79%) · max_tokens reached
16:53:23.104 INFO:     #219 chat/completions (stream): 875 prompt tokens ·
                       temperature: 0, greedy (req), max_tokens: 256 (req),
                       min_tokens: 256 (req)
16:53:23.594 INFO:     #215 chat/completions (stream): 256 tokens generated at
                       110.8 T/s · prompt 680 tokens, none cached, 680 new in
                       0.26 s (2,615 T/s) · first token 0.27 s, total 2.58 s ·
                       draft 163/279 accepted (58%) · max_tokens reached
16:53:23.644 INFO:     #220 chat/completions (stream): 139 prompt tokens ·
                       temperature: 0, greedy (req), max_tokens: 256 (req),
                       min_tokens: 256 (req)
16:53:24.847 INFO:     #217 chat/completions (stream): 256 tokens generated at
                       120.5 T/s · prompt 64 tokens, none cached, 64 new in 0.07
                       s · first token 0.08 s, total 2.20 s · draft 176/240
                       accepted (73%) · max_tokens reached
16:53:24.906 INFO:     #221 chat/completions (stream): 63 prompt tokens ·
                       temperature: 0, greedy (req), max_tokens: 256 (req),
                       min_tokens: 256 (req)
16:53:25.056 INFO:     #218 chat/completions (stream): 256 tokens generated at
                       129.9 T/s · prompt 672 tokens, none cached, 672 new in
                       0.26 s (2,585 T/s) · first token 0.26 s, total 2.24 s ·
                       draft 171/255 accepted (67%) · max_tokens reached
16:53:25.112 INFO:     #222 chat/completions (stream): 778 prompt tokens ·
                       temperature: 0, greedy (req), max_tokens: 256 (req),
                       min_tokens: 256 (req)
16:53:25.472 INFO:     #219 chat/completions (stream): 256 tokens generated at
                       128.1 T/s · prompt 875 tokens, none cached, 875 new in
                       0.29 s (3,017 T/s) · first token 0.30 s, total 2.29 s ·
                       draft 170/258 accepted (66%) · max_tokens reached
16:53:25.521 INFO:     #223 chat/completions (stream): 774 prompt tokens ·
                       temperature: 0, greedy (req), max_tokens: 256 (req),
                       min_tokens: 256 (req)
16:53:25.761 INFO:     #220 chat/completions (stream): 256 tokens generated at
                       146.3 T/s · prompt 139 tokens, none cached, 139 new in
                       0.11 s · first token 0.12 s, total 1.86 s · draft 178/234
                       accepted (76%) · max_tokens reached
16:53:25.812 INFO:     #224 chat/completions (stream): 65 prompt tokens ·
                       temperature: 0, greedy (req), max_tokens: 256 (req),
                       min_tokens: 256 (req)
16:53:27.122 INFO:     #222 chat/completions (stream): 256 tokens generated at
                       148.3 T/s · prompt 778 tokens, none cached, 778 new in
                       0.21 s (3,705 T/s) · first token 0.22 s, total 1.94 s ·
                       draft 175/243 accepted (72%) · max_tokens reached
16:53:27.172 INFO:     #225 chat/completions (stream): 117 prompt tokens ·
                       temperature: 0, greedy (req), max_tokens: 256 (req),
                       min_tokens: 256 (req)
16:53:27.338 INFO:     #223 chat/completions (stream): 256 tokens generated at
                       177.6 T/s · prompt 774 tokens, none cached, 774 new in
                       0.20 s (3,870 T/s) · first token 0.21 s, total 1.65 s ·
                       draft 180/228 accepted (79%) · max_tokens reached
16:53:27.389 INFO:     #226 chat/completions (stream): 405 prompt tokens ·
                       temperature: 0, greedy (req), max_tokens: 256 (req),
                       min_tokens: 256 (req)
16:53:27.920 INFO:     #221 chat/completions (stream): 256 tokens generated at
                       89.4 T/s · prompt 63 tokens, none cached, 63 new in 0.08
                       s · first token 0.09 s, total 2.95 s · draft 139/351
                       accepted (40%) · max_tokens reached
16:53:27.972 INFO:     #227 chat/completions (stream): 96 prompt tokens ·
                       temperature: 0, greedy (req), max_tokens: 256 (req),
                       min_tokens: 256 (req)
16:53:28.165 INFO:     #224 chat/completions (stream): 256 tokens generated at
                       115.8 T/s · prompt 65 tokens, none cached, 65 new in 0.07
                       s · first token 0.08 s, total 2.29 s · draft 155/303
                       accepted (51%) · max_tokens reached
16:53:28.218 INFO:     #228 chat/completions (stream): 1,533 prompt tokens ·
                       temperature: 0, greedy (req), max_tokens: 256 (req),
                       min_tokens: 256 (req)
16:53:29.326 INFO:     #225 chat/completions (stream): 256 tokens generated at
                       129.0 T/s · prompt 117 tokens, none cached, 117 new in
                       0.10 s · first token 0.11 s, total 2.09 s · draft 181/225
                       accepted (80%) · max_tokens reached
16:53:29.379 INFO:     #229 chat/completions (stream): 786 prompt tokens ·
                       temperature: 0, greedy (req), max_tokens: 256 (req),
                       min_tokens: 256 (req)
16:53:30.088 INFO:     #226 chat/completions (stream): 256 tokens generated at
                       106.7 T/s · prompt 405 tokens, none cached, 405 new in
                       0.23 s (1,761 T/s) · first token 0.24 s, total 2.64 s ·
                       draft 159/291 accepted (55%) · max_tokens reached
16:53:30.138 INFO:     #230 chat/completions (stream): 61 prompt tokens ·
                       temperature: 0, greedy (req), max_tokens: 256 (req),
                       min_tokens: 256 (req)
16:53:30.455 INFO:     #227 chat/completions (stream): 256 tokens generated at
                       110.8 T/s · prompt 96 tokens, none cached, 96 new in 0.09
                       s · first token 0.09 s, total 2.40 s · draft 163/279
                       accepted (58%) · max_tokens reached
16:53:30.505 INFO:     #231 chat/completions (stream): 84 prompt tokens ·
                       temperature: 0, greedy (req), max_tokens: 256 (req),
                       min_tokens: 256 (req)
16:53:30.780 INFO:     #228 chat/completions (stream): 256 tokens generated at
                       120.7 T/s · prompt 1,533 tokens, none cached, 1,533 new
                       in 0.37 s (4,143 T/s) · first token 0.37 s, total 2.49 s
                       · draft 159/291 accepted (55%) · max_tokens reached
16:53:30.830 INFO:     #232 chat/completions (stream): 92 prompt tokens ·
                       temperature: 0, greedy (req), max_tokens: 256 (req),
                       min_tokens: 256 (req)
16:53:31.327 INFO:     #229 chat/completions (stream): 256 tokens generated at
                       157.2 T/s · prompt 786 tokens, none cached, 786 new in
                       0.25 s (3,144 T/s) · first token 0.26 s, total 1.88 s ·
                       draft 178/234 accepted (76%) · max_tokens reached
16:53:31.378 INFO:     #233 chat/completions (stream): 388 prompt tokens ·
                       temperature: 0, greedy (req), max_tokens: 256 (req),
                       min_tokens: 256 (req)
16:53:32.138 INFO:     #230 chat/completions (stream): 256 tokens generated at
                       137.6 T/s · prompt 61 tokens, none cached, 61 new in 0.07
                       s · first token 0.08 s, total 1.94 s · draft 175/243
                       accepted (72%) · max_tokens reached
16:53:32.186 INFO:     #235 chat/completions (stream): 63 prompt tokens ·
                       temperature: 0, greedy (req), max_tokens: 256 (req),
                       min_tokens: 256 (req)
16:53:32.734 INFO:     #232 chat/completions (stream): 256 tokens generated at
                       145.9 T/s · prompt 92 tokens, none cached, 92 new in 0.08
                       s · first token 0.08 s, total 1.84 s · draft 175/243
                       accepted (72%) · max_tokens reached
16:53:32.775 INFO:     #236 chat/completions (stream): 78 prompt tokens ·
                       temperature: 0, greedy (req), max_tokens: 256 (req),
                       min_tokens: 256 (req)
16:53:32.776 INFO:     #231 chat/completions (stream): 256 tokens generated at
                       120.4 T/s · prompt 84 tokens, none cached, 84 new in 0.08
                       s · first token 0.09 s, total 2.21 s · draft 158/294
                       accepted (54%) · max_tokens reached
16:53:32.912 INFO:     #237 chat/completions (stream): 707 prompt tokens ·
                       temperature: 0, greedy (req), max_tokens: 256 (req),
                       min_tokens: 256 (req)
16:53:33.633 INFO:     #233 chat/completions (stream): 256 tokens generated at
                       132.2 T/s · prompt 388 tokens, none cached, 388 new in
                       0.25 s (1,552 T/s) · first token 0.26 s, total 2.19 s ·
                       draft 171/255 accepted (67%) · max_tokens reached
16:53:33.685 INFO:     #238 chat/completions (stream): 316 prompt tokens ·
                       temperature: 0, greedy (req), max_tokens: 256 (req),
                       min_tokens: 256 (req)
16:53:34.747 INFO:     #235 chat/completions (stream): 256 tokens generated at
                       105.8 T/s · prompt 63 tokens, none cached, 63 new in 0.07
                       s · first token 0.08 s, total 2.50 s · draft 152/312
                       accepted (49%) · max_tokens reached
16:53:34.796 INFO:     #239 chat/completions (stream): 70 prompt tokens ·
                       temperature: 0, greedy (req), max_tokens: 256 (req),
                       min_tokens: 256 (req)
16:53:35.033 INFO:     #237 chat/completions (stream): 256 tokens generated at
                       144.1 T/s · prompt 707 tokens, none cached, 707 new in
                       0.27 s (2,619 T/s) · first token 0.27 s, total 2.05 s ·
                       draft 174/246 accepted (71%) · max_tokens reached
16:53:35.083 INFO:     #240 chat/completions (stream): 85 prompt tokens ·
                       temperature: 0, greedy (req), max_tokens: 256 (req),
                       min_tokens: 256 (req)
16:53:35.327 INFO:     #236 chat/completions (stream): 256 tokens generated at
                       106.6 T/s · prompt 78 tokens, none cached, 78 new in 0.08
                       s · first token 0.09 s, total 2.49 s · draft 158/294
                       accepted (54%) · max_tokens reached
16:53:35.379 INFO:     #241 chat/completions (stream): 689 prompt tokens ·
                       temperature: 0, greedy (req), max_tokens: 256 (req),
                       min_tokens: 256 (req)
16:53:35.806 INFO:     #238 chat/completions (stream): 256 tokens generated at
                       139.1 T/s · prompt 316 tokens, none cached, 316 new in
                       0.21 s (1,505 T/s) · first token 0.22 s, total 2.06 s ·
                       draft 178/234 accepted (76%) · max_tokens reached
16:53:35.858 INFO:     #242 chat/completions (stream): 118 prompt tokens ·
                       temperature: 0, greedy (req), max_tokens: 256 (req),
                       min_tokens: 256 (req)
16:53:37.280 INFO:     #239 chat/completions (stream): 256 tokens generated at
                       109.5 T/s · prompt 70 tokens, none cached, 70 new in 0.07
                       s · first token 0.08 s, total 2.41 s · draft 152/312
                       accepted (49%) · max_tokens reached
16:53:37.331 INFO:     #243 chat/completions (stream): 811 prompt tokens ·
                       temperature: 0, greedy (req), max_tokens: 256 (req),
                       min_tokens: 256 (req)
16:53:37.642 INFO:     #242 chat/completions (stream): 256 tokens generated at
                       187.1 T/s · prompt 118 tokens, none cached, 118 new in
                       0.10 s · first token 0.11 s, total 1.47 s · draft 181/225
                       accepted (80%) · max_tokens reached
16:53:37.692 INFO:     #244 chat/completions (stream): 560 prompt tokens ·
                       temperature: 0, greedy (req), max_tokens: 256 (req),
                       min_tokens: 256 (req)
16:53:38.031 INFO:     #240 chat/completions (stream): 256 tokens generated at
                       91.2 T/s · prompt 85 tokens, none cached, 85 new in 0.08
                       s · first token 0.08 s, total 2.89 s · draft 146/330
                       accepted (44%) · max_tokens reached
16:53:38.032 INFO:     #241 chat/completions (stream): 256 tokens generated at
                       110.7 T/s · prompt 689 tokens, none cached, 689 new in
                       0.28 s (2,461 T/s) · first token 0.29 s, total 2.60 s ·
                       draft 159/291 accepted (55%) · max_tokens reached
16:53:38.075 INFO:     #245 chat/completions (stream): 105 prompt tokens ·
                       temperature: 0, greedy (req), max_tokens: 256 (req),
                       min_tokens: 256 (req)
16:53:38.077 INFO:     #246 chat/completions (stream): 715 prompt tokens ·
                       temperature: 0, greedy (req), max_tokens: 256 (req),
                       min_tokens: 256 (req)
16:53:39.919 INFO:     #244 chat/completions (stream): 256 tokens generated at
                       132.5 T/s · prompt 560 tokens, none cached, 560 new in
                       0.23 s (2,435 T/s) · first token 0.23 s, total 2.17 s ·
                       draft 168/264 accepted (64%) · max_tokens reached
16:53:39.942 INFO:     #243 chat/completions (stream): 256 tokens generated at
                       111.5 T/s · prompt 811 tokens, none cached, 811 new in
                       0.26 s (3,119 T/s) · first token 0.27 s, total 2.56 s ·
                       draft 159/291 accepted (55%) · max_tokens reached
16:53:39.953 INFO:     #247 chat/completions (stream): 116 prompt tokens ·
                       temperature: 0, greedy (req), max_tokens: 256 (req),
                       min_tokens: 256 (req)
16:53:40.069 INFO:     #245 chat/completions (stream): 256 tokens generated at
                       161.2 T/s · prompt 105 tokens, none cached, 105 new in
                       0.24 s · first token 0.25 s, total 1.84 s · draft 174/246
                       accepted (71%) · max_tokens reached
16:53:40.084 INFO:     #248 chat/completions (stream): 69 prompt tokens ·
                       temperature: 0, greedy (req), max_tokens: 256 (req),
                       min_tokens: 256 (req)
16:53:40.197 INFO:     #249 chat/completions (stream): 63 prompt tokens ·
                       temperature: 0, greedy (req), max_tokens: 256 (req),
                       min_tokens: 256 (req)
16:53:40.368 INFO:     #246 chat/completions (stream): 256 tokens generated at
                       137.9 T/s · prompt 715 tokens, none cached, 715 new in
                       0.27 s (2,648 T/s) · queued 0.10 s, first token 0.37 s,
                       total 2.23 s · draft 166/270 accepted (61%) · max_tokens
                       reached
16:53:40.416 INFO:     #250 chat/completions (stream): 74 prompt tokens ·
                       temperature: 0, greedy (req), max_tokens: 256 (req),
                       min_tokens: 256 (req)
16:53:41.860 INFO:     #247 chat/completions (stream): 256 tokens generated at
                       147.3 T/s · prompt 116 tokens, none cached, 116 new in
                       0.10 s · first token 0.11 s, total 1.84 s · draft 172/252
                       accepted (68%) · max_tokens reached
16:53:41.913 INFO:     #251 chat/completions (stream): 755 prompt tokens ·
                       temperature: 0, greedy (req), max_tokens: 256 (req),
                       min_tokens: 256 (req)
16:53:42.239 INFO:     #249 chat/completions (stream): 256 tokens generated at
                       156.2 T/s · prompt 63 tokens, none cached, 63 new in 0.07
                       s · first token 0.08 s, total 1.71 s · draft 169/261
                       accepted (65%) · max_tokens reached
16:53:42.290 INFO:     #252 chat/completions (stream): 119 prompt tokens ·
                       temperature: 0, greedy (req), max_tokens: 256 (req),
                       min_tokens: 256 (req)
16:53:42.565 INFO:     #250 chat/completions (stream): 256 tokens generated at
                       128.0 T/s · prompt 74 tokens, none cached, 74 new in 0.08
                       s · first token 0.09 s, total 2.09 s · draft 166/270
                       accepted (61%) · max_tokens reached
16:53:42.616 INFO:     #253 chat/completions (stream): 157 prompt tokens ·
                       temperature: 0, greedy (req), max_tokens: 256 (req),
                       min_tokens: 256 (req)
16:53:42.777 INFO:     #248 chat/completions (stream): 256 tokens generated at
                       104.5 T/s · prompt 69 tokens, none cached, 69 new in 0.07
                       s · first token 0.08 s, total 2.53 s · draft 148/324
                       accepted (46%) · max_tokens reached
16:53:42.828 INFO:     #254 chat/completions (stream): 588 prompt tokens ·
                       temperature: 0, greedy (req), max_tokens: 256 (req),
                       min_tokens: 256 (req)
16:53:44.153 INFO:     #252 chat/completions (stream): 256 tokens generated at
                       151.1 T/s · prompt 119 tokens, none cached, 119 new in
                       0.10 s · first token 0.11 s, total 1.80 s · draft 182/222
                       accepted (82%) · max_tokens reached
16:53:44.204 INFO:     #255 chat/completions (stream): 86 prompt tokens ·
                       temperature: 0, greedy (req), max_tokens: 256 (req),
                       min_tokens: 256 (req)
16:53:44.531 INFO:     #251 chat/completions (stream): 256 tokens generated at
                       112.1 T/s · prompt 755 tokens, none cached, 755 new in
                       0.27 s (2,796 T/s) · first token 0.28 s, total 2.56 s ·
                       draft 159/291 accepted (55%) · max_tokens reached
16:53:44.546 INFO:     #253 chat/completions (stream): 256 tokens generated at
                       144.0 T/s · prompt 157 tokens, none cached, 157 new in
                       0.09 s · first token 0.10 s, total 1.87 s · draft 176/240
                       accepted (73%) · max_tokens reached
16:53:44.574 INFO:     #256 chat/completions (stream): 71 prompt tokens ·
                       temperature: 0, greedy (req), max_tokens: 256 (req),
                       min_tokens: 256 (req)
16:53:44.675 INFO:     #257 chat/completions (stream): 1,392 prompt tokens ·
                       temperature: 0, greedy (req), max_tokens: 256 (req),
                       min_tokens: 256 (req)
16:53:45.508 INFO:     #254 chat/completions (stream): 256 tokens generated at
                       108.3 T/s · prompt 588 tokens, none cached, 588 new in
                       0.24 s (2,450 T/s) · first token 0.24 s, total 2.61 s ·
                       draft 154/306 accepted (50%) · max_tokens reached
16:53:45.558 INFO:     #258 chat/completions (stream): 107 prompt tokens ·
                       temperature: 0, greedy (req), max_tokens: 256 (req),
                       min_tokens: 256 (req)
16:53:46.523 INFO:     #255 chat/completions (stream): 256 tokens generated at
                       118.4 T/s · prompt 86 tokens, none cached, 86 new in 0.08
                       s · first token 0.09 s, total 2.25 s · draft 164/276
                       accepted (59%) · max_tokens reached
16:53:46.574 INFO:     #259 chat/completions (stream): 75 prompt tokens ·
                       temperature: 0, greedy (req), max_tokens: 256 (req),
                       min_tokens: 256 (req)
16:53:46.975 INFO:     #257 chat/completions (stream): 256 tokens generated at
                       136.8 T/s · prompt 1,392 tokens, none cached, 1,392 new
                       in 0.36 s (3,867 T/s) · first token 0.36 s, total 2.24 s
                       · draft 162/282 accepted (57%) · max_tokens reached
16:53:47.027 INFO:     #260 chat/completions (stream): 97 prompt tokens ·
                       temperature: 0, greedy (req), max_tokens: 256 (req),
                       min_tokens: 256 (req)
16:53:47.246 INFO:     #256 chat/completions (stream): 256 tokens generated at
                       101.4 T/s · prompt 71 tokens, none cached, 71 new in 0.08
                       s · first token 0.09 s, total 2.61 s · draft 150/318
                       accepted (47%) · max_tokens reached
16:53:47.296 INFO:     #262 chat/completions (stream): 81 prompt tokens ·
                       temperature: 0, greedy (req), max_tokens: 256 (req),
                       min_tokens: 256 (req)
16:53:47.875 INFO:     #258 chat/completions (stream): 256 tokens generated at
                       119.0 T/s · prompt 107 tokens, none cached, 107 new in
                       0.09 s · first token 0.10 s, total 2.25 s · draft 151/315
                       accepted (48%) · max_tokens reached
16:53:47.927 INFO:     #263 chat/completions (stream): 642 prompt tokens ·
                       temperature: 0, greedy (req), max_tokens: 256 (req),
                       min_tokens: 256 (req)
16:53:48.850 INFO:     #259 chat/completions (stream): 256 tokens generated at
                       120.2 T/s · prompt 75 tokens, none cached, 75 new in 0.08
                       s · first token 0.09 s, total 2.21 s · draft 161/285
                       accepted (56%) · max_tokens reached
16:53:48.900 INFO:     #264 chat/completions (stream): 61 prompt tokens ·
                       temperature: 0, greedy (req), max_tokens: 256 (req),
                       min_tokens: 256 (req)
16:53:49.071 INFO:     #260 chat/completions (stream): 256 tokens generated at
                       136.2 T/s · prompt 97 tokens, none cached, 97 new in 0.10
                       s · first token 0.11 s, total 1.98 s · draft 173/249
                       accepted (69%) · max_tokens reached
16:53:49.113 INFO:     #265 chat/completions (stream): 128 prompt tokens ·
                       temperature: 0, greedy (req), max_tokens: 256 (req),
                       min_tokens: 256 (req)
16:53:49.113 INFO:     #262 chat/completions (stream): 256 tokens generated at
                       152.5 T/s · prompt 81 tokens, none cached, 81 new in 0.08
                       s · first token 0.08 s, total 1.76 s · draft 180/228
                       accepted (79%) · max_tokens reached
16:53:49.268 INFO:     #266 chat/completions (stream): 712 prompt tokens ·
                       temperature: 0, greedy (req), max_tokens: 256 (req),
                       min_tokens: 256 (req)
16:53:50.359 INFO:     #263 chat/completions (stream): 256 tokens generated at
                       122.0 T/s · prompt 642 tokens, none cached, 642 new in
                       0.26 s (2,469 T/s) · first token 0.27 s, total 2.36 s ·
                       draft 163/279 accepted (58%) · max_tokens reached
16:53:50.410 INFO:     #267 chat/completions (stream): 94 prompt tokens ·
                       temperature: 0, greedy (req), max_tokens: 256 (req),
                       min_tokens: 256 (req)
16:53:51.002 INFO:     #264 chat/completions (stream): 256 tokens generated at
                       129.6 T/s · prompt 61 tokens, none cached, 61 new in 0.07
                       s · first token 0.08 s, total 2.05 s · draft 172/252
                       accepted (68%) · max_tokens reached
16:53:51.003 INFO:     #265 chat/completions (stream): 256 tokens generated at
                       147.7 T/s · prompt 128 tokens, none cached, 128 new in
                       0.10 s · first token 0.11 s, total 1.84 s · draft 181/225
                       accepted (80%) · max_tokens reached
16:53:51.044 INFO:     #268 chat/completions (stream): 93 prompt tokens ·
                       temperature: 0, greedy (req), max_tokens: 256 (req),
                       min_tokens: 256 (req)
16:53:51.046 INFO:     #269 chat/completions (stream): 66 prompt tokens ·
                       temperature: 0, greedy (req), max_tokens: 256 (req),
                       min_tokens: 256 (req)
16:53:51.528 INFO:     #266 chat/completions (stream): 256 tokens generated at
                       134.7 T/s · prompt 712 tokens, none cached, 712 new in
                       0.29 s (2,455 T/s) · first token 0.29 s, total 2.20 s ·
                       draft 165/273 accepted (60%) · max_tokens reached
16:53:51.578 INFO:     #270 chat/completions (stream): 108 prompt tokens ·
                       temperature: 0, greedy (req), max_tokens: 256 (req),
                       min_tokens: 256 (req)
16:53:52.530 INFO:     #267 chat/completions (stream): 256 tokens generated at
                       131.2 T/s · prompt 94 tokens, none cached, 94 new in 0.10
                       s · first token 0.11 s, total 2.06 s · draft 163/279
                       accepted (58%) · max_tokens reached
16:53:52.580 INFO:     #271 chat/completions (stream): 93 prompt tokens ·
                       temperature: 0, greedy (req), max_tokens: 256 (req),
                       min_tokens: 256 (req)
16:53:52.975 INFO:     #268 chat/completions (stream): 256 tokens generated at
                       151.1 T/s · prompt 93 tokens, none cached, 93 new in 0.16
                       s · first token 0.17 s, total 1.86 s · draft 174/246
                       accepted (71%) · max_tokens reached
16:53:53.026 INFO:     #272 chat/completions (stream): 86 prompt tokens ·
                       temperature: 0, greedy (req), max_tokens: 256 (req),
                       min_tokens: 256 (req)
16:53:53.232 INFO:     #269 chat/completions (stream): 256 tokens generated at
                       131.1 T/s · prompt 66 tokens, none cached, 66 new in 0.07
                       s · first token 0.16 s, total 2.12 s · draft 164/276
                       accepted (59%) · max_tokens reached
16:53:53.285 INFO:     #273 chat/completions (stream): 87 prompt tokens ·
                       temperature: 0, greedy (req), max_tokens: 256 (req),
                       min_tokens: 256 (req)
16:53:53.575 INFO:     #270 chat/completions (stream): 256 tokens generated at
                       139.8 T/s · prompt 108 tokens, none cached, 108 new in
                       0.09 s · first token 0.10 s, total 1.93 s · draft 170/258
                       accepted (66%) · max_tokens reached
16:53:53.625 INFO:     #274 chat/completions (stream): 91 prompt tokens ·
                       temperature: 0, greedy (req), max_tokens: 256 (req),
                       min_tokens: 256 (req)
16:53:54.341 INFO:     #271 chat/completions (stream): 256 tokens generated at
                       159.8 T/s · prompt 93 tokens, none cached, 93 new in 0.09
                       s · first token 0.10 s, total 1.70 s · draft 180/228
                       accepted (79%) · max_tokens reached
16:53:54.393 INFO:     #275 chat/completions (stream): 849 prompt tokens ·
                       temperature: 0, greedy (req), max_tokens: 256 (req),
                       min_tokens: 256 (req)
16:53:55.032 INFO:     #272 chat/completions (stream): 256 tokens generated at
                       138.2 T/s · prompt 86 tokens, none cached, 86 new in 0.08
                       s · first token 0.08 s, total 1.94 s · draft 177/237
                       accepted (75%) · max_tokens reached
16:53:55.084 INFO:     #276 chat/completions (stream): 82 prompt tokens ·
                       temperature: 0, greedy (req), max_tokens: 256 (req),
                       min_tokens: 256 (req)
16:53:55.661 INFO:     #273 chat/completions (stream): 256 tokens generated at
                       115.1 T/s · prompt 87 tokens, none cached, 87 new in 0.08
                       s · first token 0.08 s, total 2.31 s · draft 157/297
                       accepted (53%) · max_tokens reached
16:53:55.711 INFO:     #277 chat/completions (stream): 64 prompt tokens ·
                       temperature: 0, greedy (req), max_tokens: 256 (req),
                       min_tokens: 256 (req)
16:53:56.121 INFO:     #274 chat/completions (stream): 256 tokens generated at
                       109.3 T/s · prompt 91 tokens, none cached, 91 new in 0.08
                       s · first token 0.09 s, total 2.43 s · draft 149/321
                       accepted (46%) · max_tokens reached
16:53:56.171 INFO:     #278 chat/completions (stream): 117 prompt tokens ·
                       temperature: 0, greedy (req), max_tokens: 256 (req),
                       min_tokens: 256 (req)
16:53:56.600 INFO:     #275 chat/completions (stream): 256 tokens generated at
                       139.5 T/s · prompt 849 tokens, none cached, 849 new in
                       0.30 s (2,830 T/s) · first token 0.31 s, total 2.14 s ·
                       draft 168/264 accepted (64%) · max_tokens reached
16:53:56.654 INFO:     #279 chat/completions (stream): 1,307 prompt tokens ·
                       temperature: 0, greedy (req), max_tokens: 256 (req),
                       min_tokens: 256 (req)
16:53:57.243 INFO:     #276 chat/completions (stream): 256 tokens generated at
                       127.7 T/s · prompt 82 tokens, none cached, 82 new in 0.08
                       s · first token 0.09 s, total 2.09 s · draft 169/261
                       accepted (65%) · max_tokens reached
16:53:57.294 INFO:     #280 chat/completions (stream): 93 prompt tokens ·
                       temperature: 0, greedy (req), max_tokens: 256 (req),
                       min_tokens: 256 (req)
16:53:58.052 INFO:     #278 chat/completions (stream): 256 tokens generated at
                       149.5 T/s · prompt 117 tokens, none cached, 117 new in
                       0.10 s · first token 0.10 s, total 1.82 s · draft 181/225
                       accepted (80%) · max_tokens reached
16:53:58.094 INFO:     #281 chat/completions (stream): 108 prompt tokens ·
                       temperature: 0, greedy (req), max_tokens: 256 (req),
                       min_tokens: 256 (req)
16:53:58.211 INFO:     #277 chat/completions (stream): 256 tokens generated at
                       113.0 T/s · prompt 64 tokens, none cached, 64 new in 0.07
                       s · first token 0.08 s, total 2.34 s · draft 155/303
                       accepted (51%) · max_tokens reached
16:53:58.262 INFO:     #282 chat/completions (stream): 97 prompt tokens ·
                       temperature: 0, greedy (req), max_tokens: 256 (req),
                       min_tokens: 256 (req)
16:53:58.998 INFO:     #279 chat/completions (stream): 256 tokens generated at
                       128.7 T/s · prompt 1,307 tokens, none cached, 1,307 new
                       in 0.29 s (4,507 T/s) · first token 0.30 s, total 2.28 s
                       · draft 160/288 accepted (56%) · max_tokens reached
16:53:59.049 INFO:     #283 chat/completions (stream): 752 prompt tokens ·
                       temperature: 0, greedy (req), max_tokens: 256 (req),
                       min_tokens: 256 (req)
16:53:59.645 INFO:     #280 chat/completions (stream): 256 tokens generated at
                       116.7 T/s · prompt 93 tokens, none cached, 93 new in 0.09
                       s · first token 0.10 s, total 2.29 s · draft 158/294
                       accepted (54%) · max_tokens reached
16:53:59.698 INFO:     #284 chat/completions (stream): 772 prompt tokens ·
                       temperature: 0, greedy (req), max_tokens: 256 (req),
                       min_tokens: 256 (req)
16:54:00.320 INFO:     #282 chat/completions (stream): 256 tokens generated at
                       134.8 T/s · prompt 97 tokens, none cached, 97 new in 0.09
                       s · first token 0.09 s, total 1.99 s · draft 175/243
                       accepted (72%) · max_tokens reached
16:54:00.365 INFO:     #285 chat/completions (stream): 84 prompt tokens ·
                       temperature: 0, greedy (req), max_tokens: 256 (req),
                       min_tokens: 256 (req)
16:54:00.484 INFO:     #281 chat/completions (stream): 256 tokens generated at
                       119.5 T/s · prompt 108 tokens, none cached, 108 new in
                       0.09 s · first token 0.10 s, total 2.24 s · draft 166/270
                       accepted (61%) · max_tokens reached
16:54:00.535 INFO:     #286 chat/completions (stream): 76 prompt tokens ·
                       temperature: 0, greedy (req), max_tokens: 256 (req),
                       min_tokens: 256 (req)
16:54:01.364 INFO:     #283 chat/completions (stream): 256 tokens generated at
                       129.8 T/s · prompt 752 tokens, none cached, 752 new in
                       0.27 s (2,785 T/s) · first token 0.28 s, total 2.25 s ·
                       draft 165/273 accepted (60%) · max_tokens reached
16:54:01.415 INFO:     #287 chat/completions (stream): 881 prompt tokens ·
                       temperature: 0, greedy (req), max_tokens: 256 (req),
                       min_tokens: 256 (req)
16:54:01.891 INFO:     #284 chat/completions (stream): 256 tokens generated at
                       133.7 T/s · prompt 772 tokens, none cached, 772 new in
                       0.21 s (3,676 T/s) · first token 0.22 s, total 2.13 s ·
                       draft 173/249 accepted (69%) · max_tokens reached
16:54:01.941 INFO:     #288 chat/completions (stream): 78 prompt tokens ·
                       temperature: 0, greedy (req), max_tokens: 256 (req),
                       min_tokens: 256 (req)
16:54:02.541 INFO:     #286 chat/completions (stream): 256 tokens generated at
                       137.7 T/s · prompt 76 tokens, none cached, 76 new in 0.08
                       s · first token 0.09 s, total 1.94 s · draft 172/252
                       accepted (68%) · max_tokens reached
16:54:02.592 INFO:     #290 chat/completions (stream): 681 prompt tokens ·
                       temperature: 0, greedy (req), max_tokens: 256 (req),
                       min_tokens: 256 (req)
16:54:03.001 INFO:     #285 chat/completions (stream): 256 tokens generated at
                       103.0 T/s · prompt 84 tokens, none cached, 84 new in 0.08
                       s · first token 0.09 s, total 2.57 s · draft 154/306
                       accepted (50%) · max_tokens reached
16:54:03.053 INFO:     #291 chat/completions (stream): 947 prompt tokens ·
                       temperature: 0, greedy (req), max_tokens: 256 (req),
                       min_tokens: 256 (req)
16:54:03.900 INFO:     #287 chat/completions (stream): 256 tokens generated at
                       120.8 T/s · prompt 881 tokens, none cached, 881 new in
                       0.30 s (2,937 T/s) · first token 0.31 s, total 2.42 s ·
                       draft 170/258 accepted (66%) · max_tokens reached
16:54:03.951 INFO:     #292 chat/completions (stream): 98 prompt tokens ·
                       temperature: 0, greedy (req), max_tokens: 256 (req),
                       min_tokens: 256 (req)
16:54:04.312 INFO:     #288 chat/completions (stream): 256 tokens generated at
                       115.1 T/s · prompt 78 tokens, none cached, 78 new in 0.08
                       s · first token 0.09 s, total 2.31 s · draft 165/273
                       accepted (60%) · max_tokens reached
16:54:04.371 INFO:     #293 chat/completions (stream): 96 prompt tokens ·
                       temperature: 0, greedy (req), max_tokens: 256 (req),
                       min_tokens: 256 (req)
16:54:04.964 INFO:     #290 chat/completions (stream): 256 tokens generated at
                       125.0 T/s · prompt 681 tokens, none cached, 681 new in
                       0.25 s (2,724 T/s) · first token 0.26 s, total 2.30 s ·
                       draft 167/267 accepted (63%) · max_tokens reached
16:54:05.015 INFO:     #294 chat/completions (stream): 191 prompt tokens ·
                       temperature: 0, greedy (req), max_tokens: 256 (req),
                       min_tokens: 256 (req)
16:54:05.218 INFO:     #291 chat/completions (stream): 256 tokens generated at
                       142.0 T/s · prompt 947 tokens, none cached, 947 new in
                       0.29 s (3,266 T/s) · first token 0.30 s, total 2.10 s ·
                       draft 171/255 accepted (67%) · max_tokens reached
16:54:05.267 INFO:     #295 chat/completions (stream): 166 prompt tokens ·
                       temperature: 0, greedy (req), max_tokens: 256 (req),
                       min_tokens: 256 (req)
16:54:06.142 INFO:     #292 chat/completions (stream): 256 tokens generated at
                       126.2 T/s · prompt 98 tokens, none cached, 98 new in 0.09
                       s · first token 0.10 s, total 2.12 s · draft 159/291
                       accepted (55%) · max_tokens reached
16:54:06.192 INFO:     #296 chat/completions (stream): 85 prompt tokens ·
                       temperature: 0, greedy (req), max_tokens: 256 (req),
                       min_tokens: 256 (req)
16:54:06.419 INFO:     #293 chat/completions (stream): 256 tokens generated at
                       135.5 T/s · prompt 96 tokens, none cached, 96 new in 0.09
                       s · first token 0.10 s, total 1.98 s · draft 166/270
                       accepted (61%) · max_tokens reached
16:54:06.476 INFO:     #297 chat/completions (stream): 62 prompt tokens ·
                       temperature: 0, greedy (req), max_tokens: 256 (req),
                       min_tokens: 256 (req)
16:54:07.078 INFO:     #294 chat/completions (stream): 256 tokens generated at
                       134.3 T/s · prompt 191 tokens, none cached, 191 new in
                       0.10 s · first token 0.11 s, total 2.01 s · draft 164/276
                       accepted (59%) · max_tokens reached
16:54:07.079 INFO:     #295 chat/completions (stream): 256 tokens generated at
                       154.1 T/s · prompt 166 tokens, none cached, 166 new in
                       0.09 s · first token 0.09 s, total 1.76 s · draft 173/249
                       accepted (69%) · max_tokens reached
16:54:07.123 INFO:     #298 chat/completions (stream): 775 prompt tokens ·
                       temperature: 0, greedy (req), max_tokens: 256 (req),
                       min_tokens: 256 (req)
16:54:07.125 INFO:     #299 chat/completions (stream): 63 prompt tokens ·
                       temperature: 0, greedy (req), max_tokens: 256 (req),
                       min_tokens: 256 (req)
16:54:08.266 INFO:     #296 chat/completions (stream): 256 tokens generated at
                       133.4 T/s · prompt 85 tokens, none cached, 85 new in 0.08
                       s · first token 0.09 s, total 2.00 s · draft 166/270
                       accepted (61%) · max_tokens reached
16:54:08.314 INFO:     #300 chat/completions (stream): 97 prompt tokens ·
                       temperature: 0, greedy (req), max_tokens: 256 (req),
                       min_tokens: 256 (req)
16:54:08.480 INFO:     #297 chat/completions (stream): 256 tokens generated at
                       145.2 T/s · prompt 62 tokens, none cached, 62 new in 0.07
                       s · first token 0.08 s, total 1.84 s · draft 170/258
                       accepted (66%) · max_tokens reached
16:54:08.528 INFO:     #301 chat/completions (stream): 65 prompt tokens ·
                       temperature: 0, greedy (req), max_tokens: 256 (req),
                       min_tokens: 256 (req)
16:54:09.273 INFO:     #298 chat/completions (stream): 256 tokens generated at
                       141.7 T/s · prompt 775 tokens, none cached, 775 new in
                       0.27 s (2,870 T/s) · first token 0.28 s, total 2.09 s ·
                       draft 163/279 accepted (58%) · max_tokens reached
16:54:09.323 INFO:     #302 chat/completions (stream): 61 prompt tokens ·
                       temperature: 0, greedy (req), max_tokens: 256 (req),
                       min_tokens: 256 (req)
16:54:09.616 INFO:     #299 chat/completions (stream): 256 tokens generated at
                       117.5 T/s · prompt 63 tokens, none cached, 63 new in 0.07
                       s · queued 0.18 s, first token 0.25 s, total 2.43 s ·
                       draft 147/327 accepted (45%) · max_tokens reached
16:54:09.668 INFO:     #303 chat/completions (stream): 797 prompt tokens ·
                       temperature: 0, greedy (req), max_tokens: 256 (req),
                       min_tokens: 256 (req)
16:54:10.324 INFO:     #300 chat/completions (stream): 256 tokens generated at
                       138.4 T/s · prompt 97 tokens, none cached, 97 new in 0.09
                       s · first token 0.10 s, total 1.95 s · draft 171/255
                       accepted (67%) · max_tokens reached
16:54:10.377 INFO:     #304 chat/completions (stream): 822 prompt tokens ·
                       temperature: 0, greedy (req), max_tokens: 256 (req),
                       min_tokens: 256 (req)
16:54:10.907 INFO:     #301 chat/completions (stream): 256 tokens generated at
                       114.4 T/s · prompt 65 tokens, none cached, 65 new in 0.07
                       s · first token 0.08 s, total 2.31 s · draft 161/285
                       accepted (56%) · max_tokens reached
16:54:10.956 INFO:     #305 chat/completions (stream): 63 prompt tokens ·
                       temperature: 0, greedy (req), max_tokens: 256 (req),
                       min_tokens: 256 (req)
16:54:11.578 INFO:     #303 chat/completions (stream): 256 tokens generated at
                       156.9 T/s · prompt 797 tokens, none cached, 797 new in
                       0.21 s (3,795 T/s) · first token 0.21 s, total 1.85 s ·
                       draft 185/213 accepted (87%) · max_tokens reached
16:54:11.630 INFO:     #306 chat/completions (stream): 94 prompt tokens ·
                       temperature: 0, greedy (req), max_tokens: 256 (req),
                       min_tokens: 256 (req)
16:54:12.004 INFO:     #302 chat/completions (stream): 256 tokens generated at
                       100.7 T/s · prompt 61 tokens, none cached, 61 new in 0.07
                       s · first token 0.08 s, total 2.62 s · draft 150/318
                       accepted (47%) · max_tokens reached
16:54:12.053 INFO:     #307 chat/completions (stream): 104 prompt tokens ·
                       temperature: 0, greedy (req), max_tokens: 256 (req),
                       min_tokens: 256 (req)
16:54:12.632 INFO:     #304 chat/completions (stream): 256 tokens generated at
                       135.5 T/s · prompt 822 tokens, none cached, 822 new in
                       0.30 s (2,740 T/s) · first token 0.31 s, total 2.19 s ·
                       draft 165/273 accepted (60%) · max_tokens reached
16:54:12.680 INFO:     #308 chat/completions (stream): 470 prompt tokens ·
                       temperature: 0, greedy (req), max_tokens: 256 (req),
                       min_tokens: 256 (req)
16:54:12.952 INFO:     #305 chat/completions (stream): 256 tokens generated at
                       156.6 T/s · prompt 63 tokens, none cached, 63 new in 0.07
                       s · first token 0.08 s, total 1.71 s · draft 175/243
                       accepted (72%) · max_tokens reached
16:54:13.004 INFO:     #309 chat/completions (stream): 957 prompt tokens ·
                       temperature: 0, greedy (req), max_tokens: 256 (req),
                       min_tokens: 256 (req)
16:54:14.199 INFO:     #306 chat/completions (stream): 256 tokens generated at
                       106.1 T/s · prompt 94 tokens, none cached, 94 new in 0.09
                       s · first token 0.10 s, total 2.51 s · draft 158/294
                       accepted (54%) · max_tokens reached
16:54:14.246 INFO:     #310 chat/completions (stream): 90 prompt tokens ·
                       temperature: 0, greedy (req), max_tokens: 256 (req),
                       min_tokens: 256 (req)
16:54:14.384 INFO:     #307 chat/completions (stream): 256 tokens generated at
                       123.0 T/s · prompt 104 tokens, none cached, 104 new in
                       0.09 s · first token 0.09 s, total 2.18 s · draft 171/255
                       accepted (67%) · max_tokens reached
16:54:14.443 INFO:     #311 chat/completions (stream): 72 prompt tokens ·
                       temperature: 0, greedy (req), max_tokens: 256 (req),
                       min_tokens: 256 (req)
16:54:14.993 INFO:     #308 chat/completions (stream): 256 tokens generated at
                       127.6 T/s · prompt 470 tokens, none cached, 470 new in
                       0.23 s (2,043 T/s) · first token 0.24 s, total 2.24 s ·
                       draft 173/249 accepted (69%) · max_tokens reached
16:54:15.046 INFO:     #312 chat/completions (stream): 748 prompt tokens ·
                       temperature: 0, greedy (req), max_tokens: 256 (req),
                       min_tokens: 256 (req)
16:54:15.420 INFO:     #309 chat/completions (stream): 256 tokens generated at
                       128.9 T/s · prompt 957 tokens, none cached, 957 new in
                       0.36 s (2,658 T/s) · first token 0.37 s, total 2.35 s ·
                       draft 169/261 accepted (65%) · max_tokens reached
16:54:15.475 INFO:     #313 chat/completions (stream): 135 prompt tokens ·
                       temperature: 0, greedy (req), max_tokens: 256 (req),
                       min_tokens: 256 (req)
16:54:16.210 INFO:     #310 chat/completions (stream): 256 tokens generated at
                       141.1 T/s · prompt 90 tokens, none cached, 90 new in 0.08
                       s · first token 0.09 s, total 1.90 s · draft 180/228
                       accepted (79%) · max_tokens reached
16:54:16.237 INFO:     #311 chat/completions (stream): 256 tokens generated at
                       154.3 T/s · prompt 72 tokens, none cached, 72 new in 0.08
                       s · first token 0.09 s, total 1.74 s · draft 184/216
                       accepted (85%) · max_tokens reached
16:54:16.251 INFO:     #314 chat/completions (stream): 109 prompt tokens ·
                       temperature: 0, greedy (req), max_tokens: 256 (req),
                       min_tokens: 256 (req)
16:54:16.384 INFO:     #315 chat/completions (stream): 748 prompt tokens ·
                       temperature: 0, greedy (req), max_tokens: 256 (req),
                       min_tokens: 256 (req)
16:54:17.351 INFO:     #312 chat/completions (stream): 256 tokens generated at
                       130.1 T/s · prompt 748 tokens, none cached, 748 new in
                       0.27 s (2,770 T/s) · first token 0.28 s, total 2.24 s ·
                       draft 172/252 accepted (68%) · max_tokens reached
16:54:17.397 INFO:     #317 chat/completions (stream): 1,170 prompt tokens ·
                       temperature: 0, greedy (req), max_tokens: 256 (req),
                       min_tokens: 256 (req)
16:54:17.752 INFO:     #313 chat/completions (stream): 256 tokens generated at
                       143.9 T/s · prompt 135 tokens, none cached, 135 new in
                       0.11 s · first token 0.12 s, total 1.89 s · draft 176/240
                       accepted (73%) · max_tokens reached
16:54:17.803 INFO:     #318 chat/completions (stream): 832 prompt tokens ·
                       temperature: 0, greedy (req), max_tokens: 256 (req),
                       min_tokens: 256 (req)
16:54:18.575 INFO:     #314 chat/completions (stream): 256 tokens generated at
                       118.5 T/s · prompt 109 tokens, none cached, 109 new in
                       0.09 s · first token 0.10 s, total 2.26 s · draft 182/222
                       accepted (82%) · max_tokens reached
16:54:18.625 INFO:     #319 chat/completions (stream): 64 prompt tokens ·
                       temperature: 0, greedy (req), max_tokens: 256 (req),
                       min_tokens: 256 (req)
16:54:18.925 INFO:     #315 chat/completions (stream): 256 tokens generated at
                       117.6 T/s · prompt 748 tokens, none cached, 748 new in
                       0.29 s (2,579 T/s) · first token 0.29 s, total 2.47 s ·
                       draft 169/261 accepted (65%) · max_tokens reached
16:54:18.974 INFO:     #320 chat/completions (stream): 103 prompt tokens ·
                       temperature: 0, greedy (req), max_tokens: 256 (req),
                       min_tokens: 256 (req)
16:54:19.723 INFO:     #318 chat/completions (stream): 256 tokens generated at
                       161.3 T/s · prompt 832 tokens, none cached, 832 new in
                       0.26 s (3,200 T/s) · first token 0.27 s, total 1.85 s ·
                       draft 177/237 accepted (75%) · max_tokens reached
16:54:19.775 INFO:     #321 chat/completions (stream): 101 prompt tokens ·
                       temperature: 0, greedy (req), max_tokens: 256 (req),
                       min_tokens: 256 (req)
16:54:20.060 INFO:     #317 chat/completions (stream): 256 tokens generated at
                       113.2 T/s · prompt 1,170 tokens, none cached, 1,170 new
                       in 0.33 s (3,545 T/s) · first token 0.34 s, total 2.60 s
                       · draft 158/294 accepted (54%) · max_tokens reached
16:54:20.108 INFO:     #322 chat/completions (stream): 63 prompt tokens ·
                       temperature: 0, greedy (req), max_tokens: 256 (req),
                       min_tokens: 256 (req)
16:54:20.868 INFO:     #319 chat/completions (stream): 256 tokens generated at
                       121.7 T/s · prompt 64 tokens, none cached, 64 new in 0.07
                       s · first token 0.08 s, total 2.18 s · draft 153/309
                       accepted (50%) · max_tokens reached
16:54:20.909 INFO:     #323 chat/completions (stream): 63 prompt tokens ·
                       temperature: 0, greedy (req), max_tokens: 256 (req),
                       min_tokens: 256 (req)
16:54:21.001 INFO:     #320 chat/completions (stream): 256 tokens generated at
                       142.6 T/s · prompt 103 tokens, none cached, 103 new in
                       0.09 s · first token 0.10 s, total 1.89 s · draft 165/273
                       accepted (60%) · max_tokens reached
16:54:21.052 INFO:     #324 chat/completions (stream): 155 prompt tokens ·
                       temperature: 0, greedy (req), max_tokens: 256 (req),
                       min_tokens: 256 (req)
16:54:21.794 INFO:     #321 chat/completions (stream): 256 tokens generated at
                       138.0 T/s · prompt 101 tokens, none cached, 101 new in
                       0.09 s · first token 0.10 s, total 1.95 s · draft 165/273
                       accepted (60%) · max_tokens reached
16:54:21.844 INFO:     #325 chat/completions (stream): 71 prompt tokens ·
                       temperature: 0, greedy (req), max_tokens: 256 (req),
                       min_tokens: 256 (req)
16:54:22.137 INFO:     #322 chat/completions (stream): 256 tokens generated at
                       135.6 T/s · prompt 63 tokens, none cached, 63 new in 0.07
                       s · first token 0.07 s, total 1.96 s · draft 164/276
                       accepted (59%) · max_tokens reached
16:54:22.186 INFO:     #326 chat/completions (stream): 102 prompt tokens ·
                       temperature: 0, greedy (req), max_tokens: 256 (req),
                       min_tokens: 256 (req)
16:54:22.832 INFO:     #323 chat/completions (stream): 256 tokens generated at
                       142.9 T/s · prompt 63 tokens, none cached, 63 new in 0.07
                       s · first token 0.08 s, total 1.87 s · draft 172/252
                       accepted (68%) · max_tokens reached
16:54:22.847 INFO:     #324 chat/completions (stream): 256 tokens generated at
                       155.7 T/s · prompt 155 tokens, none cached, 155 new in
                       0.09 s · first token 0.09 s, total 1.74 s · draft 175/243
                       accepted (72%) · max_tokens reached
16:54:22.876 INFO:     #327 chat/completions (stream): 91 prompt tokens ·
                       temperature: 0, greedy (req), max_tokens: 256 (req),
                       min_tokens: 256 (req)
16:54:22.985 INFO:     #328 chat/completions (stream): 788 prompt tokens ·
                       temperature: 0, greedy (req), max_tokens: 256 (req),
                       min_tokens: 256 (req)
16:54:24.355 INFO:     #325 chat/completions (stream): 256 tokens generated at
                       108.6 T/s · prompt 71 tokens, none cached, 71 new in 0.08
                       s · first token 0.09 s, total 2.44 s · draft 149/321
                       accepted (46%) · max_tokens reached
16:54:24.412 INFO:     #329 chat/completions (stream): 809 prompt tokens ·
                       temperature: 0, greedy (req), max_tokens: 256 (req),
                       min_tokens: 256 (req)
16:54:24.946 INFO:     #326 chat/completions (stream): 256 tokens generated at
                       98.7 T/s · prompt 102 tokens, none cached, 102 new in
                       0.09 s · first token 0.10 s, total 2.69 s · draft 147/327
                       accepted (45%) · max_tokens reached
16:54:24.999 INFO:     #330 chat/completions (stream): 106 prompt tokens ·
                       temperature: 0, greedy (req), max_tokens: 256 (req),
                       min_tokens: 256 (req)
16:54:25.281 INFO:     #327 chat/completions (stream): 256 tokens generated at
                       113.4 T/s · prompt 91 tokens, none cached, 91 new in 0.08
                       s · first token 0.09 s, total 2.34 s · draft 166/270
                       accepted (61%) · max_tokens reached
16:54:25.295 INFO:     #328 chat/completions (stream): 256 tokens generated at
                       125.7 T/s · prompt 788 tokens, none cached, 788 new in
                       0.21 s (3,752 T/s) · first token 0.21 s, total 2.25 s ·
                       draft 167/267 accepted (63%) · max_tokens reached
16:54:25.325 INFO:     #331 chat/completions (stream): 87 prompt tokens ·
                       temperature: 0, greedy (req), max_tokens: 256 (req),
                       min_tokens: 256 (req)
16:54:25.443 INFO:     #332 chat/completions (stream): 95 prompt tokens ·
                       temperature: 0, greedy (req), max_tokens: 256 (req),
                       min_tokens: 256 (req)
16:54:26.683 INFO:     #330 chat/completions (stream): 256 tokens generated at
                       168.7 T/s · prompt 106 tokens, none cached, 106 new in
                       0.09 s · first token 0.10 s, total 1.61 s · draft 181/225
                       accepted (80%) · max_tokens reached
16:54:26.734 INFO:     #333 chat/completions (stream): 133 prompt tokens ·
                       temperature: 0, greedy (req), max_tokens: 256 (req),
                       min_tokens: 256 (req)
16:54:27.133 INFO:     #329 chat/completions (stream): 256 tokens generated at
                       107.5 T/s · prompt 809 tokens, none cached, 809 new in
                       0.28 s (2,889 T/s) · first token 0.29 s, total 2.67 s ·
                       draft 145/333 accepted (44%) · max_tokens reached
16:54:27.134 INFO:     #331 chat/completions (stream): 256 tokens generated at
                       153.7 T/s · prompt 87 tokens, none cached, 87 new in 0.08
                       s · first token 0.09 s, total 1.75 s · draft 175/243
                       accepted (72%) · max_tokens reached
16:54:27.175 INFO:     #334 chat/completions (stream): 125 prompt tokens ·
                       temperature: 0, greedy (req), max_tokens: 256 (req),
                       min_tokens: 256 (req)
16:54:27.177 INFO:     #335 chat/completions (stream): 92 prompt tokens ·
                       temperature: 0, greedy (req), max_tokens: 256 (req),
                       min_tokens: 256 (req)
16:54:27.594 INFO:     #332 chat/completions (stream): 256 tokens generated at
                       128.2 T/s · prompt 95 tokens, none cached, 95 new in 0.08
                       s · first token 0.08 s, total 2.08 s · draft 160/288
                       accepted (56%) · max_tokens reached
16:54:27.643 INFO:     #336 chat/completions (stream): 143 prompt tokens ·
                       temperature: 0, greedy (req), max_tokens: 256 (req),
                       min_tokens: 256 (req)
16:54:28.653 INFO:     #333 chat/completions (stream): 256 tokens generated at
                       146.9 T/s · prompt 133 tokens, none cached, 133 new in
                       0.10 s · first token 0.11 s, total 1.85 s · draft 174/246
                       accepted (71%) · max_tokens reached
16:54:28.704 INFO:     #337 chat/completions (stream): 832 prompt tokens ·
                       temperature: 0, greedy (req), max_tokens: 256 (req),
                       min_tokens: 256 (req)
16:54:29.173 INFO:     #334 chat/completions (stream): 256 tokens generated at
                       146.1 T/s · prompt 125 tokens, none cached, 125 new in
                       0.18 s · first token 0.19 s, total 1.94 s · draft 178/234
                       accepted (76%) · max_tokens reached
16:54:29.173 INFO:     #335 chat/completions (stream): 256 tokens generated at
                       146.1 T/s · prompt 92 tokens, none cached, 92 new in 0.09
                       s · queued 0.11 s, first token 0.20 s, total 1.95 s ·
                       draft 178/234 accepted (76%) · max_tokens reached
16:54:29.216 INFO:     #338 chat/completions (stream): 91 prompt tokens ·
                       temperature: 0, greedy (req), max_tokens: 256 (req),
                       min_tokens: 256 (req)
16:54:29.218 INFO:     #339 chat/completions (stream): 62 prompt tokens ·
                       temperature: 0, greedy (req), max_tokens: 256 (req),
                       min_tokens: 256 (req)
16:54:30.050 INFO:     #336 chat/completions (stream): 256 tokens generated at
                       114.6 T/s · prompt 143 tokens, none cached, 143 new in
                       0.10 s · first token 0.11 s, total 2.34 s · draft 154/306
                       accepted (50%) · max_tokens reached
16:54:30.099 INFO:     #340 chat/completions (stream): 62 prompt tokens ·
                       temperature: 0, greedy (req), max_tokens: 256 (req),
                       min_tokens: 256 (req)
16:54:30.805 INFO:     #338 chat/completions (stream): 256 tokens generated at
                       187.5 T/s · prompt 91 tokens, none cached, 91 new in 0.15
                       s · first token 0.16 s, total 1.53 s · draft 184/216
                       accepted (85%) · max_tokens reached
16:54:30.819 INFO:     #337 chat/completions (stream): 256 tokens generated at
                       143.3 T/s · prompt 832 tokens, none cached, 832 new in
                       0.27 s (3,081 T/s) · first token 0.28 s, total 2.06 s ·
                       draft 168/264 accepted (64%) · max_tokens reached
16:54:30.847 INFO:     #341 chat/completions (stream): 71 prompt tokens ·
                       temperature: 0, greedy (req), max_tokens: 256 (req),
                       min_tokens: 256 (req)
16:54:30.945 INFO:     #342 chat/completions (stream): 93 prompt tokens ·
                       temperature: 0, greedy (req), max_tokens: 256 (req),
                       min_tokens: 256 (req)
16:54:31.475 INFO:     #339 chat/completions (stream): 256 tokens generated at
                       127.1 T/s · prompt 62 tokens, none cached, 62 new in 0.07
                       s · queued 0.10 s, first token 0.17 s, total 2.18 s ·
                       draft 156/300 accepted (52%) · max_tokens reached
16:54:31.525 INFO:     #343 chat/completions (stream): 74 prompt tokens ·
                       temperature: 0, greedy (req), max_tokens: 256 (req),
                       min_tokens: 256 (req)
16:54:32.216 INFO:     #340 chat/completions (stream): 256 tokens generated at
                       129.5 T/s · prompt 62 tokens, none cached, 62 new in 0.07
                       s · first token 0.08 s, total 2.05 s · draft 158/294
                       accepted (54%) · max_tokens reached
16:54:32.267 INFO:     #345 chat/completions (stream): 892 prompt tokens ·
                       temperature: 0, greedy (req), max_tokens: 256 (req),
                       min_tokens: 256 (req)
16:54:32.778 INFO:     #342 chat/completions (stream): 256 tokens generated at
                       152.5 T/s · prompt 93 tokens, none cached, 93 new in 0.09
                       s · first token 0.09 s, total 1.77 s · draft 182/222
                       accepted (82%) · max_tokens reached
16:54:32.829 INFO:     #346 chat/completions (stream): 726 prompt tokens ·
                       temperature: 0, greedy (req), max_tokens: 256 (req),
                       min_tokens: 256 (req)
16:54:33.247 INFO:     #341 chat/completions (stream): 256 tokens generated at
                       113.6 T/s · prompt 71 tokens, none cached, 71 new in 0.08
                       s · first token 0.09 s, total 2.34 s · draft 168/264
                       accepted (64%) · max_tokens reached
16:54:33.297 INFO:     #347 chat/completions (stream): 433 prompt tokens ·
                       temperature: 0, greedy (req), max_tokens: 256 (req),
                       min_tokens: 256 (req)
16:54:34.221 INFO:     #343 chat/completions (stream): 256 tokens generated at
                       100.4 T/s · prompt 74 tokens, none cached, 74 new in 0.08
                       s · first token 0.09 s, total 2.64 s · draft 153/309
                       accepted (50%) · max_tokens reached
16:54:34.270 INFO:     #348 chat/completions (stream): 116 prompt tokens ·
                       temperature: 0, greedy (req), max_tokens: 256 (req),
                       min_tokens: 256 (req)
16:54:34.700 INFO:     #345 chat/completions (stream): 256 tokens generated at
                       123.9 T/s · prompt 892 tokens, none cached, 892 new in
                       0.30 s (2,973 T/s) · first token 0.31 s, total 2.37 s ·
                       draft 171/255 accepted (67%) · max_tokens reached
16:54:34.751 INFO:     #349 chat/completions (stream): 81 prompt tokens ·
                       temperature: 0, greedy (req), max_tokens: 256 (req),
                       min_tokens: 256 (req)
16:54:35.177 INFO:     #346 chat/completions (stream): 256 tokens generated at
                       126.6 T/s · prompt 726 tokens, none cached, 726 new in
                       0.26 s (2,792 T/s) · first token 0.27 s, total 2.29 s ·
                       draft 164/276 accepted (59%) · max_tokens reached
16:54:35.205 INFO:     #347 chat/completions (stream): 256 tokens generated at
                       158.7 T/s · prompt 433 tokens, none cached, 433 new in
                       0.23 s (1,883 T/s) · first token 0.24 s, total 1.85 s ·
                       draft 175/243 accepted (72%) · max_tokens reached
16:54:35.219 INFO:     #350 chat/completions (stream): 634 prompt tokens ·
                       temperature: 0, greedy (req), max_tokens: 256 (req),
                       min_tokens: 256 (req)
16:54:35.497 INFO:     #351 chat/completions (stream): 71 prompt tokens ·
                       temperature: 0, greedy (req), max_tokens: 256 (req),
                       min_tokens: 256 (req)
16:54:36.102 INFO:     #348 chat/completions (stream): 256 tokens generated at
                       153.8 T/s · prompt 116 tokens, none cached, 116 new in
                       0.10 s · first token 0.11 s, total 1.77 s · draft 184/216
                       accepted (85%) · max_tokens reached
16:54:36.152 INFO:     #352 chat/completions (stream): 100 prompt tokens ·
                       temperature: 0, greedy (req), max_tokens: 256 (req),
                       min_tokens: 256 (req)
16:54:36.887 INFO:     #349 chat/completions (stream): 256 tokens generated at
                       128.8 T/s · prompt 81 tokens, none cached, 81 new in 0.08
                       s · first token 0.09 s, total 2.07 s · draft 167/267
                       accepted (63%) · max_tokens reached
16:54:36.938 INFO:     #353 chat/completions (stream): 96 prompt tokens ·
                       temperature: 0, greedy (req), max_tokens: 256 (req),
                       min_tokens: 256 (req)
16:54:37.398 INFO:     #351 chat/completions (stream): 256 tokens generated at
                       145.7 T/s · prompt 71 tokens, none cached, 71 new in 0.08
                       s · first token 0.09 s, total 1.84 s · draft 168/264
                       accepted (64%) · max_tokens reached
16:54:37.445 INFO:     #354 chat/completions (stream): 93 prompt tokens ·
                       temperature: 0, greedy (req), max_tokens: 256 (req),
                       min_tokens: 256 (req)
16:54:37.446 INFO:     #350 chat/completions (stream): 256 tokens generated at
                       134.4 T/s · prompt 634 tokens, none cached, 634 new in
                       0.25 s (2,536 T/s) · first token 0.26 s, total 2.16 s ·
                       draft 164/276 accepted (59%) · max_tokens reached
16:54:37.585 INFO:     #355 chat/completions (stream): 804 prompt tokens ·
                       temperature: 0, greedy (req), max_tokens: 256 (req),
                       min_tokens: 256 (req)
16:54:38.103 INFO:     #352 chat/completions (stream): 256 tokens generated at
                       143.1 T/s · prompt 100 tokens, none cached, 100 new in
                       0.09 s · first token 0.10 s, total 1.88 s · draft 179/231
                       accepted (77%) · max_tokens reached
16:54:38.155 INFO:     #356 chat/completions (stream): 745 prompt tokens ·
                       temperature: 0, greedy (req), max_tokens: 256 (req),
                       min_tokens: 256 (req)
16:54:39.247 INFO:     #353 chat/completions (stream): 256 tokens generated at
                       119.0 T/s · prompt 96 tokens, none cached, 96 new in 0.09
                       s · first token 0.10 s, total 2.25 s · draft 167/267
                       accepted (63%) · max_tokens reached
16:54:39.298 INFO:     #357 chat/completions (stream): 740 prompt tokens ·
                       temperature: 0, greedy (req), max_tokens: 256 (req),
                       min_tokens: 256 (req)
16:54:39.852 INFO:     #355 chat/completions (stream): 256 tokens generated at
                       131.6 T/s · prompt 804 tokens, none cached, 804 new in
                       0.25 s (3,216 T/s) · first token 0.25 s, total 2.20 s ·
                       draft 175/243 accepted (72%) · max_tokens reached
16:54:39.903 INFO:     #358 chat/completions (stream): 93 prompt tokens ·
                       temperature: 0, greedy (req), max_tokens: 256 (req),
                       min_tokens: 256 (req)
16:54:40.378 INFO:     #354 chat/completions (stream): 256 tokens generated at
                       91.8 T/s · prompt 93 tokens, none cached, 93 new in 0.08
                       s · first token 0.09 s, total 2.87 s · draft 146/330
                       accepted (44%) · max_tokens reached
16:54:40.379 INFO:     #356 chat/completions (stream): 256 tokens generated at
                       135.2 T/s · prompt 745 tokens, none cached, 745 new in
                       0.27 s (2,759 T/s) · first token 0.28 s, total 2.17 s ·
                       draft 169/261 accepted (65%) · max_tokens reached
16:54:40.425 INFO:     #359 chat/completions (stream): 108 prompt tokens ·
                       temperature: 0, greedy (req), max_tokens: 256 (req),
                       min_tokens: 256 (req)
16:54:40.428 INFO:     #360 chat/completions (stream): 63 prompt tokens ·
                       temperature: 0, greedy (req), max_tokens: 256 (req),
                       min_tokens: 256 (req)
16:54:41.522 INFO:     #357 chat/completions (stream): 256 tokens generated at
                       135.6 T/s · prompt 740 tokens, none cached, 740 new in
                       0.27 s (2,741 T/s) · first token 0.28 s, total 2.16 s ·
                       draft 165/273 accepted (60%) · max_tokens reached
16:54:41.572 INFO:     #361 chat/completions (stream): 395 prompt tokens ·
                       temperature: 0, greedy (req), max_tokens: 256 (req),
                       min_tokens: 256 (req)
16:54:41.842 INFO:     #358 chat/completions (stream): 256 tokens generated at
                       162.6 T/s · prompt 93 tokens, none cached, 93 new in 0.09
                       s · first token 0.10 s, total 1.67 s · draft 177/237
                       accepted (75%) · max_tokens reached
16:54:41.895 INFO:     #362 chat/completions (stream): 692 prompt tokens ·
                       temperature: 0, greedy (req), max_tokens: 256 (req),
                       min_tokens: 256 (req)
16:54:42.457 INFO:     #359 chat/completions (stream): 256 tokens generated at
                       143.4 T/s · prompt 108 tokens, none cached, 108 new in
                       0.16 s · first token 0.17 s, total 1.96 s · draft 181/225
                       accepted (80%) · max_tokens reached
16:54:42.509 INFO:     #363 chat/completions (stream): 714 prompt tokens ·
                       temperature: 0, greedy (req), max_tokens: 256 (req),
                       min_tokens: 256 (req)
16:54:43.176 INFO:     #360 chat/completions (stream): 256 tokens generated at
                       101.8 T/s · prompt 63 tokens, none cached, 63 new in 0.07
                       s · queued 0.10 s, first token 0.17 s, total 2.69 s ·
                       draft 154/306 accepted (50%) · max_tokens reached
16:54:43.228 INFO:     #364 chat/completions (stream): 79 prompt tokens ·
                       temperature: 0, greedy (req), max_tokens: 256 (req),
                       min_tokens: 256 (req)
16:54:43.820 INFO:     #361 chat/completions (stream): 256 tokens generated at
                       130.8 T/s · prompt 395 tokens, none cached, 395 new in
                       0.22 s (1,795 T/s) · first token 0.23 s, total 2.18 s ·
                       draft 178/234 accepted (76%) · max_tokens reached
16:54:43.870 INFO:     #365 chat/completions (stream): 587 prompt tokens ·
                       temperature: 0, greedy (req), max_tokens: 256 (req),
                       min_tokens: 256 (req)
16:54:44.507 INFO:     #362 chat/completions (stream): 256 tokens generated at
                       111.9 T/s · prompt 692 tokens, none cached, 692 new in
                       0.25 s (2,768 T/s) · first token 0.26 s, total 2.54 s ·
                       draft 160/288 accepted (56%) · max_tokens reached
16:54:44.552 INFO:     #366 chat/completions (stream): 120 prompt tokens ·
                       temperature: 0, greedy (req), max_tokens: 256 (req),
                       min_tokens: 256 (req)
16:54:44.687 INFO:     #363 chat/completions (stream): 256 tokens generated at
                       146.3 T/s · prompt 714 tokens, none cached, 714 new in
                       0.26 s (2,746 T/s) · first token 0.27 s, total 2.02 s ·
                       draft 176/240 accepted (73%) · max_tokens reached
16:54:44.738 INFO:     #367 chat/completions (stream): 111 prompt tokens ·
                       temperature: 0, greedy (req), max_tokens: 256 (req),
                       min_tokens: 256 (req)
16:54:45.692 INFO:     #364 chat/completions (stream): 256 tokens generated at
                       110.5 T/s · prompt 79 tokens, none cached, 79 new in 0.08
                       s · first token 0.09 s, total 2.40 s · draft 152/312
                       accepted (49%) · max_tokens reached
16:54:45.743 INFO:     #368 chat/completions (stream): 894 prompt tokens ·
                       temperature: 0, greedy (req), max_tokens: 256 (req),
                       min_tokens: 256 (req)
16:54:46.315 INFO:     #365 chat/completions (stream): 256 tokens generated at
                       119.3 T/s · prompt 587 tokens, none cached, 587 new in
                       0.24 s (2,446 T/s) · first token 0.25 s, total 2.39 s ·
                       draft 163/279 accepted (58%) · max_tokens reached
16:54:46.316 INFO:     #366 chat/completions (stream): 256 tokens generated at
                       159.1 T/s · prompt 120 tokens, none cached, 120 new in
                       0.10 s · first token 0.11 s, total 1.71 s · draft 187/207
                       accepted (90%) · max_tokens reached
16:54:46.363 INFO:     #369 chat/completions (stream): 1,157 prompt tokens ·
                       temperature: 0, greedy (req), max_tokens: 256 (req),
                       min_tokens: 256 (req)
16:54:46.365 INFO:     #370 chat/completions (stream): 93 prompt tokens ·
                       temperature: 0, greedy (req), max_tokens: 256 (req),
                       min_tokens: 256 (req)
16:54:46.910 INFO:     #367 chat/completions (stream): 256 tokens generated at
                       127.4 T/s · prompt 111 tokens, none cached, 111 new in
                       0.09 s · first token 0.09 s, total 2.10 s · draft 182/222
                       accepted (82%) · max_tokens reached
16:54:46.960 INFO:     #371 chat/completions (stream): 61 prompt tokens ·
                       temperature: 0, greedy (req), max_tokens: 256 (req),
                       min_tokens: 256 (req)
16:54:47.987 INFO:     #368 chat/completions (stream): 256 tokens generated at
                       135.5 T/s · prompt 894 tokens, none cached, 894 new in
                       0.28 s (3,193 T/s) · first token 0.29 s, total 2.17 s ·
                       draft 177/237 accepted (75%) · max_tokens reached
16:54:48.041 INFO:     #373 chat/completions (stream): 1,540 prompt tokens ·
                       temperature: 0, greedy (req), max_tokens: 256 (req),
                       min_tokens: 256 (req)
16:54:48.814 INFO:     #370 chat/completions (stream): 256 tokens generated at
                       124.3 T/s · prompt 93 tokens, none cached, 93 new in 0.09
                       s · queued 0.24 s, first token 0.33 s, total 2.39 s ·
                       draft 166/270 accepted (61%) · max_tokens reached
16:54:48.863 INFO:     #374 chat/completions (stream): 64 prompt tokens ·
                       temperature: 0, greedy (req), max_tokens: 256 (req),
                       min_tokens: 256 (req)
16:54:49.002 INFO:     #371 chat/completions (stream): 256 tokens generated at
                       140.1 T/s · prompt 61 tokens, none cached, 61 new in 0.07
                       s · first token 0.08 s, total 1.90 s · draft 169/261
                       accepted (65%) · max_tokens reached
16:54:49.043 INFO:     #375 chat/completions (stream): 123 prompt tokens ·
                       temperature: 0, greedy (req), max_tokens: 256 (req),
                       min_tokens: 256 (req)
16:54:49.163 INFO:     #369 chat/completions (stream): 256 tokens generated at
                       116.9 T/s · prompt 1,157 tokens, none cached, 1,157 new
                       in 0.44 s (2,630 T/s) · first token 0.45 s, total 2.64 s
                       · draft 156/300 accepted (52%) · max_tokens reached
16:54:49.215 INFO:     #376 chat/completions (stream): 72 prompt tokens ·
                       temperature: 0, greedy (req), max_tokens: 256 (req),
                       min_tokens: 256 (req)
16:54:50.289 INFO:     #373 chat/completions (stream): 256 tokens generated at
                       134.9 T/s · prompt 1,540 tokens, none cached, 1,540 new
                       in 0.28 s (5,500 T/s) · first token 0.29 s, total 2.18 s
                       · draft 165/273 accepted (60%) · max_tokens reached
16:54:50.338 INFO:     #377 chat/completions (stream): 81 prompt tokens ·
                       temperature: 0, greedy (req), max_tokens: 256 (req),
                       min_tokens: 256 (req)
16:54:50.801 INFO:     #374 chat/completions (stream): 256 tokens generated at
                       141.8 T/s · prompt 64 tokens, none cached, 64 new in 0.07
                       s · first token 0.08 s, total 1.88 s · draft 170/258
                       accepted (66%) · max_tokens reached
16:54:50.815 INFO:     #375 chat/completions (stream): 256 tokens generated at
                       158.7 T/s · prompt 123 tokens, none cached, 123 new in
                       0.10 s · first token 0.11 s, total 1.72 s · draft 176/240
                       accepted (73%) · max_tokens reached
16:54:50.842 INFO:     #378 chat/completions (stream): 64 prompt tokens ·
                       temperature: 0, greedy (req), max_tokens: 256 (req),
                       min_tokens: 256 (req)
16:54:50.933 INFO:     #379 chat/completions (stream): 73 prompt tokens ·
                       temperature: 0, greedy (req), max_tokens: 256 (req),
                       min_tokens: 256 (req)
16:54:51.220 INFO:     #376 chat/completions (stream): 256 tokens generated at
                       137.7 T/s · prompt 72 tokens, none cached, 72 new in 0.08
                       s · first token 0.08 s, total 1.94 s · draft 165/273
                       accepted (60%) · max_tokens reached
16:54:51.268 INFO:     #380 chat/completions (stream): 63 prompt tokens ·
                       temperature: 0, greedy (req), max_tokens: 256 (req),
                       min_tokens: 256 (req)
16:54:52.237 INFO:     #377 chat/completions (stream): 256 tokens generated at
                       146.5 T/s · prompt 81 tokens, none cached, 81 new in 0.08
                       s · first token 0.09 s, total 1.83 s · draft 169/261
                       accepted (65%) · max_tokens reached
16:54:52.289 INFO:     #381 chat/completions (stream): 720 prompt tokens ·
                       temperature: 0, greedy (req), max_tokens: 256 (req),
                       min_tokens: 256 (req)
16:54:52.976 INFO:     #379 chat/completions (stream): 256 tokens generated at
                       135.0 T/s · prompt 73 tokens, none cached, 73 new in 0.08
                       s · first token 0.08 s, total 1.98 s · draft 167/267
                       accepted (63%) · max_tokens reached
16:54:53.025 INFO:     #382 chat/completions (stream): 110 prompt tokens ·
                       temperature: 0, greedy (req), max_tokens: 256 (req),
                       min_tokens: 256 (req)
16:54:53.204 INFO:     #378 chat/completions (stream): 256 tokens generated at
                       115.2 T/s · prompt 64 tokens, none cached, 64 new in 0.07
                       s · first token 0.08 s, total 2.30 s · draft 158/294
                       accepted (54%) · max_tokens reached
16:54:53.256 INFO:     #383 chat/completions (stream): 751 prompt tokens ·
                       temperature: 0, greedy (req), max_tokens: 256 (req),
                       min_tokens: 256 (req)
16:54:53.751 INFO:     #380 chat/completions (stream): 256 tokens generated at
                       109.2 T/s · prompt 63 tokens, none cached, 63 new in 0.07
                       s · first token 0.08 s, total 2.42 s · draft 160/288
                       accepted (56%) · max_tokens reached
16:54:53.800 INFO:     #384 chat/completions (stream): 128 prompt tokens ·
                       temperature: 0, greedy (req), max_tokens: 256 (req),
                       min_tokens: 256 (req)
16:54:54.811 INFO:     #381 chat/completions (stream): 256 tokens generated at
                       116.8 T/s · prompt 720 tokens, none cached, 720 new in
                       0.26 s (2,769 T/s) · first token 0.27 s, total 2.46 s ·
                       draft 161/285 accepted (56%) · max_tokens reached
16:54:54.860 INFO:     #385 chat/completions (stream): 103 prompt tokens ·
                       temperature: 0, greedy (req), max_tokens: 256 (req),
                       min_tokens: 256 (req)
16:54:55.154 INFO:     #382 chat/completions (stream): 256 tokens generated at
                       130.0 T/s · prompt 110 tokens, none cached, 110 new in
                       0.09 s · first token 0.10 s, total 2.06 s · draft 173/249
                       accepted (69%) · max_tokens reached
16:54:55.199 INFO:     #386 chat/completions (stream): 64 prompt tokens ·
                       temperature: 0, greedy (req), max_tokens: 256 (req),
                       min_tokens: 256 (req)
16:54:55.316 INFO:     #383 chat/completions (stream): 256 tokens generated at
                       159.4 T/s · prompt 751 tokens, none cached, 751 new in
                       0.32 s (2,347 T/s) · first token 0.33 s, total 1.93 s ·
                       draft 176/240 accepted (73%) · max_tokens reached
16:54:55.356 INFO:     #387 chat/completions (stream): 114 prompt tokens ·
                       temperature: 0, greedy (req), max_tokens: 256 (req),
                       min_tokens: 256 (req)
16:54:55.357 INFO:     #384 chat/completions (stream): 256 tokens generated at
                       183.2 T/s · prompt 128 tokens, none cached, 128 new in
                       0.10 s · first token 0.11 s, total 1.50 s · draft 186/210
                       accepted (89%) · max_tokens reached
16:54:55.508 INFO:     #388 chat/completions (stream): 135 prompt tokens ·
                       temperature: 0, greedy (req), max_tokens: 256 (req),
                       min_tokens: 256 (req)
16:54:56.924 INFO:     #385 chat/completions (stream): 256 tokens generated at
                       134.6 T/s · prompt 103 tokens, none cached, 103 new in
                       0.09 s · first token 0.10 s, total 2.00 s · draft 163/279
                       accepted (58%) · max_tokens reached
16:54:56.968 INFO:     #389 chat/completions (stream): 80 prompt tokens ·
                       temperature: 0, greedy (req), max_tokens: 256 (req),
                       min_tokens: 256 (req)
16:54:57.083 INFO:     #388 chat/completions (stream): 256 tokens generated at
                       193.4 T/s · prompt 135 tokens, none cached, 135 new in
                       0.10 s · first token 0.10 s, total 1.43 s · draft 182/222
                       accepted (82%) · max_tokens reached
16:54:57.133 INFO:     #390 chat/completions (stream): 73 prompt tokens ·
                       temperature: 0, greedy (req), max_tokens: 256 (req),
                       min_tokens: 256 (req)
16:54:57.369 INFO:     #386 chat/completions (stream): 256 tokens generated at
                       126.1 T/s · prompt 64 tokens, none cached, 64 new in 0.07
                       s · first token 0.08 s, total 2.11 s · draft 161/285
                       accepted (56%) · max_tokens reached
16:54:57.420 INFO:     #391 chat/completions (stream): 62 prompt tokens ·
                       temperature: 0, greedy (req), max_tokens: 256 (req),
                       min_tokens: 256 (req)
16:54:57.611 INFO:     #387 chat/completions (stream): 256 tokens generated at
                       122.6 T/s · prompt 114 tokens, none cached, 114 new in
                       0.10 s · first token 0.11 s, total 2.19 s · draft 157/297
                       accepted (53%) · max_tokens reached
16:54:57.662 INFO:     #392 chat/completions (stream): 785 prompt tokens ·
                       temperature: 0, greedy (req), max_tokens: 256 (req),
                       min_tokens: 256 (req)
16:54:59.067 INFO:     #390 chat/completions (stream): 256 tokens generated at
                       142.3 T/s · prompt 73 tokens, none cached, 73 new in 0.07
                       s · first token 0.08 s, total 1.87 s · draft 171/255
                       accepted (67%) · max_tokens reached
16:54:59.081 INFO:     #389 chat/completions (stream): 256 tokens generated at
                       129.6 T/s · prompt 80 tokens, none cached, 80 new in 0.08
                       s · first token 0.09 s, total 2.06 s · draft 165/273
                       accepted (60%) · max_tokens reached
16:54:59.109 INFO:     #393 chat/completions (stream): 92 prompt tokens ·
                       temperature: 0, greedy (req), max_tokens: 256 (req),
                       min_tokens: 256 (req)
16:54:59.218 INFO:     #394 chat/completions (stream): 680 prompt tokens ·
                       temperature: 0, greedy (req), max_tokens: 256 (req),
                       min_tokens: 256 (req)
16:54:59.605 INFO:     #391 chat/completions (stream): 256 tokens generated at
                       125.1 T/s · prompt 62 tokens, none cached, 62 new in 0.07
                       s · first token 0.08 s, total 2.12 s · draft 170/258
                       accepted (66%) · max_tokens reached
16:54:59.654 INFO:     #395 chat/completions (stream): 125 prompt tokens ·
                       temperature: 0, greedy (req), max_tokens: 256 (req),
                       min_tokens: 256 (req)
16:54:59.967 INFO:     #392 chat/completions (stream): 256 tokens generated at
                       125.8 T/s · prompt 785 tokens, none cached, 785 new in
                       0.20 s (3,925 T/s) · first token 0.20 s, total 2.24 s ·
                       draft 166/270 accepted (61%) · max_tokens reached
16:55:00.018 INFO:     #396 chat/completions (stream): 79 prompt tokens ·
                       temperature: 0, greedy (req), max_tokens: 256 (req),
                       min_tokens: 256 (req)
16:55:01.229 INFO:     #394 chat/completions (stream): 256 tokens generated at
                       151.0 T/s · prompt 680 tokens, none cached, 680 new in
                       0.25 s (2,720 T/s) · first token 0.25 s, total 1.95 s ·
                       draft 171/255 accepted (67%) · max_tokens reached
16:55:01.273 INFO:     #397 chat/completions (stream): 86 prompt tokens ·
                       temperature: 0, greedy (req), max_tokens: 256 (req),
                       min_tokens: 256 (req)
16:55:01.395 INFO:     #393 chat/completions (stream): 256 tokens generated at
                       125.2 T/s · prompt 92 tokens, none cached, 92 new in 0.08
                       s · first token 0.09 s, total 2.13 s · draft 164/276
                       accepted (59%) · max_tokens reached
16:55:01.435 INFO:     #398 chat/completions (stream): 69 prompt tokens ·
                       temperature: 0, greedy (req), max_tokens: 256 (req),
                       min_tokens: 256 (req)
16:55:01.531 INFO:     #395 chat/completions (stream): 256 tokens generated at
                       156.3 T/s · prompt 125 tokens, none cached, 125 new in
                       0.10 s · first token 0.11 s, total 1.74 s · draft 173/249
                       accepted (69%) · max_tokens reached
16:55:01.580 INFO:     #399 chat/completions (stream): 80 prompt tokens ·
                       temperature: 0, greedy (req), max_tokens: 256 (req),
                       min_tokens: 256 (req)
16:55:02.043 INFO:     #396 chat/completions (stream): 256 tokens generated at
                       136.5 T/s · prompt 79 tokens, none cached, 79 new in 0.08
                       s · first token 0.09 s, total 1.96 s · draft 163/279
                       accepted (58%) · max_tokens reached
16:55:02.092 INFO:     #401 chat/completions (stream): 80 prompt tokens ·
                       temperature: 0, greedy (req), max_tokens: 256 (req),
                       min_tokens: 256 (req)
16:55:03.109 INFO:     #397 chat/completions (stream): 256 tokens generated at
                       152.1 T/s · prompt 86 tokens, none cached, 86 new in 0.08
                       s · first token 0.09 s, total 1.77 s · draft 173/249
                       accepted (69%) · max_tokens reached
16:55:03.156 INFO:     #402 chat/completions (stream): 62 prompt tokens ·
                       temperature: 0, greedy (req), max_tokens: 256 (req),
                       min_tokens: 256 (req)
16:55:03.480 INFO:     #399 chat/completions (stream): 256 tokens generated at
                       146.9 T/s · prompt 80 tokens, none cached, 80 new in 0.08
                       s · first token 0.08 s, total 1.83 s · draft 165/273
                       accepted (60%) · max_tokens reached
16:55:03.530 INFO:     #403 chat/completions (stream): 635 prompt tokens ·
                       temperature: 0, greedy (req), max_tokens: 256 (req),
                       min_tokens: 256 (req)
16:55:03.973 INFO:     #398 chat/completions (stream): 256 tokens generated at
                       106.9 T/s · prompt 69 tokens, none cached, 69 new in 0.08
                       s · first token 0.09 s, total 2.48 s · draft 146/330
                       accepted (44%) · max_tokens reached
16:55:04.027 INFO:     #404 chat/completions (stream): 828 prompt tokens ·
                       temperature: 0, greedy (req), max_tokens: 256 (req),
                       min_tokens: 256 (req)
16:55:04.387 INFO:     #401 chat/completions (stream): 256 tokens generated at
                       119.4 T/s · prompt 80 tokens, none cached, 80 new in 0.08
                       s · first token 0.09 s, total 2.23 s · draft 165/273
                       accepted (60%) · max_tokens reached
16:55:04.443 INFO:     #405 chat/completions (stream): 62 prompt tokens ·
                       temperature: 0, greedy (req), max_tokens: 256 (req),
                       min_tokens: 256 (req)
16:55:05.634 INFO:     #402 chat/completions (stream): 256 tokens generated at
                       109.5 T/s · prompt 62 tokens, none cached, 62 new in 0.07
                       s · first token 0.08 s, total 2.41 s · draft 156/300
                       accepted (52%) · max_tokens reached
16:55:05.685 INFO:     #406 chat/completions (stream): 79 prompt tokens ·
                       temperature: 0, greedy (req), max_tokens: 256 (req),
                       min_tokens: 256 (req)
16:55:05.849 INFO:     #403 chat/completions (stream): 256 tokens generated at
                       128.2 T/s · prompt 635 tokens, none cached, 635 new in
                       0.25 s (2,540 T/s) · first token 0.26 s, total 2.25 s ·
                       draft 166/270 accepted (61%) · max_tokens reached
16:55:05.901 INFO:     #407 chat/completions (stream): 492 prompt tokens ·
                       temperature: 0, greedy (req), max_tokens: 256 (req),
                       min_tokens: 256 (req)
16:55:06.397 INFO:     #404 chat/completions (stream): 256 tokens generated at
                       125.3 T/s · prompt 828 tokens, none cached, 828 new in
                       0.26 s (3,185 T/s) · first token 0.27 s, total 2.31 s ·
                       draft 163/279 accepted (58%) · max_tokens reached
16:55:06.458 INFO:     #408 chat/completions (stream): 65 prompt tokens ·
                       temperature: 0, greedy (req), max_tokens: 256 (req),
                       min_tokens: 256 (req)
16:55:06.866 INFO:     #405 chat/completions (stream): 256 tokens generated at
                       112.0 T/s · prompt 62 tokens, none cached, 62 new in 0.07
                       s · first token 0.08 s, total 2.36 s · draft 150/318
                       accepted (47%) · max_tokens reached
16:55:06.914 INFO:     #409 chat/completions (stream): 63 prompt tokens ·
                       temperature: 0, greedy (req), max_tokens: 256 (req),
                       min_tokens: 256 (req)
16:55:07.467 INFO:     #406 chat/completions (stream): 256 tokens generated at
                       157.1 T/s · prompt 79 tokens, none cached, 79 new in 0.08
                       s · first token 0.09 s, total 1.72 s · draft 185/213
                       accepted (87%) · max_tokens reached
16:55:07.519 INFO:     #410 chat/completions (stream): 724 prompt tokens ·
                       temperature: 0, greedy (req), max_tokens: 256 (req),
                       min_tokens: 256 (req)
16:55:08.397 INFO:     #407 chat/completions (stream): 256 tokens generated at
                       117.5 T/s · prompt 492 tokens, none cached, 492 new in
                       0.25 s (1,968 T/s) · first token 0.26 s, total 2.43 s ·
                       draft 155/303 accepted (51%) · max_tokens reached
16:55:08.448 INFO:     #411 chat/completions (stream): 760 prompt tokens ·
                       temperature: 0, greedy (req), max_tokens: 256 (req),
                       min_tokens: 256 (req)
16:55:08.843 INFO:     #408 chat/completions (stream): 256 tokens generated at
                       113.9 T/s · prompt 65 tokens, none cached, 65 new in 0.07
                       s · first token 0.08 s, total 2.32 s · draft 160/288
                       accepted (56%) · max_tokens reached
16:55:08.895 INFO:     #412 chat/completions (stream): 742 prompt tokens ·
                       temperature: 0, greedy (req), max_tokens: 256 (req),
                       min_tokens: 256 (req)
16:55:09.205 INFO:     #409 chat/completions (stream): 256 tokens generated at
                       134.5 T/s · prompt 63 tokens, none cached, 63 new in 0.07
                       s · first token 0.08 s, total 1.98 s · draft 175/243
                       accepted (72%) · max_tokens reached
16:55:09.254 INFO:     #413 chat/completions (stream): 61 prompt tokens ·
                       temperature: 0, greedy (req), max_tokens: 256 (req),
                       min_tokens: 256 (req)
16:55:09.882 INFO:     #410 chat/completions (stream): 256 tokens generated at
                       126.0 T/s · prompt 724 tokens, none cached, 724 new in
                       0.26 s (2,785 T/s) · first token 0.27 s, total 2.30 s ·
                       draft 172/252 accepted (68%) · max_tokens reached
16:55:09.936 INFO:     #414 chat/completions (stream): 764 prompt tokens ·
                       temperature: 0, greedy (req), max_tokens: 256 (req),
                       min_tokens: 256 (req)
16:55:10.879 INFO:     #411 chat/completions (stream): 256 tokens generated at
                       121.7 T/s · prompt 760 tokens, none cached, 760 new in
                       0.26 s (2,923 T/s) · first token 0.27 s, total 2.37 s ·
                       draft 170/258 accepted (66%) · max_tokens reached
16:55:10.933 INFO:     #415 chat/completions (stream): 833 prompt tokens ·
                       temperature: 0, greedy (req), max_tokens: 256 (req),
                       min_tokens: 256 (req)
16:55:11.372 INFO:     #412 chat/completions (stream): 256 tokens generated at
                       119.0 T/s · prompt 742 tokens, none cached, 742 new in
                       0.26 s (2,854 T/s) · first token 0.27 s, total 2.42 s ·
                       draft 168/264 accepted (64%) · max_tokens reached
16:55:11.439 INFO:     #416 chat/completions (stream): 71 prompt tokens ·
                       temperature: 0, greedy (req), max_tokens: 256 (req),
                       min_tokens: 256 (req)
16:55:11.941 INFO:     #413 chat/completions (stream): 256 tokens generated at
                       100.4 T/s · prompt 61 tokens, none cached, 61 new in 0.07
                       s · first token 0.08 s, total 2.63 s · draft 147/327
                       accepted (45%) · max_tokens reached
16:55:11.984 INFO:     #417 chat/completions (stream): 798 prompt tokens ·
                       temperature: 0, greedy (req), max_tokens: 256 (req),
                       min_tokens: 256 (req)
16:55:12.173 INFO:     #414 chat/completions (stream): 256 tokens generated at
                       147.9 T/s · prompt 764 tokens, none cached, 764 new in
                       0.27 s (2,830 T/s) · first token 0.28 s, total 2.01 s ·
                       draft 178/234 accepted (76%) · max_tokens reached
16:55:12.249 INFO:     #418 chat/completions (stream): 87 prompt tokens ·
                       temperature: 0, greedy (req), max_tokens: 256 (req),
                       min_tokens: 256 (req)
16:55:13.163 INFO:     #415 chat/completions (stream): 256 tokens generated at
                       135.1 T/s · prompt 833 tokens, none cached, 833 new in
                       0.26 s (3,204 T/s) · first token 0.27 s, total 2.16 s ·
                       draft 170/258 accepted (66%) · max_tokens reached
16:55:13.213 INFO:     #419 chat/completions (stream): 773 prompt tokens ·
                       temperature: 0, greedy (req), max_tokens: 256 (req),
                       min_tokens: 256 (req)
16:55:13.743 INFO:     #416 chat/completions (stream): 256 tokens generated at
                       118.8 T/s · prompt 71 tokens, none cached, 71 new in 0.08
                       s · first token 0.09 s, total 2.24 s · draft 161/285
                       accepted (56%) · max_tokens reached
16:55:13.795 INFO:     #420 chat/completions (stream): 114 prompt tokens ·
                       temperature: 0, greedy (req), max_tokens: 256 (req),
                       min_tokens: 256 (req)
16:55:14.124 INFO:     #418 chat/completions (stream): 256 tokens generated at
                       148.7 T/s · prompt 87 tokens, none cached, 87 new in 0.08
                       s · first token 0.09 s, total 1.81 s · draft 176/240
                       accepted (73%) · max_tokens reached
16:55:14.175 INFO:     #421 chat/completions (stream): 312 prompt tokens ·
                       temperature: 0, greedy (req), max_tokens: 256 (req),
                       min_tokens: 256 (req)
16:55:14.505 INFO:     #417 chat/completions (stream): 256 tokens generated at
                       114.2 T/s · prompt 798 tokens, none cached, 798 new in
                       0.21 s (3,800 T/s) · first token 0.22 s, total 2.46 s ·
                       draft 162/282 accepted (57%) · max_tokens reached
16:55:14.556 INFO:     #422 chat/completions (stream): 63 prompt tokens ·
                       temperature: 0, greedy (req), max_tokens: 256 (req),
                       min_tokens: 256 (req)
16:55:15.366 INFO:     #419 chat/completions (stream): 256 tokens generated at
                       135.8 T/s · prompt 773 tokens, none cached, 773 new in
                       0.19 s (4,068 T/s) · first token 0.20 s, total 2.08 s ·
                       draft 171/255 accepted (67%) · max_tokens reached
16:55:15.418 INFO:     #423 chat/completions (stream): 66 prompt tokens ·
                       temperature: 0, greedy (req), max_tokens: 256 (req),
                       min_tokens: 256 (req)
16:55:15.976 INFO:     #420 chat/completions (stream): 256 tokens generated at
                       127.4 T/s · prompt 114 tokens, none cached, 114 new in
                       0.10 s · first token 0.11 s, total 2.12 s · draft 162/282
                       accepted (57%) · max_tokens reached
16:55:16.029 INFO:     #424 chat/completions (stream): 912 prompt tokens ·
                       temperature: 0, greedy (req), max_tokens: 256 (req),
                       min_tokens: 256 (req)
16:55:16.378 INFO:     #421 chat/completions (stream): 256 tokens generated at
                       155.9 T/s · prompt 312 tokens, none cached, 312 new in
                       0.20 s (1,560 T/s) · first token 0.21 s, total 1.85 s ·
                       draft 172/252 accepted (68%) · max_tokens reached
16:55:16.430 INFO:     #425 chat/completions (stream): 66 prompt tokens ·
                       temperature: 0, greedy (req), max_tokens: 256 (req),
                       min_tokens: 256 (req)
16:55:16.609 INFO:     #422 chat/completions (stream): 256 tokens generated at
                       133.7 T/s · prompt 63 tokens, none cached, 63 new in 0.07
                       s · first token 0.08 s, total 1.99 s · draft 173/249
                       accepted (69%) · max_tokens reached
16:55:16.659 INFO:     #426 chat/completions (stream): 75 prompt tokens ·
                       temperature: 0, greedy (req), max_tokens: 256 (req),
                       min_tokens: 256 (req)
16:55:17.834 INFO:     #423 chat/completions (stream): 256 tokens generated at
                       112.8 T/s · prompt 66 tokens, none cached, 66 new in 0.07
                       s · first token 0.08 s, total 2.35 s · draft 153/309
                       accepted (50%) · max_tokens reached
16:55:17.886 INFO:     #428 chat/completions (stream): 624 prompt tokens ·
                       temperature: 0, greedy (req), max_tokens: 256 (req),
                       min_tokens: 256 (req)
16:55:18.590 INFO:     #425 chat/completions (stream): 256 tokens generated at
                       126.5 T/s · prompt 66 tokens, none cached, 66 new in 0.07
                       s · first token 0.08 s, total 2.10 s · draft 161/285
                       accepted (56%) · max_tokens reached
16:55:18.605 INFO:     #424 chat/completions (stream): 256 tokens generated at
                       115.2 T/s · prompt 912 tokens, none cached, 912 new in
                       0.29 s (3,145 T/s) · first token 0.30 s, total 2.52 s ·
                       draft 154/306 accepted (50%) · max_tokens reached
16:55:18.633 INFO:     #429 chat/completions (stream): 63 prompt tokens ·
                       temperature: 0, greedy (req), max_tokens: 256 (req),
                       min_tokens: 256 (req)
16:55:18.724 INFO:     #430 chat/completions (stream): 78 prompt tokens ·
                       temperature: 0, greedy (req), max_tokens: 256 (req),
                       min_tokens: 256 (req)
16:55:18.869 INFO:     #426 chat/completions (stream): 256 tokens generated at
                       129.2 T/s · prompt 75 tokens, none cached, 75 new in 0.08
                       s · first token 0.09 s, total 2.07 s · draft 162/282
                       accepted (57%) · max_tokens reached
16:55:18.919 INFO:     #431 chat/completions (stream): 136 prompt tokens ·
                       temperature: 0, greedy (req), max_tokens: 256 (req),
                       min_tokens: 256 (req)
16:55:20.009 INFO:     #428 chat/completions (stream): 256 tokens generated at
                       142.5 T/s · prompt 624 tokens, none cached, 624 new in
                       0.26 s (2,400 T/s) · first token 0.27 s, total 2.06 s ·
                       draft 170/258 accepted (66%) · max_tokens reached
16:55:20.058 INFO:     #432 chat/completions (stream): 87 prompt tokens ·
                       temperature: 0, greedy (req), max_tokens: 256 (req),
                       min_tokens: 256 (req)
16:55:20.789 INFO:     #431 chat/completions (stream): 256 tokens generated at
                       150.2 T/s · prompt 136 tokens, none cached, 136 new in
                       0.10 s · first token 0.10 s, total 1.81 s · draft 167/267
                       accepted (63%) · max_tokens reached
16:55:20.804 INFO:     #429 chat/completions (stream): 256 tokens generated at
                       125.3 T/s · prompt 63 tokens, none cached, 63 new in 0.07
                       s · first token 0.08 s, total 2.12 s · draft 158/294
                       accepted (54%) · max_tokens reached
16:55:20.832 INFO:     #433 chat/completions (stream): 63 prompt tokens ·
                       temperature: 0, greedy (req), max_tokens: 256 (req),
                       min_tokens: 256 (req)
16:55:20.924 INFO:     #434 chat/completions (stream): 106 prompt tokens ·
                       temperature: 0, greedy (req), max_tokens: 256 (req),
                       min_tokens: 256 (req)
16:55:21.135 INFO:     #430 chat/completions (stream): 256 tokens generated at
                       113.0 T/s · prompt 78 tokens, none cached, 78 new in 0.08
                       s · first token 0.08 s, total 2.35 s · draft 149/321
                       accepted (46%) · max_tokens reached
16:55:21.183 INFO:     #435 chat/completions (stream): 121 prompt tokens ·
                       temperature: 0, greedy (req), max_tokens: 256 (req),
                       min_tokens: 256 (req)
16:55:21.998 INFO:     #432 chat/completions (stream): 256 tokens generated at
                       143.4 T/s · prompt 87 tokens, none cached, 87 new in 0.08
                       s · first token 0.09 s, total 1.87 s · draft 170/258
                       accepted (66%) · max_tokens reached
16:55:22.048 INFO:     #436 chat/completions (stream): 88 prompt tokens ·
                       temperature: 0, greedy (req), max_tokens: 256 (req),
                       min_tokens: 256 (req)
16:55:22.882 INFO:     #433 chat/completions (stream): 256 tokens generated at
                       133.6 T/s · prompt 63 tokens, none cached, 63 new in 0.07
                       s · first token 0.08 s, total 1.99 s · draft 165/273
                       accepted (60%) · max_tokens reached
16:55:22.910 INFO:     #435 chat/completions (stream): 256 tokens generated at
                       163.3 T/s · prompt 121 tokens, none cached, 121 new in
                       0.10 s · first token 0.11 s, total 1.67 s · draft 174/246
                       accepted (71%) · max_tokens reached
16:55:22.922 INFO:     #437 chat/completions (stream): 728 prompt tokens ·
                       temperature: 0, greedy (req), max_tokens: 256 (req),
                       min_tokens: 256 (req)
16:55:23.200 INFO:     #438 chat/completions (stream): 749 prompt tokens ·
                       temperature: 0, greedy (req), max_tokens: 256 (req),
                       min_tokens: 256 (req)
16:55:23.355 INFO:     #434 chat/completions (stream): 256 tokens generated at
                       135.6 T/s · prompt 106 tokens, none cached, 106 new in
                       0.09 s · first token 0.09 s, total 1.98 s · draft 160/288
                       accepted (56%) · max_tokens reached
16:55:23.512 INFO:     #439 chat/completions (stream): 89 prompt tokens ·
                       temperature: 0, greedy (req), max_tokens: 256 (req),
                       min_tokens: 256 (req)
16:55:24.273 INFO:     #436 chat/completions (stream): 256 tokens generated at
                       124.0 T/s · prompt 88 tokens, none cached, 88 new in 0.08
                       s · first token 0.09 s, total 2.15 s · draft 173/249
                       accepted (69%) · max_tokens reached
16:55:24.328 INFO:     #440 chat/completions (stream): 341 prompt tokens ·
                       temperature: 0, greedy (req), max_tokens: 256 (req),
                       min_tokens: 256 (req)
16:55:25.356 INFO:     #438 chat/completions (stream): 256 tokens generated at
                       140.1 T/s · prompt 749 tokens, none cached, 749 new in
                       0.26 s (2,881 T/s) · first token 0.26 s, total 2.09 s ·
                       draft 174/246 accepted (71%) · max_tokens reached
16:55:25.406 INFO:     #441 chat/completions (stream): 66 prompt tokens ·
                       temperature: 0, greedy (req), max_tokens: 256 (req),
                       min_tokens: 256 (req)
16:55:25.738 INFO:     #437 chat/completions (stream): 256 tokens generated at
                       102.6 T/s · prompt 728 tokens, none cached, 728 new in
                       0.26 s (2,800 T/s) · first token 0.27 s, total 2.76 s ·
                       draft 155/303 accepted (51%) · max_tokens reached
16:55:25.753 INFO:     #439 chat/completions (stream): 256 tokens generated at
                       122.3 T/s · prompt 89 tokens, none cached, 89 new in 0.09
                       s · first token 0.10 s, total 2.19 s · draft 159/291
                       accepted (55%) · max_tokens reached
16:55:25.781 INFO:     #442 chat/completions (stream): 63 prompt tokens ·
                       temperature: 0, greedy (req), max_tokens: 256 (req),
                       min_tokens: 256 (req)
16:55:25.873 INFO:     #443 chat/completions (stream): 74 prompt tokens ·
                       temperature: 0, greedy (req), max_tokens: 256 (req),
                       min_tokens: 256 (req)
16:55:26.667 INFO:     #440 chat/completions (stream): 256 tokens generated at
                       125.9 T/s · prompt 341 tokens, none cached, 341 new in
                       0.23 s (1,483 T/s) · first token 0.24 s, total 2.27 s ·
                       draft 157/297 accepted (53%) · max_tokens reached
16:55:26.716 INFO:     #444 chat/completions (stream): 107 prompt tokens ·
                       temperature: 0, greedy (req), max_tokens: 256 (req),
                       min_tokens: 256 (req)
16:55:27.421 INFO:     #441 chat/completions (stream): 256 tokens generated at
                       138.2 T/s · prompt 66 tokens, none cached, 66 new in 0.09
                       s · first token 0.10 s, total 1.95 s · draft 165/273
                       accepted (60%) · max_tokens reached
16:55:27.475 INFO:     #445 chat/completions (stream): 165 prompt tokens ·
                       temperature: 0, greedy (req), max_tokens: 256 (req),
                       min_tokens: 256 (req)
16:55:27.726 INFO:     #442 chat/completions (stream): 256 tokens generated at
                       141.9 T/s · prompt 63 tokens, none cached, 63 new in 0.07
                       s · first token 0.08 s, total 1.88 s · draft 170/258
                       accepted (66%) · max_tokens reached
16:55:27.780 INFO:     #446 chat/completions (stream): 780 prompt tokens ·
                       temperature: 0, greedy (req), max_tokens: 256 (req),
                       min_tokens: 256 (req)
16:55:28.172 INFO:     #443 chat/completions (stream): 256 tokens generated at
                       118.9 T/s · prompt 74 tokens, none cached, 74 new in 0.08
                       s · first token 0.09 s, total 2.24 s · draft 157/297
                       accepted (53%) · max_tokens reached
16:55:28.221 INFO:     #447 chat/completions (stream): 79 prompt tokens ·
                       temperature: 0, greedy (req), max_tokens: 256 (req),
                       min_tokens: 256 (req)
16:55:28.650 INFO:     #444 chat/completions (stream): 256 tokens generated at
                       144.5 T/s · prompt 107 tokens, none cached, 107 new in
                       0.09 s · first token 0.10 s, total 1.87 s · draft 178/234
                       accepted (76%) · max_tokens reached
16:55:28.702 INFO:     #448 chat/completions (stream): 1,083 prompt tokens ·
                       temperature: 0, greedy (req), max_tokens: 256 (req),
                       min_tokens: 256 (req)
16:55:29.532 INFO:     #445 chat/completions (stream): 256 tokens generated at
                       134.9 T/s · prompt 165 tokens, none cached, 165 new in
                       0.09 s · first token 0.10 s, total 1.99 s · draft 181/225
                       accepted (80%) · max_tokens reached
16:55:29.582 INFO:     #449 chat/completions (stream): 82 prompt tokens ·
                       temperature: 0, greedy (req), max_tokens: 256 (req),
                       min_tokens: 256 (req)
16:55:30.076 INFO:     #447 chat/completions (stream): 256 tokens generated at
                       149.3 T/s · prompt 79 tokens, none cached, 79 new in 0.08
                       s · first token 0.09 s, total 1.80 s · draft 180/228
                       accepted (79%) · max_tokens reached
16:55:30.090 INFO:     #446 chat/completions (stream): 256 tokens generated at
                       125.6 T/s · prompt 780 tokens, none cached, 780 new in
                       0.21 s (3,714 T/s) · first token 0.22 s, total 2.25 s ·
                       draft 166/270 accepted (61%) · max_tokens reached
16:55:30.118 INFO:     #450 chat/completions (stream): 91 prompt tokens ·
                       temperature: 0, greedy (req), max_tokens: 256 (req),
                       min_tokens: 256 (req)
16:55:30.224 INFO:     #451 chat/completions (stream): 82 prompt tokens ·
                       temperature: 0, greedy (req), max_tokens: 256 (req),
                       min_tokens: 256 (req)
16:55:31.024 INFO:     #448 chat/completions (stream): 256 tokens generated at
                       130.9 T/s · prompt 1,083 tokens, none cached, 1,083 new
                       in 0.30 s (3,610 T/s) · first token 0.31 s, total 2.26 s
                       · draft 159/291 accepted (55%) · max_tokens reached
16:55:31.068 INFO:     #452 chat/completions (stream): 70 prompt tokens ·
                       temperature: 0, greedy (req), max_tokens: 256 (req),
                       min_tokens: 256 (req)
16:55:31.181 INFO:     #449 chat/completions (stream): 256 tokens generated at
                       186.8 T/s · prompt 82 tokens, none cached, 82 new in 0.08
                       s · first token 0.09 s, total 1.46 s · draft 187/207
                       accepted (90%) · max_tokens reached
16:55:31.231 INFO:     #453 chat/completions (stream): 816 prompt tokens ·
                       temperature: 0, greedy (req), max_tokens: 256 (req),
                       min_tokens: 256 (req)
16:55:32.255 INFO:     #450 chat/completions (stream): 256 tokens generated at
                       129.0 T/s · prompt 91 tokens, none cached, 91 new in 0.08
                       s · first token 0.09 s, total 2.07 s · draft 169/261
                       accepted (65%) · max_tokens reached
16:55:32.305 INFO:     #455 chat/completions (stream): 103 prompt tokens ·
                       temperature: 0, greedy (req), max_tokens: 256 (req),
                       min_tokens: 256 (req)
16:55:32.723 INFO:     #451 chat/completions (stream): 256 tokens generated at
                       109.1 T/s · prompt 82 tokens, none cached, 82 new in 0.08
                       s · first token 0.08 s, total 2.43 s · draft 149/321
                       accepted (46%) · max_tokens reached
16:55:32.772 INFO:     #456 chat/completions (stream): 96 prompt tokens ·
                       temperature: 0, greedy (req), max_tokens: 256 (req),
                       min_tokens: 256 (req)
16:55:33.195 INFO:     #452 chat/completions (stream): 256 tokens generated at
                       128.4 T/s · prompt 70 tokens, none cached, 70 new in 0.08
                       s · first token 0.09 s, total 2.08 s · draft 169/261
                       accepted (65%) · max_tokens reached
16:55:33.195 INFO:     #453 chat/completions (stream): 256 tokens generated at
                       157.8 T/s · prompt 816 tokens, none cached, 816 new in
                       0.29 s (2,814 T/s) · first token 0.29 s, total 1.92 s ·
                       draft 175/243 accepted (72%) · max_tokens reached
16:55:33.235 INFO:     #457 chat/completions (stream): 64 prompt tokens ·
                       temperature: 0, greedy (req), max_tokens: 256 (req),
                       min_tokens: 256 (req)
16:55:33.237 INFO:     #458 chat/completions (stream): 494 prompt tokens ·
                       temperature: 0, greedy (req), max_tokens: 256 (req),
                       min_tokens: 256 (req)
16:55:34.117 INFO:     #455 chat/completions (stream): 256 tokens generated at
                       154.9 T/s · prompt 103 tokens, none cached, 103 new in
                       0.09 s · first token 0.10 s, total 1.75 s · draft 183/219
                       accepted (84%) · max_tokens reached
16:55:34.169 INFO:     #459 chat/completions (stream): 814 prompt tokens ·
                       temperature: 0, greedy (req), max_tokens: 256 (req),
                       min_tokens: 256 (req)
16:55:35.026 INFO:     #456 chat/completions (stream): 256 tokens generated at
                       122.0 T/s · prompt 96 tokens, none cached, 96 new in 0.09
                       s · first token 0.10 s, total 2.19 s · draft 168/264
                       accepted (64%) · max_tokens reached
16:55:35.074 INFO:     #460 chat/completions (stream): 64 prompt tokens ·
                       temperature: 0, greedy (req), max_tokens: 256 (req),
                       min_tokens: 256 (req)
16:55:35.515 INFO:     #458 chat/completions (stream): 256 tokens generated at
                       134.4 T/s · prompt 494 tokens, none cached, 494 new in
                       0.24 s (2,058 T/s) · first token 0.32 s, total 2.22 s ·
                       draft 168/264 accepted (64%) · max_tokens reached
16:55:35.530 INFO:     #457 chat/completions (stream): 256 tokens generated at
                       125.3 T/s · prompt 64 tokens, none cached, 64 new in 0.19
                       s · first token 0.20 s, total 2.24 s · draft 166/270
                       accepted (61%) · max_tokens reached
16:55:35.558 INFO:     #461 chat/completions (stream): 82 prompt tokens ·
                       temperature: 0, greedy (req), max_tokens: 256 (req),
                       min_tokens: 256 (req)
16:55:35.662 INFO:     #462 chat/completions (stream): 97 prompt tokens ·
                       temperature: 0, greedy (req), max_tokens: 256 (req),
                       min_tokens: 256 (req)
16:55:36.244 INFO:     #459 chat/completions (stream): 256 tokens generated at
                       149.0 T/s · prompt 814 tokens, none cached, 814 new in
                       0.29 s (2,807 T/s) · first token 0.30 s, total 2.01 s ·
                       draft 172/252 accepted (68%) · max_tokens reached
16:55:36.293 INFO:     #463 chat/completions (stream): 64 prompt tokens ·
                       temperature: 0, greedy (req), max_tokens: 256 (req),
                       min_tokens: 256 (req)
16:55:36.896 INFO:     #460 chat/completions (stream): 256 tokens generated at
                       152.3 T/s · prompt 64 tokens, none cached, 64 new in 0.07
                       s · first token 0.08 s, total 1.76 s · draft 174/246
                       accepted (71%) · max_tokens reached
16:55:36.945 INFO:     #464 chat/completions (stream): 684 prompt tokens ·
                       temperature: 0, greedy (req), max_tokens: 256 (req),
                       min_tokens: 256 (req)
16:55:37.469 INFO:     #462 chat/completions (stream): 256 tokens generated at
                       156.0 T/s · prompt 97 tokens, none cached, 97 new in 0.09
                       s · first token 0.09 s, total 1.74 s · draft 180/228
                       accepted (79%) · max_tokens reached
16:55:37.521 INFO:     #465 chat/completions (stream): 704 prompt tokens ·
                       temperature: 0, greedy (req), max_tokens: 256 (req),
                       min_tokens: 256 (req)
16:55:37.890 INFO:     #461 chat/completions (stream): 256 tokens generated at
                       117.4 T/s · prompt 82 tokens, none cached, 82 new in 0.08
                       s · first token 0.09 s, total 2.27 s · draft 169/261
                       accepted (65%) · max_tokens reached
16:55:37.940 INFO:     #466 chat/completions (stream): 583 prompt tokens ·
                       temperature: 0, greedy (req), max_tokens: 256 (req),
                       min_tokens: 256 (req)
16:55:39.198 INFO:     #463 chat/completions (stream): 256 tokens generated at
                       92.6 T/s · prompt 64 tokens, none cached, 64 new in 0.07
                       s · first token 0.07 s, total 2.84 s · draft 140/348
                       accepted (40%) · max_tokens reached
16:55:39.247 INFO:     #467 chat/completions (stream): 255 prompt tokens ·
                       temperature: 0, greedy (req), max_tokens: 256 (req),
                       min_tokens: 256 (req)
16:55:39.544 INFO:     #464 chat/completions (stream): 256 tokens generated at
                       112.3 T/s · prompt 684 tokens, none cached, 684 new in
                       0.25 s (2,736 T/s) · first token 0.26 s, total 2.53 s ·
                       draft 161/285 accepted (56%) · max_tokens reached
16:55:39.595 INFO:     #468 chat/completions (stream): 61 prompt tokens ·
                       temperature: 0, greedy (req), max_tokens: 256 (req),
                       min_tokens: 256 (req)
16:55:40.128 INFO:     #466 chat/completions (stream): 256 tokens generated at
                       135.3 T/s · prompt 583 tokens, none cached, 583 new in
                       0.23 s (2,535 T/s) · first token 0.24 s, total 2.13 s ·
                       draft 161/285 accepted (56%) · max_tokens reached
16:55:40.155 INFO:     #465 chat/completions (stream): 256 tokens generated at
                       110.8 T/s · prompt 704 tokens, none cached, 704 new in
                       0.26 s (2,708 T/s) · first token 0.27 s, total 2.58 s ·
                       draft 149/321 accepted (46%) · max_tokens reached
16:55:40.169 INFO:     #469 chat/completions (stream): 66 prompt tokens ·
                       temperature: 0, greedy (req), max_tokens: 256 (req),
                       min_tokens: 256 (req)
16:55:40.281 INFO:     #470 chat/completions (stream): 479 prompt tokens ·
                       temperature: 0, greedy (req), max_tokens: 256 (req),
                       min_tokens: 256 (req)
16:55:41.449 INFO:     #467 chat/completions (stream): 256 tokens generated at
                       127.2 T/s · prompt 255 tokens, none cached, 255 new in
                       0.11 s · first token 0.12 s, total 2.13 s · draft 165/273
                       accepted (60%) · max_tokens reached
16:55:41.499 INFO:     #471 chat/completions (stream): 93 prompt tokens ·
                       temperature: 0, greedy (req), max_tokens: 256 (req),
                       min_tokens: 256 (req)
16:55:41.689 INFO:     #468 chat/completions (stream): 256 tokens generated at
                       130.9 T/s · prompt 61 tokens, none cached, 61 new in 0.07
                       s · first token 0.08 s, total 2.03 s · draft 169/261
                       accepted (65%) · max_tokens reached
16:55:41.741 INFO:     #472 chat/completions (stream): 743 prompt tokens ·
                       temperature: 0, greedy (req), max_tokens: 256 (req),
                       min_tokens: 256 (req)
16:55:42.342 INFO:     #469 chat/completions (stream): 256 tokens generated at
                       126.3 T/s · prompt 66 tokens, none cached, 66 new in 0.07
                       s · first token 0.08 s, total 2.10 s · draft 175/243
                       accepted (72%) · max_tokens reached
16:55:42.392 INFO:     #473 chat/completions (stream): 82 prompt tokens ·
                       temperature: 0, greedy (req), max_tokens: 256 (req),
                       min_tokens: 256 (req)
16:55:42.784 INFO:     #470 chat/completions (stream): 256 tokens generated at
                       118.7 T/s · prompt 479 tokens, none cached, 479 new in
                       0.27 s (1,774 T/s) · first token 0.27 s, total 2.43 s ·
                       draft 158/294 accepted (54%) · max_tokens reached
16:55:42.834 INFO:     #474 chat/completions (stream): 124 prompt tokens ·
                       temperature: 0, greedy (req), max_tokens: 256 (req),
                       min_tokens: 256 (req)
16:55:43.436 INFO:     #471 chat/completions (stream): 256 tokens generated at
                       144.4 T/s · prompt 93 tokens, none cached, 93 new in 0.09
                       s · first token 0.10 s, total 1.87 s · draft 180/228
                       accepted (79%) · max_tokens reached
16:55:43.487 INFO:     #475 chat/completions (stream): 228 prompt tokens ·
                       temperature: 0, greedy (req), max_tokens: 256 (req),
                       min_tokens: 256 (req)
16:55:43.950 INFO:     #472 chat/completions (stream): 256 tokens generated at
                       136.3 T/s · prompt 743 tokens, none cached, 743 new in
                       0.26 s (2,858 T/s) · first token 0.26 s, total 2.14 s ·
                       draft 167/267 accepted (63%) · max_tokens reached
16:55:43.999 INFO:     #476 chat/completions (stream): 69 prompt tokens ·
                       temperature: 0, greedy (req), max_tokens: 256 (req),
                       min_tokens: 256 (req)
16:55:44.269 INFO:     #473 chat/completions (stream): 256 tokens generated at
                       148.5 T/s · prompt 82 tokens, none cached, 82 new in 0.08
                       s · first token 0.09 s, total 1.81 s · draft 175/243
                       accepted (72%) · max_tokens reached
16:55:44.318 INFO:     #477 chat/completions (stream): 73 prompt tokens ·
                       temperature: 0, greedy (req), max_tokens: 256 (req),
                       min_tokens: 256 (req)
16:55:44.681 INFO:     #474 chat/completions (stream): 256 tokens generated at
                       152.6 T/s · prompt 124 tokens, none cached, 124 new in
                       0.10 s · first token 0.11 s, total 1.78 s · draft 176/240
                       accepted (73%) · max_tokens reached
16:55:44.732 INFO:     #478 chat/completions (stream): 66 prompt tokens ·
                       temperature: 0, greedy (req), max_tokens: 256 (req),
                       min_tokens: 256 (req)
16:55:45.440 INFO:     #475 chat/completions (stream): 256 tokens generated at
                       144.4 T/s · prompt 228 tokens, none cached, 228 new in
                       0.10 s · first token 0.11 s, total 1.88 s · draft 169/261
                       accepted (65%) · max_tokens reached
16:55:45.491 INFO:     #479 chat/completions (stream): 736 prompt tokens ·
                       temperature: 0, greedy (req), max_tokens: 256 (req),
                       min_tokens: 256 (req)
16:55:46.169 INFO:     #476 chat/completions (stream): 256 tokens generated at
                       126.3 T/s · prompt 69 tokens, none cached, 69 new in 0.08
                       s · first token 0.09 s, total 2.11 s · draft 164/276
                       accepted (59%) · max_tokens reached
16:55:46.219 INFO:     #480 chat/completions (stream): 106 prompt tokens ·
                       temperature: 0, greedy (req), max_tokens: 256 (req),
                       min_tokens: 256 (req)
16:55:46.700 INFO:     #477 chat/completions (stream): 256 tokens generated at
                       114.4 T/s · prompt 73 tokens, none cached, 73 new in 0.08
                       s · first token 0.08 s, total 2.32 s · draft 154/306
                       accepted (50%) · max_tokens reached
16:55:46.739 INFO:     #481 chat/completions (stream): 63 prompt tokens ·
                       temperature: 0, greedy (req), max_tokens: 256 (req),
                       min_tokens: 256 (req)
16:55:46.829 INFO:     #478 chat/completions (stream): 256 tokens generated at
                       135.7 T/s · prompt 66 tokens, none cached, 66 new in 0.07
                       s · first token 0.08 s, total 1.96 s · draft 169/261
                       accepted (65%) · max_tokens reached
16:55:46.879 INFO:     #482 chat/completions (stream): 76 prompt tokens ·
                       temperature: 0, greedy (req), max_tokens: 256 (req),
                       min_tokens: 256 (req)
16:55:47.714 INFO:     #479 chat/completions (stream): 256 tokens generated at
                       134.9 T/s · prompt 736 tokens, none cached, 736 new in
                       0.26 s (2,831 T/s) · first token 0.27 s, total 2.16 s ·
                       draft 163/279 accepted (58%) · max_tokens reached
16:55:47.764 INFO:     #484 chat/completions (stream): 833 prompt tokens ·
                       temperature: 0, greedy (req), max_tokens: 256 (req),
                       min_tokens: 256 (req)
16:55:48.148 INFO:     #480 chat/completions (stream): 256 tokens generated at
                       144.8 T/s · prompt 106 tokens, none cached, 106 new in
                       0.09 s · first token 0.10 s, total 1.86 s · draft 179/231
                       accepted (77%) · max_tokens reached
16:55:48.197 INFO:     #485 chat/completions (stream): 61 prompt tokens ·
                       temperature: 0, greedy (req), max_tokens: 256 (req),
                       min_tokens: 256 (req)
16:55:48.879 INFO:     #482 chat/completions (stream): 256 tokens generated at
                       138.2 T/s · prompt 76 tokens, none cached, 76 new in 0.08
                       s · first token 0.09 s, total 1.94 s · draft 170/258
                       accepted (66%) · max_tokens reached
16:55:48.929 INFO:     #486 chat/completions (stream): 85 prompt tokens ·
                       temperature: 0, greedy (req), max_tokens: 256 (req),
                       min_tokens: 256 (req)
16:55:49.189 INFO:     #481 chat/completions (stream): 256 tokens generated at
                       110.9 T/s · prompt 63 tokens, none cached, 63 new in 0.07
                       s · first token 0.08 s, total 2.38 s · draft 153/309
                       accepted (50%) · max_tokens reached
16:55:49.237 INFO:     #487 chat/completions (stream): 100 prompt tokens ·
                       temperature: 0, greedy (req), max_tokens: 256 (req),
                       min_tokens: 256 (req)
16:55:50.060 INFO:     #484 chat/completions (stream): 256 tokens generated at
                       130.4 T/s · prompt 833 tokens, none cached, 833 new in
                       0.26 s (3,204 T/s) · first token 0.27 s, total 2.23 s ·
                       draft 160/288 accepted (56%) · max_tokens reached
16:55:50.113 INFO:     #488 chat/completions (stream): 723 prompt tokens ·
                       temperature: 0, greedy (req), max_tokens: 256 (req),
                       min_tokens: 256 (req)
16:55:50.544 INFO:     #485 chat/completions (stream): 256 tokens generated at
                       116.0 T/s · prompt 61 tokens, none cached, 61 new in 0.07
                       s · first token 0.08 s, total 2.28 s · draft 157/297
                       accepted (53%) · max_tokens reached
16:55:50.593 INFO:     #489 chat/completions (stream): 120 prompt tokens ·
                       temperature: 0, greedy (req), max_tokens: 256 (req),
                       min_tokens: 256 (req)
16:55:51.251 INFO:     #487 chat/completions (stream): 256 tokens generated at
                       138.1 T/s · prompt 100 tokens, none cached, 100 new in
                       0.09 s · first token 0.10 s, total 1.95 s · draft 173/249
                       accepted (69%) · max_tokens reached
16:55:51.301 INFO:     #490 chat/completions (stream): 66 prompt tokens ·
                       temperature: 0, greedy (req), max_tokens: 256 (req),
                       min_tokens: 256 (req)
16:55:51.458 INFO:     #486 chat/completions (stream): 256 tokens generated at
                       112.1 T/s · prompt 85 tokens, none cached, 85 new in 0.08
                       s · first token 0.09 s, total 2.37 s · draft 153/309
                       accepted (50%) · max_tokens reached
16:55:51.508 INFO:     #491 chat/completions (stream): 68 prompt tokens ·
                       temperature: 0, greedy (req), max_tokens: 256 (req),
                       min_tokens: 256 (req)
16:55:52.129 INFO:     #488 chat/completions (stream): 256 tokens generated at
                       151.9 T/s · prompt 723 tokens, none cached, 723 new in
                       0.26 s (2,781 T/s) · first token 0.27 s, total 1.95 s ·
                       draft 176/240 accepted (73%) · max_tokens reached
16:55:52.179 INFO:     #492 chat/completions (stream): 70 prompt tokens ·
                       temperature: 0, greedy (req), max_tokens: 256 (req),
                       min_tokens: 256 (req)
16:55:52.522 INFO:     #489 chat/completions (stream): 256 tokens generated at
                       145.3 T/s · prompt 120 tokens, none cached, 120 new in
                       0.10 s · first token 0.11 s, total 1.87 s · draft 170/258
                       accepted (66%) · max_tokens reached
16:55:52.574 INFO:     #493 chat/completions (stream): 737 prompt tokens ·
                       temperature: 0, greedy (req), max_tokens: 256 (req),
                       min_tokens: 256 (req)
16:55:53.649 INFO:     #491 chat/completions (stream): 256 tokens generated at
                       128.1 T/s · prompt 68 tokens, none cached, 68 new in 0.07
                       s · first token 0.08 s, total 2.07 s · draft 162/282
                       accepted (57%) · max_tokens reached
16:55:53.698 INFO:     #494 chat/completions (stream): 61 prompt tokens ·
                       temperature: 0, greedy (req), max_tokens: 256 (req),
                       min_tokens: 256 (req)
16:55:53.870 INFO:     #490 chat/completions (stream): 256 tokens generated at
                       105.6 T/s · prompt 66 tokens, none cached, 66 new in 0.07
                       s · first token 0.08 s, total 2.50 s · draft 146/330
                       accepted (44%) · max_tokens reached
16:55:53.922 INFO:     #495 chat/completions (stream): 1,015 prompt tokens ·
                       temperature: 0, greedy (req), max_tokens: 256 (req),
                       min_tokens: 256 (req)
16:55:54.453 INFO:     #492 chat/completions (stream): 256 tokens generated at
                       120.8 T/s · prompt 70 tokens, none cached, 70 new in 0.08
                       s · first token 0.09 s, total 2.20 s · draft 170/258
                       accepted (66%) · max_tokens reached
16:55:54.502 INFO:     #496 chat/completions (stream): 62 prompt tokens ·
                       temperature: 0, greedy (req), max_tokens: 256 (req),
                       min_tokens: 256 (req)
16:55:55.013 INFO:     #493 chat/completions (stream): 256 tokens generated at
                       121.6 T/s · prompt 737 tokens, none cached, 737 new in
                       0.26 s (2,835 T/s) · first token 0.27 s, total 2.37 s ·
                       draft 161/285 accepted (56%) · max_tokens reached
16:55:55.063 INFO:     #497 chat/completions (stream): 84 prompt tokens ·
                       temperature: 0, greedy (req), max_tokens: 256 (req),
                       min_tokens: 256 (req)
16:55:56.024 INFO:     #494 chat/completions (stream): 256 tokens generated at
                       116.2 T/s · prompt 61 tokens, none cached, 61 new in 0.07
                       s · first token 0.08 s, total 2.28 s · draft 156/300
                       accepted (52%) · max_tokens reached
16:55:56.025 INFO:     #495 chat/completions (stream): 256 tokens generated at
                       145.9 T/s · prompt 1,015 tokens, none cached, 1,015 new
                       in 0.29 s (3,500 T/s) · first token 0.29 s, total 2.05 s
                       · draft 166/270 accepted (61%) · max_tokens reached
16:55:56.065 INFO:     #498 chat/completions (stream): 766 prompt tokens ·
                       temperature: 0, greedy (req), max_tokens: 256 (req),
                       min_tokens: 256 (req)
16:55:56.068 INFO:     #499 chat/completions (stream): 783 prompt tokens ·
                       temperature: 0, greedy (req), max_tokens: 256 (req),
                       min_tokens: 256 (req)
16:55:56.612 INFO:     #496 chat/completions (stream): 256 tokens generated at
                       173.3 T/s · prompt 62 tokens, none cached, 62 new in 0.07
                       s · first token 0.08 s, total 1.55 s · draft 176/240
                       accepted (73%) · max_tokens reached
16:55:56.663 INFO:     #500 chat/completions (stream): 1,490 prompt tokens ·
                       temperature: 0, greedy (req), max_tokens: 256 (req),
                       min_tokens: 256 (req)
16:55:57.417 INFO:     #497 chat/completions (stream): 256 tokens generated at
                       116.2 T/s · prompt 84 tokens, none cached, 84 new in 0.08
                       s · first token 0.08 s, total 2.29 s · draft 177/237
                       accepted (75%) · max_tokens reached
16:55:57.467 INFO:     #501 chat/completions (stream): 61 prompt tokens ·
                       temperature: 0, greedy (req), max_tokens: 256 (req),
                       min_tokens: 256 (req)
16:55:58.524 INFO:     #499 chat/completions (stream): 256 tokens generated at
                       136.4 T/s · prompt 783 tokens, none cached, 783 new in
                       0.37 s (2,116 T/s) · queued 0.15 s, first token 0.52 s,
                       total 2.39 s · draft 173/249 accepted (69%) · max_tokens
                       reached
16:55:58.574 INFO:     #502 chat/completions (stream): 65 prompt tokens ·
                       temperature: 0, greedy (req), max_tokens: 256 (req),
                       min_tokens: 256 (req)
16:55:58.784 INFO:     #498 chat/completions (stream): 256 tokens generated at
                       119.8 T/s · prompt 766 tokens, none cached, 766 new in
                       0.50 s (1,532 T/s) · first token 0.51 s, total 2.65 s ·
                       draft 162/282 accepted (57%) · max_tokens reached
16:55:58.835 INFO:     #503 chat/completions (stream): 89 prompt tokens ·
                       temperature: 0, greedy (req), max_tokens: 256 (req),
                       min_tokens: 256 (req)
16:55:59.184 INFO:     #500 chat/completions (stream): 256 tokens generated at
                       121.8 T/s · prompt 1,490 tokens, none cached, 1,490 new
                       in 0.35 s (4,257 T/s) · first token 0.36 s, total 2.46 s
                       · draft 150/318 accepted (47%) · max_tokens reached
16:55:59.234 INFO:     #504 chat/completions (stream): 90 prompt tokens ·
                       temperature: 0, greedy (req), max_tokens: 256 (req),
                       min_tokens: 256 (req)
16:55:59.449 INFO:     #501 chat/completions (stream): 256 tokens generated at
                       139.8 T/s · prompt 61 tokens, none cached, 61 new in 0.07
                       s · first token 0.08 s, total 1.91 s · draft 166/270
                       accepted (61%) · max_tokens reached
16:55:59.499 INFO:     #505 chat/completions (stream): 875 prompt tokens ·
                       temperature: 0, greedy (req), max_tokens: 256 (req),
                       min_tokens: 256 (req)
16:56:00.705 INFO:     #502 chat/completions (stream): 256 tokens generated at
                       128.6 T/s · prompt 65 tokens, none cached, 65 new in 0.07
                       s · first token 0.08 s, total 2.07 s · draft 168/264
                       accepted (64%) · max_tokens reached
16:56:00.757 INFO:     #506 chat/completions (stream): 749 prompt tokens ·
                       temperature: 0, greedy (req), max_tokens: 256 (req),
                       min_tokens: 256 (req)
16:56:01.157 INFO:     #503 chat/completions (stream): 256 tokens generated at
                       118.2 T/s · prompt 89 tokens, none cached, 89 new in 0.08
                       s · first token 0.09 s, total 2.25 s · draft 167/267
                       accepted (63%) · max_tokens reached
16:56:01.207 INFO:     #507 chat/completions (stream): 94 prompt tokens ·
                       temperature: 0, greedy (req), max_tokens: 256 (req),
                       min_tokens: 256 (req)
16:56:01.646 INFO:     #504 chat/completions (stream): 256 tokens generated at
                       113.4 T/s · prompt 90 tokens, none cached, 90 new in 0.08
                       s · first token 0.09 s, total 2.34 s · draft 163/279
                       accepted (58%) · max_tokens reached
16:56:01.700 INFO:     #508 chat/completions (stream): 1,065 prompt tokens ·
                       temperature: 0, greedy (req), max_tokens: 256 (req),
                       min_tokens: 256 (req)
16:56:02.131 INFO:     #505 chat/completions (stream): 256 tokens generated at
                       112.0 T/s · prompt 875 tokens, none cached, 875 new in
                       0.28 s (3,125 T/s) · first token 0.29 s, total 2.57 s ·
                       draft 161/285 accepted (56%) · max_tokens reached
16:56:02.182 INFO:     #510 chat/completions (stream): 761 prompt tokens ·
                       temperature: 0, greedy (req), max_tokens: 256 (req),
                       min_tokens: 256 (req)
16:56:03.127 INFO:     #506 chat/completions (stream): 256 tokens generated at
                       125.5 T/s · prompt 749 tokens, none cached, 749 new in
                       0.26 s (2,881 T/s) · first token 0.27 s, total 2.31 s ·
                       draft 175/243 accepted (72%) · max_tokens reached
16:56:03.180 INFO:     #507 chat/completions (stream): 256 tokens generated at
                       140.1 T/s · prompt 94 tokens, none cached, 94 new in 0.09
                       s · first token 0.10 s, total 1.92 s · draft 182/222
                       accepted (82%) · max_tokens reached
16:56:03.609 INFO:     #508 chat/completions (stream): 256 tokens generated at
                       160.7 T/s · prompt 1,065 tokens, none cached, 1,065 new
                       in 0.27 s (3,944 T/s) · first token 0.28 s, total 1.87 s
                       · draft 170/258 accepted (66%) · max_tokens reached
16:56:03.737 INFO:     #510 chat/completions (stream): 256 tokens generated at
                       200.7 T/s · prompt 761 tokens, none cached, 761 new in
                       0.27 s (2,819 T/s) · first token 0.28 s, total 1.55 s ·
                       draft 167/267 accepted (63%) · max_tokens reached
