15:30:54.773 INFO:     Sampler preset "qwen38_thinking": temperature 0.6, top_k
                       20, top_p 0.95
15:30:54.810 INFO:     exllamav3 version: 1.5.2
15:30:56.151 INFO:     Using main model MTP component for drafting
15:30:56.173 INFO:     Context: max_seq_len 262,144 tokens (configured),
                       cache_size 901,120 tokens
15:30:56.223 INFO:     Using tool format: qwen3_coder
15:30:56.223 INFO:     Using template "chat_template" for chat completions.
15:30:58.433 INFO:     Loading model
                       /models/qwen3.8-flash-next-exl3-2.50bpw-r0b0tlab (manual
                       GPU split)
Loading vision modules ━━━━━━━━━━━━━━━━━━━━━━━━━━━━━━━━━━━━━━ 100% 30/30 0:00:00
Loading draft modules  ━━━━━━━━━━━━━━━━━━━━━━━━━━━━━━━━━━━━━━ 100% 3/3   0:00:00
Loading model modules  ━━━━━━━━━━━━━━━━━━━━━━━━━━━━━━━━━━━━━━ 100% 53/53 0:00:00
EXL3_EMBED_GPU_PRUNED=1: embedding mirror 65536 of 248320 rows (320.0 MiB, prefix) on cuda:1
15:31:08.895 INFO:     Model loaded in 12.7 s

15:31:08.896 WARNING:  Disabling authentication makes your instance vulnerable.
                       Set the `disable_auth` flag to False in config.yml if you
                       want to share this instance with others.
15:31:08.896 WARNING:  With authentication disabled and `allowed_origins` left
                       at ["*"], any website open in a browser on this machine
                       can send requests to this instance and read the
                       responses, including admin endpoints. Set
                       `network.allowed_origins` to your own frontends (or [])
                       unless you use a browser-based frontend that needs it.
15:31:08.897 INFO:     Serving OAI API on http://0.0.0.0:8022 (docs at
                       http://0.0.0.0:8022/redoc)
15:31:09.605 INFO:     #3 completions: 3 prompt tokens · temperature: 0, greedy
                       (req), max_tokens: 16 (req)
densegemm lcguard: device 1: dense calls on the QSA side branch use the side scratch (hctr upper half, side slots)
densegemm lcguard: device 0: dense calls on the QSA side branch use the side scratch (hctr upper half, side slots)
15:31:09.953 INFO:     #3 completions: 16 tokens generated at 101.9 T/s · prompt
                       3 tokens, none cached, 3 new in 0.18 s · first token 0.19
                       s, total 0.34 s · draft 7/27 accepted (26%) · max_tokens
                       reached
15:31:10.351 INFO:     #5 chat/completions: 74 prompt tokens · temperature: 0,
                       greedy (req), max_tokens: 64 (req), min_tokens: 64 (req)
15:31:10.725 INFO:     #5 chat/completions: 64 tokens generated at 273.1 T/s ·
                       prompt 74 tokens, none cached, 74 new in 0.13 s · first
                       token 0.13 s, total 0.37 s · draft 42/66 accepted (64%) ·
                       max_tokens reached
15:31:24.329 INFO:     #9 chat/completions (stream): 737 prompt tokens ·
                       temperature: 0, greedy (req), max_tokens: 49 (req),
                       min_tokens: 49 (req)
15:31:24.929 INFO:     #9 chat/completions (stream): 49 tokens generated at
                       240.1 T/s · prompt 737 tokens, none cached, 737 new in
                       0.39 s (1,890 T/s) · first token 0.40 s, total 0.60 s ·
                       draft 31/54 accepted (57%) · max_tokens reached
15:31:24.934 INFO:     #10 chat/completions (stream): 927 prompt tokens ·
                       temperature: 0, greedy (req), max_tokens: 165 (req),
                       min_tokens: 165 (req)
15:31:25.828 INFO:     #10 chat/completions (stream): 165 tokens generated at
                       293.7 T/s · prompt 927 tokens, none cached, 927 new in
                       0.32 s (2,897 T/s) · first token 0.33 s, total 0.89 s ·
                       draft 112/159 accepted (70%) · max_tokens reached
15:31:25.830 INFO:     #11 chat/completions (stream): 133 prompt tokens ·
                       temperature: 0, greedy (req), max_tokens: 188 (req),
                       min_tokens: 188 (req)
15:31:26.672 INFO:     #11 chat/completions (stream): 188 tokens generated at
                       258.6 T/s · prompt 133 tokens, none cached, 133 new in
                       0.11 s · first token 0.12 s, total 0.84 s · draft 119/207
                       accepted (57%) · max_tokens reached
15:31:26.674 INFO:     #12 chat/completions (stream): 218 prompt tokens ·
                       temperature: 0, greedy (req), max_tokens: 783 (req),
                       min_tokens: 783 (req)
15:31:29.924 INFO:     #12 chat/completions (stream): 783 tokens generated at
                       249.7 T/s · prompt 218 tokens, none cached, 218 new in
                       0.11 s · first token 0.12 s, total 3.25 s · draft 482/903
                       accepted (53%) · max_tokens reached
15:31:29.927 INFO:     #13 chat/completions (stream): 291 prompt tokens ·
                       temperature: 0, greedy (req), max_tokens: 400 (req),
                       min_tokens: 400 (req)
15:31:31.533 INFO:     #13 chat/completions (stream): 400 tokens generated at
                       285.0 T/s · prompt 291 tokens, none cached, 291 new in
                       0.20 s (1,455 T/s) · first token 0.20 s, total 1.61 s ·
                       draft 266/402 accepted (66%) · max_tokens reached
15:31:31.535 INFO:     #14 chat/completions (stream): 57 prompt tokens ·
                       temperature: 0, greedy (req), max_tokens: 275 (req),
                       min_tokens: 275 (req)
15:31:32.652 INFO:     #14 chat/completions (stream): 275 tokens generated at
                       263.4 T/s · prompt 57 tokens, none cached, 57 new in 0.07
                       s · first token 0.08 s, total 1.12 s · draft 174/303
                       accepted (57%) · max_tokens reached
15:31:32.655 INFO:     #16 chat/completions (stream): 343 prompt tokens ·
                       temperature: 0, greedy (req), max_tokens: 41 (req),
                       min_tokens: 41 (req)
15:31:33.078 INFO:     #16 chat/completions (stream): 41 tokens generated at
                       210.8 T/s · prompt 343 tokens, none cached, 343 new in
                       0.22 s (1,559 T/s) · first token 0.22 s, total 0.42 s ·
                       draft 22/57 accepted (39%) · max_tokens reached
15:31:33.081 INFO:     #17 chat/completions (stream): 234 prompt tokens ·
                       temperature: 0, greedy (req), max_tokens: 536 (req),
                       min_tokens: 536 (req)
15:31:35.295 INFO:     #17 chat/completions (stream): 536 tokens generated at
                       255.7 T/s · prompt 234 tokens, none cached, 234 new in
                       0.11 s · first token 0.11 s, total 2.21 s · draft 335/603
                       accepted (56%) · max_tokens reached
15:31:35.298 INFO:     #18 chat/completions (stream): 75 prompt tokens ·
                       temperature: 0, greedy (req), max_tokens: 234 (req),
                       min_tokens: 234 (req)
15:31:36.240 INFO:     #18 chat/completions (stream): 234 tokens generated at
                       272.7 T/s · prompt 75 tokens, none cached, 75 new in 0.08
                       s · first token 0.09 s, total 0.94 s · draft 151/249
                       accepted (61%) · max_tokens reached
15:31:36.242 INFO:     #19 chat/completions (stream): 256 prompt tokens ·
                       temperature: 0, greedy (req), max_tokens: 85 (req),
                       min_tokens: 85 (req)
15:31:36.645 INFO:     #19 chat/completions (stream): 85 tokens generated at
                       305.8 T/s · prompt 256 tokens, none cached, 256 new in
                       0.12 s (2,133 T/s) · first token 0.12 s, total 0.40 s ·
                       draft 58/81 accepted (72%) · max_tokens reached
15:31:36.648 INFO:     #20 chat/completions (stream): 292 prompt tokens ·
                       temperature: 0, greedy (req), max_tokens: 46 (req),
                       min_tokens: 46 (req)
15:31:37.024 INFO:     #20 chat/completions (stream): 46 tokens generated at
                       248.7 T/s · prompt 292 tokens, none cached, 292 new in
                       0.18 s (1,622 T/s) · first token 0.18 s, total 0.37 s ·
                       draft 28/54 accepted (52%) · max_tokens reached
15:31:37.026 INFO:     #21 chat/completions (stream): 68 prompt tokens ·
                       temperature: 0, greedy (req), max_tokens: 335 (req),
                       min_tokens: 335 (req)
15:31:38.712 INFO:     #21 chat/completions (stream): 335 tokens generated at
                       208.8 T/s · prompt 68 tokens, none cached, 68 new in 0.08
                       s · first token 0.08 s, total 1.69 s · draft 181/462
                       accepted (39%) · max_tokens reached
15:31:38.715 INFO:     #22 chat/completions (stream): 183 prompt tokens ·
                       temperature: 0, greedy (req), max_tokens: 818 (req),
                       min_tokens: 818 (req)
15:31:42.210 INFO:     #22 chat/completions (stream): 818 tokens generated at
                       241.2 T/s · prompt 183 tokens, none cached, 183 new in
                       0.10 s · first token 0.11 s, total 3.50 s · draft 493/975
                       accepted (51%) · max_tokens reached
15:31:42.213 INFO:     #23 chat/completions (stream): 608 prompt tokens ·
                       temperature: 0, greedy (req), max_tokens: 12 (req),
                       min_tokens: 12 (req)
15:31:42.499 INFO:     #23 chat/completions (stream): 12 tokens generated at
                       289.4 T/s · prompt 608 tokens, none cached, 608 new in
                       0.24 s (2,533 T/s) · first token 0.24 s, total 0.29 s ·
                       draft 8/12 accepted (67%) · max_tokens reached
15:31:42.502 INFO:     #24 chat/completions (stream): 423 prompt tokens ·
                       temperature: 0, greedy (req), max_tokens: 72 (req),
                       min_tokens: 72 (req)
15:31:43.034 INFO:     #24 chat/completions (stream): 72 tokens generated at
                       240.7 T/s · prompt 423 tokens, none cached, 423 new in
                       0.23 s (1,839 T/s) · first token 0.23 s, total 0.53 s ·
                       draft 43/87 accepted (49%) · max_tokens reached
15:31:43.037 INFO:     #25 chat/completions (stream): 414 prompt tokens ·
                       temperature: 0, greedy (req), max_tokens: 8 (req),
                       min_tokens: 8 (req)
15:31:43.289 INFO:     #25 chat/completions (stream): 8 tokens generated at
                       404.0 T/s · prompt 414 tokens, none cached, 414 new in
                       0.23 s (1,800 T/s) · first token 0.24 s, total 0.26 s ·
                       draft 6/6 accepted (100%) · max_tokens reached
15:31:43.291 INFO:     #26 chat/completions (stream): 69 prompt tokens ·
                       temperature: 0, greedy (req), max_tokens: 58 (req),
                       min_tokens: 58 (req)
15:31:43.581 INFO:     #26 chat/completions (stream): 58 tokens generated at
                       279.3 T/s · prompt 69 tokens, none cached, 69 new in 0.08
                       s · first token 0.08 s, total 0.29 s · draft 38/60
                       accepted (63%) · max_tokens reached
15:31:43.584 INFO:     #27 chat/completions (stream): 352 prompt tokens ·
                       temperature: 0, greedy (req), max_tokens: 38 (req),
                       min_tokens: 38 (req)
15:31:43.953 INFO:     #27 chat/completions (stream): 38 tokens generated at
                       261.1 T/s · prompt 352 tokens, none cached, 352 new in
                       0.22 s (1,600 T/s) · first token 0.22 s, total 0.37 s ·
                       draft 24/42 accepted (57%) · max_tokens reached
15:31:43.955 INFO:     #28 chat/completions (stream): 58 prompt tokens ·
                       temperature: 0, greedy (req), max_tokens: 306 (req),
                       min_tokens: 306 (req)
15:31:45.546 INFO:     #28 chat/completions (stream): 306 tokens generated at
                       201.8 T/s · prompt 58 tokens, none cached, 58 new in 0.07
                       s · first token 0.07 s, total 1.59 s · draft 167/417
                       accepted (40%) · max_tokens reached
15:31:45.548 INFO:     #29 chat/completions (stream): 63 prompt tokens ·
                       temperature: 0, greedy (req), max_tokens: 286 (req),
                       min_tokens: 286 (req)
15:31:46.675 INFO:     #29 chat/completions (stream): 286 tokens generated at
                       272.4 T/s · prompt 63 tokens, none cached, 63 new in 0.07
                       s · first token 0.08 s, total 1.12 s · draft 185/303
                       accepted (61%) · max_tokens reached
15:31:46.678 INFO:     #30 chat/completions (stream): 498 prompt tokens ·
                       temperature: 0, greedy (req), max_tokens: 30 (req),
                       min_tokens: 30 (req)
15:31:47.043 INFO:     #30 chat/completions (stream): 30 tokens generated at
                       262.0 T/s · prompt 498 tokens, none cached, 498 new in
                       0.24 s (2,075 T/s) · first token 0.24 s, total 0.36 s ·
                       draft 19/33 accepted (58%) · max_tokens reached
15:31:47.046 INFO:     #32 chat/completions (stream): 235 prompt tokens ·
                       temperature: 0, greedy (req), max_tokens: 47 (req),
                       min_tokens: 47 (req)
15:31:47.377 INFO:     #32 chat/completions (stream): 47 tokens generated at
                       222.0 T/s · prompt 235 tokens, none cached, 235 new in
                       0.11 s · first token 0.11 s, total 0.33 s · draft 27/60
                       accepted (45%) · max_tokens reached
15:31:47.381 INFO:     #33 chat/completions (stream): 927 prompt tokens ·
                       temperature: 0, greedy (req), max_tokens: 333 (req),
                       min_tokens: 333 (req)
15:31:49.042 INFO:     #33 chat/completions (stream): 333 tokens generated at
                       250.0 T/s · prompt 927 tokens, none cached, 927 new in
                       0.32 s (2,897 T/s) · first token 0.32 s, total 1.66 s ·
                       draft 206/381 accepted (54%) · max_tokens reached
15:31:49.045 INFO:     #34 chat/completions (stream): 303 prompt tokens ·
                       temperature: 0, greedy (req), max_tokens: 89 (req),
                       min_tokens: 89 (req)
15:31:49.631 INFO:     #34 chat/completions (stream): 89 tokens generated at
                       232.9 T/s · prompt 303 tokens, none cached, 303 new in
                       0.20 s (1,515 T/s) · first token 0.20 s, total 0.59 s ·
                       draft 54/105 accepted (51%) · max_tokens reached
15:31:49.633 INFO:     #35 chat/completions (stream): 413 prompt tokens ·
                       temperature: 0, greedy (req), max_tokens: 8 (req),
                       min_tokens: 8 (req)
15:31:49.887 INFO:     #35 chat/completions (stream): 8 tokens generated at
                       270.7 T/s · prompt 413 tokens, none cached, 413 new in
                       0.22 s (1,877 T/s) · first token 0.23 s, total 0.25 s ·
                       draft 5/9 accepted (56%) · max_tokens reached
15:31:49.890 INFO:     #36 chat/completions (stream): 206 prompt tokens ·
                       temperature: 0, greedy (req), max_tokens: 271 (req),
                       min_tokens: 271 (req)
15:31:51.017 INFO:     #36 chat/completions (stream): 271 tokens generated at
                       268.2 T/s · prompt 206 tokens, none cached, 206 new in
                       0.11 s · first token 0.11 s, total 1.12 s · draft 174/291
                       accepted (60%) · max_tokens reached
15:31:51.020 INFO:     #37 chat/completions (stream): 180 prompt tokens ·
                       temperature: 0, greedy (req), max_tokens: 20 (req),
                       min_tokens: 20 (req)
15:31:51.199 INFO:     #37 chat/completions (stream): 20 tokens generated at
                       274.1 T/s · prompt 180 tokens, none cached, 180 new in
                       0.10 s · first token 0.10 s, total 0.18 s · draft 13/21
                       accepted (62%) · max_tokens reached
15:31:51.202 INFO:     #38 chat/completions (stream): 509 prompt tokens ·
                       temperature: 0, greedy (req), max_tokens: 22 (req),
                       min_tokens: 22 (req)
15:31:51.539 INFO:     #38 chat/completions (stream): 22 tokens generated at
                       263.8 T/s · prompt 509 tokens, none cached, 509 new in
                       0.25 s (2,036 T/s) · first token 0.25 s, total 0.34 s ·
                       draft 14/24 accepted (58%) · max_tokens reached
15:31:51.543 INFO:     #39 chat/completions (stream): 330 prompt tokens ·
                       temperature: 0, greedy (req), max_tokens: 19 (req),
                       min_tokens: 19 (req)
15:31:51.832 INFO:     #39 chat/completions (stream): 19 tokens generated at
                       265.7 T/s · prompt 330 tokens, none cached, 330 new in
                       0.21 s (1,571 T/s) · first token 0.22 s, total 0.29 s ·
                       draft 12/21 accepted (57%) · max_tokens reached
15:31:51.835 INFO:     #40 chat/completions (stream): 386 prompt tokens ·
                       temperature: 0, greedy (req), max_tokens: 26 (req),
                       min_tokens: 26 (req)
15:31:52.176 INFO:     #40 chat/completions (stream): 26 tokens generated at
                       253.7 T/s · prompt 386 tokens, none cached, 386 new in
                       0.23 s (1,678 T/s) · first token 0.23 s, total 0.34 s ·
                       draft 16/30 accepted (53%) · max_tokens reached
15:31:52.178 INFO:     #41 chat/completions (stream): 100 prompt tokens ·
                       temperature: 0, greedy (req), max_tokens: 136 (req),
                       min_tokens: 136 (req)
15:31:52.775 INFO:     #41 chat/completions (stream): 136 tokens generated at
                       272.6 T/s · prompt 100 tokens, none cached, 100 new in
                       0.09 s · first token 0.09 s, total 0.59 s · draft 88/144
                       accepted (61%) · max_tokens reached
15:31:52.778 INFO:     #42 chat/completions (stream): 76 prompt tokens ·
                       temperature: 0, greedy (req), max_tokens: 401 (req),
                       min_tokens: 401 (req)
15:31:54.510 INFO:     #42 chat/completions (stream): 401 tokens generated at
                       243.5 T/s · prompt 76 tokens, none cached, 76 new in 0.08
                       s · first token 0.08 s, total 1.73 s · draft 242/477
                       accepted (51%) · max_tokens reached
15:31:54.513 INFO:     #43 chat/completions (stream): 62 prompt tokens ·
                       temperature: 0, greedy (req), max_tokens: 155 (req),
                       min_tokens: 155 (req)
15:31:55.150 INFO:     #43 chat/completions (stream): 155 tokens generated at
                       276.3 T/s · prompt 62 tokens, none cached, 62 new in 0.07
                       s · first token 0.07 s, total 0.64 s · draft 101/162
                       accepted (62%) · max_tokens reached
15:31:55.152 INFO:     #44 chat/completions (stream): 73 prompt tokens ·
                       temperature: 0, greedy (req), max_tokens: 222 (req),
                       min_tokens: 222 (req)
15:31:56.124 INFO:     #44 chat/completions (stream): 222 tokens generated at
                       250.2 T/s · prompt 73 tokens, none cached, 73 new in 0.08
                       s · first token 0.08 s, total 0.97 s · draft 137/255
                       accepted (54%) · max_tokens reached
15:31:56.126 INFO:     #45 chat/completions (stream): 194 prompt tokens ·
                       temperature: 0, greedy (req), max_tokens: 201 (req),
                       min_tokens: 201 (req)
15:31:56.901 INFO:     #45 chat/completions (stream): 201 tokens generated at
                       302.7 T/s · prompt 194 tokens, none cached, 194 new in
                       0.10 s · first token 0.11 s, total 0.77 s · draft 137/192
                       accepted (71%) · max_tokens reached
15:31:56.904 INFO:     #46 chat/completions (stream): 656 prompt tokens ·
                       temperature: 0, greedy (req), max_tokens: 595 (req),
                       min_tokens: 595 (req)
15:31:58.882 INFO:     #46 chat/completions (stream): 595 tokens generated at
                       350.0 T/s · prompt 656 tokens, none cached, 656 new in
                       0.27 s (2,430 T/s) · first token 0.27 s, total 1.97 s ·
                       draft 432/489 accepted (88%) · max_tokens reached
15:31:58.884 INFO:     #47 chat/completions (stream): 73 prompt tokens ·
                       temperature: 0, greedy (req), max_tokens: 664 (req),
                       min_tokens: 664 (req)
15:32:01.663 INFO:     #47 chat/completions (stream): 664 tokens generated at
                       246.4 T/s · prompt 73 tokens, none cached, 73 new in 0.08
                       s · first token 0.08 s, total 2.78 s · draft 403/783
                       accepted (51%) · max_tokens reached
15:32:01.666 INFO:     #48 chat/completions (stream): 85 prompt tokens ·
                       temperature: 0, greedy (req), max_tokens: 50 (req),
                       min_tokens: 50 (req)
15:32:01.900 INFO:     #48 chat/completions (stream): 50 tokens generated at
                       350.1 T/s · prompt 85 tokens, none cached, 85 new in 0.08
                       s · first token 0.09 s, total 0.23 s · draft 36/42
                       accepted (86%) · max_tokens reached
15:32:01.902 INFO:     #49 chat/completions (stream): 75 prompt tokens ·
                       temperature: 0, greedy (req), max_tokens: 202 (req),
                       min_tokens: 202 (req)
15:32:02.896 INFO:     #49 chat/completions (stream): 202 tokens generated at
                       221.5 T/s · prompt 75 tokens, none cached, 75 new in 0.08
                       s · first token 0.08 s, total 1.00 s · draft 114/264
                       accepted (43%) · max_tokens reached
15:32:02.899 INFO:     #51 chat/completions (stream): 87 prompt tokens ·
                       temperature: 0, greedy (req), max_tokens: 683 (req),
                       min_tokens: 683 (req)
15:32:05.943 INFO:     #51 chat/completions (stream): 683 tokens generated at
                       231.2 T/s · prompt 87 tokens, none cached, 87 new in 0.08
                       s · first token 0.08 s, total 3.04 s · draft 401/846
                       accepted (47%) · max_tokens reached
15:32:05.947 INFO:     #52 chat/completions (stream): 796 prompt tokens ·
                       temperature: 0, greedy (req), max_tokens: 13 (req),
                       min_tokens: 13 (req)
15:32:06.202 INFO:     #52 chat/completions (stream): 13 tokens generated at
                       317.4 T/s · prompt 796 tokens, none cached, 796 new in
                       0.21 s (3,790 T/s) · first token 0.22 s, total 0.26 s ·
                       draft 9/12 accepted (75%) · max_tokens reached
15:32:06.205 INFO:     #53 chat/completions (stream): 349 prompt tokens ·
                       temperature: 0, greedy (req), max_tokens: 70 (req),
                       min_tokens: 70 (req)
15:32:06.684 INFO:     #53 chat/completions (stream): 70 tokens generated at
                       271.7 T/s · prompt 349 tokens, none cached, 349 new in
                       0.22 s (1,586 T/s) · first token 0.22 s, total 0.48 s ·
                       draft 45/75 accepted (60%) · max_tokens reached
15:32:06.688 INFO:     #54 chat/completions (stream): 345 prompt tokens ·
                       temperature: 0, greedy (req), max_tokens: 18 (req),
                       min_tokens: 18 (req)
15:32:06.985 INFO:     #54 chat/completions (stream): 18 tokens generated at
                       246.1 T/s · prompt 345 tokens, none cached, 345 new in
                       0.22 s (1,568 T/s) · first token 0.22 s, total 0.30 s ·
                       draft 11/21 accepted (52%) · max_tokens reached
15:32:06.988 INFO:     #55 chat/completions (stream): 353 prompt tokens ·
                       temperature: 0, greedy (req), max_tokens: 52 (req),
                       min_tokens: 52 (req)
15:32:07.396 INFO:     #55 chat/completions (stream): 52 tokens generated at
                       298.1 T/s · prompt 353 tokens, none cached, 353 new in
                       0.23 s (1,535 T/s) · first token 0.23 s, total 0.41 s ·
                       draft 35/51 accepted (69%) · max_tokens reached
15:32:07.398 INFO:     #56 chat/completions (stream): 75 prompt tokens ·
                       temperature: 0, greedy (req), max_tokens: 218 (req),
                       min_tokens: 218 (req)
15:32:08.204 INFO:     #56 chat/completions (stream): 218 tokens generated at
                       313.7 T/s · prompt 75 tokens, none cached, 75 new in 0.10
                       s · first token 0.11 s, total 0.80 s · draft 150/204
                       accepted (74%) · max_tokens reached
15:32:08.208 INFO:     #57 chat/completions (stream): 786 prompt tokens ·
                       temperature: 0, greedy (req), max_tokens: 792 (req),
                       min_tokens: 792 (req)
15:32:11.467 INFO:     #57 chat/completions (stream): 792 tokens generated at
                       265.4 T/s · prompt 786 tokens, none cached, 786 new in
                       0.27 s (2,911 T/s) · first token 0.28 s, total 3.26 s ·
                       draft 499/879 accepted (57%) · max_tokens reached
15:32:11.469 INFO:     #58 chat/completions (stream): 95 prompt tokens ·
                       temperature: 0, greedy (req), max_tokens: 25 (req),
                       min_tokens: 25 (req)
15:32:11.631 INFO:     #58 chat/completions (stream): 25 tokens generated at
                       362.1 T/s · prompt 95 tokens, none cached, 95 new in 0.09
                       s · first token 0.10 s, total 0.16 s · draft 18/21
                       accepted (86%) · max_tokens reached
15:32:11.634 INFO:     #59 chat/completions (stream): 477 prompt tokens ·
                       temperature: 0, greedy (req), max_tokens: 7 (req),
                       min_tokens: 7 (req)
15:32:11.899 INFO:     #59 chat/completions (stream): 7 tokens generated at
                       361.3 T/s · prompt 477 tokens, none cached, 477 new in
                       0.24 s (1,988 T/s) · first token 0.24 s, total 0.26 s ·
                       draft 5/6 accepted (83%) · max_tokens reached
15:32:11.902 INFO:     #60 chat/completions (stream): 238 prompt tokens ·
                       temperature: 0, greedy (req), max_tokens: 23 (req),
                       min_tokens: 23 (req)
15:32:12.080 INFO:     #60 chat/completions (stream): 23 tokens generated at
                       386.4 T/s · prompt 238 tokens, none cached, 238 new in
                       0.11 s · first token 0.11 s, total 0.17 s · draft 17/18
                       accepted (94%) · max_tokens reached
15:32:12.082 INFO:     #61 chat/completions (stream): 62 prompt tokens ·
                       temperature: 0, greedy (req), max_tokens: 408 (req),
                       min_tokens: 408 (req)
15:32:13.754 INFO:     #61 chat/completions (stream): 408 tokens generated at
                       255.3 T/s · prompt 62 tokens, none cached, 62 new in 0.07
                       s · first token 0.07 s, total 1.67 s · draft 251/471
                       accepted (53%) · max_tokens reached
15:32:13.757 INFO:     #62 chat/completions (stream): 507 prompt tokens ·
                       temperature: 0, greedy (req), max_tokens: 8 (req),
                       min_tokens: 8 (req)
15:32:14.032 INFO:     #62 chat/completions (stream): 8 tokens generated at
                       265.9 T/s · prompt 507 tokens, none cached, 507 new in
                       0.24 s (2,112 T/s) · first token 0.24 s, total 0.28 s ·
                       draft 5/9 accepted (56%) · max_tokens reached
15:32:14.035 INFO:     #63 chat/completions (stream): 151 prompt tokens ·
                       temperature: 0, greedy (req), max_tokens: 7 (req),
                       min_tokens: 7 (req)
15:32:14.148 INFO:     #63 chat/completions (stream): 7 tokens generated at
                       371.8 T/s · prompt 151 tokens, none cached, 151 new in
                       0.09 s · first token 0.09 s, total 0.11 s · draft 5/6
                       accepted (83%) · max_tokens reached
15:32:14.150 INFO:     #64 chat/completions (stream): 92 prompt tokens ·
                       temperature: 0, greedy (req), max_tokens: 171 (req),
                       min_tokens: 171 (req)
15:32:14.913 INFO:     #64 chat/completions (stream): 171 tokens generated at
                       255.0 T/s · prompt 92 tokens, none cached, 92 new in 0.09
                       s · first token 0.09 s, total 0.77 s · draft 105/198
                       accepted (53%) · max_tokens reached
15:32:14.916 INFO:     #65 chat/completions (stream): 534 prompt tokens ·
                       temperature: 0, greedy (req), max_tokens: 59 (req),
                       min_tokens: 59 (req)
15:32:15.322 INFO:     #65 chat/completions (stream): 59 tokens generated at
                       262.3 T/s · prompt 534 tokens, none cached, 534 new in
                       0.17 s (3,141 T/s) · first token 0.17 s, total 0.40 s ·
                       draft 36/69 accepted (52%) · max_tokens reached
15:32:15.324 INFO:     #66 chat/completions (stream): 63 prompt tokens ·
                       temperature: 0, greedy (req), max_tokens: 327 (req),
                       min_tokens: 327 (req)
15:32:16.523 INFO:     #66 chat/completions (stream): 327 tokens generated at
                       291.1 T/s · prompt 63 tokens, none cached, 63 new in 0.07
                       s · first token 0.07 s, total 1.20 s · draft 215/336
                       accepted (64%) · max_tokens reached
15:32:16.526 INFO:     #67 chat/completions (stream): 58 prompt tokens ·
                       temperature: 0, greedy (req), max_tokens: 312 (req),
                       min_tokens: 312 (req)
15:32:17.692 INFO:     #67 chat/completions (stream): 312 tokens generated at
                       285.9 T/s · prompt 58 tokens, none cached, 58 new in 0.07
                       s · first token 0.07 s, total 1.17 s · draft 204/324
                       accepted (63%) · max_tokens reached
15:32:17.694 INFO:     #69 chat/completions (stream): 253 prompt tokens ·
                       temperature: 0, greedy (req), max_tokens: 227 (req),
                       min_tokens: 227 (req)
15:32:18.856 INFO:     #69 chat/completions (stream): 227 tokens generated at
                       218.5 T/s · prompt 253 tokens, none cached, 253 new in
                       0.12 s · first token 0.12 s, total 1.16 s · draft 124/309
                       accepted (40%) · max_tokens reached
15:32:18.858 INFO:     #70 chat/completions (stream): 328 prompt tokens ·
                       temperature: 0, greedy (req), max_tokens: 161 (req),
                       min_tokens: 161 (req)
15:32:19.757 INFO:     #70 chat/completions (stream): 161 tokens generated at
                       234.4 T/s · prompt 328 tokens, none cached, 328 new in
                       0.20 s (1,640 T/s) · first token 0.20 s, total 0.89 s ·
                       draft 94/201 accepted (47%) · max_tokens reached
15:32:19.759 INFO:     #71 chat/completions (stream): 62 prompt tokens ·
                       temperature: 0, greedy (req), max_tokens: 158 (req),
                       min_tokens: 158 (req)
15:32:20.469 INFO:     #71 chat/completions (stream): 158 tokens generated at
                       248.8 T/s · prompt 62 tokens, none cached, 62 new in 0.07
                       s · first token 0.08 s, total 0.71 s · draft 96/186
                       accepted (52%) · max_tokens reached
15:32:20.473 INFO:     #72 chat/completions (stream): 450 prompt tokens ·
                       temperature: 0, greedy (req), max_tokens: 172 (req),
                       min_tokens: 172 (req)
15:32:21.325 INFO:     #72 chat/completions (stream): 172 tokens generated at
                       282.9 T/s · prompt 450 tokens, none cached, 450 new in
                       0.24 s (1,875 T/s) · first token 0.24 s, total 0.85 s ·
                       draft 112/180 accepted (62%) · max_tokens reached
15:32:21.329 INFO:     #73 chat/completions (stream): 840 prompt tokens ·
                       temperature: 0, greedy (req), max_tokens: 16 (req),
                       min_tokens: 16 (req)
15:32:21.695 INFO:     #73 chat/completions (stream): 16 tokens generated at
                       200.0 T/s · prompt 840 tokens, none cached, 840 new in
                       0.28 s (3,000 T/s) · first token 0.28 s, total 0.36 s ·
                       draft 8/24 accepted (33%) · max_tokens reached
15:32:21.697 INFO:     #74 chat/completions (stream): 63 prompt tokens ·
                       temperature: 0, greedy (req), max_tokens: 373 (req),
                       min_tokens: 373 (req)
15:32:23.188 INFO:     #74 chat/completions (stream): 373 tokens generated at
                       263.6 T/s · prompt 63 tokens, none cached, 63 new in 0.07
                       s · first token 0.07 s, total 1.49 s · draft 240/399
                       accepted (60%) · max_tokens reached
15:32:23.190 INFO:     #75 chat/completions (stream): 63 prompt tokens ·
                       temperature: 0, greedy (req), max_tokens: 361 (req),
                       min_tokens: 361 (req)
15:32:24.771 INFO:     #75 chat/completions (stream): 361 tokens generated at
                       239.9 T/s · prompt 63 tokens, none cached, 63 new in 0.07
                       s · first token 0.08 s, total 1.58 s · draft 219/426
                       accepted (51%) · max_tokens reached
15:32:24.775 INFO:     #76 chat/completions (stream): 64 prompt tokens ·
                       temperature: 0, greedy (req), max_tokens: 400 (req),
                       min_tokens: 400 (req)
15:32:26.571 INFO:     #76 chat/completions (stream): 400 tokens generated at
                       233.7 T/s · prompt 64 tokens, none cached, 64 new in 0.08
                       s · first token 0.09 s, total 1.80 s · draft 232/504
                       accepted (46%) · max_tokens reached
15:32:26.575 INFO:     #77 chat/completions (stream): 677 prompt tokens ·
                       temperature: 0, greedy (req), max_tokens: 6 (req),
                       min_tokens: 6 (req)
15:32:26.856 INFO:     #77 chat/completions (stream): 6 tokens generated at
                       309.9 T/s · prompt 677 tokens, none cached, 677 new in
                       0.25 s (2,708 T/s) · first token 0.26 s, total 0.27 s ·
                       draft 4/6 accepted (67%) · max_tokens reached
15:32:26.859 INFO:     #78 chat/completions (stream): 114 prompt tokens ·
                       temperature: 0, greedy (req), max_tokens: 443 (req),
                       min_tokens: 443 (req)
15:32:28.713 INFO:     #78 chat/completions (stream): 443 tokens generated at
                       253.0 T/s · prompt 114 tokens, none cached, 114 new in
                       0.10 s · first token 0.10 s, total 1.86 s · draft 269/522
                       accepted (52%) · max_tokens reached
15:32:28.717 INFO:     #79 chat/completions (stream): 739 prompt tokens ·
                       temperature: 0, greedy (req), max_tokens: 620 (req),
                       min_tokens: 620 (req)
15:32:31.293 INFO:     #79 chat/completions (stream): 620 tokens generated at
                       270.2 T/s · prompt 739 tokens, none cached, 739 new in
                       0.27 s (2,737 T/s) · first token 0.28 s, total 2.57 s ·
                       draft 392/684 accepted (57%) · max_tokens reached
15:32:31.296 INFO:     #80 chat/completions (stream): 502 prompt tokens ·
                       temperature: 0, greedy (req), max_tokens: 8 (req),
                       min_tokens: 8 (req)
15:32:31.575 INFO:     #80 chat/completions (stream): 8 tokens generated at
                       275.8 T/s · prompt 502 tokens, none cached, 502 new in
                       0.24 s (2,092 T/s) · first token 0.24 s, total 0.27 s ·
                       draft 5/9 accepted (56%) · max_tokens reached
15:32:31.577 INFO:     #81 chat/completions (stream): 67 prompt tokens ·
                       temperature: 0, greedy (req), max_tokens: 309 (req),
                       min_tokens: 309 (req)
15:32:32.796 INFO:     #81 chat/completions (stream): 309 tokens generated at
                       271.8 T/s · prompt 67 tokens, none cached, 67 new in 0.08
                       s · first token 0.08 s, total 1.22 s · draft 197/336
                       accepted (59%) · max_tokens reached
15:32:32.799 INFO:     #83 chat/completions (stream): 684 prompt tokens ·
                       temperature: 0, greedy (req), max_tokens: 19 (req),
                       min_tokens: 19 (req)
15:32:33.129 INFO:     #83 chat/completions (stream): 19 tokens generated at
                       242.5 T/s · prompt 684 tokens, none cached, 684 new in
                       0.25 s (2,736 T/s) · first token 0.26 s, total 0.33 s ·
                       draft 11/24 accepted (46%) · max_tokens reached
15:32:33.132 INFO:     #84 chat/completions (stream): 67 prompt tokens ·
                       temperature: 0, greedy (req), max_tokens: 161 (req),
                       min_tokens: 161 (req)
15:32:33.925 INFO:     #84 chat/completions (stream): 161 tokens generated at
                       225.8 T/s · prompt 67 tokens, none cached, 67 new in 0.07
                       s · first token 0.07 s, total 0.79 s · draft 91/210
                       accepted (43%) · max_tokens reached
15:32:33.927 INFO:     #85 chat/completions (stream): 345 prompt tokens ·
                       temperature: 0, greedy (req), max_tokens: 20 (req),
                       min_tokens: 20 (req)
15:32:34.217 INFO:     #85 chat/completions (stream): 20 tokens generated at
                       285.1 T/s · prompt 345 tokens, none cached, 345 new in
                       0.21 s (1,643 T/s) · first token 0.22 s, total 0.29 s ·
                       draft 13/21 accepted (62%) · max_tokens reached
15:32:34.221 INFO:     #86 chat/completions (stream): 870 prompt tokens ·
                       temperature: 0, greedy (req), max_tokens: 44 (req),
                       min_tokens: 44 (req)
15:32:34.728 INFO:     #86 chat/completions (stream): 44 tokens generated at
                       257.0 T/s · prompt 870 tokens, none cached, 870 new in
                       0.33 s (2,636 T/s) · first token 0.33 s, total 0.51 s ·
                       draft 27/51 accepted (53%) · max_tokens reached
15:32:34.730 INFO:     #87 chat/completions (stream): 77 prompt tokens ·
                       temperature: 0, greedy (req), max_tokens: 142 (req),
                       min_tokens: 142 (req)
15:32:35.361 INFO:     #87 chat/completions (stream): 142 tokens generated at
                       259.8 T/s · prompt 77 tokens, none cached, 77 new in 0.08
                       s · first token 0.09 s, total 0.63 s · draft 87/165
                       accepted (53%) · max_tokens reached
15:32:35.363 INFO:     #88 chat/completions (stream): 116 prompt tokens ·
                       temperature: 0, greedy (req), max_tokens: 79 (req),
                       min_tokens: 79 (req)
15:32:35.678 INFO:     #88 chat/completions (stream): 79 tokens generated at
                       374.4 T/s · prompt 116 tokens, none cached, 116 new in
                       0.10 s · first token 0.10 s, total 0.32 s · draft 58/63
                       accepted (92%) · max_tokens reached
15:32:35.680 INFO:     #89 chat/completions (stream): 121 prompt tokens ·
                       temperature: 0, greedy (req), max_tokens: 9 (req),
                       min_tokens: 9 (req)
15:32:35.823 INFO:     #89 chat/completions (stream): 9 tokens generated at
                       228.8 T/s · prompt 121 tokens, none cached, 121 new in
                       0.10 s · first token 0.10 s, total 0.14 s · draft 5/12
                       accepted (42%) · max_tokens reached
15:32:35.825 INFO:     #90 chat/completions (stream): 188 prompt tokens ·
                       temperature: 0, greedy (req), max_tokens: 337 (req),
                       min_tokens: 337 (req)
15:32:37.159 INFO:     #90 chat/completions (stream): 337 tokens generated at
                       274.2 T/s · prompt 188 tokens, none cached, 188 new in
                       0.10 s · first token 0.10 s, total 1.33 s · draft 215/366
                       accepted (59%) · max_tokens reached
15:32:37.163 INFO:     #91 chat/completions (stream): 546 prompt tokens ·
                       temperature: 0, greedy (req), max_tokens: 16 (req),
                       min_tokens: 16 (req)
15:32:37.438 INFO:     #91 chat/completions (stream): 16 tokens generated at
                       267.8 T/s · prompt 546 tokens, none cached, 546 new in
                       0.21 s (2,600 T/s) · first token 0.22 s, total 0.27 s ·
                       draft 11/15 accepted (73%) · max_tokens reached
15:32:37.441 INFO:     #92 chat/completions (stream): 346 prompt tokens ·
                       temperature: 0, greedy (req), max_tokens: 18 (req),
                       min_tokens: 18 (req)
15:32:37.716 INFO:     #92 chat/completions (stream): 18 tokens generated at
                       306.3 T/s · prompt 346 tokens, none cached, 346 new in
                       0.21 s (1,648 T/s) · first token 0.21 s, total 0.27 s ·
                       draft 12/18 accepted (67%) · max_tokens reached
15:32:37.718 INFO:     #93 chat/completions (stream): 399 prompt tokens ·
                       temperature: 0, greedy (req), max_tokens: 350 (req),
                       min_tokens: 350 (req)
15:32:39.291 INFO:     #93 chat/completions (stream): 350 tokens generated at
                       262.6 T/s · prompt 399 tokens, none cached, 399 new in
                       0.23 s (1,735 T/s) · first token 0.23 s, total 1.57 s ·
                       draft 217/399 accepted (54%) · max_tokens reached
15:32:39.295 INFO:     #94 chat/completions (stream): 832 prompt tokens ·
                       temperature: 0, greedy (req), max_tokens: 25 (req),
                       min_tokens: 25 (req)
15:32:39.655 INFO:     #94 chat/completions (stream): 25 tokens generated at
                       284.0 T/s · prompt 832 tokens, none cached, 832 new in
                       0.27 s (3,081 T/s) · first token 0.28 s, total 0.36 s ·
                       draft 16/27 accepted (59%) · max_tokens reached
15:32:39.658 INFO:     #95 chat/completions (stream): 62 prompt tokens ·
                       temperature: 0, greedy (req), max_tokens: 163 (req),
                       min_tokens: 163 (req)
15:32:40.361 INFO:     #95 chat/completions (stream): 163 tokens generated at
                       259.6 T/s · prompt 62 tokens, none cached, 62 new in 0.07
                       s · first token 0.07 s, total 0.70 s · draft 100/189
                       accepted (53%) · max_tokens reached
15:32:40.365 INFO:     #96 chat/completions (stream): 794 prompt tokens ·
                       temperature: 0, greedy (req), max_tokens: 12 (req),
                       min_tokens: 12 (req)
15:32:40.653 INFO:     #96 chat/completions (stream): 12 tokens generated at
                       303.6 T/s · prompt 794 tokens, none cached, 794 new in
                       0.24 s (3,308 T/s) · first token 0.25 s, total 0.28 s ·
                       draft 8/12 accepted (67%) · max_tokens reached
15:32:40.657 INFO:     #97 chat/completions (stream): 489 prompt tokens ·
                       temperature: 0, greedy (req), max_tokens: 32 (req),
                       min_tokens: 32 (req)
15:32:41.009 INFO:     #97 chat/completions (stream): 32 tokens generated at
                       289.4 T/s · prompt 489 tokens, none cached, 489 new in
                       0.23 s (2,126 T/s) · first token 0.23 s, total 0.35 s ·
                       draft 21/33 accepted (64%) · max_tokens reached
15:32:41.012 INFO:     #98 chat/completions (stream): 378 prompt tokens ·
                       temperature: 0, greedy (req), max_tokens: 447 (req),
                       min_tokens: 447 (req)
15:32:42.990 INFO:     #98 chat/completions (stream): 447 tokens generated at
                       256.4 T/s · prompt 378 tokens, none cached, 378 new in
                       0.23 s (1,643 T/s) · first token 0.23 s, total 1.98 s ·
                       draft 274/519 accepted (53%) · max_tokens reached
15:32:42.993 INFO:     #99 chat/completions (stream): 72 prompt tokens ·
                       temperature: 0, greedy (req), max_tokens: 731 (req),
                       min_tokens: 731 (req)
15:32:45.899 INFO:     #99 chat/completions (stream): 731 tokens generated at
                       258.9 T/s · prompt 72 tokens, none cached, 72 new in 0.08
                       s · first token 0.08 s, total 2.91 s · draft 450/843
                       accepted (53%) · max_tokens reached
15:32:45.901 INFO:     #100 chat/completions (stream): 76 prompt tokens ·
                       temperature: 0, greedy (req), max_tokens: 393 (req),
                       min_tokens: 393 (req)
15:32:47.508 INFO:     #100 chat/completions (stream): 393 tokens generated at
                       258.1 T/s · prompt 76 tokens, none cached, 76 new in 0.08
                       s · first token 0.08 s, total 1.61 s · draft 242/453
                       accepted (53%) · max_tokens reached
15:32:47.510 INFO:     #102 chat/completions (stream): 60 prompt tokens ·
                       temperature: 0, greedy (req), max_tokens: 636 (req),
                       min_tokens: 636 (req)
15:32:49.842 INFO:     #102 chat/completions (stream): 636 tokens generated at
                       281.8 T/s · prompt 60 tokens, none cached, 60 new in 0.07
                       s · first token 0.08 s, total 2.33 s · draft 411/675
                       accepted (61%) · max_tokens reached
15:32:49.845 INFO:     #103 chat/completions (stream): 87 prompt tokens ·
                       temperature: 0, greedy (req), max_tokens: 38 (req),
                       min_tokens: 38 (req)
15:32:50.044 INFO:     #103 chat/completions (stream): 38 tokens generated at
                       351.0 T/s · prompt 87 tokens, none cached, 87 new in 0.08
                       s · first token 0.08 s, total 0.19 s · draft 27/33
                       accepted (82%) · max_tokens reached
15:32:50.046 INFO:     #104 chat/completions (stream): 132 prompt tokens ·
                       temperature: 0, greedy (req), max_tokens: 61 (req),
                       min_tokens: 61 (req)
15:32:50.319 INFO:     #104 chat/completions (stream): 61 tokens generated at
                       378.4 T/s · prompt 132 tokens, none cached, 132 new in
                       0.11 s · first token 0.11 s, total 0.28 s · draft 45/48
                       accepted (94%) · max_tokens reached
15:32:50.321 INFO:     #105 chat/completions (stream): 76 prompt tokens ·
                       temperature: 0, greedy (req), max_tokens: 411 (req),
                       min_tokens: 411 (req)
15:32:51.908 INFO:     #105 chat/completions (stream): 411 tokens generated at
                       273.0 T/s · prompt 76 tokens, none cached, 76 new in 0.08
                       s · first token 0.08 s, total 1.59 s · draft 261/450
                       accepted (58%) · max_tokens reached
15:32:51.911 INFO:     #106 chat/completions (stream): 68 prompt tokens ·
                       temperature: 0, greedy (req), max_tokens: 367 (req),
                       min_tokens: 367 (req)
15:32:53.469 INFO:     #106 chat/completions (stream): 367 tokens generated at
                       248.3 T/s · prompt 68 tokens, none cached, 68 new in 0.07
                       s · first token 0.08 s, total 1.55 s · draft 221/438
                       accepted (50%) · max_tokens reached
15:32:53.471 INFO:     #107 chat/completions (stream): 123 prompt tokens ·
                       temperature: 0, greedy (req), max_tokens: 289 (req),
                       min_tokens: 289 (req)
15:32:54.702 INFO:     #107 chat/completions (stream): 289 tokens generated at
                       256.9 T/s · prompt 123 tokens, none cached, 123 new in
                       0.10 s · first token 0.11 s, total 1.23 s · draft 177/336
                       accepted (53%) · max_tokens reached
15:32:54.705 INFO:     #108 chat/completions (stream): 101 prompt tokens ·
                       temperature: 0, greedy (req), max_tokens: 518 (req),
                       min_tokens: 518 (req)
15:32:57.075 INFO:     #108 chat/completions (stream): 518 tokens generated at
                       228.0 T/s · prompt 101 tokens, none cached, 101 new in
                       0.09 s · first token 0.10 s, total 2.37 s · draft 291/681
                       accepted (43%) · max_tokens reached
15:32:57.077 INFO:     #109 chat/completions (stream): 145 prompt tokens ·
                       temperature: 0, greedy (req), max_tokens: 144 (req),
                       min_tokens: 144 (req)
15:32:57.755 INFO:     #109 chat/completions (stream): 144 tokens generated at
                       255.8 T/s · prompt 145 tokens, none cached, 145 new in
                       0.11 s · first token 0.12 s, total 0.68 s · draft 88/168
                       accepted (52%) · max_tokens reached
15:32:57.758 INFO:     #110 chat/completions (stream): 360 prompt tokens ·
                       temperature: 0, greedy (req), max_tokens: 8 (req),
                       min_tokens: 8 (req)
15:32:58.012 INFO:     #110 chat/completions (stream): 8 tokens generated at
                       268.8 T/s · prompt 360 tokens, none cached, 360 new in
                       0.22 s (1,636 T/s) · first token 0.22 s, total 0.25 s ·
                       draft 5/9 accepted (56%) · max_tokens reached
15:32:58.015 INFO:     #111 chat/completions (stream): 469 prompt tokens ·
                       temperature: 0, greedy (req), max_tokens: 465 (req),
                       min_tokens: 465 (req)
15:32:59.696 INFO:     #111 chat/completions (stream): 465 tokens generated at
                       321.8 T/s · prompt 469 tokens, none cached, 469 new in
                       0.23 s (2,039 T/s) · first token 0.23 s, total 1.68 s ·
                       draft 322/429 accepted (75%) · max_tokens reached
15:32:59.699 INFO:     #112 chat/completions (stream): 327 prompt tokens ·
                       temperature: 0, greedy (req), max_tokens: 420 (req),
                       min_tokens: 420 (req)
15:33:01.651 INFO:     #112 chat/completions (stream): 420 tokens generated at
                       241.5 T/s · prompt 327 tokens, none cached, 327 new in
                       0.21 s (1,557 T/s) · first token 0.22 s, total 1.95 s ·
                       draft 248/516 accepted (48%) · max_tokens reached
15:33:01.654 INFO:     #113 chat/completions (stream): 93 prompt tokens ·
                       temperature: 0, greedy (req), max_tokens: 298 (req),
                       min_tokens: 298 (req)
15:33:02.947 INFO:     #113 chat/completions (stream): 298 tokens generated at
                       248.0 T/s · prompt 93 tokens, none cached, 93 new in 0.09
                       s · first token 0.09 s, total 1.30 s · draft 179/357
                       accepted (50%) · max_tokens reached
15:33:02.950 INFO:     #115 chat/completions (stream): 126 prompt tokens ·
                       temperature: 0, greedy (req), max_tokens: 325 (req),
                       min_tokens: 325 (req)
15:33:04.383 INFO:     #115 chat/completions (stream): 325 tokens generated at
                       245.3 T/s · prompt 126 tokens, none cached, 126 new in
                       0.10 s · first token 0.11 s, total 1.43 s · draft 194/393
                       accepted (49%) · max_tokens reached
15:33:04.386 INFO:     #116 chat/completions (stream): 487 prompt tokens ·
                       temperature: 0, greedy (req), max_tokens: 7 (req),
                       min_tokens: 7 (req)
15:33:04.671 INFO:     #116 chat/completions (stream): 7 tokens generated at
                       367.3 T/s · prompt 487 tokens, none cached, 487 new in
                       0.26 s (1,873 T/s) · first token 0.27 s, total 0.28 s ·
                       draft 5/6 accepted (83%) · max_tokens reached
15:33:04.674 INFO:     #117 chat/completions (stream): 334 prompt tokens ·
                       temperature: 0, greedy (req), max_tokens: 377 (req),
                       min_tokens: 377 (req)
15:33:06.278 INFO:     #117 chat/completions (stream): 377 tokens generated at
                       270.1 T/s · prompt 334 tokens, none cached, 334 new in
                       0.20 s (1,670 T/s) · first token 0.20 s, total 1.60 s ·
                       draft 239/414 accepted (58%) · max_tokens reached
15:33:06.282 INFO:     #118 chat/completions (stream): 841 prompt tokens ·
                       temperature: 0, greedy (req), max_tokens: 429 (req),
                       min_tokens: 429 (req)
15:33:08.549 INFO:     #118 chat/completions (stream): 429 tokens generated at
                       216.2 T/s · prompt 841 tokens, none cached, 841 new in
                       0.28 s (3,004 T/s) · first token 0.29 s, total 2.27 s ·
                       draft 232/591 accepted (39%) · max_tokens reached
15:33:08.552 INFO:     #119 chat/completions (stream): 57 prompt tokens ·
                       temperature: 0, greedy (req), max_tokens: 99 (req),
                       min_tokens: 99 (req)
15:33:08.949 INFO:     #119 chat/completions (stream): 99 tokens generated at
                       309.8 T/s · prompt 57 tokens, none cached, 57 new in 0.07
                       s · first token 0.08 s, total 0.39 s · draft 67/96
                       accepted (70%) · max_tokens reached
15:33:08.952 INFO:     #120 chat/completions (stream): 147 prompt tokens ·
                       temperature: 0, greedy (req), max_tokens: 30 (req),
                       min_tokens: 30 (req)
15:33:09.136 INFO:     #120 chat/completions (stream): 30 tokens generated at
                       334.4 T/s · prompt 147 tokens, none cached, 147 new in
                       0.09 s · first token 0.09 s, total 0.18 s · draft 21/27
                       accepted (78%) · max_tokens reached
15:33:09.138 INFO:     #121 chat/completions (stream): 232 prompt tokens ·
                       temperature: 0, greedy (req), max_tokens: 78 (req),
                       min_tokens: 78 (req)
15:33:09.454 INFO:     #121 chat/completions (stream): 78 tokens generated at
                       385.3 T/s · prompt 232 tokens, none cached, 232 new in
                       0.11 s · first token 0.11 s, total 0.32 s · draft 58/60
                       accepted (97%) · max_tokens reached
15:33:09.456 INFO:     #122 chat/completions (stream): 63 prompt tokens ·
                       temperature: 0, greedy (req), max_tokens: 321 (req),
                       min_tokens: 321 (req)
15:33:10.974 INFO:     #122 chat/completions (stream): 321 tokens generated at
                       222.8 T/s · prompt 63 tokens, none cached, 63 new in 0.07
                       s · first token 0.08 s, total 1.52 s · draft 177/432
                       accepted (41%) · max_tokens reached
15:33:10.976 INFO:     #123 chat/completions (stream): 78 prompt tokens ·
                       temperature: 0, greedy (req), max_tokens: 254 (req),
                       min_tokens: 254 (req)
15:33:11.938 INFO:     #123 chat/completions (stream): 254 tokens generated at
                       289.6 T/s · prompt 78 tokens, none cached, 78 new in 0.08
                       s · first token 0.09 s, total 0.96 s · draft 166/264
                       accepted (63%) · max_tokens reached
15:33:11.940 INFO:     #124 chat/completions (stream): 63 prompt tokens ·
                       temperature: 0, greedy (req), max_tokens: 194 (req),
                       min_tokens: 194 (req)
15:33:12.747 INFO:     #124 chat/completions (stream): 194 tokens generated at
                       265.1 T/s · prompt 63 tokens, none cached, 63 new in 0.07
                       s · first token 0.08 s, total 0.81 s · draft 122/216
                       accepted (56%) · max_tokens reached
15:33:12.751 INFO:     #125 chat/completions (stream): 629 prompt tokens ·
                       temperature: 0, greedy (req), max_tokens: 9 (req),
                       min_tokens: 9 (req)
15:33:13.038 INFO:     #125 chat/completions (stream): 9 tokens generated at
                       306.0 T/s · prompt 629 tokens, none cached, 629 new in
                       0.25 s (2,516 T/s) · first token 0.26 s, total 0.28 s ·
                       draft 6/9 accepted (67%) · max_tokens reached
15:33:13.040 INFO:     #126 chat/completions (stream): 57 prompt tokens ·
                       temperature: 0, greedy (req), max_tokens: 78 (req),
                       min_tokens: 78 (req)
15:33:13.442 INFO:     #126 chat/completions (stream): 78 tokens generated at
                       236.9 T/s · prompt 57 tokens, none cached, 57 new in 0.07
                       s · first token 0.07 s, total 0.40 s · draft 46/96
                       accepted (48%) · max_tokens reached
15:33:13.445 INFO:     #127 chat/completions (stream): 148 prompt tokens ·
                       temperature: 0, greedy (req), max_tokens: 15 (req),
                       min_tokens: 15 (req)
15:33:13.590 INFO:     #127 chat/completions (stream): 15 tokens generated at
                       299.1 T/s · prompt 148 tokens, none cached, 148 new in
                       0.09 s · first token 0.10 s, total 0.15 s · draft 10/15
                       accepted (67%) · max_tokens reached
15:33:13.593 INFO:     #128 chat/completions (stream): 346 prompt tokens ·
                       temperature: 0, greedy (req), max_tokens: 11 (req),
                       min_tokens: 11 (req)
15:33:13.855 INFO:     #128 chat/completions (stream): 11 tokens generated at
                       263.8 T/s · prompt 346 tokens, none cached, 346 new in
                       0.21 s (1,648 T/s) · first token 0.21 s, total 0.26 s ·
                       draft 7/12 accepted (58%) · max_tokens reached
15:33:13.857 INFO:     #129 chat/completions (stream): 74 prompt tokens ·
                       temperature: 0, greedy (req), max_tokens: 296 (req),
                       min_tokens: 296 (req)
15:33:15.208 INFO:     #129 chat/completions (stream): 296 tokens generated at
                       233.6 T/s · prompt 74 tokens, none cached, 74 new in 0.08
                       s · first token 0.09 s, total 1.35 s · draft 171/375
                       accepted (46%) · max_tokens reached
15:33:15.212 INFO:     #130 chat/completions (stream): 468 prompt tokens ·
                       temperature: 0, greedy (req), max_tokens: 17 (req),
                       min_tokens: 17 (req)
15:33:15.510 INFO:     #130 chat/completions (stream): 17 tokens generated at
                       282.1 T/s · prompt 468 tokens, none cached, 468 new in
                       0.23 s (2,035 T/s) · first token 0.24 s, total 0.30 s ·
                       draft 11/18 accepted (61%) · max_tokens reached
15:33:15.514 INFO:     #131 chat/completions (stream): 400 prompt tokens ·
                       temperature: 0, greedy (req), max_tokens: 4 (req),
                       min_tokens: 4 (req)
15:33:15.763 INFO:     #131 chat/completions (stream): 4 tokens generated at
                       431.4 T/s · prompt 400 tokens, none cached, 400 new in
                       0.23 s (1,739 T/s) · first token 0.24 s, total 0.24 s ·
                       draft 3/3 accepted (100%) · max_tokens reached
15:33:15.765 INFO:     #132 chat/completions (stream): 216 prompt tokens ·
                       temperature: 0, greedy (req), max_tokens: 30 (req),
                       min_tokens: 30 (req)
15:33:15.963 INFO:     #132 chat/completions (stream): 30 tokens generated at
                       328.8 T/s · prompt 216 tokens, none cached, 216 new in
                       0.10 s · first token 0.10 s, total 0.20 s · draft 21/27
                       accepted (78%) · max_tokens reached
15:33:15.966 INFO:     #133 chat/completions (stream): 200 prompt tokens ·
                       temperature: 0, greedy (req), max_tokens: 12 (req),
                       min_tokens: 12 (req)
15:33:16.115 INFO:     #133 chat/completions (stream): 12 tokens generated at
                       299.4 T/s · prompt 200 tokens, none cached, 200 new in
                       0.10 s · first token 0.10 s, total 0.14 s · draft 8/12
                       accepted (67%) · max_tokens reached
15:33:16.117 INFO:     #134 chat/completions (stream): 160 prompt tokens ·
                       temperature: 0, greedy (req), max_tokens: 60 (req),
                       min_tokens: 60 (req)
15:33:16.468 INFO:     #134 chat/completions (stream): 60 tokens generated at
                       238.5 T/s · prompt 160 tokens, none cached, 160 new in
                       0.09 s · first token 0.10 s, total 0.35 s · draft 36/72
                       accepted (50%) · max_tokens reached
15:33:16.471 INFO:     #135 chat/completions (stream): 572 prompt tokens ·
                       temperature: 0, greedy (req), max_tokens: 60 (req),
                       min_tokens: 60 (req)
15:33:16.880 INFO:     #135 chat/completions (stream): 60 tokens generated at
                       319.2 T/s · prompt 572 tokens, none cached, 572 new in
                       0.21 s (2,724 T/s) · first token 0.21 s, total 0.40 s ·
                       draft 41/57 accepted (72%) · max_tokens reached
15:33:16.882 INFO:     #136 chat/completions (stream): 68 prompt tokens ·
                       temperature: 0, greedy (req), max_tokens: 733 (req),
                       min_tokens: 733 (req)
15:33:19.860 INFO:     #136 chat/completions (stream): 733 tokens generated at
                       253.0 T/s · prompt 68 tokens, none cached, 68 new in 0.07
                       s · first token 0.07 s, total 2.97 s · draft 445/864
                       accepted (52%) · max_tokens reached
15:33:19.862 INFO:     #138 chat/completions (stream): 59 prompt tokens ·
                       temperature: 0, greedy (req), max_tokens: 81 (req),
                       min_tokens: 81 (req)
15:33:20.303 INFO:     #138 chat/completions (stream): 81 tokens generated at
                       221.1 T/s · prompt 59 tokens, none cached, 59 new in 0.07
                       s · first token 0.08 s, total 0.44 s · draft 44/111
                       accepted (40%) · max_tokens reached
15:33:20.307 INFO:     #139 chat/completions (stream): 694 prompt tokens ·
                       temperature: 0, greedy (req), max_tokens: 34 (req),
                       min_tokens: 34 (req)
15:33:20.657 INFO:     #139 chat/completions (stream): 34 tokens generated at
                       338.2 T/s · prompt 694 tokens, none cached, 694 new in
                       0.24 s (2,892 T/s) · first token 0.24 s, total 0.35 s ·
                       draft 24/30 accepted (80%) · max_tokens reached
15:33:20.659 INFO:     #140 chat/completions (stream): 66 prompt tokens ·
                       temperature: 0, greedy (req), max_tokens: 198 (req),
                       min_tokens: 198 (req)
15:33:21.378 INFO:     #140 chat/completions (stream): 198 tokens generated at
                       309.6 T/s · prompt 66 tokens, none cached, 66 new in 0.07
                       s · first token 0.08 s, total 0.71 s · draft 134/192
                       accepted (70%) · max_tokens reached
15:33:21.381 INFO:     #141 chat/completions (stream): 477 prompt tokens ·
                       temperature: 0, greedy (req), max_tokens: 38 (req),
                       min_tokens: 38 (req)
15:33:21.771 INFO:     #141 chat/completions (stream): 38 tokens generated at
                       251.8 T/s · prompt 477 tokens, none cached, 477 new in
                       0.23 s (2,074 T/s) · first token 0.23 s, total 0.39 s ·
                       draft 23/45 accepted (51%) · max_tokens reached
15:33:21.773 INFO:     #142 chat/completions (stream): 80 prompt tokens ·
                       temperature: 0, greedy (req), max_tokens: 49 (req),
                       min_tokens: 49 (req)
15:33:22.008 INFO:     #142 chat/completions (stream): 49 tokens generated at
                       326.1 T/s · prompt 80 tokens, none cached, 80 new in 0.08
                       s · first token 0.08 s, total 0.23 s · draft 34/45
                       accepted (76%) · max_tokens reached
15:33:22.010 INFO:     #143 chat/completions (stream): 124 prompt tokens ·
                       temperature: 0, greedy (req), max_tokens: 635 (req),
                       min_tokens: 635 (req)
15:33:24.227 INFO:     #143 chat/completions (stream): 635 tokens generated at
                       300.7 T/s · prompt 124 tokens, none cached, 124 new in
                       0.10 s · first token 0.10 s, total 2.22 s · draft 428/621
                       accepted (69%) · max_tokens reached
15:33:24.231 INFO:     #144 chat/completions (stream): 411 prompt tokens ·
                       temperature: 0, greedy (req), max_tokens: 7 (req),
                       min_tokens: 7 (req)
15:33:24.500 INFO:     #144 chat/completions (stream): 7 tokens generated at
                       333.4 T/s · prompt 411 tokens, none cached, 411 new in
                       0.24 s (1,712 T/s) · first token 0.25 s, total 0.27 s ·
                       draft 5/6 accepted (83%) · max_tokens reached
15:33:24.504 INFO:     #145 chat/completions (stream): 315 prompt tokens ·
                       temperature: 0, greedy (req), max_tokens: 707 (req),
                       min_tokens: 707 (req)
15:33:27.647 INFO:     #145 chat/completions (stream): 707 tokens generated at
                       242.3 T/s · prompt 315 tokens, none cached, 315 new in
                       0.22 s (1,432 T/s) · first token 0.23 s, total 3.14 s ·
                       draft 420/861 accepted (49%) · max_tokens reached
15:33:27.650 INFO:     #146 chat/completions (stream): 77 prompt tokens ·
                       temperature: 0, greedy (req), max_tokens: 380 (req),
                       min_tokens: 380 (req)
15:33:29.058 INFO:     #146 chat/completions (stream): 380 tokens generated at
                       286.5 T/s · prompt 77 tokens, none cached, 77 new in 0.08
                       s · first token 0.09 s, total 1.41 s · draft 247/399
                       accepted (62%) · max_tokens reached
15:33:29.061 INFO:     #147 chat/completions (stream): 266 prompt tokens ·
                       temperature: 0, greedy (req), max_tokens: 147 (req),
                       min_tokens: 147 (req)
15:33:29.617 INFO:     #147 chat/completions (stream): 147 tokens generated at
                       374.6 T/s · prompt 266 tokens, none cached, 266 new in
                       0.16 s (1,662 T/s) · first token 0.16 s, total 0.56 s ·
                       draft 108/117 accepted (92%) · max_tokens reached
15:33:29.620 INFO:     #148 chat/completions (stream): 232 prompt tokens ·
                       temperature: 0, greedy (req), max_tokens: 41 (req),
                       min_tokens: 41 (req)
15:33:29.863 INFO:     #148 chat/completions (stream): 41 tokens generated at
                       314.8 T/s · prompt 232 tokens, none cached, 232 new in
                       0.11 s · first token 0.12 s, total 0.25 s · draft 28/39
                       accepted (72%) · max_tokens reached
15:33:29.865 INFO:     #149 chat/completions (stream): 137 prompt tokens ·
                       temperature: 0, greedy (req), max_tokens: 101 (req),
                       min_tokens: 101 (req)
15:33:30.314 INFO:     #149 chat/completions (stream): 101 tokens generated at
                       297.9 T/s · prompt 137 tokens, none cached, 137 new in
                       0.10 s · first token 0.10 s, total 0.44 s · draft 67/102
                       accepted (66%) · max_tokens reached
15:33:30.316 INFO:     #150 chat/completions (stream): 135 prompt tokens ·
                       temperature: 0, greedy (req), max_tokens: 433 (req),
                       min_tokens: 433 (req)
15:33:31.858 INFO:     #150 chat/completions (stream): 433 tokens generated at
                       302.6 T/s · prompt 135 tokens, none cached, 135 new in
                       0.10 s · first token 0.10 s, total 1.54 s · draft 291/426
                       accepted (68%) · max_tokens reached
15:33:31.861 INFO:     #151 chat/completions (stream): 456 prompt tokens ·
                       temperature: 0, greedy (req), max_tokens: 342 (req),
                       min_tokens: 342 (req)
15:33:33.353 INFO:     #151 chat/completions (stream): 342 tokens generated at
                       272.3 T/s · prompt 456 tokens, none cached, 456 new in
                       0.23 s (1,983 T/s) · first token 0.24 s, total 1.49 s ·
                       draft 218/372 accepted (59%) · max_tokens reached
15:33:33.356 INFO:     #153 chat/completions (stream): 301 prompt tokens ·
                       temperature: 0, greedy (req), max_tokens: 14 (req),
                       min_tokens: 14 (req)
15:33:33.609 INFO:     #153 chat/completions (stream): 14 tokens generated at
                       238.0 T/s · prompt 301 tokens, none cached, 301 new in
                       0.19 s (1,584 T/s) · first token 0.20 s, total 0.25 s ·
                       draft 8/18 accepted (44%) · max_tokens reached
15:33:33.612 INFO:     #154 chat/completions (stream): 823 prompt tokens ·
                       temperature: 0, greedy (req), max_tokens: 11 (req),
                       min_tokens: 11 (req)
15:33:33.895 INFO:     #154 chat/completions (stream): 11 tokens generated at
                       372.6 T/s · prompt 823 tokens, none cached, 823 new in
                       0.25 s (3,292 T/s) · first token 0.25 s, total 0.28 s ·
                       draft 8/9 accepted (89%) · max_tokens reached
15:33:33.898 INFO:     #155 chat/completions (stream): 80 prompt tokens ·
                       temperature: 0, greedy (req), max_tokens: 159 (req),
                       min_tokens: 159 (req)
15:33:34.520 INFO:     #155 chat/completions (stream): 159 tokens generated at
                       295.7 T/s · prompt 80 tokens, none cached, 80 new in 0.08
                       s · first token 0.08 s, total 0.62 s · draft 108/153
                       accepted (71%) · max_tokens reached
15:33:34.522 INFO:     #156 chat/completions (stream): 71 prompt tokens ·
                       temperature: 0, greedy (req), max_tokens: 749 (req),
                       min_tokens: 749 (req)
15:33:37.314 INFO:     #156 chat/completions (stream): 749 tokens generated at
                       276.4 T/s · prompt 71 tokens, none cached, 71 new in 0.08
                       s · first token 0.09 s, total 2.80 s · draft 477/816
                       accepted (58%) · max_tokens reached
15:33:37.317 INFO:     #157 chat/completions (stream): 181 prompt tokens ·
                       temperature: 0, greedy (req), max_tokens: 482 (req),
                       min_tokens: 482 (req)
15:33:39.316 INFO:     #157 chat/completions (stream): 482 tokens generated at
                       254.2 T/s · prompt 181 tokens, none cached, 181 new in
                       0.10 s · first token 0.11 s, total 2.00 s · draft 293/567
                       accepted (52%) · max_tokens reached
15:33:39.319 INFO:     #158 chat/completions (stream): 336 prompt tokens ·
                       temperature: 0, greedy (req), max_tokens: 772 (req),
                       min_tokens: 772 (req)
15:33:42.301 INFO:     #158 chat/completions (stream): 772 tokens generated at
                       277.6 T/s · prompt 336 tokens, none cached, 336 new in
                       0.19 s (1,768 T/s) · first token 0.19 s, total 2.98 s ·
                       draft 495/831 accepted (60%) · max_tokens reached
15:33:42.304 INFO:     #159 chat/completions (stream): 410 prompt tokens ·
                       temperature: 0, greedy (req), max_tokens: 34 (req),
                       min_tokens: 34 (req)
15:33:42.646 INFO:     #159 chat/completions (stream): 34 tokens generated at
                       283.5 T/s · prompt 410 tokens, none cached, 410 new in
                       0.22 s (1,864 T/s) · first token 0.23 s, total 0.35 s ·
                       draft 22/36 accepted (61%) · max_tokens reached
15:33:42.649 INFO:     #160 chat/completions (stream): 241 prompt tokens ·
                       temperature: 0, greedy (req), max_tokens: 9 (req),
                       min_tokens: 9 (req)
15:33:42.815 INFO:     #160 chat/completions (stream): 9 tokens generated at
                       226.9 T/s · prompt 241 tokens, none cached, 241 new in
                       0.12 s · first token 0.12 s, total 0.16 s · draft 5/12
                       accepted (42%) · max_tokens reached
15:33:42.818 INFO:     #161 chat/completions (stream): 68 prompt tokens ·
                       temperature: 0, greedy (req), max_tokens: 539 (req),
                       min_tokens: 539 (req)
15:33:45.293 INFO:     #161 chat/completions (stream): 539 tokens generated at
                       225.1 T/s · prompt 68 tokens, none cached, 68 new in 0.07
                       s · first token 0.07 s, total 2.47 s · draft 300/717
                       accepted (42%) · max_tokens reached
15:33:45.296 INFO:     #162 chat/completions (stream): 59 prompt tokens ·
                       temperature: 0, greedy (req), max_tokens: 82 (req),
                       min_tokens: 82 (req)
15:33:45.697 INFO:     #162 chat/completions (stream): 82 tokens generated at
                       250.8 T/s · prompt 59 tokens, none cached, 59 new in 0.07
                       s · first token 0.07 s, total 0.40 s · draft 50/96
                       accepted (52%) · max_tokens reached
15:33:45.700 INFO:     #163 chat/completions (stream): 424 prompt tokens ·
                       temperature: 0, greedy (req), max_tokens: 590 (req),
                       min_tokens: 590 (req)
15:33:47.950 INFO:     #163 chat/completions (stream): 590 tokens generated at
                       290.5 T/s · prompt 424 tokens, none cached, 424 new in
                       0.21 s (2,019 T/s) · first token 0.21 s, total 2.25 s ·
                       draft 388/606 accepted (64%) · max_tokens reached
15:33:47.952 INFO:     #165 chat/completions (stream): 126 prompt tokens ·
                       temperature: 0, greedy (req), max_tokens: 273 (req),
                       min_tokens: 273 (req)
15:33:49.221 INFO:     #165 chat/completions (stream): 273 tokens generated at
                       234.3 T/s · prompt 126 tokens, none cached, 126 new in
                       0.10 s · first token 0.11 s, total 1.27 s · draft 156/351
                       accepted (44%) · max_tokens reached
15:33:49.224 INFO:     #166 chat/completions (stream): 522 prompt tokens ·
                       temperature: 0, greedy (req), max_tokens: 21 (req),
                       min_tokens: 21 (req)
15:33:49.483 INFO:     #166 chat/completions (stream): 21 tokens generated at
                       259.5 T/s · prompt 522 tokens, none cached, 522 new in
                       0.17 s (3,071 T/s) · first token 0.18 s, total 0.26 s ·
                       draft 13/24 accepted (54%) · max_tokens reached
15:33:49.487 INFO:     #167 chat/completions (stream): 707 prompt tokens ·
                       temperature: 0, greedy (req), max_tokens: 16 (req),
                       min_tokens: 16 (req)
15:33:49.803 INFO:     #167 chat/completions (stream): 16 tokens generated at
                       319.5 T/s · prompt 707 tokens, none cached, 707 new in
                       0.26 s (2,719 T/s) · first token 0.27 s, total 0.32 s ·
                       draft 11/15 accepted (73%) · max_tokens reached
15:33:49.807 INFO:     #168 chat/completions (stream): 853 prompt tokens ·
                       temperature: 0, greedy (req), max_tokens: 6 (req),
                       min_tokens: 6 (req)
15:33:50.105 INFO:     #168 chat/completions (stream): 6 tokens generated at
                       308.6 T/s · prompt 853 tokens, none cached, 853 new in
                       0.27 s (3,159 T/s) · first token 0.27 s, total 0.29 s ·
                       draft 4/6 accepted (67%) · max_tokens reached
15:33:50.108 INFO:     #169 chat/completions (stream): 58 prompt tokens ·
                       temperature: 0, greedy (req), max_tokens: 261 (req),
                       min_tokens: 261 (req)
15:33:51.348 INFO:     #169 chat/completions (stream): 261 tokens generated at
                       223.8 T/s · prompt 58 tokens, none cached, 58 new in 0.07
                       s · first token 0.07 s, total 1.24 s · draft 145/348
                       accepted (42%) · max_tokens reached
15:33:51.350 INFO:     #170 chat/completions (stream): 121 prompt tokens ·
                       temperature: 0, greedy (req), max_tokens: 355 (req),
                       min_tokens: 355 (req)
15:33:52.765 INFO:     #170 chat/completions (stream): 355 tokens generated at
                       271.0 T/s · prompt 121 tokens, none cached, 121 new in
                       0.10 s · first token 0.11 s, total 1.42 s · draft 224/393
                       accepted (57%) · max_tokens reached
15:33:52.768 INFO:     #171 chat/completions (stream): 364 prompt tokens ·
                       temperature: 0, greedy (req), max_tokens: 16 (req),
                       min_tokens: 16 (req)
15:33:53.053 INFO:     #171 chat/completions (stream): 16 tokens generated at
                       265.4 T/s · prompt 364 tokens, none cached, 364 new in
                       0.22 s (1,655 T/s) · first token 0.23 s, total 0.29 s ·
                       draft 10/18 accepted (56%) · max_tokens reached
15:33:53.056 INFO:     #172 chat/completions (stream): 100 prompt tokens ·
                       temperature: 0, greedy (req), max_tokens: 152 (req),
                       min_tokens: 152 (req)
15:33:53.712 INFO:     #172 chat/completions (stream): 152 tokens generated at
                       271.3 T/s · prompt 100 tokens, none cached, 100 new in
                       0.09 s · first token 0.09 s, total 0.65 s · draft 97/165
                       accepted (59%) · max_tokens reached
15:33:53.716 INFO:     #173 chat/completions (stream): 648 prompt tokens ·
                       temperature: 0, greedy (req), max_tokens: 16 (req),
                       min_tokens: 16 (req)
15:33:54.050 INFO:     #173 chat/completions (stream): 16 tokens generated at
                       226.5 T/s · prompt 648 tokens, none cached, 648 new in
                       0.26 s (2,492 T/s) · first token 0.26 s, total 0.34 s ·
                       draft 9/21 accepted (43%) · max_tokens reached
15:33:54.052 INFO:     #174 chat/completions (stream): 86 prompt tokens ·
                       temperature: 0, greedy (req), max_tokens: 442 (req),
                       min_tokens: 442 (req)
15:33:55.815 INFO:     #174 chat/completions (stream): 442 tokens generated at
                       264.1 T/s · prompt 86 tokens, none cached, 86 new in 0.08
                       s · first token 0.08 s, total 1.76 s · draft 276/498
                       accepted (55%) · max_tokens reached
15:33:55.818 INFO:     #175 chat/completions (stream): 112 prompt tokens ·
                       temperature: 0, greedy (req), max_tokens: 375 (req),
                       min_tokens: 375 (req)
15:33:57.286 INFO:     #175 chat/completions (stream): 375 tokens generated at
                       274.2 T/s · prompt 112 tokens, none cached, 112 new in
                       0.09 s · first token 0.10 s, total 1.46 s · draft 239/408
                       accepted (59%) · max_tokens reached
15:33:57.288 INFO:     #176 chat/completions (stream): 56 prompt tokens ·
                       temperature: 0, greedy (req), max_tokens: 157 (req),
                       min_tokens: 157 (req)
15:33:57.982 INFO:     #176 chat/completions (stream): 157 tokens generated at
                       253.3 T/s · prompt 56 tokens, none cached, 56 new in 0.07
                       s · first token 0.08 s, total 0.70 s · draft 95/186
                       accepted (51%) · max_tokens reached
15:33:57.984 INFO:     #177 chat/completions (stream): 199 prompt tokens ·
                       temperature: 0, greedy (req), max_tokens: 17 (req),
                       min_tokens: 17 (req)
15:33:58.140 INFO:     #177 chat/completions (stream): 17 tokens generated at
                       343.4 T/s · prompt 199 tokens, none cached, 199 new in
                       0.10 s · first token 0.11 s, total 0.15 s · draft 12/15
                       accepted (80%) · max_tokens reached
15:33:58.143 INFO:     #178 chat/completions (stream): 337 prompt tokens ·
                       temperature: 0, greedy (req), max_tokens: 61 (req),
                       min_tokens: 61 (req)
15:33:58.590 INFO:     #178 chat/completions (stream): 61 tokens generated at
                       255.4 T/s · prompt 337 tokens, none cached, 337 new in
                       0.20 s (1,685 T/s) · first token 0.20 s, total 0.44 s ·
                       draft 38/69 accepted (55%) · max_tokens reached
15:33:58.593 INFO:     #179 chat/completions (stream): 156 prompt tokens ·
                       temperature: 0, greedy (req), max_tokens: 153 (req),
                       min_tokens: 153 (req)
15:33:59.187 INFO:     #179 chat/completions (stream): 153 tokens generated at
                       307.1 T/s · prompt 156 tokens, none cached, 156 new in
                       0.09 s · first token 0.10 s, total 0.59 s · draft 103/150
                       accepted (69%) · max_tokens reached
15:33:59.189 INFO:     #180 chat/completions (stream): 64 prompt tokens ·
                       temperature: 0, greedy (req), max_tokens: 114 (req),
                       min_tokens: 114 (req)
15:33:59.702 INFO:     #180 chat/completions (stream): 114 tokens generated at
                       260.6 T/s · prompt 64 tokens, none cached, 64 new in 0.07
                       s · first token 0.08 s, total 0.51 s · draft 71/129
                       accepted (55%) · max_tokens reached
15:33:59.704 INFO:     #181 chat/completions (stream): 63 prompt tokens ·
                       temperature: 0, greedy (req), max_tokens: 85 (req),
                       min_tokens: 85 (req)
15:34:00.093 INFO:     #181 chat/completions (stream): 85 tokens generated at
                       270.4 T/s · prompt 63 tokens, none cached, 63 new in 0.07
                       s · first token 0.07 s, total 0.39 s · draft 53/96
                       accepted (55%) · max_tokens reached
15:34:00.096 INFO:     #182 chat/completions (stream): 482 prompt tokens ·
                       temperature: 0, greedy (req), max_tokens: 225 (req),
                       min_tokens: 225 (req)
15:34:01.042 INFO:     #182 chat/completions (stream): 225 tokens generated at
                       317.2 T/s · prompt 482 tokens, none cached, 482 new in
                       0.23 s (2,096 T/s) · first token 0.23 s, total 0.94 s ·
                       draft 154/213 accepted (72%) · max_tokens reached
15:34:01.044 INFO:     #183 chat/completions (stream): 66 prompt tokens ·
                       temperature: 0, greedy (req), max_tokens: 345 (req),
                       min_tokens: 345 (req)
15:34:02.528 INFO:     #183 chat/completions (stream): 345 tokens generated at
                       245.9 T/s · prompt 66 tokens, none cached, 66 new in 0.07
                       s · first token 0.08 s, total 1.48 s · draft 205/420
                       accepted (49%) · max_tokens reached
15:34:02.530 INFO:     #185 chat/completions (stream): 76 prompt tokens ·
                       temperature: 0, greedy (req), max_tokens: 139 (req),
                       min_tokens: 139 (req)
15:34:03.112 INFO:     #185 chat/completions (stream): 139 tokens generated at
                       279.5 T/s · prompt 76 tokens, none cached, 76 new in 0.08
                       s · first token 0.08 s, total 0.58 s · draft 89/150
                       accepted (59%) · max_tokens reached
15:34:03.115 INFO:     #186 chat/completions (stream): 389 prompt tokens ·
                       temperature: 0, greedy (req), max_tokens: 13 (req),
                       min_tokens: 13 (req)
15:34:03.387 INFO:     #186 chat/completions (stream): 13 tokens generated at
                       325.7 T/s · prompt 389 tokens, none cached, 389 new in
                       0.23 s (1,691 T/s) · first token 0.23 s, total 0.27 s ·
                       draft 9/12 accepted (75%) · max_tokens reached
15:34:03.389 INFO:     #187 chat/completions (stream): 68 prompt tokens ·
                       temperature: 0, greedy (req), max_tokens: 264 (req),
                       min_tokens: 264 (req)
15:34:04.433 INFO:     #187 chat/completions (stream): 264 tokens generated at
                       274.6 T/s · prompt 68 tokens, none cached, 68 new in 0.08
                       s · first token 0.08 s, total 1.05 s · draft 169/285
                       accepted (59%) · max_tokens reached
15:34:04.435 INFO:     #188 chat/completions (stream): 71 prompt tokens ·
                       temperature: 0, greedy (req), max_tokens: 307 (req),
                       min_tokens: 307 (req)
15:34:05.895 INFO:     #188 chat/completions (stream): 307 tokens generated at
                       222.9 T/s · prompt 71 tokens, none cached, 71 new in 0.08
                       s · first token 0.09 s, total 1.46 s · draft 169/414
                       accepted (41%) · max_tokens reached
15:34:05.897 INFO:     #189 chat/completions (stream): 59 prompt tokens ·
                       temperature: 0, greedy (req), max_tokens: 191 (req),
                       min_tokens: 191 (req)
15:34:06.620 INFO:     #189 chat/completions (stream): 191 tokens generated at
                       294.1 T/s · prompt 59 tokens, none cached, 59 new in 0.07
                       s · first token 0.08 s, total 0.72 s · draft 127/192
                       accepted (66%) · max_tokens reached
15:34:06.623 INFO:     #190 chat/completions (stream): 64 prompt tokens ·
                       temperature: 0, greedy (req), max_tokens: 1181 (req),
                       min_tokens: 1181 (req)
15:34:11.073 INFO:     #190 chat/completions (stream): 1,181 tokens generated at
                       270.0 T/s · prompt 64 tokens, none cached, 64 new in 0.07
                       s · first token 0.08 s, total 4.45 s · draft 743/1314
                       accepted (57%) · max_tokens reached
15:34:11.075 INFO:     #191 chat/completions (stream): 101 prompt tokens ·
                       temperature: 0, greedy (req), max_tokens: 236 (req),
                       min_tokens: 236 (req)
15:34:12.114 INFO:     #191 chat/completions (stream): 236 tokens generated at
                       250.9 T/s · prompt 101 tokens, none cached, 101 new in
                       0.09 s · first token 0.10 s, total 1.04 s · draft 142/282
                       accepted (50%) · max_tokens reached
15:34:12.117 INFO:     #192 chat/completions (stream): 448 prompt tokens ·
                       temperature: 0, greedy (req), max_tokens: 360 (req),
                       min_tokens: 360 (req)
15:34:13.539 INFO:     #192 chat/completions (stream): 360 tokens generated at
                       302.5 T/s · prompt 448 tokens, none cached, 448 new in
                       0.22 s (2,036 T/s) · first token 0.22 s, total 1.41 s ·
                       draft 243/351 accepted (69%) · max_tokens reached
15:34:13.541 INFO:     #193 chat/completions (stream): 72 prompt tokens ·
                       temperature: 0, greedy (req), max_tokens: 294 (req),
                       min_tokens: 294 (req)
15:34:14.691 INFO:     #193 chat/completions (stream): 294 tokens generated at
                       275.8 T/s · prompt 72 tokens, none cached, 72 new in 0.08
                       s · first token 0.09 s, total 1.15 s · draft 187/321
                       accepted (58%) · max_tokens reached
15:34:14.694 INFO:     #194 chat/completions (stream): 276 prompt tokens ·
                       temperature: 0, greedy (req), max_tokens: 6 (req),
                       min_tokens: 6 (req)
15:34:14.865 INFO:     #194 chat/completions (stream): 6 tokens generated at
                       315.9 T/s · prompt 276 tokens, none cached, 276 new in
                       0.14 s (1,971 T/s) · first token 0.15 s, total 0.16 s ·
                       draft 4/6 accepted (67%) · max_tokens reached
15:34:14.868 INFO:     #195 chat/completions (stream): 186 prompt tokens ·
                       temperature: 0, greedy (req), max_tokens: 42 (req),
                       min_tokens: 42 (req)
15:34:15.146 INFO:     #195 chat/completions (stream): 42 tokens generated at
                       234.4 T/s · prompt 186 tokens, none cached, 186 new in
                       0.09 s · first token 0.09 s, total 0.27 s · draft 24/54
                       accepted (44%) · max_tokens reached
15:34:15.149 INFO:     #196 chat/completions (stream): 219 prompt tokens ·
                       temperature: 0, greedy (req), max_tokens: 11 (req),
                       min_tokens: 11 (req)
15:34:15.308 INFO:     #196 chat/completions (stream): 11 tokens generated at
                       224.1 T/s · prompt 219 tokens, none cached, 219 new in
                       0.10 s · first token 0.11 s, total 0.15 s · draft 6/15
                       accepted (40%) · max_tokens reached
15:34:15.310 INFO:     #197 chat/completions (stream): 62 prompt tokens ·
                       temperature: 0, greedy (req), max_tokens: 304 (req),
                       min_tokens: 304 (req)
15:34:16.642 INFO:     #197 chat/completions (stream): 304 tokens generated at
                       241.7 T/s · prompt 62 tokens, none cached, 62 new in 0.07
                       s · first token 0.07 s, total 1.33 s · draft 177/381
                       accepted (46%) · max_tokens reached
15:34:16.645 INFO:     #198 chat/completions (stream): 66 prompt tokens ·
                       temperature: 0, greedy (req), max_tokens: 225 (req),
                       min_tokens: 225 (req)
15:34:17.513 INFO:     #198 chat/completions (stream): 225 tokens generated at
                       285.8 T/s · prompt 66 tokens, none cached, 66 new in 0.07
                       s · first token 0.08 s, total 0.86 s · draft 147/234
                       accepted (63%) · max_tokens reached
15:34:17.517 INFO:     #200 chat/completions (stream): 584 prompt tokens ·
                       temperature: 0, greedy (req), max_tokens: 10 (req),
                       min_tokens: 10 (req)
15:34:17.787 INFO:     #200 chat/completions (stream): 10 tokens generated at
                       341.9 T/s · prompt 584 tokens, none cached, 584 new in
                       0.23 s (2,539 T/s) · first token 0.23 s, total 0.26 s ·
                       draft 7/9 accepted (78%) · max_tokens reached
15:34:17.790 INFO:     #201 chat/completions (stream): 442 prompt tokens ·
                       temperature: 0, greedy (req), max_tokens: 86 (req),
                       min_tokens: 86 (req)
15:34:18.362 INFO:     #201 chat/completions (stream): 86 tokens generated at
                       252.9 T/s · prompt 442 tokens, none cached, 442 new in
                       0.22 s (2,009 T/s) · first token 0.22 s, total 0.56 s ·
                       draft 52/102 accepted (51%) · max_tokens reached
15:34:18.364 INFO:     #202 chat/completions (stream): 78 prompt tokens ·
                       temperature: 0, greedy (req), max_tokens: 147 (req),
                       min_tokens: 147 (req)
15:34:18.845 INFO:     #202 chat/completions (stream): 147 tokens generated at
                       371.2 T/s · prompt 78 tokens, none cached, 78 new in 0.08
                       s · first token 0.09 s, total 0.48 s · draft 107/120
                       accepted (89%) · max_tokens reached
15:34:18.847 INFO:     #203 chat/completions (stream): 64 prompt tokens ·
                       temperature: 0, greedy (req), max_tokens: 450 (req),
                       min_tokens: 450 (req)
15:34:20.751 INFO:     #203 chat/completions (stream): 450 tokens generated at
                       246.2 T/s · prompt 64 tokens, none cached, 64 new in 0.07
                       s · first token 0.07 s, total 1.90 s · draft 268/546
                       accepted (49%) · max_tokens reached
15:34:20.753 INFO:     #204 chat/completions (stream): 69 prompt tokens ·
                       temperature: 0, greedy (req), max_tokens: 300 (req),
                       min_tokens: 300 (req)
15:34:22.062 INFO:     #204 chat/completions (stream): 300 tokens generated at
                       244.4 T/s · prompt 69 tokens, none cached, 69 new in 0.07
                       s · first token 0.08 s, total 1.30 s · draft 178/366
                       accepted (49%) · max_tokens reached
15:34:22.065 INFO:     #205 chat/completions (stream): 70 prompt tokens ·
                       temperature: 0, greedy (req), max_tokens: 540 (req),
                       min_tokens: 540 (req)
15:34:24.278 INFO:     #205 chat/completions (stream): 540 tokens generated at
                       253.2 T/s · prompt 70 tokens, none cached, 70 new in 0.07
                       s · first token 0.08 s, total 2.21 s · draft 329/633
                       accepted (52%) · max_tokens reached
15:34:24.281 INFO:     #206 chat/completions (stream): 72 prompt tokens ·
                       temperature: 0, greedy (req), max_tokens: 830 (req),
                       min_tokens: 830 (req)
15:34:27.306 INFO:     #206 chat/completions (stream): 830 tokens generated at
                       282.7 T/s · prompt 72 tokens, none cached, 72 new in 0.08
                       s · first token 0.09 s, total 3.02 s · draft 542/864
                       accepted (63%) · max_tokens reached
15:34:27.308 INFO:     #207 chat/completions (stream): 97 prompt tokens ·
                       temperature: 0, greedy (req), max_tokens: 31 (req),
                       min_tokens: 31 (req)
15:34:27.478 INFO:     #207 chat/completions (stream): 31 tokens generated at
                       390.7 T/s · prompt 97 tokens, none cached, 97 new in 0.08
                       s · first token 0.09 s, total 0.16 s · draft 23/24
                       accepted (96%) · max_tokens reached
15:34:27.482 INFO:     #208 chat/completions (stream): 798 prompt tokens ·
                       temperature: 0, greedy (req), max_tokens: 9 (req),
                       min_tokens: 9 (req)
15:34:27.723 INFO:     #208 chat/completions (stream): 9 tokens generated at
                       307.0 T/s · prompt 798 tokens, none cached, 798 new in
                       0.20 s (3,990 T/s) · first token 0.20 s, total 0.23 s ·
                       draft 6/9 accepted (67%) · max_tokens reached
15:34:27.725 INFO:     #209 chat/completions (stream): 69 prompt tokens ·
                       temperature: 0, greedy (req), max_tokens: 29 (req),
                       min_tokens: 29 (req)
15:34:27.886 INFO:     #209 chat/completions (stream): 29 tokens generated at
                       366.6 T/s · prompt 69 tokens, none cached, 69 new in 0.07
                       s · first token 0.08 s, total 0.15 s · draft 21/24
                       accepted (88%) · max_tokens reached
15:34:27.888 INFO:     #210 chat/completions (stream): 486 prompt tokens ·
                       temperature: 0, greedy (req), max_tokens: 16 (req),
                       min_tokens: 16 (req)
15:34:28.183 INFO:     #210 chat/completions (stream): 16 tokens generated at
                       325.6 T/s · prompt 486 tokens, none cached, 486 new in
                       0.24 s (2,025 T/s) · first token 0.24 s, total 0.29 s ·
                       draft 11/15 accepted (73%) · max_tokens reached
15:34:28.186 INFO:     #211 chat/completions (stream): 254 prompt tokens ·
                       temperature: 0, greedy (req), max_tokens: 10 (req),
                       min_tokens: 10 (req)
15:34:28.346 INFO:     #211 chat/completions (stream): 10 tokens generated at
                       250.2 T/s · prompt 254 tokens, none cached, 254 new in
                       0.11 s · first token 0.12 s, total 0.16 s · draft 6/12
                       accepted (50%) · max_tokens reached
15:34:28.350 INFO:     #212 chat/completions (stream): 626 prompt tokens ·
                       temperature: 0, greedy (req), max_tokens: 59 (req),
                       min_tokens: 59 (req)
15:34:28.793 INFO:     #212 chat/completions (stream): 59 tokens generated at
                       308.4 T/s · prompt 626 tokens, none cached, 626 new in
                       0.24 s (2,608 T/s) · first token 0.24 s, total 0.44 s ·
                       draft 40/57 accepted (70%) · max_tokens reached
15:34:28.796 INFO:     #213 chat/completions (stream): 692 prompt tokens ·
                       temperature: 0, greedy (req), max_tokens: 109 (req),
                       min_tokens: 109 (req)
15:34:29.455 INFO:     #213 chat/completions (stream): 109 tokens generated at
                       275.2 T/s · prompt 692 tokens, none cached, 692 new in
                       0.25 s (2,768 T/s) · first token 0.26 s, total 0.65 s ·
                       draft 70/117 accepted (60%) · max_tokens reached
15:34:29.457 INFO:     #214 chat/completions (stream): 66 prompt tokens ·
                       temperature: 0, greedy (req), max_tokens: 207 (req),
                       min_tokens: 207 (req)
15:34:30.319 INFO:     #214 chat/completions (stream): 207 tokens generated at
                       264.7 T/s · prompt 66 tokens, none cached, 66 new in 0.07
                       s · first token 0.08 s, total 0.86 s · draft 128/237
                       accepted (54%) · max_tokens reached
15:34:30.322 INFO:     #215 chat/completions (stream): 655 prompt tokens ·
                       temperature: 0, greedy (req), max_tokens: 24 (req),
                       min_tokens: 24 (req)
15:34:30.687 INFO:     #215 chat/completions (stream): 24 tokens generated at
                       239.5 T/s · prompt 655 tokens, none cached, 655 new in
                       0.26 s (2,519 T/s) · first token 0.26 s, total 0.37 s ·
                       draft 14/30 accepted (47%) · max_tokens reached
15:34:30.689 INFO:     #216 chat/completions (stream): 87 prompt tokens ·
                       temperature: 0, greedy (req), max_tokens: 385 (req),
                       min_tokens: 385 (req)
15:34:32.316 INFO:     #216 chat/completions (stream): 385 tokens generated at
                       250.6 T/s · prompt 87 tokens, none cached, 87 new in 0.08
                       s · first token 0.08 s, total 1.62 s · draft 231/462
                       accepted (50%) · max_tokens reached
15:34:32.319 INFO:     #218 chat/completions (stream): 190 prompt tokens ·
                       temperature: 0, greedy (req), max_tokens: 51 (req),
                       min_tokens: 51 (req)
15:34:32.582 INFO:     #218 chat/completions (stream): 51 tokens generated at
                       320.1 T/s · prompt 190 tokens, none cached, 190 new in
                       0.10 s · first token 0.11 s, total 0.26 s · draft 35/48
                       accepted (73%) · max_tokens reached
15:34:32.585 INFO:     #219 chat/completions (stream): 350 prompt tokens ·
                       temperature: 0, greedy (req), max_tokens: 47 (req),
                       min_tokens: 47 (req)
15:34:32.999 INFO:     #219 chat/completions (stream): 47 tokens generated at
                       238.9 T/s · prompt 350 tokens, none cached, 350 new in
                       0.21 s (1,667 T/s) · first token 0.21 s, total 0.41 s ·
                       draft 27/60 accepted (45%) · max_tokens reached
15:34:33.002 INFO:     #220 chat/completions (stream): 119 prompt tokens ·
                       temperature: 0, greedy (req), max_tokens: 5 (req),
                       min_tokens: 5 (req)
15:34:33.125 INFO:     #220 chat/completions (stream): 5 tokens generated at
                       257.7 T/s · prompt 119 tokens, none cached, 119 new in
                       0.10 s · first token 0.11 s, total 0.12 s · draft 3/6
                       accepted (50%) · max_tokens reached
15:34:33.128 INFO:     #221 chat/completions (stream): 496 prompt tokens ·
                       temperature: 0, greedy (req), max_tokens: 29 (req),
                       min_tokens: 29 (req)
15:34:33.480 INFO:     #221 chat/completions (stream): 29 tokens generated at
                       255.6 T/s · prompt 496 tokens, none cached, 496 new in
                       0.23 s (2,157 T/s) · first token 0.23 s, total 0.35 s ·
                       draft 19/30 accepted (63%) · max_tokens reached
15:34:33.484 INFO:     #222 chat/completions (stream): 773 prompt tokens ·
                       temperature: 0, greedy (req), max_tokens: 29 (req),
                       min_tokens: 29 (req)
15:34:33.785 INFO:     #222 chat/completions (stream): 29 tokens generated at
                       295.2 T/s · prompt 773 tokens, none cached, 773 new in
                       0.19 s (4,068 T/s) · first token 0.20 s, total 0.29 s ·
                       draft 19/30 accepted (63%) · max_tokens reached
15:34:33.787 INFO:     #223 chat/completions (stream): 59 prompt tokens ·
                       temperature: 0, greedy (req), max_tokens: 300 (req),
                       min_tokens: 300 (req)
15:34:34.932 INFO:     #223 chat/completions (stream): 300 tokens generated at
                       280.2 T/s · prompt 59 tokens, none cached, 59 new in 0.07
                       s · first token 0.07 s, total 1.15 s · draft 194/318
                       accepted (61%) · max_tokens reached
15:34:34.934 INFO:     #224 chat/completions (stream): 84 prompt tokens ·
                       temperature: 0, greedy (req), max_tokens: 308 (req),
                       min_tokens: 308 (req)
15:34:36.170 INFO:     #224 chat/completions (stream): 308 tokens generated at
                       269.0 T/s · prompt 84 tokens, none cached, 84 new in 0.08
                       s · first token 0.09 s, total 1.23 s · draft 193/345
                       accepted (56%) · max_tokens reached
15:34:36.173 INFO:     #225 chat/completions (stream): 309 prompt tokens ·
                       temperature: 0, greedy (req), max_tokens: 12 (req),
                       min_tokens: 12 (req)
15:34:36.410 INFO:     #225 chat/completions (stream): 12 tokens generated at
                       303.3 T/s · prompt 309 tokens, none cached, 309 new in
                       0.19 s (1,626 T/s) · first token 0.20 s, total 0.23 s ·
                       draft 8/12 accepted (67%) · max_tokens reached
15:34:36.412 INFO:     #226 chat/completions (stream): 124 prompt tokens ·
                       temperature: 0, greedy (req), max_tokens: 8 (req),
                       min_tokens: 8 (req)
15:34:36.556 INFO:     #226 chat/completions (stream): 8 tokens generated at
                       275.3 T/s · prompt 124 tokens, none cached, 124 new in
                       0.11 s · first token 0.12 s, total 0.14 s · draft 5/9
                       accepted (56%) · max_tokens reached
15:34:36.558 INFO:     #227 chat/completions (stream): 217 prompt tokens ·
                       temperature: 0, greedy (req), max_tokens: 607 (req),
                       min_tokens: 607 (req)
15:34:39.144 INFO:     #227 chat/completions (stream): 607 tokens generated at
                       245.3 T/s · prompt 217 tokens, none cached, 217 new in
                       0.11 s · first token 0.11 s, total 2.59 s · draft 360/741
                       accepted (49%) · max_tokens reached
15:34:39.147 INFO:     #228 chat/completions (stream): 384 prompt tokens ·
                       temperature: 0, greedy (req), max_tokens: 805 (req),
                       min_tokens: 805 (req)
15:34:42.490 INFO:     #228 chat/completions (stream): 805 tokens generated at
                       258.4 T/s · prompt 384 tokens, none cached, 384 new in
                       0.22 s (1,745 T/s) · first token 0.23 s, total 3.34 s ·
                       draft 497/924 accepted (54%) · max_tokens reached
15:34:42.492 INFO:     #229 chat/completions (stream): 72 prompt tokens ·
                       temperature: 0, greedy (req), max_tokens: 223 (req),
                       min_tokens: 223 (req)
15:34:43.540 INFO:     #229 chat/completions (stream): 223 tokens generated at
                       230.8 T/s · prompt 72 tokens, none cached, 72 new in 0.07
                       s · first token 0.08 s, total 1.04 s · draft 126/291
                       accepted (43%) · max_tokens reached
15:34:43.543 INFO:     #230 chat/completions (stream): 268 prompt tokens ·
                       temperature: 0, greedy (req), max_tokens: 21 (req),
                       min_tokens: 21 (req)
15:34:43.776 INFO:     #230 chat/completions (stream): 21 tokens generated at
                       264.4 T/s · prompt 268 tokens, none cached, 268 new in
                       0.14 s (1,914 T/s) · first token 0.15 s, total 0.22 s ·
                       draft 13/24 accepted (54%) · max_tokens reached
15:34:43.778 INFO:     #231 chat/completions (stream): 209 prompt tokens ·
                       temperature: 0, greedy (req), max_tokens: 209 (req),
                       min_tokens: 209 (req)
15:34:44.498 INFO:     #231 chat/completions (stream): 209 tokens generated at
                       340.7 T/s · prompt 209 tokens, none cached, 209 new in
                       0.10 s · first token 0.10 s, total 0.72 s · draft 149/180
                       accepted (83%) · max_tokens reached
15:34:44.500 INFO:     #232 chat/completions (stream): 178 prompt tokens ·
                       temperature: 0, greedy (req), max_tokens: 18 (req),
                       min_tokens: 18 (req)
15:34:44.682 INFO:     #232 chat/completions (stream): 18 tokens generated at
                       226.8 T/s · prompt 178 tokens, none cached, 178 new in
                       0.10 s · first token 0.11 s, total 0.18 s · draft 10/24
                       accepted (42%) · max_tokens reached
15:34:44.683 INFO:     #233 chat/completions (stream): 62 prompt tokens ·
                       temperature: 0, greedy (req), max_tokens: 94 (req),
                       min_tokens: 94 (req)
15:34:45.147 INFO:     #233 chat/completions (stream): 94 tokens generated at
                       241.9 T/s · prompt 62 tokens, none cached, 62 new in 0.07
                       s · first token 0.07 s, total 0.46 s · draft 55/117
                       accepted (47%) · max_tokens reached
15:34:45.149 INFO:     #234 chat/completions (stream): 100 prompt tokens ·
                       temperature: 0, greedy (req), max_tokens: 91 (req),
                       min_tokens: 91 (req)
15:34:45.557 INFO:     #234 chat/completions (stream): 91 tokens generated at
                       293.2 T/s · prompt 100 tokens, none cached, 100 new in
                       0.09 s · first token 0.09 s, total 0.40 s · draft 62/87
                       accepted (71%) · max_tokens reached
15:34:45.559 INFO:     #235 chat/completions (stream): 73 prompt tokens ·
                       temperature: 0, greedy (req), max_tokens: 229 (req),
                       min_tokens: 229 (req)
15:34:46.608 INFO:     #235 chat/completions (stream): 229 tokens generated at
                       236.5 T/s · prompt 73 tokens, none cached, 73 new in 0.08
                       s · first token 0.08 s, total 1.05 s · draft 131/294
                       accepted (45%) · max_tokens reached
15:34:46.611 INFO:     #236 chat/completions (stream): 88 prompt tokens ·
                       temperature: 0, greedy (req), max_tokens: 323 (req),
                       min_tokens: 323 (req)
15:34:48.047 INFO:     #236 chat/completions (stream): 323 tokens generated at
                       239.8 T/s · prompt 88 tokens, none cached, 88 new in 0.08
                       s · first token 0.09 s, total 1.43 s · draft 187/408
                       accepted (46%) · max_tokens reached
15:34:48.049 INFO:     #238 chat/completions (stream): 68 prompt tokens ·
                       temperature: 0, greedy (req), max_tokens: 534 (req),
                       min_tokens: 534 (req)
15:34:49.772 INFO:     #238 chat/completions (stream): 534 tokens generated at
                       325.4 T/s · prompt 68 tokens, none cached, 68 new in 0.07
                       s · first token 0.08 s, total 1.72 s · draft 370/492
                       accepted (75%) · max_tokens reached
15:34:49.775 INFO:     #239 chat/completions (stream): 164 prompt tokens ·
                       temperature: 0, greedy (req), max_tokens: 41 (req),
                       min_tokens: 41 (req)
15:34:50.013 INFO:     #239 chat/completions (stream): 41 tokens generated at
                       290.4 T/s · prompt 164 tokens, none cached, 164 new in
                       0.09 s · first token 0.10 s, total 0.24 s · draft 27/42
                       accepted (64%) · max_tokens reached
15:34:50.016 INFO:     #240 chat/completions (stream): 662 prompt tokens ·
                       temperature: 0, greedy (req), max_tokens: 243 (req),
                       min_tokens: 243 (req)
15:34:51.273 INFO:     #240 chat/completions (stream): 243 tokens generated at
                       239.3 T/s · prompt 662 tokens, none cached, 662 new in
                       0.23 s (2,878 T/s) · first token 0.23 s, total 1.25 s ·
                       draft 142/303 accepted (47%) · max_tokens reached
15:34:51.276 INFO:     #241 chat/completions (stream): 106 prompt tokens ·
                       temperature: 0, greedy (req), max_tokens: 40 (req),
                       min_tokens: 40 (req)
15:34:51.490 INFO:     #241 chat/completions (stream): 40 tokens generated at
                       346.2 T/s · prompt 106 tokens, none cached, 106 new in
                       0.09 s · first token 0.10 s, total 0.21 s · draft 29/33
                       accepted (88%) · max_tokens reached
15:34:51.494 INFO:     #242 chat/completions (stream): 802 prompt tokens ·
                       temperature: 0, greedy (req), max_tokens: 6 (req),
                       min_tokens: 6 (req)
15:34:51.765 INFO:     #242 chat/completions (stream): 6 tokens generated at
                       312.4 T/s · prompt 802 tokens, none cached, 802 new in
                       0.24 s (3,342 T/s) · first token 0.24 s, total 0.26 s ·
                       draft 4/6 accepted (67%) · max_tokens reached
15:34:51.768 INFO:     #243 chat/completions (stream): 717 prompt tokens ·
                       temperature: 0, greedy (req), max_tokens: 21 (req),
                       min_tokens: 21 (req)
15:34:52.088 INFO:     #243 chat/completions (stream): 21 tokens generated at
                       346.6 T/s · prompt 717 tokens, none cached, 717 new in
                       0.25 s (2,868 T/s) · first token 0.25 s, total 0.32 s ·
                       draft 15/18 accepted (83%) · max_tokens reached
15:34:52.090 INFO:     #244 chat/completions (stream): 114 prompt tokens ·
                       temperature: 0, greedy (req), max_tokens: 93 (req),
                       min_tokens: 93 (req)
15:34:52.800 INFO:     #244 chat/completions (stream): 93 tokens generated at
                       153.9 T/s · prompt 114 tokens, none cached, 114 new in
                       0.10 s · first token 0.10 s, total 0.71 s · draft 33/180
                       accepted (18%) · max_tokens reached
15:34:52.802 INFO:     #245 chat/completions (stream): 75 prompt tokens ·
                       temperature: 0, greedy (req), max_tokens: 517 (req),
                       min_tokens: 517 (req)
15:34:54.957 INFO:     #245 chat/completions (stream): 517 tokens generated at
                       249.9 T/s · prompt 75 tokens, none cached, 75 new in 0.08
                       s · first token 0.09 s, total 2.15 s · draft 310/621
                       accepted (50%) · max_tokens reached
15:34:54.959 INFO:     #246 chat/completions (stream): 61 prompt tokens ·
                       temperature: 0, greedy (req), max_tokens: 201 (req),
                       min_tokens: 201 (req)
15:34:55.660 INFO:     #246 chat/completions (stream): 201 tokens generated at
                       321.2 T/s · prompt 61 tokens, none cached, 61 new in 0.07
                       s · first token 0.08 s, total 0.70 s · draft 138/189
                       accepted (73%) · max_tokens reached
15:34:55.662 INFO:     #247 chat/completions (stream): 167 prompt tokens ·
                       temperature: 0, greedy (req), max_tokens: 13 (req),
                       min_tokens: 13 (req)
15:34:55.799 INFO:     #247 chat/completions (stream): 13 tokens generated at
                       329.3 T/s · prompt 167 tokens, none cached, 167 new in
                       0.09 s · first token 0.10 s, total 0.13 s · draft 9/12
                       accepted (75%) · max_tokens reached
15:34:55.801 INFO:     #248 chat/completions (stream): 65 prompt tokens ·
                       temperature: 0, greedy (req), max_tokens: 177 (req),
                       min_tokens: 177 (req)
15:34:56.540 INFO:     #248 chat/completions (stream): 177 tokens generated at
                       270.6 T/s · prompt 65 tokens, none cached, 65 new in 0.08
                       s · first token 0.08 s, total 0.74 s · draft 112/195
                       accepted (57%) · max_tokens reached
15:34:56.543 INFO:     #249 chat/completions (stream): 637 prompt tokens ·
                       temperature: 0, greedy (req), max_tokens: 1147 (req),
                       min_tokens: 1147 (req)
15:35:01.074 INFO:     #249 chat/completions (stream): 1,147 tokens generated at
                       268.5 T/s · prompt 637 tokens, none cached, 637 new in
                       0.25 s (2,548 T/s) · first token 0.26 s, total 4.53 s ·
                       draft 720/1281 accepted (56%) · max_tokens reached
15:35:01.078 INFO:     #250 chat/completions (stream): 690 prompt tokens ·
                       temperature: 0, greedy (req), max_tokens: 10 (req),
                       min_tokens: 10 (req)
15:35:01.361 INFO:     #250 chat/completions (stream): 10 tokens generated at
                       346.6 T/s · prompt 690 tokens, none cached, 690 new in
                       0.24 s (2,875 T/s) · first token 0.24 s, total 0.27 s ·
                       draft 7/9 accepted (78%) · max_tokens reached
15:35:01.363 INFO:     #251 chat/completions (stream): 57 prompt tokens ·
                       temperature: 0, greedy (req), max_tokens: 285 (req),
                       min_tokens: 285 (req)
15:35:02.587 INFO:     #251 chat/completions (stream): 285 tokens generated at
                       247.8 T/s · prompt 57 tokens, none cached, 57 new in 0.07
                       s · first token 0.07 s, total 1.22 s · draft 170/345
                       accepted (49%) · max_tokens reached
15:35:02.589 INFO:     #253 chat/completions (stream): 76 prompt tokens ·
                       temperature: 0, greedy (req), max_tokens: 562 (req),
                       min_tokens: 562 (req)
15:35:05.026 INFO:     #253 chat/completions (stream): 562 tokens generated at
                       238.8 T/s · prompt 76 tokens, none cached, 76 new in 0.08
                       s · first token 0.09 s, total 2.44 s · draft 324/714
                       accepted (45%) · max_tokens reached
15:35:05.029 INFO:     #254 chat/completions (stream): 540 prompt tokens ·
                       temperature: 0, greedy (req), max_tokens: 8 (req),
                       min_tokens: 8 (req)
15:35:05.245 INFO:     #254 chat/completions (stream): 8 tokens generated at
                       272.4 T/s · prompt 540 tokens, none cached, 540 new in
                       0.18 s (3,000 T/s) · first token 0.19 s, total 0.21 s ·
                       draft 5/9 accepted (56%) · max_tokens reached
15:35:05.247 INFO:     #255 chat/completions (stream): 60 prompt tokens ·
                       temperature: 0, greedy (req), max_tokens: 198 (req),
                       min_tokens: 198 (req)
15:35:06.188 INFO:     #255 chat/completions (stream): 198 tokens generated at
                       228.6 T/s · prompt 60 tokens, none cached, 60 new in 0.07
                       s · first token 0.07 s, total 0.94 s · draft 111/261
                       accepted (43%) · max_tokens reached
15:35:06.190 INFO:     #256 chat/completions (stream): 58 prompt tokens ·
                       temperature: 0, greedy (req), max_tokens: 31 (req),
                       min_tokens: 31 (req)
15:35:06.354 INFO:     #256 chat/completions (stream): 31 tokens generated at
                       346.8 T/s · prompt 58 tokens, none cached, 58 new in 0.07
                       s · first token 0.08 s, total 0.16 s · draft 22/27
                       accepted (81%) · max_tokens reached
15:35:06.357 INFO:     #257 chat/completions (stream): 449 prompt tokens ·
                       temperature: 0, greedy (req), max_tokens: 25 (req),
                       min_tokens: 25 (req)
15:35:06.689 INFO:     #257 chat/completions (stream): 25 tokens generated at
                       250.5 T/s · prompt 449 tokens, none cached, 449 new in
                       0.22 s (2,041 T/s) · first token 0.22 s, total 0.32 s ·
                       draft 15/30 accepted (50%) · max_tokens reached
15:35:06.692 INFO:     #258 chat/completions (stream): 392 prompt tokens ·
                       temperature: 0, greedy (req), max_tokens: 17 (req),
                       min_tokens: 17 (req)
15:35:06.985 INFO:     #258 chat/completions (stream): 17 tokens generated at
                       283.0 T/s · prompt 392 tokens, none cached, 392 new in
                       0.22 s (1,782 T/s) · first token 0.23 s, total 0.29 s ·
                       draft 11/18 accepted (61%) · max_tokens reached
15:35:06.988 INFO:     #259 chat/completions (stream): 112 prompt tokens ·
                       temperature: 0, greedy (req), max_tokens: 556 (req),
                       min_tokens: 556 (req)
15:35:09.085 INFO:     #259 chat/completions (stream): 556 tokens generated at
                       278.4 T/s · prompt 112 tokens, none cached, 112 new in
                       0.09 s · first token 0.09 s, total 2.09 s · draft 356/600
                       accepted (59%) · max_tokens reached
15:35:09.087 INFO:     #260 chat/completions (stream): 79 prompt tokens ·
                       temperature: 0, greedy (req), max_tokens: 165 (req),
                       min_tokens: 165 (req)
15:35:09.830 INFO:     #260 chat/completions (stream): 165 tokens generated at
                       251.1 T/s · prompt 79 tokens, none cached, 79 new in 0.08
                       s · first token 0.09 s, total 0.74 s · draft 100/195
                       accepted (51%) · max_tokens reached
15:35:09.832 INFO:     #261 chat/completions (stream): 63 prompt tokens ·
                       temperature: 0, greedy (req), max_tokens: 650 (req),
                       min_tokens: 650 (req)
15:35:12.185 INFO:     #261 chat/completions (stream): 650 tokens generated at
                       285.5 T/s · prompt 63 tokens, none cached, 63 new in 0.07
                       s · first token 0.07 s, total 2.35 s · draft 422/684
                       accepted (62%) · max_tokens reached
15:35:12.188 INFO:     #262 chat/completions (stream): 68 prompt tokens ·
                       temperature: 0, greedy (req), max_tokens: 434 (req),
                       min_tokens: 434 (req)
15:35:13.969 INFO:     #262 chat/completions (stream): 434 tokens generated at
                       255.4 T/s · prompt 68 tokens, none cached, 68 new in 0.08
                       s · first token 0.09 s, total 1.78 s · draft 264/510
                       accepted (52%) · max_tokens reached
15:35:13.973 INFO:     #263 chat/completions (stream): 527 prompt tokens ·
                       temperature: 0, greedy (req), max_tokens: 78 (req),
                       min_tokens: 78 (req)
15:35:14.476 INFO:     #263 chat/completions (stream): 78 tokens generated at
                       245.3 T/s · prompt 527 tokens, none cached, 527 new in
                       0.18 s (2,928 T/s) · first token 0.19 s, total 0.50 s ·
                       draft 46/96 accepted (48%) · max_tokens reached
15:35:14.478 INFO:     #264 chat/completions (stream): 65 prompt tokens ·
                       temperature: 0, greedy (req), max_tokens: 352 (req),
                       min_tokens: 352 (req)
15:35:15.939 INFO:     #264 chat/completions (stream): 352 tokens generated at
                       254.3 T/s · prompt 65 tokens, none cached, 65 new in 0.07
                       s · first token 0.08 s, total 1.46 s · draft 212/420
                       accepted (50%) · max_tokens reached
15:35:15.942 INFO:     #265 chat/completions (stream): 342 prompt tokens ·
                       temperature: 0, greedy (req), max_tokens: 44 (req),
                       min_tokens: 44 (req)
15:35:16.327 INFO:     #265 chat/completions (stream): 44 tokens generated at
                       258.9 T/s · prompt 342 tokens, none cached, 342 new in
                       0.21 s (1,629 T/s) · first token 0.22 s, total 0.39 s ·
                       draft 27/51 accepted (53%) · max_tokens reached
15:35:16.331 INFO:     #266 chat/completions (stream): 448 prompt tokens ·
                       temperature: 0, greedy (req), max_tokens: 55 (req),
                       min_tokens: 55 (req)
15:35:16.757 INFO:     #266 chat/completions (stream): 55 tokens generated at
                       274.5 T/s · prompt 448 tokens, none cached, 448 new in
                       0.22 s (2,036 T/s) · first token 0.22 s, total 0.43 s ·
                       draft 35/60 accepted (58%) · max_tokens reached
15:35:16.760 INFO:     #267 chat/completions (stream): 399 prompt tokens ·
                       temperature: 0, greedy (req), max_tokens: 15 (req),
                       min_tokens: 15 (req)
15:35:17.053 INFO:     #267 chat/completions (stream): 15 tokens generated at
                       255.8 T/s · prompt 399 tokens, none cached, 399 new in
                       0.23 s (1,735 T/s) · first token 0.23 s, total 0.29 s ·
                       draft 9/18 accepted (50%) · max_tokens reached
15:35:17.055 INFO:     #269 chat/completions (stream): 72 prompt tokens ·
                       temperature: 0, greedy (req), max_tokens: 279 (req),
                       min_tokens: 279 (req)
15:35:18.146 INFO:     #269 chat/completions (stream): 279 tokens generated at
                       276.9 T/s · prompt 72 tokens, none cached, 72 new in 0.08
                       s · first token 0.08 s, total 1.09 s · draft 179/300
                       accepted (60%) · max_tokens reached
15:35:18.149 INFO:     #270 chat/completions (stream): 64 prompt tokens ·
                       temperature: 0, greedy (req), max_tokens: 150 (req),
                       min_tokens: 150 (req)
15:35:18.819 INFO:     #270 chat/completions (stream): 150 tokens generated at
                       252.8 T/s · prompt 64 tokens, none cached, 64 new in 0.07
                       s · first token 0.08 s, total 0.67 s · draft 91/177
                       accepted (51%) · max_tokens reached
15:35:18.823 INFO:     #271 chat/completions (stream): 340 prompt tokens ·
                       temperature: 0, greedy (req), max_tokens: 26 (req),
                       min_tokens: 26 (req)
15:35:19.137 INFO:     #271 chat/completions (stream): 26 tokens generated at
                       258.5 T/s · prompt 340 tokens, none cached, 340 new in
                       0.21 s (1,619 T/s) · first token 0.22 s, total 0.32 s ·
                       draft 16/30 accepted (53%) · max_tokens reached
15:35:19.140 INFO:     #272 chat/completions (stream): 66 prompt tokens ·
                       temperature: 0, greedy (req), max_tokens: 12 (req),
                       min_tokens: 12 (req)
15:35:19.249 INFO:     #272 chat/completions (stream): 12 tokens generated at
                       411.4 T/s · prompt 66 tokens, none cached, 66 new in 0.07
                       s · first token 0.08 s, total 0.10 s · draft 9/9 accepted
                       (100%) · max_tokens reached
15:35:19.252 INFO:     #273 chat/completions (stream): 446 prompt tokens ·
                       temperature: 0, greedy (req), max_tokens: 8 (req),
                       min_tokens: 8 (req)
15:35:19.507 INFO:     #273 chat/completions (stream): 8 tokens generated at
                       270.1 T/s · prompt 446 tokens, none cached, 446 new in
                       0.22 s (2,027 T/s) · first token 0.22 s, total 0.25 s ·
                       draft 5/9 accepted (56%) · max_tokens reached
15:35:19.510 INFO:     #274 chat/completions (stream): 99 prompt tokens ·
                       temperature: 0, greedy (req), max_tokens: 429 (req),
                       min_tokens: 429 (req)
15:35:21.283 INFO:     #274 chat/completions (stream): 429 tokens generated at
                       256.0 T/s · prompt 99 tokens, none cached, 99 new in 0.09
                       s · first token 0.10 s, total 1.77 s · draft 262/501
                       accepted (52%) · max_tokens reached
15:35:21.285 INFO:     #275 chat/completions (stream): 70 prompt tokens ·
                       temperature: 0, greedy (req), max_tokens: 772 (req),
                       min_tokens: 772 (req)
15:35:24.579 INFO:     #275 chat/completions (stream): 772 tokens generated at
                       240.5 T/s · prompt 70 tokens, none cached, 70 new in 0.08
                       s · first token 0.09 s, total 3.30 s · draft 456/948
                       accepted (48%) · max_tokens reached
15:35:24.583 INFO:     #276 chat/completions (stream): 391 prompt tokens ·
                       temperature: 0, greedy (req), max_tokens: 46 (req),
                       min_tokens: 46 (req)
15:35:25.060 INFO:     #276 chat/completions (stream): 46 tokens generated at
                       202.5 T/s · prompt 391 tokens, none cached, 391 new in
                       0.24 s (1,629 T/s) · first token 0.25 s, total 0.47 s ·
                       draft 25/63 accepted (40%) · max_tokens reached
15:35:25.063 INFO:     #277 chat/completions (stream): 60 prompt tokens ·
                       temperature: 0, greedy (req), max_tokens: 75 (req),
                       min_tokens: 75 (req)
15:35:25.391 INFO:     #277 chat/completions (stream): 75 tokens generated at
                       298.2 T/s · prompt 60 tokens, none cached, 60 new in 0.07
                       s · first token 0.08 s, total 0.33 s · draft 50/75
                       accepted (67%) · max_tokens reached
15:35:25.395 INFO:     #278 chat/completions (stream): 691 prompt tokens ·
                       temperature: 0, greedy (req), max_tokens: 139 (req),
                       min_tokens: 139 (req)
15:35:26.181 INFO:     #278 chat/completions (stream): 139 tokens generated at
                       274.3 T/s · prompt 691 tokens, none cached, 691 new in
                       0.27 s (2,559 T/s) · first token 0.28 s, total 0.78 s ·
                       draft 88/153 accepted (58%) · max_tokens reached
15:35:26.183 INFO:     #279 chat/completions (stream): 68 prompt tokens ·
                       temperature: 0, greedy (req), max_tokens: 282 (req),
                       min_tokens: 282 (req)
15:35:27.347 INFO:     #279 chat/completions (stream): 282 tokens generated at
                       260.5 T/s · prompt 68 tokens, none cached, 68 new in 0.07
                       s · first token 0.08 s, total 1.16 s · draft 174/324
                       accepted (54%) · max_tokens reached
15:35:27.349 INFO:     #280 chat/completions (stream): 63 prompt tokens ·
                       temperature: 0, greedy (req), max_tokens: 98 (req),
                       min_tokens: 98 (req)
15:35:27.746 INFO:     #280 chat/completions (stream): 98 tokens generated at
                       305.6 T/s · prompt 63 tokens, none cached, 63 new in 0.07
                       s · first token 0.08 s, total 0.40 s · draft 66/96
                       accepted (69%) · max_tokens reached
15:35:27.750 INFO:     #281 chat/completions (stream): 815 prompt tokens ·
                       temperature: 0, greedy (req), max_tokens: 282 (req),
                       min_tokens: 282 (req)
15:35:29.009 INFO:     #281 chat/completions (stream): 282 tokens generated at
                       279.1 T/s · prompt 815 tokens, none cached, 815 new in
                       0.24 s (3,396 T/s) · first token 0.24 s, total 1.26 s ·
                       draft 181/303 accepted (60%) · max_tokens reached
15:35:29.011 INFO:     #282 chat/completions (stream): 84 prompt tokens ·
                       temperature: 0, greedy (req), max_tokens: 278 (req),
                       min_tokens: 278 (req)
15:35:30.140 INFO:     #282 chat/completions (stream): 278 tokens generated at
                       267.1 T/s · prompt 84 tokens, none cached, 84 new in 0.08
                       s · first token 0.09 s, total 1.13 s · draft 173/315
                       accepted (55%) · max_tokens reached
15:35:30.143 INFO:     #283 chat/completions (stream): 60 prompt tokens ·
                       temperature: 0, greedy (req), max_tokens: 202 (req),
                       min_tokens: 202 (req)
15:35:31.115 INFO:     #283 chat/completions (stream): 202 tokens generated at
                       225.2 T/s · prompt 60 tokens, none cached, 60 new in 0.07
                       s · first token 0.08 s, total 0.97 s · draft 112/270
                       accepted (41%) · max_tokens reached
15:35:31.118 INFO:     #284 chat/completions (stream): 62 prompt tokens ·
                       temperature: 0, greedy (req), max_tokens: 105 (req),
                       min_tokens: 105 (req)
15:35:31.565 INFO:     #284 chat/completions (stream): 105 tokens generated at
                       282.1 T/s · prompt 62 tokens, none cached, 62 new in 0.07
                       s · first token 0.08 s, total 0.45 s · draft 68/111
                       accepted (61%) · max_tokens reached
15:35:31.567 INFO:     #285 chat/completions (stream): 61 prompt tokens ·
                       temperature: 0, greedy (req), max_tokens: 61 (req),
                       min_tokens: 61 (req)
15:35:31.871 INFO:     #285 chat/completions (stream): 61 tokens generated at
                       267.3 T/s · prompt 61 tokens, none cached, 61 new in 0.07
                       s · first token 0.08 s, total 0.30 s · draft 38/69
                       accepted (55%) · max_tokens reached
15:35:31.873 INFO:     #286 chat/completions (stream): 65 prompt tokens ·
                       temperature: 0, greedy (req), max_tokens: 210 (req),
                       min_tokens: 210 (req)
15:35:32.691 INFO:     #286 chat/completions (stream): 210 tokens generated at
                       282.4 T/s · prompt 65 tokens, none cached, 65 new in 0.07
                       s · first token 0.07 s, total 0.82 s · draft 136/222
                       accepted (61%) · max_tokens reached
15:35:32.693 INFO:     #288 chat/completions (stream): 60 prompt tokens ·
                       temperature: 0, greedy (req), max_tokens: 41 (req),
                       min_tokens: 41 (req)
15:35:32.888 INFO:     #288 chat/completions (stream): 41 tokens generated at
                       344.1 T/s · prompt 60 tokens, none cached, 60 new in 0.07
                       s · first token 0.07 s, total 0.19 s · draft 29/36
                       accepted (81%) · max_tokens reached
15:35:32.890 INFO:     #289 chat/completions (stream): 60 prompt tokens ·
                       temperature: 0, greedy (req), max_tokens: 287 (req),
                       min_tokens: 287 (req)
15:35:34.172 INFO:     #289 chat/completions (stream): 287 tokens generated at
                       237.6 T/s · prompt 60 tokens, none cached, 60 new in 0.07
                       s · first token 0.07 s, total 1.28 s · draft 165/366
                       accepted (45%) · max_tokens reached
15:35:34.174 INFO:     #290 chat/completions (stream): 70 prompt tokens ·
                       temperature: 0, greedy (req), max_tokens: 276 (req),
                       min_tokens: 276 (req)
15:35:35.440 INFO:     #290 chat/completions (stream): 276 tokens generated at
                       233.3 T/s · prompt 70 tokens, none cached, 70 new in 0.08
                       s · first token 0.09 s, total 1.27 s · draft 159/351
                       accepted (45%) · max_tokens reached
15:35:35.442 INFO:     #291 chat/completions (stream): 107 prompt tokens ·
                       temperature: 0, greedy (req), max_tokens: 176 (req),
                       min_tokens: 176 (req)
15:35:36.093 INFO:     #291 chat/completions (stream): 176 tokens generated at
                       319.9 T/s · prompt 107 tokens, none cached, 107 new in
                       0.09 s · first token 0.10 s, total 0.65 s · draft 121/165
                       accepted (73%) · max_tokens reached
15:35:36.097 INFO:     #292 chat/completions (stream): 987 prompt tokens ·
                       temperature: 0, greedy (req), max_tokens: 113 (req),
                       min_tokens: 113 (req)
15:35:36.869 INFO:     #292 chat/completions (stream): 113 tokens generated at
                       235.4 T/s · prompt 987 tokens, none cached, 987 new in
                       0.28 s (3,525 T/s) · first token 0.28 s, total 0.76 s ·
                       draft 69/132 accepted (52%) · max_tokens reached
15:35:36.873 INFO:     #293 chat/completions (stream): 731 prompt tokens ·
                       temperature: 0, greedy (req), max_tokens: 694 (req),
                       min_tokens: 694 (req)
15:35:39.847 INFO:     #293 chat/completions (stream): 694 tokens generated at
                       255.4 T/s · prompt 731 tokens, none cached, 731 new in
                       0.25 s (2,924 T/s) · first token 0.26 s, total 2.97 s ·
                       draft 422/816 accepted (52%) · max_tokens reached
15:35:39.849 INFO:     #294 chat/completions (stream): 67 prompt tokens ·
                       temperature: 0, greedy (req), max_tokens: 84 (req),
                       min_tokens: 84 (req)
15:35:40.232 INFO:     #294 chat/completions (stream): 84 tokens generated at
                       279.5 T/s · prompt 67 tokens, none cached, 67 new in 0.08
                       s · first token 0.09 s, total 0.39 s · draft 54/90
                       accepted (60%) · max_tokens reached
15:35:40.234 INFO:     #295 chat/completions (stream): 91 prompt tokens ·
                       temperature: 0, greedy (req), max_tokens: 464 (req),
                       min_tokens: 464 (req)
15:35:42.179 INFO:     #295 chat/completions (stream): 464 tokens generated at
                       250.1 T/s · prompt 91 tokens, none cached, 91 new in 0.08
                       s · first token 0.08 s, total 1.94 s · draft 278/558
                       accepted (50%) · max_tokens reached
15:35:42.181 INFO:     #296 chat/completions (stream): 114 prompt tokens ·
                       temperature: 0, greedy (req), max_tokens: 425 (req),
                       min_tokens: 425 (req)
15:35:44.034 INFO:     #296 chat/completions (stream): 425 tokens generated at
                       243.0 T/s · prompt 114 tokens, none cached, 114 new in
                       0.10 s · first token 0.11 s, total 1.85 s · draft 249/528
                       accepted (47%) · max_tokens reached
15:35:44.036 INFO:     #297 chat/completions (stream): 60 prompt tokens ·
                       temperature: 0, greedy (req), max_tokens: 64 (req),
                       min_tokens: 64 (req)
15:35:44.329 INFO:     #297 chat/completions (stream): 64 tokens generated at
                       292.2 T/s · prompt 60 tokens, none cached, 60 new in 0.07
                       s · first token 0.08 s, total 0.29 s · draft 42/66
                       accepted (64%) · max_tokens reached
15:35:44.331 INFO:     #298 chat/completions (stream): 89 prompt tokens ·
                       temperature: 0, greedy (req), max_tokens: 609 (req),
                       min_tokens: 609 (req)
15:35:46.631 INFO:     #298 chat/completions (stream): 609 tokens generated at
                       275.5 T/s · prompt 89 tokens, none cached, 89 new in 0.08
                       s · first token 0.09 s, total 2.30 s · draft 388/663
                       accepted (59%) · max_tokens reached
15:35:46.635 INFO:     #299 chat/completions (stream): 648 prompt tokens ·
                       temperature: 0, greedy (req), max_tokens: 6 (req),
                       min_tokens: 6 (req)
15:35:46.914 INFO:     #299 chat/completions (stream): 6 tokens generated at
                       311.8 T/s · prompt 648 tokens, none cached, 648 new in
                       0.25 s (2,592 T/s) · first token 0.26 s, total 0.27 s ·
                       draft 4/6 accepted (67%) · max_tokens reached
15:35:46.916 INFO:     #300 chat/completions (stream): 113 prompt tokens ·
                       temperature: 0, greedy (req), max_tokens: 71 (req),
                       min_tokens: 71 (req)
15:35:47.216 INFO:     #300 chat/completions (stream): 71 tokens generated at
                       358.7 T/s · prompt 113 tokens, none cached, 113 new in
                       0.09 s · first token 0.09 s, total 0.29 s · draft 51/60
                       accepted (85%) · max_tokens reached
15:35:47.218 INFO:     #302 chat/completions (stream): 68 prompt tokens ·
                       temperature: 0, greedy (req), max_tokens: 169 (req),
                       min_tokens: 169 (req)
15:35:48.003 INFO:     #302 chat/completions (stream): 169 tokens generated at
                       239.7 T/s · prompt 68 tokens, none cached, 68 new in 0.07
                       s · first token 0.07 s, total 0.78 s · draft 99/210
                       accepted (47%) · max_tokens reached
15:35:48.006 INFO:     #303 chat/completions (stream): 164 prompt tokens ·
                       temperature: 0, greedy (req), max_tokens: 302 (req),
                       min_tokens: 302 (req)
15:35:49.361 INFO:     #303 chat/completions (stream): 302 tokens generated at
                       240.5 T/s · prompt 164 tokens, none cached, 164 new in
                       0.09 s · first token 0.10 s, total 1.35 s · draft 177/375
                       accepted (47%) · max_tokens reached
15:35:49.363 INFO:     #304 chat/completions (stream): 75 prompt tokens ·
                       temperature: 0, greedy (req), max_tokens: 306 (req),
                       min_tokens: 306 (req)
15:35:50.586 INFO:     #304 chat/completions (stream): 306 tokens generated at
                       268.8 T/s · prompt 75 tokens, none cached, 75 new in 0.08
                       s · first token 0.09 s, total 1.22 s · draft 192/342
                       accepted (56%) · max_tokens reached
15:35:50.589 INFO:     #305 chat/completions (stream): 256 prompt tokens ·
                       temperature: 0, greedy (req), max_tokens: 28 (req),
                       min_tokens: 28 (req)
15:35:50.826 INFO:     #305 chat/completions (stream): 28 tokens generated at
                       234.2 T/s · prompt 256 tokens, none cached, 256 new in
                       0.11 s (2,327 T/s) · first token 0.12 s, total 0.23 s ·
                       draft 16/36 accepted (44%) · max_tokens reached
15:35:50.828 INFO:     #306 chat/completions (stream): 137 prompt tokens ·
                       temperature: 0, greedy (req), max_tokens: 52 (req),
                       min_tokens: 52 (req)
15:35:51.091 INFO:     #306 chat/completions (stream): 52 tokens generated at
                       347.5 T/s · prompt 137 tokens, none cached, 137 new in
                       0.11 s · first token 0.11 s, total 0.26 s · draft 37/45
                       accepted (82%) · max_tokens reached
15:35:51.094 INFO:     #307 chat/completions (stream): 840 prompt tokens ·
                       temperature: 0, greedy (req), max_tokens: 11 (req),
                       min_tokens: 11 (req)
15:35:51.414 INFO:     #307 chat/completions (stream): 11 tokens generated at
                       223.7 T/s · prompt 840 tokens, none cached, 840 new in
                       0.26 s (3,231 T/s) · first token 0.26 s, total 0.31 s ·
                       draft 6/15 accepted (40%) · max_tokens reached
15:35:51.416 INFO:     #308 chat/completions (stream): 77 prompt tokens ·
                       temperature: 0, greedy (req), max_tokens: 259 (req),
                       min_tokens: 259 (req)
15:35:52.540 INFO:     #308 chat/completions (stream): 259 tokens generated at
                       255.2 T/s · prompt 77 tokens, none cached, 77 new in 0.10
                       s · first token 0.11 s, total 1.12 s · draft 157/306
                       accepted (51%) · max_tokens reached
15:35:52.544 INFO:     #309 chat/completions (stream): 434 prompt tokens ·
                       temperature: 0, greedy (req), max_tokens: 25 (req),
                       min_tokens: 25 (req)
15:35:52.844 INFO:     #309 chat/completions (stream): 25 tokens generated at
                       311.4 T/s · prompt 434 tokens, none cached, 434 new in
                       0.21 s (2,067 T/s) · first token 0.22 s, total 0.30 s ·
                       draft 17/24 accepted (71%) · max_tokens reached
15:35:52.846 INFO:     #310 chat/completions (stream): 136 prompt tokens ·
                       temperature: 0, greedy (req), max_tokens: 292 (req),
                       min_tokens: 292 (req)
15:35:53.893 INFO:     #310 chat/completions (stream): 292 tokens generated at
                       312.7 T/s · prompt 136 tokens, none cached, 136 new in
                       0.11 s · first token 0.11 s, total 1.05 s · draft 199/279
                       accepted (71%) · max_tokens reached
15:35:53.896 INFO:     #311 chat/completions (stream): 151 prompt tokens ·
                       temperature: 0, greedy (req), max_tokens: 435 (req),
                       min_tokens: 435 (req)
15:35:55.745 INFO:     #311 chat/completions (stream): 435 tokens generated at
                       247.6 T/s · prompt 151 tokens, none cached, 151 new in
                       0.09 s · first token 0.10 s, total 1.85 s · draft 258/531
                       accepted (49%) · max_tokens reached
15:35:55.749 INFO:     #312 chat/completions (stream): 884 prompt tokens ·
                       temperature: 0, greedy (req), max_tokens: 18 (req),
                       min_tokens: 18 (req)
15:35:56.103 INFO:     #312 chat/completions (stream): 18 tokens generated at
                       293.7 T/s · prompt 884 tokens, none cached, 884 new in
                       0.28 s (3,157 T/s) · first token 0.29 s, total 0.35 s ·
                       draft 12/18 accepted (67%) · max_tokens reached
15:35:56.106 INFO:     #313 chat/completions (stream): 311 prompt tokens ·
                       temperature: 0, greedy (req), max_tokens: 195 (req),
                       min_tokens: 195 (req)
15:35:57.053 INFO:     #313 chat/completions (stream): 195 tokens generated at
                       262.6 T/s · prompt 311 tokens, none cached, 311 new in
                       0.20 s (1,555 T/s) · first token 0.20 s, total 0.95 s ·
                       draft 121/222 accepted (55%) · max_tokens reached
15:35:57.056 INFO:     #314 chat/completions (stream): 425 prompt tokens ·
                       temperature: 0, greedy (req), max_tokens: 28 (req),
                       min_tokens: 28 (req)
15:35:57.398 INFO:     #314 chat/completions (stream): 28 tokens generated at
                       230.1 T/s · prompt 425 tokens, none cached, 425 new in
                       0.21 s (2,024 T/s) · first token 0.22 s, total 0.34 s ·
                       draft 16/36 accepted (44%) · max_tokens reached
15:35:57.402 INFO:     #315 chat/completions (stream): 804 prompt tokens ·
                       temperature: 0, greedy (req), max_tokens: 15 (req),
                       min_tokens: 15 (req)
15:35:57.732 INFO:     #315 chat/completions (stream): 15 tokens generated at
                       254.4 T/s · prompt 804 tokens, none cached, 804 new in
                       0.26 s (3,092 T/s) · first token 0.27 s, total 0.32 s ·
                       draft 9/18 accepted (50%) · max_tokens reached
15:35:57.736 INFO:     #316 chat/completions (stream): 614 prompt tokens ·
                       temperature: 0, greedy (req), max_tokens: 11 (req),
                       min_tokens: 11 (req)
15:35:58.020 INFO:     #316 chat/completions (stream): 11 tokens generated at
                       275.7 T/s · prompt 614 tokens, none cached, 614 new in
                       0.24 s (2,558 T/s) · first token 0.24 s, total 0.28 s ·
                       draft 7/12 accepted (58%) · max_tokens reached
15:35:58.022 INFO:     #317 chat/completions (stream): 289 prompt tokens ·
                       temperature: 0, greedy (req), max_tokens: 22 (req),
                       min_tokens: 22 (req)
15:35:58.240 INFO:     #317 chat/completions (stream): 22 tokens generated at
                       368.9 T/s · prompt 289 tokens, none cached, 289 new in
                       0.15 s (1,927 T/s) · first token 0.15 s, total 0.21 s ·
                       draft 16/18 accepted (89%) · max_tokens reached
15:35:58.242 INFO:     #318 chat/completions (stream): 63 prompt tokens ·
                       temperature: 0, greedy (req), max_tokens: 193 (req),
                       min_tokens: 193 (req)
15:35:59.093 INFO:     #318 chat/completions (stream): 193 tokens generated at
                       249.0 T/s · prompt 63 tokens, none cached, 63 new in 0.07
                       s · first token 0.07 s, total 0.85 s · draft 115/234
                       accepted (49%) · max_tokens reached
15:35:59.096 INFO:     #319 chat/completions (stream): 225 prompt tokens ·
                       temperature: 0, greedy (req), max_tokens: 242 (req),
                       min_tokens: 242 (req)
15:36:00.016 INFO:     #319 chat/completions (stream): 242 tokens generated at
                       298.9 T/s · prompt 225 tokens, none cached, 225 new in
                       0.10 s · first token 0.11 s, total 0.91 s · draft 162/240
                       accepted (68%) · max_tokens reached
15:36:00.019 INFO:     #320 chat/completions (stream): 70 prompt tokens ·
                       temperature: 0, greedy (req), max_tokens: 102 (req),
                       min_tokens: 102 (req)
15:36:00.436 INFO:     #320 chat/completions (stream): 102 tokens generated at
                       304.2 T/s · prompt 70 tokens, none cached, 70 new in 0.07
                       s · first token 0.08 s, total 0.41 s · draft 69/99
                       accepted (70%) · max_tokens reached
15:36:00.439 INFO:     #321 chat/completions (stream): 248 prompt tokens ·
                       temperature: 0, greedy (req), max_tokens: 8 (req),
                       min_tokens: 8 (req)
15:36:00.584 INFO:     #321 chat/completions (stream): 8 tokens generated at
                       268.0 T/s · prompt 248 tokens, none cached, 248 new in
                       0.11 s · first token 0.11 s, total 0.14 s · draft 5/9
                       accepted (56%) · max_tokens reached
15:36:00.586 INFO:     #322 chat/completions (stream): 91 prompt tokens ·
                       temperature: 0, greedy (req), max_tokens: 333 (req),
                       min_tokens: 333 (req)
15:36:02.095 INFO:     #322 chat/completions (stream): 333 tokens generated at
                       234.8 T/s · prompt 91 tokens, none cached, 91 new in 0.08
                       s · first token 0.08 s, total 1.50 s · draft 192/423
                       accepted (45%) · max_tokens reached
15:36:02.097 INFO:     #324 chat/completions (stream): 86 prompt tokens ·
                       temperature: 0, greedy (req), max_tokens: 334 (req),
                       min_tokens: 334 (req)
15:36:03.479 INFO:     #324 chat/completions (stream): 334 tokens generated at
                       259.0 T/s · prompt 86 tokens, none cached, 86 new in 0.08
                       s · first token 0.09 s, total 1.37 s · draft 206/384
                       accepted (54%) · max_tokens reached
15:36:03.482 INFO:     #325 chat/completions (stream): 322 prompt tokens ·
                       temperature: 0, greedy (req), max_tokens: 326 (req),
                       min_tokens: 326 (req)
15:36:04.891 INFO:     #325 chat/completions (stream): 326 tokens generated at
                       270.8 T/s · prompt 322 tokens, none cached, 322 new in
                       0.20 s (1,610 T/s) · first token 0.21 s, total 1.41 s ·
                       draft 207/357 accepted (58%) · max_tokens reached
15:36:04.893 INFO:     #326 chat/completions (stream): 81 prompt tokens ·
                       temperature: 0, greedy (req), max_tokens: 353 (req),
                       min_tokens: 353 (req)
15:36:06.430 INFO:     #326 chat/completions (stream): 353 tokens generated at
                       243.4 T/s · prompt 81 tokens, none cached, 81 new in 0.08
                       s · first token 0.09 s, total 1.54 s · draft 207/438
                       accepted (47%) · max_tokens reached
15:36:06.433 INFO:     #327 chat/completions (stream): 218 prompt tokens ·
                       temperature: 0, greedy (req), max_tokens: 599 (req),
                       min_tokens: 599 (req)
15:36:08.843 INFO:     #327 chat/completions (stream): 599 tokens generated at
                       260.5 T/s · prompt 218 tokens, none cached, 218 new in
                       0.10 s · first token 0.11 s, total 2.40 s · draft 369/690
                       accepted (53%) · max_tokens reached
15:36:08.846 INFO:     #328 chat/completions (stream): 274 prompt tokens ·
                       temperature: 0, greedy (req), max_tokens: 94 (req),
                       min_tokens: 94 (req)
15:36:09.299 INFO:     #328 chat/completions (stream): 94 tokens generated at
                       317.7 T/s · prompt 274 tokens, none cached, 274 new in
                       0.15 s (1,827 T/s) · first token 0.16 s, total 0.45 s ·
                       draft 64/90 accepted (71%) · max_tokens reached
15:36:09.301 INFO:     #329 chat/completions (stream): 90 prompt tokens ·
                       temperature: 0, greedy (req), max_tokens: 1439 (req),
                       min_tokens: 1439 (req)
15:36:13.452 INFO:     #329 chat/completions (stream): 1,439 tokens generated at
                       354.2 T/s · prompt 90 tokens, none cached, 90 new in 0.08
                       s · first token 0.08 s, total 4.15 s · draft 1030/1227
                       accepted (84%) · max_tokens reached
15:36:13.456 INFO:     #330 chat/completions (stream): 322 prompt tokens ·
                       temperature: 0, greedy (req), max_tokens: 23 (req),
                       min_tokens: 23 (req)
15:36:13.744 INFO:     #330 chat/completions (stream): 23 tokens generated at
                       287.1 T/s · prompt 322 tokens, none cached, 322 new in
                       0.20 s (1,610 T/s) · first token 0.21 s, total 0.29 s ·
                       draft 15/24 accepted (62%) · max_tokens reached
15:36:13.748 INFO:     #331 chat/completions (stream): 628 prompt tokens ·
                       temperature: 0, greedy (req), max_tokens: 93 (req),
                       min_tokens: 93 (req)
15:36:14.367 INFO:     #331 chat/completions (stream): 93 tokens generated at
                       259.7 T/s · prompt 628 tokens, none cached, 628 new in
                       0.25 s (2,512 T/s) · first token 0.25 s, total 0.61 s ·
                       draft 57/108 accepted (53%) · max_tokens reached
15:36:14.370 INFO:     #332 chat/completions (stream): 73 prompt tokens ·
                       temperature: 0, greedy (req), max_tokens: 327 (req),
                       min_tokens: 327 (req)
15:36:15.669 INFO:     #332 chat/completions (stream): 327 tokens generated at
                       269.0 T/s · prompt 73 tokens, none cached, 73 new in 0.08
                       s · first token 0.09 s, total 1.30 s · draft 205/366
                       accepted (56%) · max_tokens reached
15:36:15.671 INFO:     #333 chat/completions (stream): 90 prompt tokens ·
                       temperature: 0, greedy (req), max_tokens: 131 (req),
                       min_tokens: 131 (req)
15:36:16.189 INFO:     #333 chat/completions (stream): 131 tokens generated at
                       307.4 T/s · prompt 90 tokens, none cached, 90 new in 0.08
                       s · first token 0.09 s, total 0.51 s · draft 88/129
                       accepted (68%) · max_tokens reached
15:36:16.193 INFO:     #334 chat/completions (stream): 828 prompt tokens ·
                       temperature: 0, greedy (req), max_tokens: 39 (req),
                       min_tokens: 39 (req)
15:36:16.574 INFO:     #334 chat/completions (stream): 39 tokens generated at
                       303.1 T/s · prompt 828 tokens, none cached, 828 new in
                       0.24 s (3,450 T/s) · first token 0.24 s, total 0.37 s ·
                       draft 26/39 accepted (67%) · max_tokens reached
15:36:16.578 INFO:     #335 chat/completions (stream): 579 prompt tokens ·
                       temperature: 0, greedy (req), max_tokens: 213 (req),
                       min_tokens: 213 (req)
15:36:17.638 INFO:     #335 chat/completions (stream): 213 tokens generated at
                       256.5 T/s · prompt 579 tokens, none cached, 579 new in
                       0.22 s (2,632 T/s) · first token 0.23 s, total 1.06 s ·
                       draft 130/249 accepted (52%) · max_tokens reached
15:36:17.640 INFO:     #337 chat/completions (stream): 57 prompt tokens ·
                       temperature: 0, greedy (req), max_tokens: 56 (req),
                       min_tokens: 56 (req)
15:36:17.953 INFO:     #337 chat/completions (stream): 56 tokens generated at
                       235.4 T/s · prompt 57 tokens, none cached, 57 new in 0.07
                       s · first token 0.08 s, total 0.31 s · draft 32/72
                       accepted (44%) · max_tokens reached
15:36:17.954 INFO:     #338 chat/completions (stream): 56 prompt tokens ·
                       temperature: 0, greedy (req), max_tokens: 277 (req),
                       min_tokens: 277 (req)
15:36:19.053 INFO:     #338 chat/completions (stream): 277 tokens generated at
                       270.0 T/s · prompt 56 tokens, none cached, 56 new in 0.07
                       s · first token 0.07 s, total 1.10 s · draft 174/309
                       accepted (56%) · max_tokens reached
15:36:19.056 INFO:     #339 chat/completions (stream): 196 prompt tokens ·
                       temperature: 0, greedy (req), max_tokens: 362 (req),
                       min_tokens: 362 (req)
15:36:20.488 INFO:     #339 chat/completions (stream): 362 tokens generated at
                       273.4 T/s · prompt 196 tokens, none cached, 196 new in
                       0.10 s · first token 0.11 s, total 1.43 s · draft 231/393
                       accepted (59%) · max_tokens reached
15:36:20.490 INFO:     #340 chat/completions (stream): 81 prompt tokens ·
                       temperature: 0, greedy (req), max_tokens: 1003 (req),
                       min_tokens: 1003 (req)
15:36:23.433 INFO:     #340 chat/completions (stream): 1,003 tokens generated at
                       351.2 T/s · prompt 81 tokens, none cached, 81 new in 0.08
                       s · first token 0.09 s, total 2.94 s · draft 717/858
                       accepted (84%) · max_tokens reached
15:36:23.436 INFO:     #341 chat/completions (stream): 255 prompt tokens ·
                       temperature: 0, greedy (req), max_tokens: 819 (req),
                       min_tokens: 819 (req)
15:36:26.631 INFO:     #341 chat/completions (stream): 819 tokens generated at
                       266.3 T/s · prompt 255 tokens, none cached, 255 new in
                       0.11 s · first token 0.12 s, total 3.19 s · draft 522/891
                       accepted (59%) · max_tokens reached
15:36:26.635 INFO:     #342 chat/completions (stream): 891 prompt tokens ·
                       temperature: 0, greedy (req), max_tokens: 37 (req),
                       min_tokens: 37 (req)
15:36:27.027 INFO:     #342 chat/completions (stream): 37 tokens generated at
                       307.5 T/s · prompt 891 tokens, none cached, 891 new in
                       0.26 s (3,427 T/s) · first token 0.27 s, total 0.39 s ·
                       draft 25/36 accepted (69%) · max_tokens reached
15:36:27.030 INFO:     #343 chat/completions (stream): 442 prompt tokens ·
                       temperature: 0, greedy (req), max_tokens: 43 (req),
                       min_tokens: 43 (req)
15:36:27.439 INFO:     #343 chat/completions (stream): 43 tokens generated at
                       236.6 T/s · prompt 442 tokens, none cached, 442 new in
                       0.22 s (2,009 T/s) · first token 0.22 s, total 0.41 s ·
                       draft 25/54 accepted (46%) · max_tokens reached
15:36:27.441 INFO:     #344 chat/completions (stream): 63 prompt tokens ·
                       temperature: 0, greedy (req), max_tokens: 241 (req),
                       min_tokens: 241 (req)
15:36:28.597 INFO:     #344 chat/completions (stream): 241 tokens generated at
                       223.5 T/s · prompt 63 tokens, none cached, 63 new in 0.07
                       s · first token 0.08 s, total 1.15 s · draft 133/324
                       accepted (41%) · max_tokens reached
15:36:28.600 INFO:     #345 chat/completions (stream): 155 prompt tokens ·
                       temperature: 0, greedy (req), max_tokens: 692 (req),
                       min_tokens: 692 (req)
15:36:31.611 INFO:     #345 chat/completions (stream): 692 tokens generated at
                       237.5 T/s · prompt 155 tokens, none cached, 155 new in
                       0.09 s · first token 0.10 s, total 3.01 s · draft 399/879
                       accepted (45%) · max_tokens reached
15:36:31.614 INFO:     #346 chat/completions (stream): 340 prompt tokens ·
                       temperature: 0, greedy (req), max_tokens: 14 (req),
                       min_tokens: 14 (req)
15:36:31.867 INFO:     #346 chat/completions (stream): 14 tokens generated at
                       351.0 T/s · prompt 340 tokens, none cached, 340 new in
                       0.20 s (1,700 T/s) · first token 0.21 s, total 0.25 s ·
                       draft 10/12 accepted (83%) · max_tokens reached
15:36:31.870 INFO:     #347 chat/completions (stream): 59 prompt tokens ·
                       temperature: 0, greedy (req), max_tokens: 35 (req),
                       min_tokens: 35 (req)
15:36:32.075 INFO:     #347 chat/completions (stream): 35 tokens generated at
                       268.6 T/s · prompt 59 tokens, none cached, 59 new in 0.07
                       s · first token 0.08 s, total 0.21 s · draft 22/39
                       accepted (56%) · max_tokens reached
15:36:32.077 INFO:     #349 chat/completions (stream): 71 prompt tokens ·
                       temperature: 0, greedy (req), max_tokens: 88 (req),
                       min_tokens: 88 (req)
15:36:32.488 INFO:     #349 chat/completions (stream): 88 tokens generated at
                       266.4 T/s · prompt 71 tokens, none cached, 71 new in 0.07
                       s · first token 0.07 s, total 0.40 s · draft 56/96
                       accepted (58%) · max_tokens reached
15:36:32.491 INFO:     #350 chat/completions (stream): 282 prompt tokens ·
                       temperature: 0, greedy (req), max_tokens: 6 (req),
                       min_tokens: 6 (req)
15:36:32.664 INFO:     #350 chat/completions (stream): 6 tokens generated at
                       309.3 T/s · prompt 282 tokens, none cached, 282 new in
                       0.14 s (2,014 T/s) · first token 0.14 s, total 0.16 s ·
                       draft 4/6 accepted (67%) · max_tokens reached
15:36:32.666 INFO:     #351 chat/completions (stream): 94 prompt tokens ·
                       temperature: 0, greedy (req), max_tokens: 262 (req),
                       min_tokens: 262 (req)
15:36:33.631 INFO:     #351 chat/completions (stream): 262 tokens generated at
                       300.6 T/s · prompt 94 tokens, none cached, 94 new in 0.09
                       s · first token 0.09 s, total 0.97 s · draft 176/258
                       accepted (68%) · max_tokens reached
15:36:33.634 INFO:     #352 chat/completions (stream): 491 prompt tokens ·
                       temperature: 0, greedy (req), max_tokens: 604 (req),
                       min_tokens: 604 (req)
15:36:36.258 INFO:     #352 chat/completions (stream): 604 tokens generated at
                       252.4 T/s · prompt 491 tokens, none cached, 491 new in
                       0.22 s (2,232 T/s) · first token 0.23 s, total 2.62 s ·
                       draft 364/720 accepted (51%) · max_tokens reached
15:36:36.261 INFO:     #353 chat/completions (stream): 334 prompt tokens ·
                       temperature: 0, greedy (req), max_tokens: 28 (req),
                       min_tokens: 28 (req)
15:36:36.574 INFO:     #353 chat/completions (stream): 28 tokens generated at
                       279.5 T/s · prompt 334 tokens, none cached, 334 new in
                       0.20 s (1,670 T/s) · first token 0.21 s, total 0.31 s ·
                       draft 18/30 accepted (60%) · max_tokens reached
15:36:36.577 INFO:     #354 chat/completions (stream): 528 prompt tokens ·
                       temperature: 0, greedy (req), max_tokens: 15 (req),
                       min_tokens: 15 (req)
15:36:36.813 INFO:     #354 chat/completions (stream): 15 tokens generated at
                       252.1 T/s · prompt 528 tokens, none cached, 528 new in
                       0.17 s (3,106 T/s) · first token 0.18 s, total 0.23 s ·
                       draft 9/18 accepted (50%) · max_tokens reached
15:36:36.815 INFO:     #355 chat/completions (stream): 67 prompt tokens ·
                       temperature: 0, greedy (req), max_tokens: 318 (req),
                       min_tokens: 318 (req)
15:36:38.244 INFO:     #355 chat/completions (stream): 318 tokens generated at
                       236.3 T/s · prompt 67 tokens, none cached, 67 new in 0.08
                       s · first token 0.08 s, total 1.43 s · draft 184/402
                       accepted (46%) · max_tokens reached
15:36:38.247 INFO:     #356 chat/completions (stream): 416 prompt tokens ·
                       temperature: 0, greedy (req), max_tokens: 10 (req),
                       min_tokens: 10 (req)
15:36:38.507 INFO:     #356 chat/completions (stream): 10 tokens generated at
                       336.3 T/s · prompt 416 tokens, none cached, 416 new in
                       0.22 s (1,891 T/s) · first token 0.23 s, total 0.25 s ·
                       draft 7/9 accepted (78%) · max_tokens reached
15:36:38.510 INFO:     #357 chat/completions (stream): 118 prompt tokens ·
                       temperature: 0, greedy (req), max_tokens: 345 (req),
                       min_tokens: 345 (req)
15:36:39.785 INFO:     #357 chat/completions (stream): 345 tokens generated at
                       296.0 T/s · prompt 118 tokens, none cached, 118 new in
                       0.10 s · first token 0.10 s, total 1.27 s · draft 229/348
                       accepted (66%) · max_tokens reached
15:36:39.789 INFO:     #358 chat/completions (stream): 697 prompt tokens ·
                       temperature: 0, greedy (req), max_tokens: 1321 (req),
                       min_tokens: 1321 (req)
15:36:44.870 INFO:     #358 chat/completions (stream): 1,321 tokens generated at
                       273.5 T/s · prompt 697 tokens, none cached, 697 new in
                       0.24 s (2,904 T/s) · first token 0.25 s, total 5.07 s ·
                       draft 837/1452 accepted (58%) · max_tokens reached
15:36:44.874 INFO:     #359 chat/completions (stream): 683 prompt tokens ·
                       temperature: 0, greedy (req), max_tokens: 9 (req),
                       min_tokens: 9 (req)
15:36:45.152 INFO:     #359 chat/completions (stream): 9 tokens generated at
                       308.8 T/s · prompt 683 tokens, none cached, 683 new in
                       0.24 s (2,846 T/s) · first token 0.24 s, total 0.27 s ·
                       draft 6/9 accepted (67%) · max_tokens reached
15:36:45.156 INFO:     #360 chat/completions (stream): 763 prompt tokens ·
                       temperature: 0, greedy (req), max_tokens: 35 (req),
                       min_tokens: 35 (req)
15:36:45.545 INFO:     #360 chat/completions (stream): 35 tokens generated at
                       272.8 T/s · prompt 763 tokens, none cached, 763 new in
                       0.25 s (3,052 T/s) · first token 0.25 s, total 0.38 s ·
                       draft 22/39 accepted (56%) · max_tokens reached
15:36:45.548 INFO:     #361 chat/completions (stream): 596 prompt tokens ·
                       temperature: 0, greedy (req), max_tokens: 11 (req),
                       min_tokens: 11 (req)
15:36:45.821 INFO:     #361 chat/completions (stream): 11 tokens generated at
                       278.5 T/s · prompt 596 tokens, none cached, 596 new in
                       0.22 s (2,709 T/s) · first token 0.23 s, total 0.26 s ·
                       draft 7/12 accepted (58%) · max_tokens reached
15:36:45.823 INFO:     #362 chat/completions (stream): 67 prompt tokens ·
                       temperature: 0, greedy (req), max_tokens: 72 (req),
                       min_tokens: 72 (req)
15:36:46.174 INFO:     #362 chat/completions (stream): 72 tokens generated at
                       266.6 T/s · prompt 67 tokens, none cached, 67 new in 0.07
                       s · first token 0.07 s, total 0.34 s · draft 45/81
                       accepted (56%) · max_tokens reached
15:36:46.177 INFO:     #363 chat/completions (stream): 266 prompt tokens ·
                       temperature: 0, greedy (req), max_tokens: 6 (req),
                       min_tokens: 6 (req)
15:36:46.339 INFO:     #363 chat/completions (stream): 6 tokens generated at
                       310.3 T/s · prompt 266 tokens, none cached, 266 new in
                       0.13 s (2,046 T/s) · first token 0.14 s, total 0.15 s ·
                       draft 4/6 accepted (67%) · max_tokens reached
15:36:46.341 INFO:     #364 chat/completions (stream): 104 prompt tokens ·
                       temperature: 0, greedy (req), max_tokens: 354 (req),
                       min_tokens: 354 (req)
15:36:47.984 INFO:     #364 chat/completions (stream): 354 tokens generated at
                       229.2 T/s · prompt 104 tokens, none cached, 104 new in
                       0.09 s · first token 0.09 s, total 1.64 s · draft 199/465
                       accepted (43%) · max_tokens reached
15:36:47.986 INFO:     #366 chat/completions (stream): 65 prompt tokens ·
                       temperature: 0, greedy (req), max_tokens: 243 (req),
                       min_tokens: 243 (req)
15:36:48.976 INFO:     #366 chat/completions (stream): 243 tokens generated at
                       266.4 T/s · prompt 65 tokens, none cached, 65 new in 0.07
                       s · first token 0.08 s, total 0.99 s · draft 152/273
                       accepted (56%) · max_tokens reached
15:36:48.978 INFO:     #367 chat/completions (stream): 62 prompt tokens ·
                       temperature: 0, greedy (req), max_tokens: 242 (req),
                       min_tokens: 242 (req)
15:36:50.016 INFO:     #367 chat/completions (stream): 242 tokens generated at
                       251.7 T/s · prompt 62 tokens, none cached, 62 new in 0.07
                       s · first token 0.08 s, total 1.04 s · draft 147/285
                       accepted (52%) · max_tokens reached
15:36:50.018 INFO:     #368 chat/completions (stream): 74 prompt tokens ·
                       temperature: 0, greedy (req), max_tokens: 19 (req),
                       min_tokens: 19 (req)
15:36:50.163 INFO:     #368 chat/completions (stream): 19 tokens generated at
                       322.1 T/s · prompt 74 tokens, none cached, 74 new in 0.08
                       s · first token 0.09 s, total 0.14 s · draft 13/18
                       accepted (72%) · max_tokens reached
15:36:50.166 INFO:     #369 chat/completions (stream): 871 prompt tokens ·
                       temperature: 0, greedy (req), max_tokens: 110 (req),
                       min_tokens: 110 (req)
15:36:50.841 INFO:     #369 chat/completions (stream): 110 tokens generated at
                       262.3 T/s · prompt 871 tokens, none cached, 871 new in
                       0.25 s (3,484 T/s) · first token 0.25 s, total 0.67 s ·
                       draft 68/126 accepted (54%) · max_tokens reached
15:36:50.845 INFO:     #370 chat/completions (stream): 386 prompt tokens ·
                       temperature: 0, greedy (req), max_tokens: 37 (req),
                       min_tokens: 37 (req)
15:36:51.205 INFO:     #370 chat/completions (stream): 37 tokens generated at
                       307.3 T/s · prompt 386 tokens, none cached, 386 new in
                       0.23 s (1,678 T/s) · first token 0.24 s, total 0.36 s ·
                       draft 25/36 accepted (69%) · max_tokens reached
15:36:51.208 INFO:     #371 chat/completions (stream): 365 prompt tokens ·
                       temperature: 0, greedy (req), max_tokens: 10 (req),
                       min_tokens: 10 (req)
15:36:51.459 INFO:     #371 chat/completions (stream): 10 tokens generated at
                       338.6 T/s · prompt 365 tokens, none cached, 365 new in
                       0.21 s (1,738 T/s) · first token 0.21 s, total 0.24 s ·
                       draft 7/9 accepted (78%) · max_tokens reached
15:36:51.462 INFO:     #372 chat/completions (stream): 125 prompt tokens ·
                       temperature: 0, greedy (req), max_tokens: 236 (req),
                       min_tokens: 236 (req)
15:36:52.357 INFO:     #372 chat/completions (stream): 236 tokens generated at
                       299.9 T/s · prompt 125 tokens, none cached, 125 new in
                       0.10 s · first token 0.11 s, total 0.89 s · draft 157/237
                       accepted (66%) · max_tokens reached
15:36:52.359 INFO:     #373 chat/completions (stream): 68 prompt tokens ·
                       temperature: 0, greedy (req), max_tokens: 212 (req),
                       min_tokens: 212 (req)
15:36:53.424 INFO:     #373 chat/completions (stream): 212 tokens generated at
                       215.7 T/s · prompt 68 tokens, none cached, 68 new in 0.07
                       s · first token 0.08 s, total 1.06 s · draft 113/297
                       accepted (38%) · max_tokens reached
15:36:53.428 INFO:     #374 chat/completions (stream): 604 prompt tokens ·
                       temperature: 0, greedy (req), max_tokens: 103 (req),
                       min_tokens: 103 (req)
15:36:54.088 INFO:     #374 chat/completions (stream): 103 tokens generated at
                       247.4 T/s · prompt 604 tokens, none cached, 604 new in
                       0.23 s (2,626 T/s) · first token 0.24 s, total 0.65 s ·
                       draft 62/123 accepted (50%) · max_tokens reached
15:36:54.090 INFO:     #375 chat/completions (stream): 62 prompt tokens ·
                       temperature: 0, greedy (req), max_tokens: 76 (req),
                       min_tokens: 76 (req)
15:36:54.483 INFO:     #375 chat/completions (stream): 76 tokens generated at
                       239.9 T/s · prompt 62 tokens, none cached, 62 new in 0.07
                       s · first token 0.08 s, total 0.39 s · draft 45/93
                       accepted (48%) · max_tokens reached
15:36:54.485 INFO:     #376 chat/completions (stream): 87 prompt tokens ·
                       temperature: 0, greedy (req), max_tokens: 22 (req),
                       min_tokens: 22 (req)
15:36:54.636 INFO:     #376 chat/completions (stream): 22 tokens generated at
                       369.8 T/s · prompt 87 tokens, none cached, 87 new in 0.08
                       s · first token 0.09 s, total 0.14 s · draft 16/18
                       accepted (89%) · max_tokens reached
15:36:54.638 INFO:     #377 chat/completions (stream): 62 prompt tokens ·
                       temperature: 0, greedy (req), max_tokens: 160 (req),
                       min_tokens: 160 (req)
15:36:55.322 INFO:     #377 chat/completions (stream): 160 tokens generated at
                       262.3 T/s · prompt 62 tokens, none cached, 62 new in 0.07
                       s · first token 0.07 s, total 0.68 s · draft 99/183
                       accepted (54%) · max_tokens reached
15:36:55.324 INFO:     #378 chat/completions (stream): 103 prompt tokens ·
                       temperature: 0, greedy (req), max_tokens: 483 (req),
                       min_tokens: 483 (req)
15:36:57.379 INFO:     #378 chat/completions (stream): 483 tokens generated at
                       246.9 T/s · prompt 103 tokens, none cached, 103 new in
                       0.09 s · first token 0.09 s, total 2.05 s · draft 286/591
                       accepted (48%) · max_tokens reached
15:36:57.381 INFO:     #379 chat/completions (stream): 58 prompt tokens ·
                       temperature: 0, greedy (req), max_tokens: 30 (req),
                       min_tokens: 30 (req)
15:36:57.554 INFO:     #379 chat/completions (stream): 30 tokens generated at
                       304.9 T/s · prompt 58 tokens, none cached, 58 new in 0.07
                       s · first token 0.08 s, total 0.17 s · draft 20/30
                       accepted (67%) · max_tokens reached
15:36:57.556 INFO:     #380 chat/completions (stream): 71 prompt tokens ·
                       temperature: 0, greedy (req), max_tokens: 68 (req),
                       min_tokens: 68 (req)
15:36:57.919 INFO:     #380 chat/completions (stream): 68 tokens generated at
                       240.9 T/s · prompt 71 tokens, none cached, 71 new in 0.07
                       s · first token 0.07 s, total 0.36 s · draft 39/87
                       accepted (45%) · max_tokens reached
15:36:57.923 INFO:     #381 chat/completions (stream): 828 prompt tokens ·
                       temperature: 0, greedy (req), max_tokens: 6 (req),
                       min_tokens: 6 (req)
15:36:58.182 INFO:     #381 chat/completions (stream): 6 tokens generated at
                       317.0 T/s · prompt 828 tokens, none cached, 828 new in
                       0.23 s (3,600 T/s) · first token 0.23 s, total 0.25 s ·
                       draft 4/6 accepted (67%) · max_tokens reached
15:36:58.184 INFO:     #382 chat/completions (stream): 93 prompt tokens ·
                       temperature: 0, greedy (req), max_tokens: 257 (req),
                       min_tokens: 257 (req)
15:36:59.304 INFO:     #382 chat/completions (stream): 257 tokens generated at
                       249.9 T/s · prompt 93 tokens, none cached, 93 new in 0.08
                       s · first token 0.08 s, total 1.11 s · draft 155/306
                       accepted (51%) · max_tokens reached
15:36:59.307 INFO:     #383 chat/completions (stream): 223 prompt tokens ·
                       temperature: 0, greedy (req), max_tokens: 96 (req),
                       min_tokens: 96 (req)
15:36:59.767 INFO:     #383 chat/completions (stream): 96 tokens generated at
                       274.8 T/s · prompt 223 tokens, none cached, 223 new in
                       0.10 s · first token 0.11 s, total 0.45 s · draft 61/105
                       accepted (58%) · max_tokens reached
15:36:59.771 INFO:     #384 chat/completions (stream): 542 prompt tokens ·
                       temperature: 0, greedy (req), max_tokens: 91 (req),
                       min_tokens: 91 (req)
15:37:00.378 INFO:     #384 chat/completions (stream): 91 tokens generated at
                       213.5 T/s · prompt 542 tokens, none cached, 542 new in
                       0.17 s (3,188 T/s) · first token 0.18 s, total 0.60 s ·
                       draft 48/129 accepted (37%) · max_tokens reached
15:37:00.381 INFO:     #385 chat/completions (stream): 99 prompt tokens ·
                       temperature: 0, greedy (req), max_tokens: 413 (req),
                       min_tokens: 413 (req)
15:37:02.017 INFO:     #385 chat/completions (stream): 413 tokens generated at
                       268.2 T/s · prompt 99 tokens, none cached, 99 new in 0.09
                       s · first token 0.10 s, total 1.64 s · draft 257/468
                       accepted (55%) · max_tokens reached
15:37:02.020 INFO:     #387 chat/completions (stream): 382 prompt tokens ·
                       temperature: 0, greedy (req), max_tokens: 794 (req),
                       min_tokens: 794 (req)
15:37:05.128 INFO:     #387 chat/completions (stream): 794 tokens generated at
                       276.1 T/s · prompt 382 tokens, none cached, 382 new in
                       0.22 s (1,736 T/s) · first token 0.23 s, total 3.10 s ·
                       draft 507/861 accepted (59%) · max_tokens reached
15:37:05.131 INFO:     #388 chat/completions (stream): 470 prompt tokens ·
                       temperature: 0, greedy (req), max_tokens: 7 (req),
                       min_tokens: 7 (req)
15:37:05.383 INFO:     #388 chat/completions (stream): 7 tokens generated at
                       364.0 T/s · prompt 470 tokens, none cached, 470 new in
                       0.22 s (2,136 T/s) · first token 0.23 s, total 0.24 s ·
                       draft 5/6 accepted (83%) · max_tokens reached
15:37:05.385 INFO:     #389 chat/completions (stream): 74 prompt tokens ·
                       temperature: 0, greedy (req), max_tokens: 535 (req),
                       min_tokens: 535 (req)
15:37:07.768 INFO:     #389 chat/completions (stream): 535 tokens generated at
                       232.7 T/s · prompt 74 tokens, none cached, 74 new in 0.08
                       s · first token 0.08 s, total 2.38 s · draft 305/690
                       accepted (44%) · max_tokens reached
15:37:07.771 INFO:     #390 chat/completions (stream): 787 prompt tokens ·
                       temperature: 0, greedy (req), max_tokens: 9 (req),
                       min_tokens: 9 (req)
15:37:08.011 INFO:     #390 chat/completions (stream): 9 tokens generated at
                       309.7 T/s · prompt 787 tokens, none cached, 787 new in
                       0.20 s (3,935 T/s) · first token 0.21 s, total 0.23 s ·
                       draft 6/9 accepted (67%) · max_tokens reached
15:37:08.013 INFO:     #391 chat/completions (stream): 87 prompt tokens ·
                       temperature: 0, greedy (req), max_tokens: 696 (req),
                       min_tokens: 696 (req)
15:37:10.893 INFO:     #391 chat/completions (stream): 696 tokens generated at
                       249.6 T/s · prompt 87 tokens, none cached, 87 new in 0.08
                       s · first token 0.08 s, total 2.87 s · draft 416/840
                       accepted (50%) · max_tokens reached
15:37:10.896 INFO:     #392 chat/completions (stream): 307 prompt tokens ·
                       temperature: 0, greedy (req), max_tokens: 204 (req),
                       min_tokens: 204 (req)
15:37:11.840 INFO:     #392 chat/completions (stream): 204 tokens generated at
                       274.1 T/s · prompt 307 tokens, none cached, 307 new in
                       0.19 s (1,616 T/s) · first token 0.20 s, total 0.94 s ·
                       draft 130/222 accepted (59%) · max_tokens reached
15:37:11.842 INFO:     #393 chat/completions (stream): 68 prompt tokens ·
                       temperature: 0, greedy (req), max_tokens: 367 (req),
                       min_tokens: 367 (req)
15:37:13.371 INFO:     #393 chat/completions (stream): 367 tokens generated at
                       253.5 T/s · prompt 68 tokens, none cached, 68 new in 0.07
                       s · first token 0.08 s, total 1.52 s · draft 221/438
                       accepted (50%) · max_tokens reached
15:37:13.374 INFO:     #394 chat/completions (stream): 245 prompt tokens ·
                       temperature: 0, greedy (req), max_tokens: 9 (req),
                       min_tokens: 9 (req)
15:37:13.530 INFO:     #394 chat/completions (stream): 9 tokens generated at
                       229.7 T/s · prompt 245 tokens, none cached, 245 new in
                       0.11 s · first token 0.12 s, total 0.15 s · draft 5/12
                       accepted (42%) · max_tokens reached
15:37:13.533 INFO:     #395 chat/completions (stream): 330 prompt tokens ·
                       temperature: 0, greedy (req), max_tokens: 8 (req),
                       min_tokens: 8 (req)
15:37:13.783 INFO:     #395 chat/completions (stream): 8 tokens generated at
                       208.5 T/s · prompt 330 tokens, none cached, 330 new in
                       0.20 s (1,650 T/s) · first token 0.20 s, total 0.24 s ·
                       draft 4/12 accepted (33%) · max_tokens reached
15:37:13.785 INFO:     #396 chat/completions (stream): 64 prompt tokens ·
                       temperature: 0, greedy (req), max_tokens: 10 (req),
                       min_tokens: 10 (req)
15:37:13.889 INFO:     #396 chat/completions (stream): 10 tokens generated at
                       349.3 T/s · prompt 64 tokens, none cached, 64 new in 0.07
                       s · first token 0.08 s, total 0.10 s · draft 7/9 accepted
                       (78%) · max_tokens reached
15:37:13.892 INFO:     #397 chat/completions (stream): 436 prompt tokens ·
                       temperature: 0, greedy (req), max_tokens: 44 (req),
                       min_tokens: 44 (req)
15:37:14.298 INFO:     #397 chat/completions (stream): 44 tokens generated at
                       245.3 T/s · prompt 436 tokens, none cached, 436 new in
                       0.22 s (1,982 T/s) · first token 0.22 s, total 0.40 s ·
                       draft 26/54 accepted (48%) · max_tokens reached
15:37:14.301 INFO:     #398 chat/completions (stream): 435 prompt tokens ·
                       temperature: 0, greedy (req), max_tokens: 79 (req),
                       min_tokens: 79 (req)
15:37:14.781 INFO:     #398 chat/completions (stream): 79 tokens generated at
                       310.9 T/s · prompt 435 tokens, none cached, 435 new in
                       0.22 s (1,977 T/s) · first token 0.23 s, total 0.48 s ·
                       draft 54/75 accepted (72%) · max_tokens reached
15:37:14.783 INFO:     #399 chat/completions (stream): 94 prompt tokens ·
                       temperature: 0, greedy (req), max_tokens: 246 (req),
                       min_tokens: 246 (req)
15:37:15.799 INFO:     #399 chat/completions (stream): 246 tokens generated at
                       266.9 T/s · prompt 94 tokens, none cached, 94 new in 0.09
                       s · first token 0.10 s, total 1.02 s · draft 154/276
                       accepted (56%) · max_tokens reached
15:37:15.802 INFO:     #400 chat/completions (stream): 63 prompt tokens ·
                       temperature: 0, greedy (req), max_tokens: 265 (req),
                       min_tokens: 265 (req)
15:37:17.089 INFO:     #400 chat/completions (stream): 265 tokens generated at
                       219.1 T/s · prompt 63 tokens, none cached, 63 new in 0.07
                       s · first token 0.08 s, total 1.28 s · draft 143/366
                       accepted (39%) · max_tokens reached
15:37:17.091 INFO:     #402 chat/completions (stream): 154 prompt tokens ·
                       temperature: 0, greedy (req), max_tokens: 385 (req),
                       min_tokens: 385 (req)
15:37:18.798 INFO:     #402 chat/completions (stream): 385 tokens generated at
                       238.8 T/s · prompt 154 tokens, none cached, 154 new in
                       0.09 s · first token 0.10 s, total 1.71 s · draft 223/486
                       accepted (46%) · max_tokens reached
15:37:18.801 INFO:     #403 chat/completions (stream): 61 prompt tokens ·
                       temperature: 0, greedy (req), max_tokens: 128 (req),
                       min_tokens: 128 (req)
15:37:19.349 INFO:     #403 chat/completions (stream): 128 tokens generated at
                       271.2 T/s · prompt 61 tokens, none cached, 61 new in 0.07
                       s · first token 0.08 s, total 0.55 s · draft 81/141
                       accepted (57%) · max_tokens reached
15:37:19.352 INFO:     #404 chat/completions (stream): 442 prompt tokens ·
                       temperature: 0, greedy (req), max_tokens: 153 (req),
                       min_tokens: 153 (req)
15:37:20.113 INFO:     #404 chat/completions (stream): 153 tokens generated at
                       282.7 T/s · prompt 442 tokens, none cached, 442 new in
                       0.21 s (2,105 T/s) · first token 0.22 s, total 0.76 s ·
                       draft 99/162 accepted (61%) · max_tokens reached
15:37:20.116 INFO:     #405 chat/completions (stream): 116 prompt tokens ·
                       temperature: 0, greedy (req), max_tokens: 276 (req),
                       min_tokens: 276 (req)
15:37:21.195 INFO:     #405 chat/completions (stream): 276 tokens generated at
                       282.5 T/s · prompt 116 tokens, none cached, 116 new in
                       0.09 s · first token 0.10 s, total 1.07 s · draft 179/291
                       accepted (62%) · max_tokens reached
15:37:21.198 INFO:     #406 chat/completions (stream): 213 prompt tokens ·
                       temperature: 0, greedy (req), max_tokens: 7 (req),
                       min_tokens: 7 (req)
15:37:21.323 INFO:     #406 chat/completions (stream): 7 tokens generated at
                       368.5 T/s · prompt 213 tokens, none cached, 213 new in
                       0.10 s · first token 0.11 s, total 0.12 s · draft 5/6
                       accepted (83%) · max_tokens reached
15:37:21.325 INFO:     #407 chat/completions (stream): 62 prompt tokens ·
                       temperature: 0, greedy (req), max_tokens: 342 (req),
                       min_tokens: 342 (req)
15:37:22.354 INFO:     #407 chat/completions (stream): 342 tokens generated at
                       359.3 T/s · prompt 62 tokens, none cached, 62 new in 0.07
                       s · first token 0.07 s, total 1.03 s · draft 246/288
                       accepted (85%) · max_tokens reached
15:37:22.357 INFO:     #408 chat/completions (stream): 457 prompt tokens ·
                       temperature: 0, greedy (req), max_tokens: 24 (req),
                       min_tokens: 24 (req)
15:37:22.666 INFO:     #408 chat/completions (stream): 24 tokens generated at
                       301.0 T/s · prompt 457 tokens, none cached, 457 new in
                       0.22 s (2,077 T/s) · first token 0.23 s, total 0.31 s ·
                       draft 16/24 accepted (67%) · max_tokens reached
15:37:22.669 INFO:     #409 chat/completions (stream): 145 prompt tokens ·
                       temperature: 0, greedy (req), max_tokens: 9 (req),
                       min_tokens: 9 (req)
15:37:22.809 INFO:     #409 chat/completions (stream): 9 tokens generated at
                       311.2 T/s · prompt 145 tokens, none cached, 145 new in
                       0.10 s · first token 0.10 s, total 0.13 s · draft 6/9
                       accepted (67%) · max_tokens reached
15:37:22.811 INFO:     #410 chat/completions (stream): 90 prompt tokens ·
                       temperature: 0, greedy (req), max_tokens: 196 (req),
                       min_tokens: 196 (req)
15:37:23.778 INFO:     #410 chat/completions (stream): 196 tokens generated at
                       224.1 T/s · prompt 90 tokens, none cached, 90 new in 0.09
                       s · first token 0.09 s, total 0.97 s · draft 109/261
                       accepted (42%) · max_tokens reached
15:37:23.781 INFO:     #411 chat/completions (stream): 73 prompt tokens ·
                       temperature: 0, greedy (req), max_tokens: 491 (req),
                       min_tokens: 491 (req)
15:37:26.161 INFO:     #411 chat/completions (stream): 491 tokens generated at
                       213.7 T/s · prompt 73 tokens, none cached, 73 new in 0.07
                       s · first token 0.08 s, total 2.37 s · draft 269/666
                       accepted (40%) · max_tokens reached
15:37:26.164 INFO:     #412 chat/completions (stream): 59 prompt tokens ·
                       temperature: 0, greedy (req), max_tokens: 169 (req),
                       min_tokens: 169 (req)
15:37:26.737 INFO:     #412 chat/completions (stream): 169 tokens generated at
                       339.1 T/s · prompt 59 tokens, none cached, 59 new in 0.07
                       s · first token 0.08 s, total 0.57 s · draft 119/150
                       accepted (79%) · max_tokens reached
15:37:26.741 INFO:     #413 chat/completions (stream): 566 prompt tokens ·
                       temperature: 0, greedy (req), max_tokens: 21 (req),
                       min_tokens: 21 (req)
15:37:27.043 INFO:     #413 chat/completions (stream): 21 tokens generated at
                       268.3 T/s · prompt 566 tokens, none cached, 566 new in
                       0.21 s (2,695 T/s) · first token 0.22 s, total 0.29 s ·
                       draft 13/24 accepted (54%) · max_tokens reached
15:37:27.046 INFO:     #414 chat/completions (stream): 179 prompt tokens ·
                       temperature: 0, greedy (req), max_tokens: 263 (req),
                       min_tokens: 263 (req)
15:37:28.068 INFO:     #414 chat/completions (stream): 263 tokens generated at
                       285.6 T/s · prompt 179 tokens, none cached, 179 new in
                       0.09 s · first token 0.09 s, total 1.02 s · draft 171/276
                       accepted (62%) · max_tokens reached
15:37:28.072 INFO:     #415 chat/completions (stream): 1,070 prompt tokens ·
                       temperature: 0, greedy (req), max_tokens: 168 (req),
                       min_tokens: 168 (req)
15:37:28.965 INFO:     #415 chat/completions (stream): 168 tokens generated at
                       268.2 T/s · prompt 1,070 tokens, none cached, 1,070 new
                       in 0.26 s (4,115 T/s) · first token 0.27 s, total 0.89 s
                       · draft 105/189 accepted (56%) · max_tokens reached
15:37:28.968 INFO:     #416 chat/completions (stream): 225 prompt tokens ·
                       temperature: 0, greedy (req), max_tokens: 232 (req),
                       min_tokens: 232 (req)
15:37:29.983 INFO:     #416 chat/completions (stream): 232 tokens generated at
                       257.3 T/s · prompt 225 tokens, none cached, 225 new in
                       0.11 s · first token 0.12 s, total 1.02 s · draft 142/270
                       accepted (53%) · max_tokens reached
15:37:29.987 INFO:     #417 chat/completions (stream): 489 prompt tokens ·
                       temperature: 0, greedy (req), max_tokens: 205 (req),
                       min_tokens: 205 (req)
15:37:31.016 INFO:     #417 chat/completions (stream): 205 tokens generated at
                       257.2 T/s · prompt 489 tokens, none cached, 489 new in
                       0.22 s (2,223 T/s) · first token 0.23 s, total 1.02 s ·
                       draft 126/237 accepted (53%) · max_tokens reached
15:37:31.019 INFO:     #418 chat/completions (stream): 64 prompt tokens ·
                       temperature: 0, greedy (req), max_tokens: 66 (req),
                       min_tokens: 66 (req)
15:37:31.327 INFO:     #418 chat/completions (stream): 66 tokens generated at
                       287.6 T/s · prompt 64 tokens, none cached, 64 new in 0.07
                       s · first token 0.08 s, total 0.30 s · draft 43/69
                       accepted (62%) · max_tokens reached
15:37:31.329 INFO:     #419 chat/completions (stream): 113 prompt tokens ·
                       temperature: 0, greedy (req), max_tokens: 352 (req),
                       min_tokens: 352 (req)
15:37:32.845 INFO:     #419 chat/completions (stream): 352 tokens generated at
                       248.6 T/s · prompt 113 tokens, none cached, 113 new in
                       0.09 s · first token 0.09 s, total 1.51 s · draft 210/426
                       accepted (49%) · max_tokens reached
15:37:32.848 INFO:     #421 chat/completions (stream): 447 prompt tokens ·
                       temperature: 0, greedy (req), max_tokens: 792 (req),
                       min_tokens: 792 (req)
15:37:36.071 INFO:     #421 chat/completions (stream): 792 tokens generated at
                       264.5 T/s · prompt 447 tokens, none cached, 447 new in
                       0.22 s (2,032 T/s) · first token 0.23 s, total 3.22 s ·
                       draft 493/897 accepted (55%) · max_tokens reached
15:37:36.074 INFO:     #422 chat/completions (stream): 397 prompt tokens ·
                       temperature: 0, greedy (req), max_tokens: 5 (req),
                       min_tokens: 5 (req)
15:37:36.328 INFO:     #422 chat/completions (stream): 5 tokens generated at
                       258.9 T/s · prompt 397 tokens, none cached, 397 new in
                       0.22 s (1,805 T/s) · first token 0.23 s, total 0.24 s ·
                       draft 3/6 accepted (50%) · max_tokens reached
15:37:36.331 INFO:     #423 chat/completions (stream): 64 prompt tokens ·
                       temperature: 0, greedy (req), max_tokens: 34 (req),
                       min_tokens: 34 (req)
15:37:36.526 INFO:     #423 chat/completions (stream): 34 tokens generated at
                       288.3 T/s · prompt 64 tokens, none cached, 64 new in 0.07
                       s · first token 0.07 s, total 0.19 s · draft 22/36
                       accepted (61%) · max_tokens reached
15:37:36.530 INFO:     #424 chat/completions (stream): 746 prompt tokens ·
                       temperature: 0, greedy (req), max_tokens: 9 (req),
                       min_tokens: 9 (req)
15:37:36.817 INFO:     #424 chat/completions (stream): 9 tokens generated at
                       307.2 T/s · prompt 746 tokens, none cached, 746 new in
                       0.25 s (2,984 T/s) · first token 0.25 s, total 0.28 s ·
                       draft 6/9 accepted (67%) · max_tokens reached
15:37:36.819 INFO:     #425 chat/completions (stream): 123 prompt tokens ·
                       temperature: 0, greedy (req), max_tokens: 129 (req),
                       min_tokens: 129 (req)
15:37:37.323 INFO:     #425 chat/completions (stream): 129 tokens generated at
                       322.9 T/s · prompt 123 tokens, none cached, 123 new in
                       0.10 s · first token 0.10 s, total 0.50 s · draft 89/120
                       accepted (74%) · max_tokens reached
15:37:37.325 INFO:     #426 chat/completions (stream): 159 prompt tokens ·
                       temperature: 0, greedy (req), max_tokens: 67 (req),
                       min_tokens: 67 (req)
15:37:37.662 INFO:     #426 chat/completions (stream): 67 tokens generated at
                       280.9 T/s · prompt 159 tokens, none cached, 159 new in
                       0.09 s · first token 0.09 s, total 0.33 s · draft 43/72
                       accepted (60%) · max_tokens reached
15:37:37.665 INFO:     #427 chat/completions (stream): 207 prompt tokens ·
                       temperature: 0, greedy (req), max_tokens: 123 (req),
                       min_tokens: 123 (req)
15:37:38.310 INFO:     #427 chat/completions (stream): 123 tokens generated at
                       230.0 T/s · prompt 207 tokens, none cached, 207 new in
                       0.10 s · first token 0.11 s, total 0.64 s · draft 69/162
                       accepted (43%) · max_tokens reached
15:37:38.313 INFO:     #428 chat/completions (stream): 516 prompt tokens ·
                       temperature: 0, greedy (req), max_tokens: 39 (req),
                       min_tokens: 39 (req)
15:37:38.614 INFO:     #428 chat/completions (stream): 39 tokens generated at
                       280.8 T/s · prompt 516 tokens, none cached, 516 new in
                       0.15 s (3,440 T/s) · first token 0.15 s, total 0.29 s ·
                       draft 25/42 accepted (60%) · max_tokens reached
15:37:38.619 INFO:     #429 chat/completions (stream): 726 prompt tokens ·
                       temperature: 0, greedy (req), max_tokens: 98 (req),
                       min_tokens: 98 (req)
15:37:39.257 INFO:     #429 chat/completions (stream): 98 tokens generated at
                       258.5 T/s · prompt 726 tokens, none cached, 726 new in
                       0.25 s (2,904 T/s) · first token 0.26 s, total 0.63 s ·
                       draft 60/114 accepted (53%) · max_tokens reached
15:37:39.260 INFO:     #430 chat/completions (stream): 536 prompt tokens ·
                       temperature: 0, greedy (req), max_tokens: 8 (req),
                       min_tokens: 8 (req)
15:37:39.516 INFO:     #430 chat/completions (stream): 8 tokens generated at
                       272.4 T/s · prompt 536 tokens, none cached, 536 new in
                       0.22 s (2,436 T/s) · first token 0.23 s, total 0.25 s ·
                       draft 5/9 accepted (56%) · max_tokens reached
15:37:39.519 INFO:     #431 chat/completions (stream): 102 prompt tokens ·
                       temperature: 0, greedy (req), max_tokens: 222 (req),
                       min_tokens: 222 (req)
15:37:40.346 INFO:     #431 chat/completions (stream): 222 tokens generated at
                       305.5 T/s · prompt 102 tokens, none cached, 102 new in
                       0.09 s · first token 0.10 s, total 0.82 s · draft 149/219
                       accepted (68%) · max_tokens reached
15:37:40.348 INFO:     #432 chat/completions (stream): 67 prompt tokens ·
                       temperature: 0, greedy (req), max_tokens: 425 (req),
                       min_tokens: 425 (req)
15:37:42.206 INFO:     #432 chat/completions (stream): 425 tokens generated at
                       239.3 T/s · prompt 67 tokens, none cached, 67 new in 0.07
                       s · first token 0.08 s, total 1.85 s · draft 247/534
                       accepted (46%) · max_tokens reached
15:37:42.210 INFO:     #433 chat/completions (stream): 677 prompt tokens ·
                       temperature: 0, greedy (req), max_tokens: 420 (req),
                       min_tokens: 420 (req)
15:37:44.051 INFO:     #433 chat/completions (stream): 420 tokens generated at
                       262.8 T/s · prompt 677 tokens, none cached, 677 new in
                       0.23 s (2,943 T/s) · first token 0.24 s, total 1.83 s ·
                       draft 259/483 accepted (54%) · max_tokens reached
