15:59:37.247 INFO:     Sampler preset "qwen38_thinking": temperature 0.6, top_k
                       20, top_p 0.95
15:59:37.284 INFO:     exllamav3 version: 1.5.2
15:59:38.606 INFO:     Using main model MTP component for drafting
15:59:38.627 INFO:     Context: max_seq_len 262,144 tokens (configured),
                       cache_size 901,120 tokens
15:59:38.675 INFO:     Using tool format: qwen3_coder
15:59:38.676 INFO:     Using template "chat_template" for chat completions.
15:59:40.897 INFO:     Loading model
                       /models/qwen3.8-flash-next-exl3-2.50bpw-r0b0tlab (manual
                       GPU split)
Loading vision modules ━━━━━━━━━━━━━━━━━━━━━━━━━━━━━━━━━━━━━━ 100% 30/30 0:00:00
Loading draft modules  ━━━━━━━━━━━━━━━━━━━━━━━━━━━━━━━━━━━━━━ 100% 3/3   0:00:00
Loading model modules  ━━━━━━━━━━━━━━━━━━━━━━━━━━━━━━━━━━━━━━ 100% 53/53 0:00:00
EXL3_EMBED_GPU_PRUNED=1: embedding mirror 65536 of 248320 rows (320.0 MiB, prefix) on cuda:1
15:59:51.550 INFO:     Model loaded in 12.9 s

15:59:51.551 WARNING:  Disabling authentication makes your instance vulnerable.
                       Set the `disable_auth` flag to False in config.yml if you
                       want to share this instance with others.
15:59:51.551 WARNING:  With authentication disabled and `allowed_origins` left
                       at ["*"], any website open in a browser on this machine
                       can send requests to this instance and read the
                       responses, including admin endpoints. Set
                       `network.allowed_origins` to your own frontends (or [])
                       unless you use a browser-based frontend that needs it.
15:59:51.552 INFO:     Serving OAI API on http://0.0.0.0:8022 (docs at
                       http://0.0.0.0:8022/redoc)
15:59:52.116 INFO:     #3 completions: 3 prompt tokens · temperature: 0, greedy
                       (req), max_tokens: 16 (req)
densegemm lcguard: device 1: dense calls on the QSA side branch use the side scratch (hctr upper half, side slots)
densegemm lcguard: device 0: dense calls on the QSA side branch use the side scratch (hctr upper half, side slots)
15:59:52.472 INFO:     #3 completions: 16 tokens generated at 97.2 T/s · prompt
                       3 tokens, none cached, 3 new in 0.18 s · first token 0.19
                       s, total 0.35 s · draft 7/27 accepted (26%) · max_tokens
                       reached
15:59:52.857 INFO:     #5 chat/completions: 73 prompt tokens · temperature: 0,
                       greedy (req), max_tokens: 64 (req), min_tokens: 64 (req)
15:59:52.858 INFO:     #6 chat/completions: 73 prompt tokens · temperature: 0,
                       greedy (req), max_tokens: 64 (req), min_tokens: 64 (req)
15:59:53.355 INFO:     #6 chat/completions: 64 tokens generated at 258.5 T/s ·
                       prompt 73 tokens, none cached, 73 new in 0.08 s · queued
                       0.14 s, first token 0.22 s, total 0.47 s · draft 45/57
                       accepted (79%) · max_tokens reached
15:59:53.356 INFO:     #5 chat/completions: 64 tokens generated at 228.7 T/s ·
                       prompt 73 tokens, none cached, 73 new in 0.21 s · first
                       token 0.22 s, total 0.50 s · draft 42/66 accepted (64%) ·
                       max_tokens reached
16:00:05.291 INFO:     #10 chat/completions (stream): 92 prompt tokens ·
                       temperature: 0, greedy (req), max_tokens: 256 (req),
                       min_tokens: 256 (req)
16:00:05.409 INFO:     #11 chat/completions (stream): 511 prompt tokens ·
                       temperature: 0, greedy (req), max_tokens: 256 (req),
                       min_tokens: 256 (req)
16:00:06.813 INFO:     #10 chat/completions (stream): 256 tokens generated at
                       186.5 T/s · prompt 92 tokens, none cached, 92 new in 0.10
                       s · first token 0.11 s, total 1.48 s · draft 176/240
                       accepted (73%) · max_tokens reached
16:00:06.846 INFO:     #12 chat/completions (stream): 74 prompt tokens ·
                       temperature: 0, greedy (req), max_tokens: 256 (req),
                       min_tokens: 256 (req)
16:00:07.158 INFO:     #11 chat/completions (stream): 256 tokens generated at
                       184.4 T/s · prompt 511 tokens, none cached, 511 new in
                       0.31 s (1,648 T/s) · first token 0.31 s, total 1.70 s ·
                       draft 157/297 accepted (53%) · max_tokens reached
16:00:07.191 INFO:     #13 chat/completions (stream): 87 prompt tokens ·
                       temperature: 0, greedy (req), max_tokens: 256 (req),
                       min_tokens: 256 (req)
16:00:08.336 INFO:     #12 chat/completions (stream): 256 tokens generated at
                       187.9 T/s · prompt 74 tokens, none cached, 74 new in 0.08
                       s · first token 0.08 s, total 1.45 s · draft 159/291
                       accepted (55%) · max_tokens reached
16:00:08.369 INFO:     #14 chat/completions (stream): 105 prompt tokens ·
                       temperature: 0, greedy (req), max_tokens: 256 (req),
                       min_tokens: 256 (req)
16:00:08.701 INFO:     #13 chat/completions (stream): 256 tokens generated at
                       186.1 T/s · prompt 87 tokens, none cached, 87 new in 0.09
                       s · first token 0.09 s, total 1.47 s · draft 159/291
                       accepted (55%) · max_tokens reached
16:00:08.734 INFO:     #15 chat/completions (stream): 121 prompt tokens ·
                       temperature: 0, greedy (req), max_tokens: 256 (req),
                       min_tokens: 256 (req)
16:00:09.600 INFO:     #14 chat/completions (stream): 256 tokens generated at
                       237.1 T/s · prompt 105 tokens, none cached, 105 new in
                       0.10 s · first token 0.10 s, total 1.18 s · draft 181/225
                       accepted (80%) · max_tokens reached
16:00:09.634 INFO:     #16 chat/completions (stream): 74 prompt tokens ·
                       temperature: 0, greedy (req), max_tokens: 256 (req),
                       min_tokens: 256 (req)
16:00:10.013 INFO:     #15 chat/completions (stream): 256 tokens generated at
                       226.8 T/s · prompt 121 tokens, none cached, 121 new in
                       0.10 s · first token 0.10 s, total 1.23 s · draft 176/240
                       accepted (73%) · max_tokens reached
16:00:10.046 INFO:     #17 chat/completions (stream): 78 prompt tokens ·
                       temperature: 0, greedy (req), max_tokens: 256 (req),
                       min_tokens: 256 (req)
16:00:11.149 INFO:     #16 chat/completions (stream): 256 tokens generated at
                       184.3 T/s · prompt 74 tokens, none cached, 74 new in 0.08
                       s · first token 0.09 s, total 1.47 s · draft 157/297
                       accepted (53%) · max_tokens reached
16:00:11.183 INFO:     #18 chat/completions (stream): 62 prompt tokens ·
                       temperature: 0, greedy (req), max_tokens: 256 (req),
                       min_tokens: 256 (req)
16:00:11.451 INFO:     #17 chat/completions (stream): 256 tokens generated at
                       202.1 T/s · prompt 78 tokens, none cached, 78 new in 0.08
                       s · first token 0.08 s, total 1.35 s · draft 166/270
                       accepted (61%) · max_tokens reached
16:00:11.485 INFO:     #19 chat/completions (stream): 64 prompt tokens ·
                       temperature: 0, greedy (req), max_tokens: 256 (req),
                       min_tokens: 256 (req)
16:00:12.732 INFO:     #18 chat/completions (stream): 256 tokens generated at
                       180.3 T/s · prompt 62 tokens, none cached, 62 new in 0.08
                       s · first token 0.08 s, total 1.50 s · draft 155/303
                       accepted (51%) · max_tokens reached
16:00:12.765 INFO:     #20 chat/completions (stream): 89 prompt tokens ·
                       temperature: 0, greedy (req), max_tokens: 256 (req),
                       min_tokens: 256 (req)
16:00:12.977 INFO:     #19 chat/completions (stream): 256 tokens generated at
                       186.3 T/s · prompt 64 tokens, none cached, 64 new in 0.07
                       s · first token 0.07 s, total 1.45 s · draft 159/291
                       accepted (55%) · max_tokens reached
16:00:13.011 INFO:     #21 chat/completions (stream): 109 prompt tokens ·
                       temperature: 0, greedy (req), max_tokens: 256 (req),
                       min_tokens: 256 (req)
16:00:13.973 INFO:     #20 chat/completions (stream): 256 tokens generated at
                       238.2 T/s · prompt 89 tokens, none cached, 89 new in 0.09
                       s · first token 0.09 s, total 1.17 s · draft 181/225
                       accepted (80%) · max_tokens reached
16:00:14.009 INFO:     #22 chat/completions (stream): 829 prompt tokens ·
                       temperature: 0, greedy (req), max_tokens: 256 (req),
                       min_tokens: 256 (req)
16:00:14.553 INFO:     #21 chat/completions (stream): 256 tokens generated at
                       182.6 T/s · prompt 109 tokens, none cached, 109 new in
                       0.09 s · first token 0.09 s, total 1.50 s · draft 171/255
                       accepted (67%) · max_tokens reached
16:00:14.587 INFO:     #23 chat/completions (stream): 67 prompt tokens ·
                       temperature: 0, greedy (req), max_tokens: 256 (req),
                       min_tokens: 256 (req)
16:00:15.605 INFO:     #22 chat/completions (stream): 256 tokens generated at
                       203.2 T/s · prompt 829 tokens, none cached, 829 new in
                       0.29 s (2,859 T/s) · first token 0.29 s, total 1.55 s ·
                       draft 167/267 accepted (63%) · max_tokens reached
16:00:15.638 INFO:     #24 chat/completions (stream): 201 prompt tokens ·
                       temperature: 0, greedy (req), max_tokens: 256 (req),
                       min_tokens: 256 (req)
16:00:15.842 INFO:     #23 chat/completions (stream): 256 tokens generated at
                       225.8 T/s · prompt 67 tokens, none cached, 67 new in 0.07
                       s · first token 0.07 s, total 1.21 s · draft 178/234
                       accepted (76%) · max_tokens reached
16:00:15.875 INFO:     #25 chat/completions (stream): 88 prompt tokens ·
                       temperature: 0, greedy (req), max_tokens: 256 (req),
                       min_tokens: 256 (req)
16:00:16.997 INFO:     #24 chat/completions (stream): 256 tokens generated at
                       212.5 T/s · prompt 201 tokens, none cached, 201 new in
                       0.11 s · first token 0.11 s, total 1.32 s · draft 171/255
                       accepted (67%) · max_tokens reached
16:00:17.030 INFO:     #27 chat/completions (stream): 84 prompt tokens ·
                       temperature: 0, greedy (req), max_tokens: 256 (req),
                       min_tokens: 256 (req)
16:00:17.430 INFO:     #25 chat/completions (stream): 256 tokens generated at
                       180.8 T/s · prompt 88 tokens, none cached, 88 new in 0.08
                       s · first token 0.08 s, total 1.50 s · draft 155/303
                       accepted (51%) · max_tokens reached
16:00:17.464 INFO:     #28 chat/completions (stream): 735 prompt tokens ·
                       temperature: 0, greedy (req), max_tokens: 256 (req),
                       min_tokens: 256 (req)
16:00:18.648 INFO:     #27 chat/completions (stream): 256 tokens generated at
                       172.4 T/s · prompt 84 tokens, none cached, 84 new in 0.08
                       s · first token 0.08 s, total 1.57 s · draft 165/273
                       accepted (60%) · max_tokens reached
16:00:18.681 INFO:     #29 chat/completions (stream): 72 prompt tokens ·
                       temperature: 0, greedy (req), max_tokens: 256 (req),
                       min_tokens: 256 (req)
16:00:19.254 INFO:     #28 chat/completions (stream): 256 tokens generated at
                       176.3 T/s · prompt 735 tokens, none cached, 735 new in
                       0.29 s (2,534 T/s) · first token 0.29 s, total 1.75 s ·
                       draft 152/312 accepted (49%) · max_tokens reached
16:00:19.289 INFO:     #30 chat/completions (stream): 1,231 prompt tokens ·
                       temperature: 0, greedy (req), max_tokens: 256 (req),
                       min_tokens: 256 (req)
16:00:20.604 INFO:     #29 chat/completions (stream): 256 tokens generated at
                       142.4 T/s · prompt 72 tokens, none cached, 72 new in 0.08
                       s · first token 0.09 s, total 1.88 s · draft 149/321
                       accepted (46%) · max_tokens reached
16:00:20.638 INFO:     #31 chat/completions (stream): 134 prompt tokens ·
                       temperature: 0, greedy (req), max_tokens: 256 (req),
                       min_tokens: 256 (req)
16:00:21.048 INFO:     #30 chat/completions (stream): 256 tokens generated at
                       194.1 T/s · prompt 1,231 tokens, none cached, 1,231 new
                       in 0.39 s (3,156 T/s) · first token 0.39 s, total 1.71 s
                       · draft 165/273 accepted (60%) · max_tokens reached
16:00:21.084 INFO:     #32 chat/completions (stream): 1,082 prompt tokens ·
                       temperature: 0, greedy (req), max_tokens: 256 (req),
                       min_tokens: 256 (req)
16:00:22.112 INFO:     #31 chat/completions (stream): 256 tokens generated at
                       194.5 T/s · prompt 134 tokens, none cached, 134 new in
                       0.11 s · first token 0.12 s, total 1.43 s · draft 180/228
                       accepted (79%) · max_tokens reached
16:00:22.145 INFO:     #33 chat/completions (stream): 84 prompt tokens ·
                       temperature: 0, greedy (req), max_tokens: 256 (req),
                       min_tokens: 256 (req)
16:00:22.813 INFO:     #32 chat/completions (stream): 256 tokens generated at
                       189.1 T/s · prompt 1,082 tokens, none cached, 1,082 new
                       in 0.33 s (3,279 T/s) · first token 0.33 s, total 1.69 s
                       · draft 161/285 accepted (56%) · max_tokens reached
16:00:22.846 INFO:     #34 chat/completions (stream): 78 prompt tokens ·
                       temperature: 0, greedy (req), max_tokens: 256 (req),
                       min_tokens: 256 (req)
16:00:23.584 INFO:     #33 chat/completions (stream): 256 tokens generated at
                       195.7 T/s · prompt 84 tokens, none cached, 84 new in 0.08
                       s · first token 0.08 s, total 1.39 s · draft 165/273
                       accepted (60%) · max_tokens reached
16:00:23.618 INFO:     #35 chat/completions (stream): 70 prompt tokens ·
                       temperature: 0, greedy (req), max_tokens: 256 (req),
                       min_tokens: 256 (req)
16:00:24.292 INFO:     #34 chat/completions (stream): 256 tokens generated at
                       194.5 T/s · prompt 78 tokens, none cached, 78 new in 0.08
                       s · first token 0.08 s, total 1.40 s · draft 164/276
                       accepted (59%) · max_tokens reached
16:00:24.329 INFO:     #36 chat/completions (stream): 149 prompt tokens ·
                       temperature: 0, greedy (req), max_tokens: 256 (req),
                       min_tokens: 256 (req)
16:00:25.115 INFO:     #35 chat/completions (stream): 256 tokens generated at
                       186.9 T/s · prompt 70 tokens, none cached, 70 new in 0.08
                       s · first token 0.08 s, total 1.45 s · draft 165/273
                       accepted (60%) · max_tokens reached
16:00:25.149 INFO:     #37 chat/completions (stream): 258 prompt tokens ·
                       temperature: 0, greedy (req), max_tokens: 256 (req),
                       min_tokens: 256 (req)
16:00:25.809 INFO:     #36 chat/completions (stream): 256 tokens generated at
                       192.4 T/s · prompt 149 tokens, none cached, 149 new in
                       0.10 s · first token 0.11 s, total 1.44 s · draft 170/258
                       accepted (66%) · max_tokens reached
16:00:25.842 INFO:     #38 chat/completions (stream): 109 prompt tokens ·
                       temperature: 0, greedy (req), max_tokens: 256 (req),
                       min_tokens: 256 (req)
16:00:26.715 INFO:     #37 chat/completions (stream): 256 tokens generated at
                       187.7 T/s · prompt 258 tokens, none cached, 258 new in
                       0.16 s (1,612 T/s) · first token 0.16 s, total 1.53 s ·
                       draft 159/291 accepted (55%) · max_tokens reached
16:00:26.748 INFO:     #39 chat/completions (stream): 105 prompt tokens ·
                       temperature: 0, greedy (req), max_tokens: 256 (req),
                       min_tokens: 256 (req)
16:00:27.260 INFO:     #38 chat/completions (stream): 256 tokens generated at
                       200.6 T/s · prompt 109 tokens, none cached, 109 new in
                       0.09 s · first token 0.10 s, total 1.37 s · draft 164/276
                       accepted (59%) · max_tokens reached
16:00:27.294 INFO:     #40 chat/completions (stream): 788 prompt tokens ·
                       temperature: 0, greedy (req), max_tokens: 256 (req),
                       min_tokens: 256 (req)
16:00:28.313 INFO:     #39 chat/completions (stream): 256 tokens generated at
                       179.8 T/s · prompt 105 tokens, none cached, 105 new in
                       0.09 s · first token 0.09 s, total 1.52 s · draft 161/285
                       accepted (56%) · max_tokens reached
16:00:28.346 INFO:     #41 chat/completions (stream): 62 prompt tokens ·
                       temperature: 0, greedy (req), max_tokens: 256 (req),
                       min_tokens: 256 (req)
16:00:28.657 INFO:     #40 chat/completions (stream): 256 tokens generated at
                       236.3 T/s · prompt 788 tokens, none cached, 788 new in
                       0.23 s (3,426 T/s) · first token 0.23 s, total 1.32 s ·
                       draft 176/240 accepted (73%) · max_tokens reached
16:00:28.693 INFO:     #42 chat/completions (stream): 1,445 prompt tokens ·
                       temperature: 0, greedy (req), max_tokens: 256 (req),
                       min_tokens: 256 (req)
16:00:30.050 INFO:     #41 chat/completions (stream): 256 tokens generated at
                       161.3 T/s · prompt 62 tokens, none cached, 62 new in 0.07
                       s · first token 0.08 s, total 1.66 s · draft 163/279
                       accepted (58%) · max_tokens reached
16:00:30.082 INFO:     #43 chat/completions (stream): 159 prompt tokens ·
                       temperature: 0, greedy (req), max_tokens: 256 (req),
                       min_tokens: 256 (req)
16:00:30.390 INFO:     #42 chat/completions (stream): 256 tokens generated at
                       204.1 T/s · prompt 1,445 tokens, none cached, 1,445 new
                       in 0.40 s (3,612 T/s) · first token 0.40 s, total 1.66 s
                       · draft 166/270 accepted (61%) · max_tokens reached
16:00:30.426 INFO:     #44 chat/completions (stream): 705 prompt tokens ·
                       temperature: 0, greedy (req), max_tokens: 256 (req),
                       min_tokens: 256 (req)
16:00:31.402 INFO:     #43 chat/completions (stream): 256 tokens generated at
                       217.4 T/s · prompt 159 tokens, none cached, 159 new in
                       0.10 s · first token 0.10 s, total 1.28 s · draft 185/213
                       accepted (87%) · max_tokens reached
16:00:31.443 INFO:     #45 chat/completions (stream): 62 prompt tokens ·
                       temperature: 0, greedy (req), max_tokens: 256 (req),
                       min_tokens: 256 (req)
16:00:31.978 INFO:     #44 chat/completions (stream): 256 tokens generated at
                       210.2 T/s · prompt 705 tokens, none cached, 705 new in
                       0.29 s (2,431 T/s) · first token 0.30 s, total 1.51 s ·
                       draft 166/270 accepted (61%) · max_tokens reached
16:00:32.012 INFO:     #47 chat/completions (stream): 796 prompt tokens ·
                       temperature: 0, greedy (req), max_tokens: 256 (req),
                       min_tokens: 256 (req)
16:00:32.914 INFO:     #45 chat/completions (stream): 256 tokens generated at
                       188.9 T/s · prompt 62 tokens, none cached, 62 new in 0.07
                       s · first token 0.08 s, total 1.43 s · draft 166/270
                       accepted (61%) · max_tokens reached
16:00:32.947 INFO:     #48 chat/completions (stream): 93 prompt tokens ·
                       temperature: 0, greedy (req), max_tokens: 256 (req),
                       min_tokens: 256 (req)
16:00:33.437 INFO:     #47 chat/completions (stream): 256 tokens generated at
                       223.0 T/s · prompt 796 tokens, none cached, 796 new in
                       0.23 s (3,461 T/s) · first token 0.23 s, total 1.38 s ·
                       draft 172/252 accepted (68%) · max_tokens reached
16:00:33.469 INFO:     #49 chat/completions (stream): 94 prompt tokens ·
                       temperature: 0, greedy (req), max_tokens: 256 (req),
                       min_tokens: 256 (req)
16:00:34.106 INFO:     #48 chat/completions (stream): 256 tokens generated at
                       249.5 T/s · prompt 93 tokens, none cached, 93 new in 0.09
                       s · first token 0.09 s, total 1.12 s · draft 181/225
                       accepted (80%) · max_tokens reached
16:00:34.139 INFO:     #50 chat/completions (stream): 65 prompt tokens ·
                       temperature: 0, greedy (req), max_tokens: 256 (req),
                       min_tokens: 256 (req)
16:00:34.762 INFO:     #49 chat/completions (stream): 256 tokens generated at
                       220.5 T/s · prompt 94 tokens, none cached, 94 new in 0.09
                       s · first token 0.09 s, total 1.26 s · draft 171/255
                       accepted (67%) · max_tokens reached
16:00:34.797 INFO:     #51 chat/completions (stream): 1,347 prompt tokens ·
                       temperature: 0, greedy (req), max_tokens: 256 (req),
                       min_tokens: 256 (req)
16:00:35.595 INFO:     #50 chat/completions (stream): 256 tokens generated at
                       192.6 T/s · prompt 65 tokens, none cached, 65 new in 0.08
                       s · first token 0.09 s, total 1.41 s · draft 180/228
                       accepted (79%) · max_tokens reached
16:00:35.629 INFO:     #52 chat/completions (stream): 754 prompt tokens ·
                       temperature: 0, greedy (req), max_tokens: 256 (req),
                       min_tokens: 256 (req)
16:00:36.636 INFO:     #51 chat/completions (stream): 256 tokens generated at
                       180.0 T/s · prompt 1,347 tokens, none cached, 1,347 new
                       in 0.37 s (3,641 T/s) · first token 0.37 s, total 1.80 s
                       · draft 166/270 accepted (61%) · max_tokens reached
16:00:36.669 INFO:     #53 chat/completions (stream): 73 prompt tokens ·
                       temperature: 0, greedy (req), max_tokens: 256 (req),
                       min_tokens: 256 (req)
16:00:37.082 INFO:     #52 chat/completions (stream): 256 tokens generated at
                       227.3 T/s · prompt 754 tokens, none cached, 754 new in
                       0.28 s (2,693 T/s) · first token 0.28 s, total 1.41 s ·
                       draft 174/246 accepted (71%) · max_tokens reached
16:00:37.119 INFO:     #54 chat/completions (stream): 758 prompt tokens ·
                       temperature: 0, greedy (req), max_tokens: 256 (req),
                       min_tokens: 256 (req)
16:00:38.099 INFO:     #53 chat/completions (stream): 256 tokens generated at
                       195.9 T/s · prompt 73 tokens, none cached, 73 new in 0.08
                       s · first token 0.09 s, total 1.39 s · draft 175/243
                       accepted (72%) · max_tokens reached
16:00:38.132 INFO:     #55 chat/completions (stream): 63 prompt tokens ·
                       temperature: 0, greedy (req), max_tokens: 256 (req),
                       min_tokens: 256 (req)
16:00:38.623 INFO:     #54 chat/completions (stream): 256 tokens generated at
                       218.2 T/s · prompt 758 tokens, none cached, 758 new in
                       0.28 s (2,707 T/s) · first token 0.28 s, total 1.46 s ·
                       draft 170/258 accepted (66%) · max_tokens reached
16:00:38.656 INFO:     #56 chat/completions (stream): 71 prompt tokens ·
                       temperature: 0, greedy (req), max_tokens: 256 (req),
                       min_tokens: 256 (req)
16:00:39.543 INFO:     #55 chat/completions (stream): 256 tokens generated at
                       197.8 T/s · prompt 63 tokens, none cached, 63 new in 0.07
                       s · first token 0.08 s, total 1.37 s · draft 160/288
                       accepted (56%) · max_tokens reached
16:00:39.577 INFO:     #57 chat/completions (stream): 71 prompt tokens ·
                       temperature: 0, greedy (req), max_tokens: 256 (req),
                       min_tokens: 256 (req)
16:00:40.060 INFO:     #56 chat/completions (stream): 256 tokens generated at
                       199.9 T/s · prompt 71 tokens, none cached, 71 new in 0.08
                       s · first token 0.09 s, total 1.37 s · draft 161/285
                       accepted (56%) · max_tokens reached
16:00:40.094 INFO:     #58 chat/completions (stream): 741 prompt tokens ·
                       temperature: 0, greedy (req), max_tokens: 256 (req),
                       min_tokens: 256 (req)
16:00:40.927 INFO:     #57 chat/completions (stream): 256 tokens generated at
                       208.4 T/s · prompt 71 tokens, none cached, 71 new in 0.08
                       s · first token 0.08 s, total 1.31 s · draft 180/228
                       accepted (79%) · max_tokens reached
16:00:40.960 INFO:     #59 chat/completions (stream): 117 prompt tokens ·
                       temperature: 0, greedy (req), max_tokens: 256 (req),
                       min_tokens: 256 (req)
16:00:41.571 INFO:     #58 chat/completions (stream): 256 tokens generated at
                       222.2 T/s · prompt 741 tokens, none cached, 741 new in
                       0.28 s (2,646 T/s) · first token 0.28 s, total 1.44 s ·
                       draft 173/249 accepted (69%) · max_tokens reached
16:00:41.603 INFO:     #60 chat/completions (stream): 72 prompt tokens ·
                       temperature: 0, greedy (req), max_tokens: 256 (req),
                       min_tokens: 256 (req)
16:00:42.376 INFO:     #59 chat/completions (stream): 256 tokens generated at
                       201.6 T/s · prompt 117 tokens, none cached, 117 new in
                       0.10 s · first token 0.10 s, total 1.37 s · draft 162/282
                       accepted (57%) · max_tokens reached
16:00:42.408 INFO:     #61 chat/completions (stream): 127 prompt tokens ·
                       temperature: 0, greedy (req), max_tokens: 256 (req),
                       min_tokens: 256 (req)
16:00:43.017 INFO:     #60 chat/completions (stream): 256 tokens generated at
                       198.3 T/s · prompt 72 tokens, none cached, 72 new in 0.08
                       s · first token 0.08 s, total 1.38 s · draft 163/279
                       accepted (58%) · max_tokens reached
16:00:43.050 INFO:     #62 chat/completions (stream): 62 prompt tokens ·
                       temperature: 0, greedy (req), max_tokens: 256 (req),
                       min_tokens: 256 (req)
16:00:43.774 INFO:     #61 chat/completions (stream): 256 tokens generated at
                       213.3 T/s · prompt 127 tokens, none cached, 127 new in
                       0.12 s · first token 0.12 s, total 1.33 s · draft 167/267
                       accepted (63%) · max_tokens reached
16:00:43.808 INFO:     #63 chat/completions (stream): 104 prompt tokens ·
                       temperature: 0, greedy (req), max_tokens: 256 (req),
                       min_tokens: 256 (req)
16:00:44.515 INFO:     #62 chat/completions (stream): 256 tokens generated at
                       189.6 T/s · prompt 62 tokens, none cached, 62 new in 0.07
                       s · first token 0.07 s, total 1.42 s · draft 158/294
                       accepted (54%) · max_tokens reached
16:00:44.548 INFO:     #64 chat/completions (stream): 67 prompt tokens ·
                       temperature: 0, greedy (req), max_tokens: 256 (req),
                       min_tokens: 256 (req)
16:00:45.180 INFO:     #63 chat/completions (stream): 256 tokens generated at
                       207.4 T/s · prompt 104 tokens, none cached, 104 new in
                       0.09 s · first token 0.09 s, total 1.33 s · draft 165/273
                       accepted (60%) · max_tokens reached
16:00:45.213 INFO:     #65 chat/completions (stream): 676 prompt tokens ·
                       temperature: 0, greedy (req), max_tokens: 256 (req),
                       min_tokens: 256 (req)
16:00:46.085 INFO:     #64 chat/completions (stream): 256 tokens generated at
                       180.6 T/s · prompt 67 tokens, none cached, 67 new in 0.07
                       s · first token 0.07 s, total 1.49 s · draft 164/276
                       accepted (59%) · max_tokens reached
16:00:46.119 INFO:     #66 chat/completions (stream): 802 prompt tokens ·
                       temperature: 0, greedy (req), max_tokens: 256 (req),
                       min_tokens: 256 (req)
16:00:46.924 INFO:     #65 chat/completions (stream): 256 tokens generated at
                       182.6 T/s · prompt 676 tokens, none cached, 676 new in
                       0.26 s (2,600 T/s) · first token 0.26 s, total 1.67 s ·
                       draft 166/270 accepted (61%) · max_tokens reached
16:00:46.959 INFO:     #67 chat/completions (stream): 992 prompt tokens ·
                       temperature: 0, greedy (req), max_tokens: 256 (req),
                       min_tokens: 256 (req)
16:00:47.749 INFO:     #66 chat/completions (stream): 256 tokens generated at
                       194.2 T/s · prompt 802 tokens, none cached, 802 new in
                       0.26 s (3,085 T/s) · first token 0.26 s, total 1.58 s ·
                       draft 176/240 accepted (73%) · max_tokens reached
16:00:47.782 INFO:     #69 chat/completions (stream): 68 prompt tokens ·
                       temperature: 0, greedy (req), max_tokens: 256 (req),
                       min_tokens: 256 (req)
16:00:48.388 INFO:     #67 chat/completions (stream): 256 tokens generated at
                       236.6 T/s · prompt 992 tokens, none cached, 992 new in
                       0.30 s (3,307 T/s) · first token 0.30 s, total 1.39 s ·
                       draft 177/237 accepted (75%) · max_tokens reached
16:00:48.424 INFO:     #70 chat/completions (stream): 785 prompt tokens ·
                       temperature: 0, greedy (req), max_tokens: 256 (req),
                       min_tokens: 256 (req)
16:00:49.336 INFO:     #69 chat/completions (stream): 256 tokens generated at
                       178.8 T/s · prompt 68 tokens, none cached, 68 new in 0.08
                       s · first token 0.09 s, total 1.52 s · draft 160/288
                       accepted (56%) · max_tokens reached
16:00:49.382 INFO:     #71 chat/completions (stream): 262 prompt tokens ·
                       temperature: 0, greedy (req), max_tokens: 256 (req),
                       min_tokens: 256 (req)
16:00:49.932 INFO:     #70 chat/completions (stream): 256 tokens generated at
                       207.7 T/s · prompt 785 tokens, none cached, 785 new in
                       0.23 s (3,413 T/s) · first token 0.24 s, total 1.47 s ·
                       draft 172/252 accepted (68%) · max_tokens reached
16:00:49.966 INFO:     #72 chat/completions (stream): 689 prompt tokens ·
                       temperature: 0, greedy (req), max_tokens: 256 (req),
                       min_tokens: 256 (req)
16:00:50.799 INFO:     #71 chat/completions (stream): 256 tokens generated at
                       212.2 T/s · prompt 262 tokens, none cached, 262 new in
                       0.16 s (1,638 T/s) · first token 0.17 s, total 1.37 s ·
                       draft 182/222 accepted (82%) · max_tokens reached
16:00:50.834 INFO:     #73 chat/completions (stream): 702 prompt tokens ·
                       temperature: 0, greedy (req), max_tokens: 256 (req),
                       min_tokens: 256 (req)
16:00:51.862 INFO:     #72 chat/completions (stream): 256 tokens generated at
                       161.7 T/s · prompt 689 tokens, none cached, 689 new in
                       0.27 s (2,552 T/s) · first token 0.27 s, total 1.86 s ·
                       draft 153/309 accepted (50%) · max_tokens reached
16:00:51.896 INFO:     #74 chat/completions (stream): 785 prompt tokens ·
                       temperature: 0, greedy (req), max_tokens: 256 (req),
                       min_tokens: 256 (req)
16:00:52.415 INFO:     #73 chat/completions (stream): 256 tokens generated at
                       202.1 T/s · prompt 702 tokens, none cached, 702 new in
                       0.27 s (2,600 T/s) · first token 0.27 s, total 1.54 s ·
                       draft 174/246 accepted (71%) · max_tokens reached
16:00:52.457 INFO:     #75 chat/completions (stream): 67 prompt tokens ·
                       temperature: 0, greedy (req), max_tokens: 256 (req),
                       min_tokens: 256 (req)
16:00:53.212 INFO:     #74 chat/completions (stream): 256 tokens generated at
                       246.1 T/s · prompt 785 tokens, none cached, 785 new in
                       0.23 s (3,413 T/s) · first token 0.23 s, total 1.28 s ·
                       draft 179/231 accepted (77%) · max_tokens reached
16:00:53.245 INFO:     #76 chat/completions (stream): 724 prompt tokens ·
                       temperature: 0, greedy (req), max_tokens: 256 (req),
                       min_tokens: 256 (req)
16:00:53.937 INFO:     #75 chat/completions (stream): 256 tokens generated at
                       188.5 T/s · prompt 67 tokens, none cached, 67 new in 0.07
                       s · first token 0.08 s, total 1.43 s · draft 171/255
                       accepted (67%) · max_tokens reached
16:00:53.969 INFO:     #77 chat/completions (stream): 414 prompt tokens ·
                       temperature: 0, greedy (req), max_tokens: 256 (req),
                       min_tokens: 256 (req)
16:00:55.062 INFO:     #76 chat/completions (stream): 256 tokens generated at
                       176.0 T/s · prompt 724 tokens, none cached, 724 new in
                       0.32 s (2,262 T/s) · first token 0.32 s, total 1.78 s ·
                       draft 159/291 accepted (55%) · max_tokens reached
16:00:55.094 INFO:     #78 chat/completions (stream): 63 prompt tokens ·
                       temperature: 0, greedy (req), max_tokens: 256 (req),
                       min_tokens: 256 (req)
16:00:55.527 INFO:     #77 chat/completions (stream): 256 tokens generated at
                       200.2 T/s · prompt 414 tokens, none cached, 414 new in
                       0.23 s (1,800 T/s) · first token 0.24 s, total 1.51 s ·
                       draft 162/282 accepted (57%) · max_tokens reached
16:00:55.559 INFO:     #79 chat/completions (stream): 104 prompt tokens ·
                       temperature: 0, greedy (req), max_tokens: 256 (req),
                       min_tokens: 256 (req)
16:00:56.616 INFO:     #78 chat/completions (stream): 256 tokens generated at
                       182.2 T/s · prompt 63 tokens, none cached, 63 new in 0.07
                       s · first token 0.08 s, total 1.48 s · draft 154/306
                       accepted (50%) · max_tokens reached
16:00:56.650 INFO:     #80 chat/completions (stream): 666 prompt tokens ·
                       temperature: 0, greedy (req), max_tokens: 256 (req),
                       min_tokens: 256 (req)
16:00:57.175 INFO:     #79 chat/completions (stream): 256 tokens generated at
                       173.6 T/s · prompt 104 tokens, none cached, 104 new in
                       0.09 s · first token 0.09 s, total 1.57 s · draft 160/288
                       accepted (56%) · max_tokens reached
16:00:57.209 INFO:     #81 chat/completions (stream): 90 prompt tokens ·
                       temperature: 0, greedy (req), max_tokens: 256 (req),
                       min_tokens: 256 (req)
16:00:58.318 INFO:     #80 chat/completions (stream): 256 tokens generated at
                       188.5 T/s · prompt 666 tokens, none cached, 666 new in
                       0.26 s (2,562 T/s) · first token 0.27 s, total 1.62 s ·
                       draft 157/297 accepted (53%) · max_tokens reached
16:00:58.351 INFO:     #82 chat/completions (stream): 61 prompt tokens ·
                       temperature: 0, greedy (req), max_tokens: 256 (req),
                       min_tokens: 256 (req)
16:00:58.556 INFO:     #81 chat/completions (stream): 256 tokens generated at
                       211.0 T/s · prompt 90 tokens, none cached, 90 new in 0.09
                       s · first token 0.09 s, total 1.31 s · draft 167/267
                       accepted (63%) · max_tokens reached
16:00:58.592 INFO:     #83 chat/completions (stream): 1,355 prompt tokens ·
                       temperature: 0, greedy (req), max_tokens: 256 (req),
                       min_tokens: 256 (req)
16:00:59.841 INFO:     #82 chat/completions (stream): 256 tokens generated at
                       186.3 T/s · prompt 61 tokens, none cached, 61 new in 0.07
                       s · first token 0.08 s, total 1.45 s · draft 176/240
                       accepted (73%) · max_tokens reached
16:00:59.873 INFO:     #84 chat/completions (stream): 67 prompt tokens ·
                       temperature: 0, greedy (req), max_tokens: 256 (req),
                       min_tokens: 256 (req)
16:01:00.311 INFO:     #83 chat/completions (stream): 256 tokens generated at
                       195.4 T/s · prompt 1,355 tokens, none cached, 1,355 new
                       in 0.36 s (3,764 T/s) · first token 0.36 s, total 1.67 s
                       · draft 159/291 accepted (55%) · max_tokens reached
16:01:00.346 INFO:     #85 chat/completions (stream): 1,173 prompt tokens ·
                       temperature: 0, greedy (req), max_tokens: 256 (req),
                       min_tokens: 256 (req)
16:01:01.439 INFO:     #84 chat/completions (stream): 256 tokens generated at
                       178.8 T/s · prompt 67 tokens, none cached, 67 new in 0.07
                       s · first token 0.08 s, total 1.51 s · draft 169/261
                       accepted (65%) · max_tokens reached
16:01:01.472 INFO:     #86 chat/completions (stream): 65 prompt tokens ·
                       temperature: 0, greedy (req), max_tokens: 256 (req),
                       min_tokens: 256 (req)
16:01:02.011 INFO:     #85 chat/completions (stream): 256 tokens generated at
                       201.6 T/s · prompt 1,173 tokens, none cached, 1,173 new
                       in 0.35 s (3,351 T/s) · first token 0.35 s, total 1.62 s
                       · draft 162/282 accepted (57%) · max_tokens reached
16:01:02.044 INFO:     #88 chat/completions (stream): 100 prompt tokens ·
                       temperature: 0, greedy (req), max_tokens: 256 (req),
                       min_tokens: 256 (req)
16:01:03.174 INFO:     #86 chat/completions (stream): 256 tokens generated at
                       161.5 T/s · prompt 65 tokens, none cached, 65 new in 0.07
                       s · first token 0.07 s, total 1.66 s · draft 140/348
                       accepted (40%) · max_tokens reached
16:01:03.187 INFO:     #89 chat/completions (stream): 110 prompt tokens ·
                       temperature: 0, greedy (req), max_tokens: 256 (req),
                       min_tokens: 256 (req)
16:01:03.298 INFO:     #88 chat/completions (stream): 256 tokens generated at
                       245.2 T/s · prompt 100 tokens, none cached, 100 new in
                       0.09 s · first token 0.10 s, total 1.14 s · draft 175/243
                       accepted (72%) · max_tokens reached
16:01:03.331 INFO:     #90 chat/completions (stream): 112 prompt tokens ·
                       temperature: 0, greedy (req), max_tokens: 256 (req),
                       min_tokens: 256 (req)
16:01:04.607 INFO:     #89 chat/completions (stream): 256 tokens generated at
                       200.5 T/s · prompt 110 tokens, none cached, 110 new in
                       0.10 s · first token 0.10 s, total 1.38 s · draft 165/273
                       accepted (60%) · max_tokens reached
16:01:04.639 INFO:     #91 chat/completions (stream): 64 prompt tokens ·
                       temperature: 0, greedy (req), max_tokens: 256 (req),
                       min_tokens: 256 (req)
16:01:04.795 INFO:     #90 chat/completions (stream): 256 tokens generated at
                       193.3 T/s · prompt 112 tokens, none cached, 112 new in
                       0.09 s · first token 0.09 s, total 1.42 s · draft 159/291
                       accepted (55%) · max_tokens reached
16:01:04.827 INFO:     #92 chat/completions (stream): 63 prompt tokens ·
                       temperature: 0, greedy (req), max_tokens: 256 (req),
                       min_tokens: 256 (req)
16:01:05.877 INFO:     #91 chat/completions (stream): 256 tokens generated at
                       228.6 T/s · prompt 64 tokens, none cached, 64 new in 0.07
                       s · first token 0.08 s, total 1.20 s · draft 173/249
                       accepted (69%) · max_tokens reached
16:01:05.910 INFO:     #93 chat/completions (stream): 794 prompt tokens ·
                       temperature: 0, greedy (req), max_tokens: 256 (req),
                       min_tokens: 256 (req)
16:01:06.535 INFO:     #92 chat/completions (stream): 256 tokens generated at
                       160.7 T/s · prompt 63 tokens, none cached, 63 new in 0.07
                       s · first token 0.07 s, total 1.67 s · draft 148/324
                       accepted (46%) · max_tokens reached
16:01:06.569 INFO:     #94 chat/completions (stream): 440 prompt tokens ·
                       temperature: 0, greedy (req), max_tokens: 256 (req),
                       min_tokens: 256 (req)
16:01:07.527 INFO:     #93 chat/completions (stream): 256 tokens generated at
                       190.3 T/s · prompt 794 tokens, none cached, 794 new in
                       0.22 s (3,609 T/s) · first token 0.22 s, total 1.57 s ·
                       draft 169/261 accepted (65%) · max_tokens reached
16:01:07.560 INFO:     #95 chat/completions (stream): 65 prompt tokens ·
                       temperature: 0, greedy (req), max_tokens: 256 (req),
                       min_tokens: 256 (req)
16:01:08.051 INFO:     #94 chat/completions (stream): 256 tokens generated at
                       213.6 T/s · prompt 440 tokens, none cached, 440 new in
                       0.24 s (1,833 T/s) · first token 0.25 s, total 1.44 s ·
                       draft 167/267 accepted (63%) · max_tokens reached
16:01:08.086 INFO:     #96 chat/completions (stream): 1,320 prompt tokens ·
                       temperature: 0, greedy (req), max_tokens: 256 (req),
                       min_tokens: 256 (req)
16:01:09.141 INFO:     #95 chat/completions (stream): 256 tokens generated at
                       174.7 T/s · prompt 65 tokens, none cached, 65 new in 0.07
                       s · first token 0.08 s, total 1.54 s · draft 165/273
                       accepted (60%) · max_tokens reached
16:01:09.175 INFO:     #97 chat/completions (stream): 795 prompt tokens ·
                       temperature: 0, greedy (req), max_tokens: 256 (req),
                       min_tokens: 256 (req)
16:01:09.873 INFO:     #96 chat/completions (stream): 256 tokens generated at
                       182.7 T/s · prompt 1,320 tokens, none cached, 1,320 new
                       in 0.34 s (3,882 T/s) · first token 0.34 s, total 1.75 s
                       · draft 162/282 accepted (57%) · max_tokens reached
16:01:09.907 INFO:     #98 chat/completions (stream): 267 prompt tokens ·
                       temperature: 0, greedy (req), max_tokens: 256 (req),
                       min_tokens: 256 (req)
16:01:10.677 INFO:     #97 chat/completions (stream): 256 tokens generated at
                       207.7 T/s · prompt 795 tokens, none cached, 795 new in
                       0.22 s (3,614 T/s) · first token 0.23 s, total 1.46 s ·
                       draft 172/252 accepted (68%) · max_tokens reached
16:01:10.710 INFO:     #99 chat/completions (stream): 300 prompt tokens ·
                       temperature: 0, greedy (req), max_tokens: 256 (req),
                       min_tokens: 256 (req)
16:01:11.361 INFO:     #98 chat/completions (stream): 256 tokens generated at
                       205.6 T/s · prompt 267 tokens, none cached, 267 new in
                       0.16 s (1,669 T/s) · first token 0.17 s, total 1.41 s ·
                       draft 173/249 accepted (69%) · max_tokens reached
16:01:11.394 INFO:     #100 chat/completions (stream): 73 prompt tokens ·
                       temperature: 0, greedy (req), max_tokens: 256 (req),
                       min_tokens: 256 (req)
16:01:12.129 INFO:     #99 chat/completions (stream): 256 tokens generated at
                       218.8 T/s · prompt 300 tokens, none cached, 300 new in
                       0.20 s (1,500 T/s) · first token 0.21 s, total 1.37 s ·
                       draft 169/261 accepted (65%) · max_tokens reached
16:01:12.162 INFO:     #101 chat/completions (stream): 64 prompt tokens ·
                       temperature: 0, greedy (req), max_tokens: 256 (req),
                       min_tokens: 256 (req)
16:01:12.640 INFO:     #100 chat/completions (stream): 256 tokens generated at
                       228.4 T/s · prompt 73 tokens, none cached, 73 new in 0.08
                       s · first token 0.08 s, total 1.21 s · draft 173/249
                       accepted (69%) · max_tokens reached
16:01:12.671 INFO:     #102 chat/completions (stream): 121 prompt tokens ·
                       temperature: 0, greedy (req), max_tokens: 256 (req),
                       min_tokens: 256 (req)
16:01:13.645 INFO:     #101 chat/completions (stream): 256 tokens generated at
                       187.3 T/s · prompt 64 tokens, none cached, 64 new in 0.07
                       s · first token 0.08 s, total 1.44 s · draft 157/297
                       accepted (53%) · max_tokens reached
16:01:13.678 INFO:     #103 chat/completions (stream): 464 prompt tokens ·
                       temperature: 0, greedy (req), max_tokens: 256 (req),
                       min_tokens: 256 (req)
16:01:14.057 INFO:     #102 chat/completions (stream): 256 tokens generated at
                       206.3 T/s · prompt 121 tokens, none cached, 121 new in
                       0.10 s · first token 0.10 s, total 1.35 s · draft 177/237
                       accepted (75%) · max_tokens reached
16:01:14.092 INFO:     #104 chat/completions (stream): 443 prompt tokens ·
                       temperature: 0, greedy (req), max_tokens: 256 (req),
                       min_tokens: 256 (req)
16:01:15.414 INFO:     #103 chat/completions (stream): 256 tokens generated at
                       177.6 T/s · prompt 464 tokens, none cached, 464 new in
                       0.25 s (1,856 T/s) · first token 0.25 s, total 1.70 s ·
                       draft 161/285 accepted (56%) · max_tokens reached
16:01:15.447 INFO:     #105 chat/completions (stream): 74 prompt tokens ·
                       temperature: 0, greedy (req), max_tokens: 256 (req),
                       min_tokens: 256 (req)
16:01:15.595 INFO:     #104 chat/completions (stream): 256 tokens generated at
                       209.8 T/s · prompt 443 tokens, none cached, 443 new in
                       0.24 s (1,846 T/s) · first token 0.24 s, total 1.47 s ·
                       draft 167/267 accepted (63%) · max_tokens reached
16:01:15.627 INFO:     #106 chat/completions (stream): 153 prompt tokens ·
                       temperature: 0, greedy (req), max_tokens: 256 (req),
                       min_tokens: 256 (req)
16:01:16.755 INFO:     #106 chat/completions (stream): 256 tokens generated at
                       258.1 T/s · prompt 153 tokens, none cached, 153 new in
                       0.09 s · first token 0.09 s, total 1.09 s · draft 179/231
                       accepted (77%) · max_tokens reached
16:01:16.768 INFO:     #107 chat/completions (stream): 63 prompt tokens ·
                       temperature: 0, greedy (req), max_tokens: 256 (req),
                       min_tokens: 256 (req)
16:01:16.853 INFO:     #105 chat/completions (stream): 256 tokens generated at
                       207.1 T/s · prompt 74 tokens, none cached, 74 new in 0.08
                       s · first token 0.09 s, total 1.32 s · draft 165/273
                       accepted (60%) · max_tokens reached
16:01:16.886 INFO:     #108 chat/completions (stream): 729 prompt tokens ·
                       temperature: 0, greedy (req), max_tokens: 256 (req),
                       min_tokens: 256 (req)
16:01:18.398 INFO:     #108 chat/completions (stream): 256 tokens generated at
                       215.7 T/s · prompt 729 tokens, none cached, 729 new in
                       0.28 s (2,604 T/s) · first token 0.28 s, total 1.47 s ·
                       draft 164/276 accepted (59%) · max_tokens reached
16:01:18.403 INFO:     #110 chat/completions (stream): 789 prompt tokens ·
                       temperature: 0, greedy (req), max_tokens: 256 (req),
                       min_tokens: 256 (req)
16:01:18.403 INFO:     #107 chat/completions (stream): 256 tokens generated at
                       164.7 T/s · prompt 63 tokens, none cached, 63 new in 0.07
                       s · first token 0.08 s, total 1.63 s · draft 155/303
                       accepted (51%) · max_tokens reached
16:01:18.677 INFO:     #111 chat/completions (stream): 168 prompt tokens ·
                       temperature: 0, greedy (req), max_tokens: 256 (req),
                       min_tokens: 256 (req)
16:01:19.837 INFO:     #111 chat/completions (stream): 256 tokens generated at
                       251.0 T/s · prompt 168 tokens, none cached, 168 new in
                       0.09 s · first token 0.09 s, total 1.11 s · draft 176/240
                       accepted (73%) · max_tokens reached
16:01:19.869 INFO:     #112 chat/completions (stream): 143 prompt tokens ·
                       temperature: 0, greedy (req), max_tokens: 256 (req),
                       min_tokens: 256 (req)
16:01:20.323 INFO:     #110 chat/completions (stream): 256 tokens generated at
                       156.2 T/s · prompt 789 tokens, none cached, 789 new in
                       0.24 s (3,288 T/s) · first token 0.25 s, total 1.88 s ·
                       draft 142/342 accepted (42%) · max_tokens reached
16:01:20.356 INFO:     #113 chat/completions (stream): 118 prompt tokens ·
                       temperature: 0, greedy (req), max_tokens: 256 (req),
                       min_tokens: 256 (req)
16:01:21.375 INFO:     #112 chat/completions (stream): 256 tokens generated at
                       189.6 T/s · prompt 143 tokens, none cached, 143 new in
                       0.11 s · first token 0.12 s, total 1.47 s · draft 156/300
                       accepted (52%) · max_tokens reached
16:01:21.407 INFO:     #114 chat/completions (stream): 273 prompt tokens ·
                       temperature: 0, greedy (req), max_tokens: 256 (req),
                       min_tokens: 256 (req)
16:01:21.970 INFO:     #113 chat/completions (stream): 256 tokens generated at
                       174.8 T/s · prompt 118 tokens, none cached, 118 new in
                       0.10 s · first token 0.11 s, total 1.57 s · draft 152/312
                       accepted (49%) · max_tokens reached
16:01:22.003 INFO:     #115 chat/completions (stream): 87 prompt tokens ·
                       temperature: 0, greedy (req), max_tokens: 256 (req),
                       min_tokens: 256 (req)
16:01:22.895 INFO:     #114 chat/completions (stream): 256 tokens generated at
                       201.4 T/s · prompt 273 tokens, none cached, 273 new in
                       0.17 s (1,606 T/s) · first token 0.18 s, total 1.45 s ·
                       draft 163/279 accepted (58%) · max_tokens reached
16:01:22.927 INFO:     #116 chat/completions (stream): 130 prompt tokens ·
                       temperature: 0, greedy (req), max_tokens: 256 (req),
                       min_tokens: 256 (req)
16:01:23.127 INFO:     #115 chat/completions (stream): 256 tokens generated at
                       257.9 T/s · prompt 87 tokens, none cached, 87 new in 0.08
                       s · first token 0.09 s, total 1.08 s · draft 186/210
                       accepted (89%) · max_tokens reached
16:01:23.160 INFO:     #117 chat/completions (stream): 63 prompt tokens ·
                       temperature: 0, greedy (req), max_tokens: 256 (req),
                       min_tokens: 256 (req)
16:01:24.082 INFO:     #116 chat/completions (stream): 256 tokens generated at
                       256.1 T/s · prompt 130 tokens, none cached, 130 new in
                       0.11 s · first token 0.12 s, total 1.11 s · draft 183/219
                       accepted (84%) · max_tokens reached
16:01:24.116 INFO:     #118 chat/completions (stream): 67 prompt tokens ·
                       temperature: 0, greedy (req), max_tokens: 256 (req),
                       min_tokens: 256 (req)
16:01:24.595 INFO:     #117 chat/completions (stream): 256 tokens generated at
                       194.4 T/s · prompt 63 tokens, none cached, 63 new in 0.07
                       s · first token 0.07 s, total 1.39 s · draft 163/279
                       accepted (58%) · max_tokens reached
16:01:24.630 INFO:     #119 chat/completions (stream): 61 prompt tokens ·
                       temperature: 0, greedy (req), max_tokens: 256 (req),
                       min_tokens: 256 (req)
16:01:25.425 INFO:     #118 chat/completions (stream): 256 tokens generated at
                       217.0 T/s · prompt 67 tokens, none cached, 67 new in 0.08
                       s · first token 0.09 s, total 1.27 s · draft 174/246
                       accepted (71%) · max_tokens reached
16:01:25.458 INFO:     #120 chat/completions (stream): 96 prompt tokens ·
                       temperature: 0, greedy (req), max_tokens: 256 (req),
                       min_tokens: 256 (req)
16:01:25.977 INFO:     #119 chat/completions (stream): 256 tokens generated at
                       209.4 T/s · prompt 61 tokens, none cached, 61 new in 0.07
                       s · first token 0.08 s, total 1.30 s · draft 168/264
                       accepted (64%) · max_tokens reached
16:01:26.011 INFO:     #121 chat/completions (stream): 497 prompt tokens ·
                       temperature: 0, greedy (req), max_tokens: 256 (req),
                       min_tokens: 256 (req)
16:01:26.842 INFO:     #120 chat/completions (stream): 256 tokens generated at
                       205.1 T/s · prompt 96 tokens, none cached, 96 new in 0.09
                       s · first token 0.10 s, total 1.34 s · draft 177/237
                       accepted (75%) · max_tokens reached
16:01:26.875 INFO:     #122 chat/completions (stream): 357 prompt tokens ·
                       temperature: 0, greedy (req), max_tokens: 256 (req),
                       min_tokens: 256 (req)
16:01:27.653 INFO:     #121 chat/completions (stream): 256 tokens generated at
                       190.3 T/s · prompt 497 tokens, none cached, 497 new in
                       0.25 s (1,988 T/s) · first token 0.25 s, total 1.60 s ·
                       draft 168/264 accepted (64%) · max_tokens reached
16:01:27.686 INFO:     #123 chat/completions (stream): 82 prompt tokens ·
                       temperature: 0, greedy (req), max_tokens: 256 (req),
                       min_tokens: 256 (req)
16:01:28.359 INFO:     #122 chat/completions (stream): 256 tokens generated at
                       211.6 T/s · prompt 357 tokens, none cached, 357 new in
                       0.23 s (1,552 T/s) · first token 0.23 s, total 1.44 s ·
                       draft 167/267 accepted (63%) · max_tokens reached
16:01:28.393 INFO:     #124 chat/completions (stream): 851 prompt tokens ·
                       temperature: 0, greedy (req), max_tokens: 256 (req),
                       min_tokens: 256 (req)
16:01:29.248 INFO:     #123 chat/completions (stream): 256 tokens generated at
                       178.8 T/s · prompt 82 tokens, none cached, 82 new in 0.08
                       s · first token 0.09 s, total 1.52 s · draft 166/270
                       accepted (61%) · max_tokens reached
16:01:29.280 INFO:     #125 chat/completions (stream): 121 prompt tokens ·
                       temperature: 0, greedy (req), max_tokens: 256 (req),
                       min_tokens: 256 (req)
16:01:30.036 INFO:     #124 chat/completions (stream): 256 tokens generated at
                       199.4 T/s · prompt 851 tokens, none cached, 851 new in
                       0.31 s (2,745 T/s) · first token 0.31 s, total 1.60 s ·
                       draft 164/276 accepted (59%) · max_tokens reached
16:01:30.069 INFO:     #126 chat/completions (stream): 62 prompt tokens ·
                       temperature: 0, greedy (req), max_tokens: 256 (req),
                       min_tokens: 256 (req)
16:01:30.492 INFO:     #125 chat/completions (stream): 256 tokens generated at
                       239.5 T/s · prompt 121 tokens, none cached, 121 new in
                       0.10 s · first token 0.11 s, total 1.17 s · draft 180/228
                       accepted (79%) · max_tokens reached
16:01:30.524 INFO:     #127 chat/completions (stream): 95 prompt tokens ·
                       temperature: 0, greedy (req), max_tokens: 256 (req),
                       min_tokens: 256 (req)
16:01:31.437 INFO:     #126 chat/completions (stream): 256 tokens generated at
                       205.8 T/s · prompt 62 tokens, none cached, 62 new in 0.07
                       s · first token 0.08 s, total 1.32 s · draft 165/273
                       accepted (60%) · max_tokens reached
16:01:31.469 INFO:     #128 chat/completions (stream): 61 prompt tokens ·
                       temperature: 0, greedy (req), max_tokens: 256 (req),
                       min_tokens: 256 (req)
16:01:31.816 INFO:     #127 chat/completions (stream): 256 tokens generated at
                       220.8 T/s · prompt 95 tokens, none cached, 95 new in 0.09
                       s · first token 0.09 s, total 1.25 s · draft 170/258
                       accepted (66%) · max_tokens reached
16:01:31.851 INFO:     #129 chat/completions (stream): 1,431 prompt tokens ·
                       temperature: 0, greedy (req), max_tokens: 256 (req),
                       min_tokens: 256 (req)
16:01:33.378 INFO:     #128 chat/completions (stream): 256 tokens generated at
                       142.9 T/s · prompt 61 tokens, none cached, 61 new in 0.07
                       s · first token 0.08 s, total 1.87 s · draft 143/339
                       accepted (42%) · max_tokens reached
16:01:33.413 INFO:     #131 chat/completions (stream): 670 prompt tokens ·
                       temperature: 0, greedy (req), max_tokens: 256 (req),
                       min_tokens: 256 (req)
16:01:33.769 INFO:     #129 chat/completions (stream): 256 tokens generated at
                       169.8 T/s · prompt 1,431 tokens, none cached, 1,431 new
                       in 0.36 s (3,975 T/s) · first token 0.36 s, total 1.87 s
                       · draft 157/297 accepted (53%) · max_tokens reached
16:01:33.802 INFO:     #132 chat/completions (stream): 393 prompt tokens ·
                       temperature: 0, greedy (req), max_tokens: 256 (req),
                       min_tokens: 256 (req)
16:01:35.047 INFO:     #131 chat/completions (stream): 256 tokens generated at
                       193.0 T/s · prompt 670 tokens, none cached, 670 new in
                       0.26 s (2,577 T/s) · first token 0.27 s, total 1.59 s ·
                       draft 170/258 accepted (66%) · max_tokens reached
16:01:35.080 INFO:     #133 chat/completions (stream): 242 prompt tokens ·
                       temperature: 0, greedy (req), max_tokens: 256 (req),
                       min_tokens: 256 (req)
16:01:35.382 INFO:     #132 chat/completions (stream): 256 tokens generated at
                       198.8 T/s · prompt 393 tokens, none cached, 393 new in
                       0.25 s (1,572 T/s) · first token 0.25 s, total 1.54 s ·
                       draft 164/276 accepted (59%) · max_tokens reached
16:01:35.415 INFO:     #134 chat/completions (stream): 199 prompt tokens ·
                       temperature: 0, greedy (req), max_tokens: 256 (req),
                       min_tokens: 256 (req)
16:01:36.264 INFO:     #133 chat/completions (stream): 256 tokens generated at
                       250.2 T/s · prompt 242 tokens, none cached, 242 new in
                       0.12 s · first token 0.12 s, total 1.15 s · draft 184/216
                       accepted (85%) · max_tokens reached
16:01:36.298 INFO:     #135 chat/completions (stream): 412 prompt tokens ·
                       temperature: 0, greedy (req), max_tokens: 256 (req),
                       min_tokens: 256 (req)
16:01:37.070 INFO:     #134 chat/completions (stream): 256 tokens generated at
                       170.7 T/s · prompt 199 tokens, none cached, 199 new in
                       0.11 s · first token 0.11 s, total 1.61 s · draft 155/303
                       accepted (51%) · max_tokens reached
16:01:37.102 INFO:     #136 chat/completions (stream): 109 prompt tokens ·
                       temperature: 0, greedy (req), max_tokens: 256 (req),
                       min_tokens: 256 (req)
16:01:37.778 INFO:     #135 chat/completions (stream): 256 tokens generated at
                       212.5 T/s · prompt 412 tokens, none cached, 412 new in
                       0.23 s (1,791 T/s) · first token 0.23 s, total 1.44 s ·
                       draft 169/261 accepted (65%) · max_tokens reached
16:01:37.811 INFO:     #137 chat/completions (stream): 92 prompt tokens ·
                       temperature: 0, greedy (req), max_tokens: 256 (req),
                       min_tokens: 256 (req)
16:01:38.325 INFO:     #136 chat/completions (stream): 256 tokens generated at
                       236.6 T/s · prompt 109 tokens, none cached, 109 new in
                       0.09 s · first token 0.10 s, total 1.18 s · draft 178/234
                       accepted (76%) · max_tokens reached
16:01:38.358 INFO:     #138 chat/completions (stream): 98 prompt tokens ·
                       temperature: 0, greedy (req), max_tokens: 256 (req),
                       min_tokens: 256 (req)
16:01:39.279 INFO:     #137 chat/completions (stream): 256 tokens generated at
                       191.8 T/s · prompt 92 tokens, none cached, 92 new in 0.09
                       s · first token 0.10 s, total 1.43 s · draft 157/297
                       accepted (53%) · max_tokens reached
16:01:39.311 INFO:     #139 chat/completions (stream): 91 prompt tokens ·
                       temperature: 0, greedy (req), max_tokens: 256 (req),
                       min_tokens: 256 (req)
16:01:39.572 INFO:     #138 chat/completions (stream): 256 tokens generated at
                       237.5 T/s · prompt 98 tokens, none cached, 98 new in 0.09
                       s · first token 0.09 s, total 1.17 s · draft 177/237
                       accepted (75%) · max_tokens reached
16:01:39.605 INFO:     #140 chat/completions (stream): 774 prompt tokens ·
                       temperature: 0, greedy (req), max_tokens: 256 (req),
                       min_tokens: 256 (req)
16:01:40.630 INFO:     #139 chat/completions (stream): 256 tokens generated at
                       215.5 T/s · prompt 91 tokens, none cached, 91 new in 0.09
                       s · first token 0.09 s, total 1.28 s · draft 178/234
                       accepted (76%) · max_tokens reached
16:01:40.663 INFO:     #141 chat/completions (stream): 823 prompt tokens ·
                       temperature: 0, greedy (req), max_tokens: 256 (req),
                       min_tokens: 256 (req)
16:01:41.176 INFO:     #140 chat/completions (stream): 256 tokens generated at
                       194.4 T/s · prompt 774 tokens, none cached, 774 new in
                       0.21 s (3,686 T/s) · first token 0.22 s, total 1.53 s ·
                       draft 172/252 accepted (68%) · max_tokens reached
16:01:41.209 INFO:     #142 chat/completions (stream): 75 prompt tokens ·
                       temperature: 0, greedy (req), max_tokens: 256 (req),
                       min_tokens: 256 (req)
16:01:42.158 INFO:     #141 chat/completions (stream): 256 tokens generated at
                       216.6 T/s · prompt 823 tokens, none cached, 823 new in
                       0.27 s (3,048 T/s) · first token 0.28 s, total 1.46 s ·
                       draft 169/261 accepted (65%) · max_tokens reached
16:01:42.192 INFO:     #143 chat/completions (stream): 819 prompt tokens ·
                       temperature: 0, greedy (req), max_tokens: 256 (req),
                       min_tokens: 256 (req)
16:01:42.743 INFO:     #142 chat/completions (stream): 256 tokens generated at
                       181.1 T/s · prompt 75 tokens, none cached, 75 new in 0.08
                       s · first token 0.08 s, total 1.50 s · draft 165/273
                       accepted (60%) · max_tokens reached
16:01:42.775 INFO:     #144 chat/completions (stream): 125 prompt tokens ·
                       temperature: 0, greedy (req), max_tokens: 256 (req),
                       min_tokens: 256 (req)
16:01:43.456 INFO:     #143 chat/completions (stream): 256 tokens generated at
                       269.9 T/s · prompt 819 tokens, none cached, 819 new in
                       0.27 s (3,033 T/s) · first token 0.28 s, total 1.22 s ·
                       draft 187/207 accepted (90%) · max_tokens reached
16:01:43.490 INFO:     #145 chat/completions (stream): 763 prompt tokens ·
                       temperature: 0, greedy (req), max_tokens: 256 (req),
                       min_tokens: 256 (req)
16:01:44.140 INFO:     #144 chat/completions (stream): 256 tokens generated at
                       210.0 T/s · prompt 125 tokens, none cached, 125 new in
                       0.10 s · first token 0.11 s, total 1.32 s · draft 180/228
                       accepted (79%) · max_tokens reached
16:01:44.172 INFO:     #146 chat/completions (stream): 65 prompt tokens ·
                       temperature: 0, greedy (req), max_tokens: 256 (req),
                       min_tokens: 256 (req)
16:01:45.115 INFO:     #145 chat/completions (stream): 256 tokens generated at
                       198.3 T/s · prompt 763 tokens, none cached, 763 new in
                       0.28 s (2,725 T/s) · first token 0.28 s, total 1.58 s ·
                       draft 160/288 accepted (56%) · max_tokens reached
16:01:45.148 INFO:     #147 chat/completions (stream): 536 prompt tokens ·
                       temperature: 0, greedy (req), max_tokens: 256 (req),
                       min_tokens: 256 (req)
16:01:45.748 INFO:     #146 chat/completions (stream): 256 tokens generated at
                       175.5 T/s · prompt 65 tokens, none cached, 65 new in 0.07
                       s · first token 0.08 s, total 1.53 s · draft 156/300
                       accepted (52%) · max_tokens reached
16:01:45.781 INFO:     #148 chat/completions (stream): 106 prompt tokens ·
                       temperature: 0, greedy (req), max_tokens: 256 (req),
                       min_tokens: 256 (req)
16:01:46.656 INFO:     #147 chat/completions (stream): 256 tokens generated at
                       200.9 T/s · prompt 536 tokens, none cached, 536 new in
                       0.19 s (2,821 T/s) · first token 0.20 s, total 1.47 s ·
                       draft 164/276 accepted (59%) · max_tokens reached
16:01:46.688 INFO:     #149 chat/completions (stream): 70 prompt tokens ·
                       temperature: 0, greedy (req), max_tokens: 256 (req),
                       min_tokens: 256 (req)
16:01:47.089 INFO:     #148 chat/completions (stream): 256 tokens generated at
                       219.6 T/s · prompt 106 tokens, none cached, 106 new in
                       0.10 s · first token 0.11 s, total 1.27 s · draft 170/258
                       accepted (66%) · max_tokens reached
16:01:47.123 INFO:     #151 chat/completions (stream): 1,053 prompt tokens ·
                       temperature: 0, greedy (req), max_tokens: 256 (req),
                       min_tokens: 256 (req)
16:01:48.225 INFO:     #149 chat/completions (stream): 256 tokens generated at
                       181.3 T/s · prompt 70 tokens, none cached, 70 new in 0.08
                       s · first token 0.09 s, total 1.50 s · draft 164/276
                       accepted (59%) · max_tokens reached
16:01:48.261 INFO:     #152 chat/completions (stream): 1,100 prompt tokens ·
                       temperature: 0, greedy (req), max_tokens: 256 (req),
                       min_tokens: 256 (req)
16:01:48.992 INFO:     #151 chat/completions (stream): 256 tokens generated at
                       163.3 T/s · prompt 1,053 tokens, none cached, 1,053 new
                       in 0.25 s (4,212 T/s) · first token 0.25 s, total 1.82 s
                       · draft 157/297 accepted (53%) · max_tokens reached
16:01:49.026 INFO:     #153 chat/completions (stream): 411 prompt tokens ·
                       temperature: 0, greedy (req), max_tokens: 256 (req),
                       min_tokens: 256 (req)
16:01:49.831 INFO:     #152 chat/completions (stream): 256 tokens generated at
                       211.5 T/s · prompt 1,100 tokens, none cached, 1,100 new
                       in 0.31 s (3,548 T/s) · first token 0.32 s, total 1.53 s
                       · draft 179/231 accepted (77%) · max_tokens reached
16:01:49.865 INFO:     #154 chat/completions (stream): 128 prompt tokens ·
                       temperature: 0, greedy (req), max_tokens: 256 (req),
                       min_tokens: 256 (req)
16:01:50.451 INFO:     #153 chat/completions (stream): 256 tokens generated at
                       224.4 T/s · prompt 411 tokens, none cached, 411 new in
                       0.23 s (1,787 T/s) · first token 0.23 s, total 1.38 s ·
                       draft 175/243 accepted (72%) · max_tokens reached
16:01:50.484 INFO:     #155 chat/completions (stream): 84 prompt tokens ·
                       temperature: 0, greedy (req), max_tokens: 256 (req),
                       min_tokens: 256 (req)
16:01:51.035 INFO:     #154 chat/completions (stream): 256 tokens generated at
                       250.2 T/s · prompt 128 tokens, none cached, 128 new in
                       0.10 s · first token 0.11 s, total 1.13 s · draft 182/222
                       accepted (82%) · max_tokens reached
16:01:51.068 INFO:     #156 chat/completions (stream): 74 prompt tokens ·
                       temperature: 0, greedy (req), max_tokens: 256 (req),
                       min_tokens: 256 (req)
16:01:51.989 INFO:     #155 chat/completions (stream): 256 tokens generated at
                       186.0 T/s · prompt 84 tokens, none cached, 84 new in 0.08
                       s · first token 0.08 s, total 1.46 s · draft 154/306
                       accepted (50%) · max_tokens reached
16:01:52.022 INFO:     #157 chat/completions (stream): 61 prompt tokens ·
                       temperature: 0, greedy (req), max_tokens: 256 (req),
                       min_tokens: 256 (req)
16:01:52.755 INFO:     #156 chat/completions (stream): 256 tokens generated at
                       163.6 T/s · prompt 74 tokens, none cached, 74 new in 0.08
                       s · first token 0.09 s, total 1.65 s · draft 139/351
                       accepted (40%) · max_tokens reached
16:01:52.789 INFO:     #158 chat/completions (stream): 80 prompt tokens ·
                       temperature: 0, greedy (req), max_tokens: 256 (req),
                       min_tokens: 256 (req)
16:01:53.375 INFO:     #157 chat/completions (stream): 256 tokens generated at
                       206.6 T/s · prompt 61 tokens, none cached, 61 new in 0.07
                       s · first token 0.08 s, total 1.31 s · draft 165/273
                       accepted (60%) · max_tokens reached
16:01:53.408 INFO:     #159 chat/completions (stream): 112 prompt tokens ·
                       temperature: 0, greedy (req), max_tokens: 256 (req),
                       min_tokens: 256 (req)
16:01:53.997 INFO:     #158 chat/completions (stream): 256 tokens generated at
                       236.9 T/s · prompt 80 tokens, none cached, 80 new in 0.08
                       s · first token 0.09 s, total 1.17 s · draft 179/231
                       accepted (77%) · max_tokens reached
16:01:54.031 INFO:     #160 chat/completions (stream): 83 prompt tokens ·
                       temperature: 0, greedy (req), max_tokens: 256 (req),
                       min_tokens: 256 (req)
16:01:54.584 INFO:     #159 chat/completions (stream): 256 tokens generated at
                       251.1 T/s · prompt 112 tokens, none cached, 112 new in
                       0.11 s · first token 0.11 s, total 1.13 s · draft 182/222
                       accepted (82%) · max_tokens reached
16:01:54.617 INFO:     #161 chat/completions (stream): 100 prompt tokens ·
                       temperature: 0, greedy (req), max_tokens: 256 (req),
                       min_tokens: 256 (req)
16:01:55.519 INFO:     #160 chat/completions (stream): 256 tokens generated at
                       188.2 T/s · prompt 83 tokens, none cached, 83 new in 0.08
                       s · first token 0.08 s, total 1.45 s · draft 156/300
                       accepted (52%) · max_tokens reached
16:01:55.552 INFO:     #162 chat/completions (stream): 127 prompt tokens ·
                       temperature: 0, greedy (req), max_tokens: 256 (req),
                       min_tokens: 256 (req)
16:01:55.920 INFO:     #161 chat/completions (stream): 256 tokens generated at
                       219.8 T/s · prompt 100 tokens, none cached, 100 new in
                       0.09 s · first token 0.10 s, total 1.26 s · draft 171/255
                       accepted (67%) · max_tokens reached
16:01:55.952 INFO:     #163 chat/completions (stream): 90 prompt tokens ·
                       temperature: 0, greedy (req), max_tokens: 256 (req),
                       min_tokens: 256 (req)
16:01:56.709 INFO:     #162 chat/completions (stream): 256 tokens generated at
                       253.3 T/s · prompt 127 tokens, none cached, 127 new in
                       0.10 s · first token 0.10 s, total 1.12 s · draft 183/219
                       accepted (84%) · max_tokens reached
16:01:56.742 INFO:     #164 chat/completions (stream): 63 prompt tokens ·
                       temperature: 0, greedy (req), max_tokens: 256 (req),
                       min_tokens: 256 (req)
16:01:57.270 INFO:     #163 chat/completions (stream): 256 tokens generated at
                       215.5 T/s · prompt 90 tokens, none cached, 90 new in 0.08
                       s · first token 0.08 s, total 1.27 s · draft 169/261
                       accepted (65%) · max_tokens reached
16:01:57.302 INFO:     #165 chat/completions (stream): 104 prompt tokens ·
                       temperature: 0, greedy (req), max_tokens: 256 (req),
                       min_tokens: 256 (req)
16:01:58.203 INFO:     #164 chat/completions (stream): 256 tokens generated at
                       190.0 T/s · prompt 63 tokens, none cached, 63 new in 0.07
                       s · first token 0.07 s, total 1.42 s · draft 158/294
                       accepted (54%) · max_tokens reached
16:01:58.235 INFO:     #166 chat/completions (stream): 80 prompt tokens ·
                       temperature: 0, greedy (req), max_tokens: 256 (req),
                       min_tokens: 256 (req)
16:01:58.695 INFO:     #165 chat/completions (stream): 256 tokens generated at
                       204.1 T/s · prompt 104 tokens, none cached, 104 new in
                       0.09 s · first token 0.09 s, total 1.35 s · draft 164/276
                       accepted (59%) · max_tokens reached
16:01:58.728 INFO:     #167 chat/completions (stream): 82 prompt tokens ·
                       temperature: 0, greedy (req), max_tokens: 256 (req),
                       min_tokens: 256 (req)
16:01:59.722 INFO:     #166 chat/completions (stream): 256 tokens generated at
                       187.8 T/s · prompt 80 tokens, none cached, 80 new in 0.08
                       s · first token 0.09 s, total 1.45 s · draft 156/300
                       accepted (52%) · max_tokens reached
16:01:59.757 INFO:     #168 chat/completions (stream): 809 prompt tokens ·
                       temperature: 0, greedy (req), max_tokens: 256 (req),
                       min_tokens: 256 (req)
16:02:00.540 INFO:     #167 chat/completions (stream): 256 tokens generated at
                       152.0 T/s · prompt 82 tokens, none cached, 82 new in 0.08
                       s · first token 0.08 s, total 1.77 s · draft 145/333
                       accepted (44%) · max_tokens reached
16:02:00.572 INFO:     #169 chat/completions (stream): 77 prompt tokens ·
                       temperature: 0, greedy (req), max_tokens: 256 (req),
                       min_tokens: 256 (req)
16:02:01.282 INFO:     #168 chat/completions (stream): 256 tokens generated at
                       210.7 T/s · prompt 809 tokens, none cached, 809 new in
                       0.26 s (3,112 T/s) · first token 0.27 s, total 1.48 s ·
                       draft 167/267 accepted (63%) · max_tokens reached
16:02:01.315 INFO:     #170 chat/completions (stream): 64 prompt tokens ·
                       temperature: 0, greedy (req), max_tokens: 256 (req),
                       min_tokens: 256 (req)
16:02:01.785 INFO:     #169 chat/completions (stream): 256 tokens generated at
                       235.6 T/s · prompt 77 tokens, none cached, 77 new in 0.08
                       s · first token 0.09 s, total 1.17 s · draft 175/243
                       accepted (72%) · max_tokens reached
16:02:01.819 INFO:     #171 chat/completions (stream): 104 prompt tokens ·
                       temperature: 0, greedy (req), max_tokens: 256 (req),
                       min_tokens: 256 (req)
16:02:02.690 INFO:     #170 chat/completions (stream): 256 tokens generated at
                       203.5 T/s · prompt 64 tokens, none cached, 64 new in 0.07
                       s · first token 0.08 s, total 1.33 s · draft 164/276
                       accepted (59%) · max_tokens reached
16:02:02.722 INFO:     #173 chat/completions (stream): 66 prompt tokens ·
                       temperature: 0, greedy (req), max_tokens: 256 (req),
                       min_tokens: 256 (req)
16:02:02.930 INFO:     #171 chat/completions (stream): 256 tokens generated at
                       263.4 T/s · prompt 104 tokens, none cached, 104 new in
                       0.09 s · first token 0.10 s, total 1.07 s · draft 185/213
                       accepted (87%) · max_tokens reached
16:02:02.964 INFO:     #174 chat/completions (stream): 786 prompt tokens ·
                       temperature: 0, greedy (req), max_tokens: 256 (req),
                       min_tokens: 256 (req)
16:02:04.243 INFO:     #173 chat/completions (stream): 256 tokens generated at
                       177.8 T/s · prompt 66 tokens, none cached, 66 new in 0.07
                       s · first token 0.08 s, total 1.51 s · draft 157/297
                       accepted (53%) · max_tokens reached
16:02:04.244 INFO:     #174 chat/completions (stream): 256 tokens generated at
                       239.6 T/s · prompt 786 tokens, none cached, 786 new in
                       0.20 s (3,930 T/s) · first token 0.20 s, total 1.27 s ·
                       draft 172/252 accepted (68%) · max_tokens reached
16:02:04.247 INFO:     #175 chat/completions (stream): 67 prompt tokens ·
                       temperature: 0, greedy (req), max_tokens: 256 (req),
                       min_tokens: 256 (req)
16:02:04.249 INFO:     #176 chat/completions (stream): 831 prompt tokens ·
                       temperature: 0, greedy (req), max_tokens: 256 (req),
                       min_tokens: 256 (req)
16:02:05.819 INFO:     #176 chat/completions (stream): 256 tokens generated at
                       222.4 T/s · prompt 831 tokens, none cached, 831 new in
                       0.29 s (2,866 T/s) · first token 0.37 s, total 1.52 s ·
                       draft 166/270 accepted (61%) · max_tokens reached
16:02:05.853 INFO:     #177 chat/completions (stream): 731 prompt tokens ·
                       temperature: 0, greedy (req), max_tokens: 256 (req),
                       min_tokens: 256 (req)
16:02:06.279 INFO:     #175 chat/completions (stream): 256 tokens generated at
                       151.0 T/s · prompt 67 tokens, none cached, 67 new in 0.28
                       s · first token 0.29 s, total 1.99 s · draft 148/324
                       accepted (46%) · max_tokens reached
16:02:06.311 INFO:     #178 chat/completions (stream): 87 prompt tokens ·
                       temperature: 0, greedy (req), max_tokens: 256 (req),
                       min_tokens: 256 (req)
16:02:07.277 INFO:     #177 chat/completions (stream): 256 tokens generated at
                       229.9 T/s · prompt 731 tokens, none cached, 731 new in
                       0.26 s (2,812 T/s) · first token 0.27 s, total 1.38 s ·
                       draft 176/240 accepted (73%) · max_tokens reached
16:02:07.311 INFO:     #179 chat/completions (stream): 1,138 prompt tokens ·
                       temperature: 0, greedy (req), max_tokens: 256 (req),
                       min_tokens: 256 (req)
16:02:07.771 INFO:     #178 chat/completions (stream): 256 tokens generated at
                       192.4 T/s · prompt 87 tokens, none cached, 87 new in 0.08
                       s · first token 0.09 s, total 1.42 s · draft 177/237
                       accepted (75%) · max_tokens reached
16:02:07.804 INFO:     #180 chat/completions (stream): 128 prompt tokens ·
                       temperature: 0, greedy (req), max_tokens: 256 (req),
                       min_tokens: 256 (req)
16:02:08.905 INFO:     #180 chat/completions (stream): 256 tokens generated at
                       262.5 T/s · prompt 128 tokens, none cached, 128 new in
                       0.10 s · first token 0.11 s, total 1.08 s · draft 179/231
                       accepted (77%) · max_tokens reached
16:02:08.908 INFO:     #179 chat/completions (stream): 256 tokens generated at
                       203.4 T/s · prompt 1,138 tokens, none cached, 1,138 new
                       in 0.33 s (3,448 T/s) · first token 0.34 s, total 1.59 s
                       · draft 163/279 accepted (58%) · max_tokens reached
16:02:08.910 INFO:     #181 chat/completions (stream): 592 prompt tokens ·
                       temperature: 0, greedy (req), max_tokens: 256 (req),
                       min_tokens: 256 (req)
16:02:08.912 INFO:     #182 chat/completions (stream): 63 prompt tokens ·
                       temperature: 0, greedy (req), max_tokens: 256 (req),
                       min_tokens: 256 (req)
16:02:10.439 INFO:     #181 chat/completions (stream): 256 tokens generated at
                       219.4 T/s · prompt 592 tokens, none cached, 592 new in
                       0.31 s (1,910 T/s) · first token 0.32 s, total 1.49 s ·
                       draft 164/276 accepted (59%) · max_tokens reached
16:02:10.472 INFO:     #183 chat/completions (stream): 654 prompt tokens ·
                       temperature: 0, greedy (req), max_tokens: 256 (req),
                       min_tokens: 256 (req)
16:02:10.939 INFO:     #182 chat/completions (stream): 256 tokens generated at
                       145.6 T/s · prompt 63 tokens, none cached, 63 new in 0.07
                       s · queued 0.16 s, first token 0.23 s, total 1.99 s ·
                       draft 143/339 accepted (42%) · max_tokens reached
16:02:10.973 INFO:     #184 chat/completions (stream): 586 prompt tokens ·
                       temperature: 0, greedy (req), max_tokens: 256 (req),
                       min_tokens: 256 (req)
16:02:12.393 INFO:     #183 chat/completions (stream): 256 tokens generated at
                       156.6 T/s · prompt 654 tokens, none cached, 654 new in
                       0.27 s (2,422 T/s) · first token 0.28 s, total 1.91 s ·
                       draft 145/333 accepted (44%) · max_tokens reached
16:02:12.394 INFO:     #184 chat/completions (stream): 256 tokens generated at
                       218.0 T/s · prompt 586 tokens, none cached, 586 new in
                       0.24 s (2,442 T/s) · first token 0.25 s, total 1.42 s ·
                       draft 164/276 accepted (59%) · max_tokens reached
16:02:12.399 INFO:     #185 chat/completions (stream): 960 prompt tokens ·
                       temperature: 0, greedy (req), max_tokens: 256 (req),
                       min_tokens: 256 (req)
16:02:12.401 INFO:     #186 chat/completions (stream): 212 prompt tokens ·
                       temperature: 0, greedy (req), max_tokens: 256 (req),
                       min_tokens: 256 (req)
16:02:13.842 INFO:     #186 chat/completions (stream): 256 tokens generated at
                       236.8 T/s · prompt 212 tokens, none cached, 212 new in
                       0.10 s · queued 0.21 s, first token 0.31 s, total 1.40 s
                       · draft 179/231 accepted (77%) · max_tokens reached
16:02:13.875 INFO:     #187 chat/completions (stream): 77 prompt tokens ·
                       temperature: 0, greedy (req), max_tokens: 256 (req),
                       min_tokens: 256 (req)
16:02:14.205 INFO:     #185 chat/completions (stream): 256 tokens generated at
                       191.6 T/s · prompt 960 tokens, none cached, 960 new in
                       0.42 s (2,286 T/s) · first token 0.43 s, total 1.77 s ·
                       draft 157/297 accepted (53%) · max_tokens reached
16:02:14.239 INFO:     #188 chat/completions (stream): 819 prompt tokens ·
                       temperature: 0, greedy (req), max_tokens: 256 (req),
                       min_tokens: 256 (req)
16:02:15.395 INFO:     #187 chat/completions (stream): 256 tokens generated at
                       183.9 T/s · prompt 77 tokens, none cached, 77 new in 0.08
                       s · first token 0.09 s, total 1.48 s · draft 167/267
                       accepted (63%) · max_tokens reached
16:02:15.428 INFO:     #189 chat/completions (stream): 780 prompt tokens ·
                       temperature: 0, greedy (req), max_tokens: 256 (req),
                       min_tokens: 256 (req)
16:02:16.166 INFO:     #188 chat/completions (stream): 256 tokens generated at
                       160.6 T/s · prompt 819 tokens, none cached, 819 new in
                       0.28 s (2,925 T/s) · first token 0.28 s, total 1.88 s ·
                       draft 147/327 accepted (45%) · max_tokens reached
16:02:16.200 INFO:     #190 chat/completions (stream): 134 prompt tokens ·
                       temperature: 0, greedy (req), max_tokens: 256 (req),
                       min_tokens: 256 (req)
16:02:16.937 INFO:     #189 chat/completions (stream): 256 tokens generated at
                       207.4 T/s · prompt 780 tokens, none cached, 780 new in
                       0.23 s (3,391 T/s) · first token 0.23 s, total 1.47 s ·
                       draft 167/267 accepted (63%) · max_tokens reached
16:02:16.970 INFO:     #191 chat/completions (stream): 695 prompt tokens ·
                       temperature: 0, greedy (req), max_tokens: 256 (req),
                       min_tokens: 256 (req)
16:02:17.567 INFO:     #190 chat/completions (stream): 256 tokens generated at
                       210.6 T/s · prompt 134 tokens, none cached, 134 new in
                       0.11 s · first token 0.11 s, total 1.33 s · draft 181/225
                       accepted (80%) · max_tokens reached
16:02:17.599 INFO:     #193 chat/completions (stream): 88 prompt tokens ·
                       temperature: 0, greedy (req), max_tokens: 256 (req),
                       min_tokens: 256 (req)
16:02:18.527 INFO:     #191 chat/completions (stream): 256 tokens generated at
                       205.8 T/s · prompt 695 tokens, none cached, 695 new in
                       0.27 s (2,574 T/s) · first token 0.28 s, total 1.52 s ·
                       draft 166/270 accepted (61%) · max_tokens reached
16:02:18.561 INFO:     #194 chat/completions (stream): 516 prompt tokens ·
                       temperature: 0, greedy (req), max_tokens: 256 (req),
                       min_tokens: 256 (req)
16:02:18.954 INFO:     #193 chat/completions (stream): 256 tokens generated at
                       209.3 T/s · prompt 88 tokens, none cached, 88 new in 0.08
                       s · first token 0.09 s, total 1.31 s · draft 172/252
                       accepted (68%) · max_tokens reached
16:02:18.986 INFO:     #195 chat/completions (stream): 93 prompt tokens ·
                       temperature: 0, greedy (req), max_tokens: 256 (req),
                       min_tokens: 256 (req)
16:02:20.022 INFO:     #195 chat/completions (stream): 256 tokens generated at
                       274.4 T/s · prompt 93 tokens, none cached, 93 new in 0.09
                       s · first token 0.10 s, total 1.03 s · draft 182/222
                       accepted (82%) · max_tokens reached
16:02:20.023 INFO:     #194 chat/completions (stream): 256 tokens generated at
                       199.1 T/s · prompt 516 tokens, none cached, 516 new in
                       0.17 s (3,035 T/s) · first token 0.18 s, total 1.46 s ·
                       draft 160/288 accepted (56%) · max_tokens reached
16:02:20.027 INFO:     #196 chat/completions (stream): 386 prompt tokens ·
                       temperature: 0, greedy (req), max_tokens: 256 (req),
                       min_tokens: 256 (req)
16:02:20.029 INFO:     #197 chat/completions (stream): 775 prompt tokens ·
                       temperature: 0, greedy (req), max_tokens: 256 (req),
                       min_tokens: 256 (req)
16:02:21.677 INFO:     #196 chat/completions (stream): 256 tokens generated at
                       214.8 T/s · prompt 386 tokens, none cached, 386 new in
                       0.44 s (877 T/s) · first token 0.45 s, total 1.64 s ·
                       draft 163/279 accepted (58%) · max_tokens reached
16:02:21.677 INFO:     #197 chat/completions (stream): 256 tokens generated at
                       214.8 T/s · prompt 775 tokens, none cached, 775 new in
                       0.32 s (2,422 T/s) · queued 0.14 s, first token 0.46 s,
                       total 1.65 s · draft 163/279 accepted (58%) · max_tokens
                       reached
16:02:21.680 INFO:     #198 chat/completions (stream): 123 prompt tokens ·
                       temperature: 0, greedy (req), max_tokens: 256 (req),
                       min_tokens: 256 (req)
16:02:21.682 INFO:     #199 chat/completions (stream): 78 prompt tokens ·
                       temperature: 0, greedy (req), max_tokens: 256 (req),
                       min_tokens: 256 (req)
16:02:23.097 INFO:     #199 chat/completions (stream): 256 tokens generated at
                       215.8 T/s · prompt 78 tokens, none cached, 78 new in 0.08
                       s · queued 0.11 s, first token 0.19 s, total 1.37 s ·
                       draft 164/276 accepted (59%) · max_tokens reached
16:02:23.110 INFO:     #200 chat/completions (stream): 116 prompt tokens ·
                       temperature: 0, greedy (req), max_tokens: 256 (req),
                       min_tokens: 256 (req)
16:02:23.223 INFO:     #198 chat/completions (stream): 256 tokens generated at
                       206.8 T/s · prompt 123 tokens, none cached, 123 new in
                       0.18 s · first token 0.19 s, total 1.43 s · draft 159/291
                       accepted (55%) · max_tokens reached
16:02:23.256 INFO:     #201 chat/completions (stream): 67 prompt tokens ·
                       temperature: 0, greedy (req), max_tokens: 256 (req),
                       min_tokens: 256 (req)
16:02:24.380 INFO:     #201 chat/completions (stream): 256 tokens generated at
                       255.5 T/s · prompt 67 tokens, none cached, 67 new in 0.07
                       s · first token 0.07 s, total 1.08 s · draft 179/231
                       accepted (77%) · max_tokens reached
16:02:24.404 INFO:     #202 chat/completions (stream): 74 prompt tokens ·
                       temperature: 0, greedy (req), max_tokens: 256 (req),
                       min_tokens: 256 (req)
16:02:24.565 INFO:     #200 chat/completions (stream): 256 tokens generated at
                       215.3 T/s · prompt 116 tokens, none cached, 116 new in
                       0.10 s · first token 0.11 s, total 1.29 s · draft 169/261
                       accepted (65%) · max_tokens reached
16:02:24.602 INFO:     #203 chat/completions (stream): 148 prompt tokens ·
                       temperature: 0, greedy (req), max_tokens: 256 (req),
                       min_tokens: 256 (req)
16:02:25.734 INFO:     #203 chat/completions (stream): 256 tokens generated at
                       258.7 T/s · prompt 148 tokens, none cached, 148 new in
                       0.09 s · first token 0.10 s, total 1.09 s · draft 181/225
                       accepted (80%) · max_tokens reached
16:02:25.768 INFO:     #204 chat/completions (stream): 660 prompt tokens ·
                       temperature: 0, greedy (req), max_tokens: 256 (req),
                       min_tokens: 256 (req)
16:02:26.103 INFO:     #202 chat/completions (stream): 256 tokens generated at
                       168.4 T/s · prompt 74 tokens, none cached, 74 new in 0.13
                       s · first token 0.14 s, total 1.66 s · draft 165/273
                       accepted (60%) · max_tokens reached
16:02:26.134 INFO:     #205 chat/completions (stream): 62 prompt tokens ·
                       temperature: 0, greedy (req), max_tokens: 256 (req),
                       min_tokens: 256 (req)
16:02:27.359 INFO:     #204 chat/completions (stream): 256 tokens generated at
                       198.2 T/s · prompt 660 tokens, none cached, 660 new in
                       0.25 s (2,640 T/s) · first token 0.26 s, total 1.55 s ·
                       draft 160/288 accepted (56%) · max_tokens reached
16:02:27.391 INFO:     #206 chat/completions (stream): 61 prompt tokens ·
                       temperature: 0, greedy (req), max_tokens: 256 (req),
                       min_tokens: 256 (req)
16:02:27.532 INFO:     #205 chat/completions (stream): 256 tokens generated at
                       199.9 T/s · prompt 62 tokens, none cached, 62 new in 0.07
                       s · first token 0.07 s, total 1.36 s · draft 161/285
                       accepted (56%) · max_tokens reached
16:02:27.564 INFO:     #207 chat/completions (stream): 91 prompt tokens ·
                       temperature: 0, greedy (req), max_tokens: 256 (req),
                       min_tokens: 256 (req)
16:02:28.606 INFO:     #207 chat/completions (stream): 256 tokens generated at
                       275.2 T/s · prompt 91 tokens, none cached, 91 new in 0.09
                       s · first token 0.10 s, total 1.03 s · draft 183/219
                       accepted (84%) · max_tokens reached
16:02:28.608 INFO:     #206 chat/completions (stream): 256 tokens generated at
                       224.7 T/s · prompt 61 tokens, none cached, 61 new in 0.07
                       s · first token 0.08 s, total 1.21 s · draft 172/252
                       accepted (68%) · max_tokens reached
16:02:28.609 INFO:     #208 chat/completions (stream): 86 prompt tokens ·
                       temperature: 0, greedy (req), max_tokens: 256 (req),
                       min_tokens: 256 (req)
16:02:28.611 INFO:     #209 chat/completions (stream): 64 prompt tokens ·
                       temperature: 0, greedy (req), max_tokens: 256 (req),
                       min_tokens: 256 (req)
16:02:29.985 INFO:     #209 chat/completions (stream): 256 tokens generated at
                       219.0 T/s · prompt 64 tokens, none cached, 64 new in 0.07
                       s · first token 0.16 s, total 1.33 s · draft 164/276
                       accepted (59%) · max_tokens reached
16:02:30.020 INFO:     #210 chat/completions (stream): 745 prompt tokens ·
                       temperature: 0, greedy (req), max_tokens: 256 (req),
                       min_tokens: 256 (req)
16:02:30.341 INFO:     #208 chat/completions (stream): 256 tokens generated at
                       181.3 T/s · prompt 86 tokens, none cached, 86 new in 0.15
                       s · first token 0.16 s, total 1.57 s · draft 156/300
                       accepted (52%) · max_tokens reached
16:02:30.375 INFO:     #211 chat/completions (stream): 722 prompt tokens ·
                       temperature: 0, greedy (req), max_tokens: 256 (req),
                       min_tokens: 256 (req)
16:02:31.774 INFO:     #210 chat/completions (stream): 256 tokens generated at
                       178.6 T/s · prompt 745 tokens, none cached, 745 new in
                       0.27 s (2,759 T/s) · first token 0.28 s, total 1.71 s ·
                       draft 164/276 accepted (59%) · max_tokens reached
16:02:31.808 INFO:     #212 chat/completions (stream): 115 prompt tokens ·
                       temperature: 0, greedy (req), max_tokens: 256 (req),
                       min_tokens: 256 (req)
16:02:31.949 INFO:     #211 chat/completions (stream): 256 tokens generated at
                       221.8 T/s · prompt 722 tokens, none cached, 722 new in
                       0.27 s (2,674 T/s) · first token 0.28 s, total 1.43 s ·
                       draft 165/273 accepted (60%) · max_tokens reached
16:02:31.981 INFO:     #213 chat/completions (stream): 91 prompt tokens ·
                       temperature: 0, greedy (req), max_tokens: 256 (req),
                       min_tokens: 256 (req)
16:02:32.988 INFO:     #212 chat/completions (stream): 256 tokens generated at
                       237.6 T/s · prompt 115 tokens, none cached, 115 new in
                       0.10 s · first token 0.11 s, total 1.18 s · draft 176/240
                       accepted (73%) · max_tokens reached
16:02:32.989 INFO:     #213 chat/completions (stream): 256 tokens generated at
                       280.3 T/s · prompt 91 tokens, none cached, 91 new in 0.09
                       s · first token 0.09 s, total 1.01 s · draft 183/219
                       accepted (84%) · max_tokens reached
16:02:32.993 INFO:     #215 chat/completions (stream): 680 prompt tokens ·
                       temperature: 0, greedy (req), max_tokens: 256 (req),
                       min_tokens: 256 (req)
16:02:32.995 INFO:     #216 chat/completions (stream): 100 prompt tokens ·
                       temperature: 0, greedy (req), max_tokens: 256 (req),
                       min_tokens: 256 (req)
16:02:34.354 INFO:     #216 chat/completions (stream): 256 tokens generated at
                       242.2 T/s · prompt 100 tokens, none cached, 100 new in
                       0.09 s · queued 0.16 s, first token 0.25 s, total 1.31 s
                       · draft 181/225 accepted (80%) · max_tokens reached
16:02:34.390 INFO:     #217 chat/completions (stream): 64 prompt tokens ·
                       temperature: 0, greedy (req), max_tokens: 256 (req),
                       min_tokens: 256 (req)
16:02:34.759 INFO:     #215 chat/completions (stream): 256 tokens generated at
                       187.3 T/s · prompt 680 tokens, none cached, 680 new in
                       0.35 s (1,943 T/s) · first token 0.36 s, total 1.73 s ·
                       draft 155/303 accepted (51%) · max_tokens reached
16:02:34.793 INFO:     #218 chat/completions (stream): 672 prompt tokens ·
                       temperature: 0, greedy (req), max_tokens: 256 (req),
                       min_tokens: 256 (req)
16:02:35.835 INFO:     #217 chat/completions (stream): 256 tokens generated at
                       192.8 T/s · prompt 64 tokens, none cached, 64 new in 0.07
                       s · first token 0.08 s, total 1.40 s · draft 170/258
                       accepted (66%) · max_tokens reached
16:02:35.869 INFO:     #219 chat/completions (stream): 875 prompt tokens ·
                       temperature: 0, greedy (req), max_tokens: 256 (req),
                       min_tokens: 256 (req)
16:02:36.448 INFO:     #218 chat/completions (stream): 256 tokens generated at
                       188.8 T/s · prompt 672 tokens, none cached, 672 new in
                       0.25 s (2,688 T/s) · first token 0.25 s, total 1.61 s ·
                       draft 171/255 accepted (67%) · max_tokens reached
16:02:36.481 INFO:     #220 chat/completions (stream): 139 prompt tokens ·
                       temperature: 0, greedy (req), max_tokens: 256 (req),
                       min_tokens: 256 (req)
16:02:37.357 INFO:     #219 chat/completions (stream): 256 tokens generated at
                       222.4 T/s · prompt 875 tokens, none cached, 875 new in
                       0.29 s (3,017 T/s) · first token 0.30 s, total 1.45 s ·
                       draft 173/249 accepted (69%) · max_tokens reached
16:02:37.390 INFO:     #221 chat/completions (stream): 63 prompt tokens ·
                       temperature: 0, greedy (req), max_tokens: 256 (req),
                       min_tokens: 256 (req)
16:02:37.699 INFO:     #220 chat/completions (stream): 256 tokens generated at
                       240.7 T/s · prompt 139 tokens, none cached, 139 new in
                       0.11 s · first token 0.12 s, total 1.18 s · draft 177/237
                       accepted (75%) · max_tokens reached
16:02:37.733 INFO:     #222 chat/completions (stream): 778 prompt tokens ·
                       temperature: 0, greedy (req), max_tokens: 256 (req),
                       min_tokens: 256 (req)
16:02:38.974 INFO:     #222 chat/completions (stream): 256 tokens generated at
                       257.5 T/s · prompt 778 tokens, none cached, 778 new in
                       0.20 s (3,890 T/s) · first token 0.20 s, total 1.20 s ·
                       draft 178/234 accepted (76%) · max_tokens reached
16:02:39.009 INFO:     #223 chat/completions (stream): 774 prompt tokens ·
                       temperature: 0, greedy (req), max_tokens: 256 (req),
                       min_tokens: 256 (req)
16:02:39.345 INFO:     #221 chat/completions (stream): 256 tokens generated at
                       139.3 T/s · prompt 63 tokens, none cached, 63 new in 0.07
                       s · first token 0.08 s, total 1.91 s · draft 140/348
                       accepted (40%) · max_tokens reached
16:02:39.379 INFO:     #224 chat/completions (stream): 65 prompt tokens ·
                       temperature: 0, greedy (req), max_tokens: 256 (req),
                       min_tokens: 256 (req)
16:02:40.505 INFO:     #223 chat/completions (stream): 256 tokens generated at
                       205.0 T/s · prompt 774 tokens, none cached, 774 new in
                       0.20 s (3,870 T/s) · first token 0.21 s, total 1.45 s ·
                       draft 162/282 accepted (57%) · max_tokens reached
16:02:40.540 INFO:     #225 chat/completions (stream): 117 prompt tokens ·
                       temperature: 0, greedy (req), max_tokens: 256 (req),
                       min_tokens: 256 (req)
16:02:40.685 INFO:     #224 chat/completions (stream): 256 tokens generated at
                       236.7 T/s · prompt 65 tokens, none cached, 65 new in 0.07
                       s · first token 0.08 s, total 1.16 s · draft 169/261
                       accepted (65%) · max_tokens reached
16:02:40.718 INFO:     #226 chat/completions (stream): 405 prompt tokens ·
                       temperature: 0, greedy (req), max_tokens: 256 (req),
                       min_tokens: 256 (req)
16:02:41.845 INFO:     #225 chat/completions (stream): 256 tokens generated at
                       220.7 T/s · prompt 117 tokens, none cached, 117 new in
                       0.10 s · first token 0.11 s, total 1.27 s · draft 180/228
                       accepted (79%) · max_tokens reached
16:02:41.878 INFO:     #227 chat/completions (stream): 96 prompt tokens ·
                       temperature: 0, greedy (req), max_tokens: 256 (req),
                       min_tokens: 256 (req)
16:02:42.216 INFO:     #226 chat/completions (stream): 256 tokens generated at
                       208.6 T/s · prompt 405 tokens, none cached, 405 new in
                       0.22 s (1,841 T/s) · first token 0.22 s, total 1.45 s ·
                       draft 165/273 accepted (60%) · max_tokens reached
16:02:42.251 INFO:     #228 chat/completions (stream): 1,533 prompt tokens ·
                       temperature: 0, greedy (req), max_tokens: 256 (req),
                       min_tokens: 256 (req)
16:02:43.488 INFO:     #227 chat/completions (stream): 256 tokens generated at
                       173.4 T/s · prompt 96 tokens, none cached, 96 new in 0.09
                       s · first token 0.10 s, total 1.57 s · draft 168/264
                       accepted (64%) · max_tokens reached
16:02:43.523 INFO:     #229 chat/completions (stream): 786 prompt tokens ·
                       temperature: 0, greedy (req), max_tokens: 256 (req),
                       min_tokens: 256 (req)
16:02:43.992 INFO:     #228 chat/completions (stream): 256 tokens generated at
                       192.9 T/s · prompt 1,533 tokens, none cached, 1,533 new
                       in 0.37 s (4,143 T/s) · first token 0.37 s, total 1.70 s
                       · draft 168/264 accepted (64%) · max_tokens reached
16:02:44.024 INFO:     #230 chat/completions (stream): 61 prompt tokens ·
                       temperature: 0, greedy (req), max_tokens: 256 (req),
                       min_tokens: 256 (req)
16:02:44.897 INFO:     #229 chat/completions (stream): 256 tokens generated at
                       231.0 T/s · prompt 786 tokens, none cached, 786 new in
                       0.22 s (3,573 T/s) · first token 0.23 s, total 1.33 s ·
                       draft 173/249 accepted (69%) · max_tokens reached
16:02:44.930 INFO:     #231 chat/completions (stream): 84 prompt tokens ·
                       temperature: 0, greedy (req), max_tokens: 256 (req),
                       min_tokens: 256 (req)
16:02:45.237 INFO:     #230 chat/completions (stream): 256 tokens generated at
                       233.3 T/s · prompt 61 tokens, none cached, 61 new in 0.07
                       s · first token 0.08 s, total 1.17 s · draft 175/243
                       accepted (72%) · max_tokens reached
16:02:45.270 INFO:     #232 chat/completions (stream): 92 prompt tokens ·
                       temperature: 0, greedy (req), max_tokens: 256 (req),
                       min_tokens: 256 (req)
16:02:46.419 INFO:     #232 chat/completions (stream): 256 tokens generated at
                       245.6 T/s · prompt 92 tokens, none cached, 92 new in 0.08
                       s · first token 0.08 s, total 1.13 s · draft 174/246
                       accepted (71%) · max_tokens reached
16:02:46.420 INFO:     #231 chat/completions (stream): 256 tokens generated at
                       183.8 T/s · prompt 84 tokens, none cached, 84 new in 0.08
                       s · first token 0.09 s, total 1.48 s · draft 152/312
                       accepted (49%) · max_tokens reached
16:02:46.424 INFO:     #233 chat/completions (stream): 388 prompt tokens ·
                       temperature: 0, greedy (req), max_tokens: 256 (req),
                       min_tokens: 256 (req)
16:02:46.426 INFO:     #234 chat/completions (stream): 63 prompt tokens ·
                       temperature: 0, greedy (req), max_tokens: 256 (req),
                       min_tokens: 256 (req)
16:02:47.899 INFO:     #233 chat/completions (stream): 256 tokens generated at
                       230.9 T/s · prompt 388 tokens, none cached, 388 new in
                       0.31 s (1,252 T/s) · first token 0.32 s, total 1.43 s ·
                       draft 170/258 accepted (66%) · max_tokens reached
16:02:47.932 INFO:     #236 chat/completions (stream): 78 prompt tokens ·
                       temperature: 0, greedy (req), max_tokens: 256 (req),
                       min_tokens: 256 (req)
16:02:48.168 INFO:     #234 chat/completions (stream): 256 tokens generated at
                       171.0 T/s · prompt 63 tokens, none cached, 63 new in 0.07
                       s · queued 0.14 s, first token 0.21 s, total 1.70 s ·
                       draft 153/309 accepted (50%) · max_tokens reached
16:02:48.202 INFO:     #237 chat/completions (stream): 707 prompt tokens ·
                       temperature: 0, greedy (req), max_tokens: 256 (req),
                       min_tokens: 256 (req)
16:02:49.518 INFO:     #236 chat/completions (stream): 256 tokens generated at
                       171.9 T/s · prompt 78 tokens, none cached, 78 new in 0.08
                       s · first token 0.09 s, total 1.57 s · draft 158/294
                       accepted (54%) · max_tokens reached
16:02:49.519 INFO:     #237 chat/completions (stream): 256 tokens generated at
                       245.0 T/s · prompt 707 tokens, none cached, 707 new in
                       0.26 s (2,719 T/s) · first token 0.26 s, total 1.31 s ·
                       draft 174/246 accepted (71%) · max_tokens reached
16:02:49.523 INFO:     #238 chat/completions (stream): 316 prompt tokens ·
                       temperature: 0, greedy (req), max_tokens: 256 (req),
                       min_tokens: 256 (req)
16:02:49.524 INFO:     #239 chat/completions (stream): 70 prompt tokens ·
                       temperature: 0, greedy (req), max_tokens: 256 (req),
                       min_tokens: 256 (req)
16:02:51.180 INFO:     #238 chat/completions (stream): 256 tokens generated at
                       187.5 T/s · prompt 316 tokens, none cached, 316 new in
                       0.28 s (1,129 T/s) · first token 0.29 s, total 1.66 s ·
                       draft 150/318 accepted (47%) · max_tokens reached
16:02:51.181 INFO:     #239 chat/completions (stream): 256 tokens generated at
                       177.2 T/s · prompt 70 tokens, none cached, 70 new in 0.08
                       s · queued 0.13 s, first token 0.21 s, total 1.66 s ·
                       draft 149/321 accepted (46%) · max_tokens reached
16:02:51.185 INFO:     #240 chat/completions (stream): 85 prompt tokens ·
                       temperature: 0, greedy (req), max_tokens: 256 (req),
                       min_tokens: 256 (req)
16:02:51.187 INFO:     #241 chat/completions (stream): 689 prompt tokens ·
                       temperature: 0, greedy (req), max_tokens: 256 (req),
                       min_tokens: 256 (req)
16:02:52.897 INFO:     #241 chat/completions (stream): 256 tokens generated at
                       193.6 T/s · prompt 689 tokens, none cached, 689 new in
                       0.25 s (2,756 T/s) · first token 0.34 s, total 1.66 s ·
                       draft 153/309 accepted (50%) · max_tokens reached
16:02:52.912 INFO:     #242 chat/completions (stream): 118 prompt tokens ·
                       temperature: 0, greedy (req), max_tokens: 256 (req),
                       min_tokens: 256 (req)
16:02:53.025 INFO:     #240 chat/completions (stream): 256 tokens generated at
                       173.1 T/s · prompt 85 tokens, none cached, 85 new in 0.23
                       s · first token 0.24 s, total 1.72 s · draft 147/327
                       accepted (45%) · max_tokens reached
16:02:53.059 INFO:     #243 chat/completions (stream): 811 prompt tokens ·
                       temperature: 0, greedy (req), max_tokens: 256 (req),
                       min_tokens: 256 (req)
16:02:54.319 INFO:     #242 chat/completions (stream): 256 tokens generated at
                       202.7 T/s · prompt 118 tokens, none cached, 118 new in
                       0.10 s · first token 0.11 s, total 1.37 s · draft 177/237
                       accepted (75%) · max_tokens reached
16:02:54.353 INFO:     #244 chat/completions (stream): 560 prompt tokens ·
                       temperature: 0, greedy (req), max_tokens: 256 (req),
                       min_tokens: 256 (req)
16:02:54.801 INFO:     #243 chat/completions (stream): 256 tokens generated at
                       178.1 T/s · prompt 811 tokens, none cached, 811 new in
                       0.26 s (3,119 T/s) · first token 0.26 s, total 1.70 s ·
                       draft 160/288 accepted (56%) · max_tokens reached
16:02:54.834 INFO:     #245 chat/completions (stream): 105 prompt tokens ·
                       temperature: 0, greedy (req), max_tokens: 256 (req),
                       min_tokens: 256 (req)
16:02:55.860 INFO:     #244 chat/completions (stream): 256 tokens generated at
                       207.0 T/s · prompt 560 tokens, none cached, 560 new in
                       0.22 s (2,545 T/s) · first token 0.23 s, total 1.46 s ·
                       draft 166/270 accepted (61%) · max_tokens reached
16:02:55.894 INFO:     #246 chat/completions (stream): 715 prompt tokens ·
                       temperature: 0, greedy (req), max_tokens: 256 (req),
                       min_tokens: 256 (req)
16:02:56.330 INFO:     #245 chat/completions (stream): 256 tokens generated at
                       188.9 T/s · prompt 105 tokens, none cached, 105 new in
                       0.09 s · first token 0.09 s, total 1.45 s · draft 169/261
                       accepted (65%) · max_tokens reached
16:02:56.363 INFO:     #247 chat/completions (stream): 116 prompt tokens ·
                       temperature: 0, greedy (req), max_tokens: 256 (req),
                       min_tokens: 256 (req)
16:02:57.499 INFO:     #246 chat/completions (stream): 256 tokens generated at
                       197.7 T/s · prompt 715 tokens, none cached, 715 new in
                       0.26 s (2,750 T/s) · first token 0.27 s, total 1.56 s ·
                       draft 162/282 accepted (57%) · max_tokens reached
16:02:57.513 INFO:     #248 chat/completions (stream): 69 prompt tokens ·
                       temperature: 0, greedy (req), max_tokens: 256 (req),
                       min_tokens: 256 (req)
16:02:57.604 INFO:     #247 chat/completions (stream): 256 tokens generated at
                       245.2 T/s · prompt 116 tokens, none cached, 116 new in
                       0.10 s · first token 0.11 s, total 1.15 s · draft 174/246
                       accepted (71%) · max_tokens reached
16:02:57.636 INFO:     #249 chat/completions (stream): 63 prompt tokens ·
                       temperature: 0, greedy (req), max_tokens: 256 (req),
                       min_tokens: 256 (req)
16:02:58.923 INFO:     #249 chat/completions (stream): 256 tokens generated at
                       218.5 T/s · prompt 63 tokens, none cached, 63 new in 0.07
                       s · first token 0.07 s, total 1.25 s · draft 164/276
                       accepted (59%) · max_tokens reached
16:02:58.955 INFO:     #250 chat/completions (stream): 74 prompt tokens ·
                       temperature: 0, greedy (req), max_tokens: 256 (req),
                       min_tokens: 256 (req)
16:02:59.078 INFO:     #248 chat/completions (stream): 256 tokens generated at
                       188.2 T/s · prompt 69 tokens, none cached, 69 new in 0.07
                       s · first token 0.08 s, total 1.44 s · draft 153/309
                       accepted (50%) · max_tokens reached
16:02:59.112 INFO:     #251 chat/completions (stream): 755 prompt tokens ·
                       temperature: 0, greedy (req), max_tokens: 256 (req),
                       min_tokens: 256 (req)
16:03:00.432 INFO:     #250 chat/completions (stream): 256 tokens generated at
                       189.4 T/s · prompt 74 tokens, none cached, 74 new in 0.08
                       s · first token 0.09 s, total 1.44 s · draft 171/255
                       accepted (67%) · max_tokens reached
16:03:00.464 INFO:     #252 chat/completions (stream): 119 prompt tokens ·
                       temperature: 0, greedy (req), max_tokens: 256 (req),
                       min_tokens: 256 (req)
16:03:00.771 INFO:     #251 chat/completions (stream): 256 tokens generated at
                       191.0 T/s · prompt 755 tokens, none cached, 755 new in
                       0.27 s (2,796 T/s) · first token 0.27 s, total 1.61 s ·
                       draft 159/291 accepted (55%) · max_tokens reached
16:03:00.803 INFO:     #253 chat/completions (stream): 157 prompt tokens ·
                       temperature: 0, greedy (req), max_tokens: 256 (req),
                       min_tokens: 256 (req)
16:03:01.636 INFO:     #252 chat/completions (stream): 256 tokens generated at
                       249.3 T/s · prompt 119 tokens, none cached, 119 new in
                       0.10 s · first token 0.11 s, total 1.13 s · draft 182/222
                       accepted (82%) · max_tokens reached
16:03:01.671 INFO:     #254 chat/completions (stream): 588 prompt tokens ·
                       temperature: 0, greedy (req), max_tokens: 256 (req),
                       min_tokens: 256 (req)
16:03:02.136 INFO:     #253 chat/completions (stream): 256 tokens generated at
                       214.2 T/s · prompt 157 tokens, none cached, 157 new in
                       0.09 s · first token 0.09 s, total 1.29 s · draft 180/228
                       accepted (79%) · max_tokens reached
16:03:02.168 INFO:     #256 chat/completions (stream): 86 prompt tokens ·
                       temperature: 0, greedy (req), max_tokens: 256 (req),
                       min_tokens: 256 (req)
16:03:03.344 INFO:     #254 chat/completions (stream): 256 tokens generated at
                       184.7 T/s · prompt 588 tokens, none cached, 588 new in
                       0.24 s (2,450 T/s) · first token 0.25 s, total 1.63 s ·
                       draft 153/309 accepted (50%) · max_tokens reached
16:03:03.377 INFO:     #257 chat/completions (stream): 71 prompt tokens ·
                       temperature: 0, greedy (req), max_tokens: 256 (req),
                       min_tokens: 256 (req)
16:03:03.513 INFO:     #256 chat/completions (stream): 256 tokens generated at
                       211.0 T/s · prompt 86 tokens, none cached, 86 new in 0.08
                       s · first token 0.09 s, total 1.30 s · draft 166/270
                       accepted (61%) · max_tokens reached
16:03:03.549 INFO:     #258 chat/completions (stream): 1,392 prompt tokens ·
                       temperature: 0, greedy (req), max_tokens: 256 (req),
                       min_tokens: 256 (req)
16:03:05.170 INFO:     #258 chat/completions (stream): 256 tokens generated at
                       209.3 T/s · prompt 1,392 tokens, none cached, 1,392 new
                       in 0.36 s (3,867 T/s) · first token 0.36 s, total 1.59 s
                       · draft 162/282 accepted (57%) · max_tokens reached
16:03:05.173 INFO:     #257 chat/completions (stream): 256 tokens generated at
                       150.2 T/s · prompt 71 tokens, none cached, 71 new in 0.08
                       s · first token 0.09 s, total 1.79 s · draft 150/318
                       accepted (47%) · max_tokens reached
16:03:05.174 INFO:     #259 chat/completions (stream): 107 prompt tokens ·
                       temperature: 0, greedy (req), max_tokens: 256 (req),
                       min_tokens: 256 (req)
16:03:05.293 INFO:     #260 chat/completions (stream): 75 prompt tokens ·
                       temperature: 0, greedy (req), max_tokens: 256 (req),
                       min_tokens: 256 (req)
16:03:06.619 INFO:     #260 chat/completions (stream): 256 tokens generated at
                       213.4 T/s · prompt 75 tokens, none cached, 75 new in 0.08
                       s · first token 0.08 s, total 1.28 s · draft 162/282
                       accepted (57%) · max_tokens reached
16:03:06.650 INFO:     #261 chat/completions (stream): 97 prompt tokens ·
                       temperature: 0, greedy (req), max_tokens: 256 (req),
                       min_tokens: 256 (req)
16:03:06.838 INFO:     #259 chat/completions (stream): 256 tokens generated at
                       167.8 T/s · prompt 107 tokens, none cached, 107 new in
                       0.09 s · first token 0.10 s, total 1.62 s · draft 149/321
                       accepted (46%) · max_tokens reached
16:03:06.871 INFO:     #262 chat/completions (stream): 81 prompt tokens ·
                       temperature: 0, greedy (req), max_tokens: 256 (req),
                       min_tokens: 256 (req)
16:03:07.904 INFO:     #261 chat/completions (stream): 256 tokens generated at
                       229.5 T/s · prompt 97 tokens, none cached, 97 new in 0.09
                       s · first token 0.10 s, total 1.21 s · draft 173/249
                       accepted (69%) · max_tokens reached
16:03:07.919 INFO:     #263 chat/completions (stream): 642 prompt tokens ·
                       temperature: 0, greedy (req), max_tokens: 256 (req),
                       min_tokens: 256 (req)
16:03:08.070 INFO:     #262 chat/completions (stream): 256 tokens generated at
                       266.9 T/s · prompt 81 tokens, none cached, 81 new in 0.08
                       s · first token 0.09 s, total 1.04 s · draft 179/231
                       accepted (77%) · max_tokens reached
16:03:08.207 INFO:     #264 chat/completions (stream): 61 prompt tokens ·
                       temperature: 0, greedy (req), max_tokens: 256 (req),
                       min_tokens: 256 (req)
16:03:09.352 INFO:     #264 chat/completions (stream): 256 tokens generated at
                       248.5 T/s · prompt 61 tokens, none cached, 61 new in 0.07
                       s · first token 0.08 s, total 1.11 s · draft 175/243
                       accepted (72%) · max_tokens reached
16:03:09.389 INFO:     #265 chat/completions (stream): 128 prompt tokens ·
                       temperature: 0, greedy (req), max_tokens: 256 (req),
                       min_tokens: 256 (req)
16:03:09.532 INFO:     #263 chat/completions (stream): 256 tokens generated at
                       211.6 T/s · prompt 642 tokens, none cached, 642 new in
                       0.25 s (2,568 T/s) · first token 0.26 s, total 1.47 s ·
                       draft 165/273 accepted (60%) · max_tokens reached
16:03:09.567 INFO:     #266 chat/completions (stream): 712 prompt tokens ·
                       temperature: 0, greedy (req), max_tokens: 256 (req),
                       min_tokens: 256 (req)
16:03:10.734 INFO:     #265 chat/completions (stream): 256 tokens generated at
                       213.1 T/s · prompt 128 tokens, none cached, 128 new in
                       0.10 s · first token 0.11 s, total 1.31 s · draft 182/222
                       accepted (82%) · max_tokens reached
16:03:10.766 INFO:     #267 chat/completions (stream): 94 prompt tokens ·
                       temperature: 0, greedy (req), max_tokens: 256 (req),
                       min_tokens: 256 (req)
16:03:11.100 INFO:     #266 chat/completions (stream): 256 tokens generated at
                       209.3 T/s · prompt 712 tokens, none cached, 712 new in
                       0.26 s (2,738 T/s) · first token 0.26 s, total 1.49 s ·
                       draft 167/267 accepted (63%) · max_tokens reached
16:03:11.132 INFO:     #268 chat/completions (stream): 66 prompt tokens ·
                       temperature: 0, greedy (req), max_tokens: 256 (req),
                       min_tokens: 256 (req)
16:03:12.217 INFO:     #267 chat/completions (stream): 256 tokens generated at
                       194.3 T/s · prompt 94 tokens, none cached, 94 new in 0.09
                       s · first token 0.10 s, total 1.41 s · draft 158/294
                       accepted (54%) · max_tokens reached
16:03:12.249 INFO:     #269 chat/completions (stream): 93 prompt tokens ·
                       temperature: 0, greedy (req), max_tokens: 256 (req),
                       min_tokens: 256 (req)
16:03:12.446 INFO:     #268 chat/completions (stream): 256 tokens generated at
                       214.5 T/s · prompt 66 tokens, none cached, 66 new in 0.07
                       s · first token 0.08 s, total 1.27 s · draft 169/261
                       accepted (65%) · max_tokens reached
16:03:12.478 INFO:     #270 chat/completions (stream): 108 prompt tokens ·
                       temperature: 0, greedy (req), max_tokens: 256 (req),
                       min_tokens: 256 (req)
16:03:13.505 INFO:     #269 chat/completions (stream): 256 tokens generated at
                       228.2 T/s · prompt 93 tokens, none cached, 93 new in 0.09
                       s · first token 0.10 s, total 1.22 s · draft 176/240
                       accepted (73%) · max_tokens reached
16:03:13.539 INFO:     #271 chat/completions (stream): 93 prompt tokens ·
                       temperature: 0, greedy (req), max_tokens: 256 (req),
                       min_tokens: 256 (req)
16:03:13.813 INFO:     #270 chat/completions (stream): 256 tokens generated at
                       214.9 T/s · prompt 108 tokens, none cached, 108 new in
                       0.10 s · first token 0.10 s, total 1.30 s · draft 170/258
                       accepted (66%) · max_tokens reached
16:03:13.845 INFO:     #272 chat/completions (stream): 86 prompt tokens ·
                       temperature: 0, greedy (req), max_tokens: 256 (req),
                       min_tokens: 256 (req)
16:03:14.705 INFO:     #271 chat/completions (stream): 256 tokens generated at
                       247.7 T/s · prompt 93 tokens, none cached, 93 new in 0.09
                       s · first token 0.10 s, total 1.13 s · draft 180/228
                       accepted (79%) · max_tokens reached
16:03:14.738 INFO:     #273 chat/completions (stream): 87 prompt tokens ·
                       temperature: 0, greedy (req), max_tokens: 256 (req),
                       min_tokens: 256 (req)
16:03:15.072 INFO:     #272 chat/completions (stream): 256 tokens generated at
                       233.3 T/s · prompt 86 tokens, none cached, 86 new in 0.08
                       s · first token 0.08 s, total 1.18 s · draft 175/243
                       accepted (72%) · max_tokens reached
16:03:15.104 INFO:     #274 chat/completions (stream): 91 prompt tokens ·
                       temperature: 0, greedy (req), max_tokens: 256 (req),
                       min_tokens: 256 (req)
16:03:16.227 INFO:     #273 chat/completions (stream): 256 tokens generated at
                       188.8 T/s · prompt 87 tokens, none cached, 87 new in 0.08
                       s · first token 0.09 s, total 1.44 s · draft 156/300
                       accepted (52%) · max_tokens reached
16:03:16.261 INFO:     #275 chat/completions (stream): 849 prompt tokens ·
                       temperature: 0, greedy (req), max_tokens: 256 (req),
                       min_tokens: 256 (req)
16:03:16.747 INFO:     #274 chat/completions (stream): 256 tokens generated at
                       169.2 T/s · prompt 91 tokens, none cached, 91 new in 0.08
                       s · first token 0.09 s, total 1.60 s · draft 158/294
                       accepted (54%) · max_tokens reached
16:03:16.780 INFO:     #276 chat/completions (stream): 82 prompt tokens ·
                       temperature: 0, greedy (req), max_tokens: 256 (req),
                       min_tokens: 256 (req)
16:03:17.783 INFO:     #275 chat/completions (stream): 256 tokens generated at
                       213.5 T/s · prompt 849 tokens, none cached, 849 new in
                       0.28 s (3,032 T/s) · first token 0.29 s, total 1.48 s ·
                       draft 169/261 accepted (65%) · max_tokens reached
16:03:17.816 INFO:     #278 chat/completions (stream): 64 prompt tokens ·
                       temperature: 0, greedy (req), max_tokens: 256 (req),
                       min_tokens: 256 (req)
16:03:18.187 INFO:     #276 chat/completions (stream): 256 tokens generated at
                       200.4 T/s · prompt 82 tokens, none cached, 82 new in 0.08
                       s · first token 0.09 s, total 1.36 s · draft 162/282
                       accepted (57%) · max_tokens reached
16:03:18.220 INFO:     #279 chat/completions (stream): 117 prompt tokens ·
                       temperature: 0, greedy (req), max_tokens: 256 (req),
                       min_tokens: 256 (req)
16:03:19.302 INFO:     #279 chat/completions (stream): 256 tokens generated at
                       271.1 T/s · prompt 117 tokens, none cached, 117 new in
                       0.10 s · first token 0.10 s, total 1.05 s · draft 183/219
                       accepted (84%) · max_tokens reached
16:03:19.306 INFO:     #278 chat/completions (stream): 256 tokens generated at
                       182.2 T/s · prompt 64 tokens, none cached, 64 new in 0.07
                       s · first token 0.08 s, total 1.48 s · draft 153/309
                       accepted (50%) · max_tokens reached
16:03:19.309 INFO:     #280 chat/completions (stream): 1,307 prompt tokens ·
                       temperature: 0, greedy (req), max_tokens: 256 (req),
                       min_tokens: 256 (req)
16:03:19.629 INFO:     #281 chat/completions (stream): 93 prompt tokens ·
                       temperature: 0, greedy (req), max_tokens: 256 (req),
                       min_tokens: 256 (req)
16:03:20.926 INFO:     #280 chat/completions (stream): 256 tokens generated at
                       201.9 T/s · prompt 1,307 tokens, none cached, 1,307 new
                       in 0.30 s (4,357 T/s) · first token 0.31 s, total 1.57 s
                       · draft 163/279 accepted (58%) · max_tokens reached
16:03:20.961 INFO:     #282 chat/completions (stream): 108 prompt tokens ·
                       temperature: 0, greedy (req), max_tokens: 256 (req),
                       min_tokens: 256 (req)
16:03:21.101 INFO:     #281 chat/completions (stream): 256 tokens generated at
                       206.8 T/s · prompt 93 tokens, none cached, 93 new in 0.09
                       s · first token 0.10 s, total 1.33 s · draft 157/297
                       accepted (53%) · max_tokens reached
16:03:21.133 INFO:     #283 chat/completions (stream): 97 prompt tokens ·
                       temperature: 0, greedy (req), max_tokens: 256 (req),
                       min_tokens: 256 (req)
16:03:22.267 INFO:     #283 chat/completions (stream): 256 tokens generated at
                       253.6 T/s · prompt 97 tokens, none cached, 97 new in 0.09
                       s · first token 0.09 s, total 1.10 s · draft 177/237
                       accepted (75%) · max_tokens reached
16:03:22.270 INFO:     #282 chat/completions (stream): 256 tokens generated at
                       212.5 T/s · prompt 108 tokens, none cached, 108 new in
                       0.09 s · first token 0.10 s, total 1.30 s · draft 167/267
                       accepted (63%) · max_tokens reached
16:03:22.272 INFO:     #284 chat/completions (stream): 752 prompt tokens ·
                       temperature: 0, greedy (req), max_tokens: 256 (req),
                       min_tokens: 256 (req)
16:03:22.550 INFO:     #285 chat/completions (stream): 772 prompt tokens ·
                       temperature: 0, greedy (req), max_tokens: 256 (req),
                       min_tokens: 256 (req)
16:03:23.883 INFO:     #285 chat/completions (stream): 256 tokens generated at
                       236.0 T/s · prompt 772 tokens, none cached, 772 new in
                       0.20 s (3,860 T/s) · first token 0.21 s, total 1.29 s ·
                       draft 171/255 accepted (67%) · max_tokens reached
16:03:23.909 INFO:     #286 chat/completions (stream): 84 prompt tokens ·
                       temperature: 0, greedy (req), max_tokens: 256 (req),
                       min_tokens: 256 (req)
16:03:24.017 INFO:     #284 chat/completions (stream): 256 tokens generated at
                       187.3 T/s · prompt 752 tokens, none cached, 752 new in
                       0.26 s (2,892 T/s) · first token 0.27 s, total 1.63 s ·
                       draft 163/279 accepted (58%) · max_tokens reached
16:03:24.053 INFO:     #287 chat/completions (stream): 76 prompt tokens ·
                       temperature: 0, greedy (req), max_tokens: 256 (req),
                       min_tokens: 256 (req)
16:03:25.327 INFO:     #287 chat/completions (stream): 256 tokens generated at
                       224.4 T/s · prompt 76 tokens, none cached, 76 new in 0.08
                       s · first token 0.09 s, total 1.23 s · draft 172/252
                       accepted (68%) · max_tokens reached
16:03:25.361 INFO:     #288 chat/completions (stream): 881 prompt tokens ·
                       temperature: 0, greedy (req), max_tokens: 256 (req),
                       min_tokens: 256 (req)
16:03:25.757 INFO:     #286 chat/completions (stream): 256 tokens generated at
                       149.0 T/s · prompt 84 tokens, none cached, 84 new in 0.08
                       s · first token 0.09 s, total 1.80 s · draft 154/306
                       accepted (50%) · max_tokens reached
16:03:25.789 INFO:     #289 chat/completions (stream): 78 prompt tokens ·
                       temperature: 0, greedy (req), max_tokens: 256 (req),
                       min_tokens: 256 (req)
16:03:26.830 INFO:     #288 chat/completions (stream): 256 tokens generated at
                       225.6 T/s · prompt 881 tokens, none cached, 881 new in
                       0.29 s (3,038 T/s) · first token 0.30 s, total 1.43 s ·
                       draft 172/252 accepted (68%) · max_tokens reached
16:03:26.864 INFO:     #290 chat/completions (stream): 681 prompt tokens ·
                       temperature: 0, greedy (req), max_tokens: 256 (req),
                       min_tokens: 256 (req)
16:03:27.230 INFO:     #289 chat/completions (stream): 256 tokens generated at
                       194.4 T/s · prompt 78 tokens, none cached, 78 new in 0.08
                       s · first token 0.08 s, total 1.40 s · draft 170/258
                       accepted (66%) · max_tokens reached
16:03:27.265 INFO:     #291 chat/completions (stream): 947 prompt tokens ·
                       temperature: 0, greedy (req), max_tokens: 256 (req),
                       min_tokens: 256 (req)
16:03:28.565 INFO:     #290 chat/completions (stream): 256 tokens generated at
                       181.6 T/s · prompt 681 tokens, none cached, 681 new in
                       0.24 s (2,838 T/s) · first token 0.25 s, total 1.65 s ·
                       draft 166/270 accepted (61%) · max_tokens reached
16:03:28.598 INFO:     #292 chat/completions (stream): 98 prompt tokens ·
                       temperature: 0, greedy (req), max_tokens: 256 (req),
                       min_tokens: 256 (req)
16:03:28.771 INFO:     #291 chat/completions (stream): 256 tokens generated at
                       218.1 T/s · prompt 947 tokens, none cached, 947 new in
                       0.29 s (3,266 T/s) · first token 0.30 s, total 1.47 s ·
                       draft 170/258 accepted (66%) · max_tokens reached
16:03:28.804 INFO:     #293 chat/completions (stream): 96 prompt tokens ·
                       temperature: 0, greedy (req), max_tokens: 256 (req),
                       min_tokens: 256 (req)
16:03:30.035 INFO:     #292 chat/completions (stream): 256 tokens generated at
                       196.2 T/s · prompt 98 tokens, none cached, 98 new in 0.09
                       s · first token 0.10 s, total 1.40 s · draft 159/291
                       accepted (55%) · max_tokens reached
16:03:30.038 INFO:     #293 chat/completions (stream): 256 tokens generated at
                       225.4 T/s · prompt 96 tokens, none cached, 96 new in 0.09
                       s · first token 0.09 s, total 1.23 s · draft 166/270
                       accepted (61%) · max_tokens reached
16:03:30.039 INFO:     #294 chat/completions (stream): 191 prompt tokens ·
                       temperature: 0, greedy (req), max_tokens: 256 (req),
                       min_tokens: 256 (req)
16:03:30.164 INFO:     #295 chat/completions (stream): 166 prompt tokens ·
                       temperature: 0, greedy (req), max_tokens: 256 (req),
                       min_tokens: 256 (req)
16:03:31.391 INFO:     #295 chat/completions (stream): 256 tokens generated at
                       234.9 T/s · prompt 166 tokens, none cached, 166 new in
                       0.09 s · first token 0.09 s, total 1.18 s · draft 172/252
                       accepted (68%) · max_tokens reached
16:03:31.394 INFO:     #296 chat/completions (stream): 85 prompt tokens ·
                       temperature: 0, greedy (req), max_tokens: 256 (req),
                       min_tokens: 256 (req)
16:03:31.395 INFO:     #294 chat/completions (stream): 256 tokens generated at
                       205.2 T/s · prompt 191 tokens, none cached, 191 new in
                       0.10 s · first token 0.11 s, total 1.35 s · draft 166/270
                       accepted (61%) · max_tokens reached
16:03:31.527 INFO:     #297 chat/completions (stream): 62 prompt tokens ·
                       temperature: 0, greedy (req), max_tokens: 256 (req),
                       min_tokens: 256 (req)
16:03:32.695 INFO:     #297 chat/completions (stream): 256 tokens generated at
                       238.7 T/s · prompt 62 tokens, none cached, 62 new in 0.07
                       s · first token 0.08 s, total 1.15 s · draft 172/252
                       accepted (68%) · max_tokens reached
16:03:32.698 INFO:     #296 chat/completions (stream): 256 tokens generated at
                       211.7 T/s · prompt 85 tokens, none cached, 85 new in 0.08
                       s · first token 0.09 s, total 1.30 s · draft 166/270
                       accepted (61%) · max_tokens reached
16:03:32.700 INFO:     #299 chat/completions (stream): 775 prompt tokens ·
                       temperature: 0, greedy (req), max_tokens: 256 (req),
                       min_tokens: 256 (req)
16:03:32.702 INFO:     #300 chat/completions (stream): 63 prompt tokens ·
                       temperature: 0, greedy (req), max_tokens: 256 (req),
                       min_tokens: 256 (req)
16:03:34.107 INFO:     #299 chat/completions (stream): 256 tokens generated at
                       235.5 T/s · prompt 775 tokens, none cached, 775 new in
                       0.27 s (2,870 T/s) · first token 0.28 s, total 1.37 s ·
                       draft 170/258 accepted (66%) · max_tokens reached
16:03:34.139 INFO:     #301 chat/completions (stream): 97 prompt tokens ·
                       temperature: 0, greedy (req), max_tokens: 256 (req),
                       min_tokens: 256 (req)
16:03:34.468 INFO:     #300 chat/completions (stream): 256 tokens generated at
                       173.9 T/s · prompt 63 tokens, none cached, 63 new in 0.07
                       s · queued 0.18 s, first token 0.25 s, total 1.72 s ·
                       draft 147/327 accepted (45%) · max_tokens reached
16:03:34.499 INFO:     #302 chat/completions (stream): 65 prompt tokens ·
                       temperature: 0, greedy (req), max_tokens: 256 (req),
                       min_tokens: 256 (req)
16:03:35.381 INFO:     #301 chat/completions (stream): 256 tokens generated at
                       231.1 T/s · prompt 97 tokens, none cached, 97 new in 0.09
                       s · first token 0.10 s, total 1.20 s · draft 173/249
                       accepted (69%) · max_tokens reached
16:03:35.413 INFO:     #303 chat/completions (stream): 61 prompt tokens ·
                       temperature: 0, greedy (req), max_tokens: 256 (req),
                       min_tokens: 256 (req)
16:03:35.715 INFO:     #302 chat/completions (stream): 256 tokens generated at
                       232.9 T/s · prompt 65 tokens, none cached, 65 new in 0.07
                       s · first token 0.08 s, total 1.17 s · draft 174/246
                       accepted (71%) · max_tokens reached
16:03:35.748 INFO:     #304 chat/completions (stream): 797 prompt tokens ·
                       temperature: 0, greedy (req), max_tokens: 256 (req),
                       min_tokens: 256 (req)
16:03:36.891 INFO:     #304 chat/completions (stream): 256 tokens generated at
                       286.7 T/s · prompt 797 tokens, none cached, 797 new in
                       0.20 s (3,985 T/s) · first token 0.20 s, total 1.10 s ·
                       draft 185/213 accepted (87%) · max_tokens reached
16:03:36.927 INFO:     #305 chat/completions (stream): 822 prompt tokens ·
                       temperature: 0, greedy (req), max_tokens: 256 (req),
                       min_tokens: 256 (req)
16:03:37.252 INFO:     #303 chat/completions (stream): 256 tokens generated at
                       149.2 T/s · prompt 61 tokens, none cached, 61 new in 0.08
                       s · first token 0.08 s, total 1.80 s · draft 154/306
                       accepted (50%) · max_tokens reached
16:03:37.286 INFO:     #306 chat/completions (stream): 63 prompt tokens ·
                       temperature: 0, greedy (req), max_tokens: 256 (req),
                       min_tokens: 256 (req)
16:03:38.424 INFO:     #306 chat/completions (stream): 256 tokens generated at
                       248.9 T/s · prompt 63 tokens, none cached, 63 new in 0.07
                       s · first token 0.08 s, total 1.10 s · draft 176/240
                       accepted (73%) · max_tokens reached
16:03:38.426 INFO:     #305 chat/completions (stream): 256 tokens generated at
                       209.5 T/s · prompt 822 tokens, none cached, 822 new in
                       0.27 s (3,044 T/s) · first token 0.28 s, total 1.50 s ·
                       draft 165/273 accepted (60%) · max_tokens reached
16:03:38.427 INFO:     #307 chat/completions (stream): 94 prompt tokens ·
                       temperature: 0, greedy (req), max_tokens: 256 (req),
                       min_tokens: 256 (req)
16:03:38.540 INFO:     #308 chat/completions (stream): 104 prompt tokens ·
                       temperature: 0, greedy (req), max_tokens: 256 (req),
                       min_tokens: 256 (req)
16:03:39.706 INFO:     #307 chat/completions (stream): 256 tokens generated at
                       223.6 T/s · prompt 94 tokens, none cached, 94 new in 0.09
                       s · first token 0.10 s, total 1.24 s · draft 180/228
                       accepted (79%) · max_tokens reached
16:03:39.739 INFO:     #309 chat/completions (stream): 470 prompt tokens ·
                       temperature: 0, greedy (req), max_tokens: 256 (req),
                       min_tokens: 256 (req)
16:03:40.158 INFO:     #308 chat/completions (stream): 256 tokens generated at
                       173.1 T/s · prompt 104 tokens, none cached, 104 new in
                       0.09 s · first token 0.09 s, total 1.57 s · draft 163/279
                       accepted (58%) · max_tokens reached
16:03:40.194 INFO:     #310 chat/completions (stream): 957 prompt tokens ·
                       temperature: 0, greedy (req), max_tokens: 256 (req),
                       min_tokens: 256 (req)
16:03:41.579 INFO:     #309 chat/completions (stream): 256 tokens generated at
                       164.1 T/s · prompt 470 tokens, none cached, 470 new in
                       0.23 s (2,043 T/s) · first token 0.24 s, total 1.80 s ·
                       draft 155/303 accepted (51%) · max_tokens reached
16:03:41.613 INFO:     #311 chat/completions (stream): 90 prompt tokens ·
                       temperature: 0, greedy (req), max_tokens: 256 (req),
                       min_tokens: 256 (req)
16:03:41.756 INFO:     #310 chat/completions (stream): 256 tokens generated at
                       208.1 T/s · prompt 957 tokens, none cached, 957 new in
                       0.29 s (3,300 T/s) · first token 0.30 s, total 1.53 s ·
                       draft 166/270 accepted (61%) · max_tokens reached
16:03:41.788 INFO:     #312 chat/completions (stream): 72 prompt tokens ·
                       temperature: 0, greedy (req), max_tokens: 256 (req),
                       min_tokens: 256 (req)
16:03:42.774 INFO:     #311 chat/completions (stream): 256 tokens generated at
                       247.4 T/s · prompt 90 tokens, none cached, 90 new in 0.08
                       s · first token 0.09 s, total 1.12 s · draft 180/228
                       accepted (79%) · max_tokens reached
16:03:42.777 INFO:     #312 chat/completions (stream): 256 tokens generated at
                       284.5 T/s · prompt 72 tokens, none cached, 72 new in 0.08
                       s · first token 0.08 s, total 0.98 s · draft 185/213
                       accepted (87%) · max_tokens reached
16:03:42.779 INFO:     #313 chat/completions (stream): 748 prompt tokens ·
                       temperature: 0, greedy (req), max_tokens: 256 (req),
                       min_tokens: 256 (req)
16:03:43.051 INFO:     #314 chat/completions (stream): 135 prompt tokens ·
                       temperature: 0, greedy (req), max_tokens: 256 (req),
                       min_tokens: 256 (req)
16:03:44.197 INFO:     #314 chat/completions (stream): 256 tokens generated at
                       258.0 T/s · prompt 135 tokens, none cached, 135 new in
                       0.11 s · first token 0.12 s, total 1.11 s · draft 178/234
                       accepted (76%) · max_tokens reached
16:03:44.231 INFO:     #315 chat/completions (stream): 109 prompt tokens ·
                       temperature: 0, greedy (req), max_tokens: 256 (req),
                       min_tokens: 256 (req)
16:03:44.368 INFO:     #313 chat/completions (stream): 256 tokens generated at
                       215.6 T/s · prompt 748 tokens, none cached, 748 new in
                       0.25 s (2,992 T/s) · first token 0.26 s, total 1.44 s ·
                       draft 170/258 accepted (66%) · max_tokens reached
16:03:44.405 INFO:     #316 chat/completions (stream): 748 prompt tokens ·
                       temperature: 0, greedy (req), max_tokens: 256 (req),
                       min_tokens: 256 (req)
16:03:45.572 INFO:     #315 chat/completions (stream): 256 tokens generated at
                       212.8 T/s · prompt 109 tokens, none cached, 109 new in
                       0.09 s · first token 0.10 s, total 1.30 s · draft 182/222
                       accepted (82%) · max_tokens reached
16:03:45.608 INFO:     #317 chat/completions (stream): 1,170 prompt tokens ·
                       temperature: 0, greedy (req), max_tokens: 256 (req),
                       min_tokens: 256 (req)
16:03:46.196 INFO:     #316 chat/completions (stream): 256 tokens generated at
                       175.4 T/s · prompt 748 tokens, none cached, 748 new in
                       0.28 s (2,671 T/s) · first token 0.29 s, total 1.74 s ·
                       draft 163/279 accepted (58%) · max_tokens reached
16:03:46.232 INFO:     #318 chat/completions (stream): 832 prompt tokens ·
                       temperature: 0, greedy (req), max_tokens: 256 (req),
                       min_tokens: 256 (req)
16:03:47.387 INFO:     #317 chat/completions (stream): 256 tokens generated at
                       179.1 T/s · prompt 1,170 tokens, none cached, 1,170 new
                       in 0.30 s (3,900 T/s) · first token 0.31 s, total 1.73 s
                       · draft 165/273 accepted (60%) · max_tokens reached
16:03:47.420 INFO:     #320 chat/completions (stream): 64 prompt tokens ·
                       temperature: 0, greedy (req), max_tokens: 256 (req),
                       min_tokens: 256 (req)
16:03:47.653 INFO:     #318 chat/completions (stream): 256 tokens generated at
                       236.8 T/s · prompt 832 tokens, none cached, 832 new in
                       0.29 s (2,869 T/s) · first token 0.30 s, total 1.38 s ·
                       draft 176/240 accepted (73%) · max_tokens reached
16:03:47.685 INFO:     #321 chat/completions (stream): 103 prompt tokens ·
                       temperature: 0, greedy (req), max_tokens: 256 (req),
                       min_tokens: 256 (req)
16:03:48.884 INFO:     #320 chat/completions (stream): 256 tokens generated at
                       190.0 T/s · prompt 64 tokens, none cached, 64 new in 0.07
                       s · first token 0.08 s, total 1.42 s · draft 156/300
                       accepted (52%) · max_tokens reached
16:03:48.919 INFO:     #322 chat/completions (stream): 101 prompt tokens ·
                       temperature: 0, greedy (req), max_tokens: 256 (req),
                       min_tokens: 256 (req)
16:03:49.058 INFO:     #321 chat/completions (stream): 256 tokens generated at
                       226.0 T/s · prompt 103 tokens, none cached, 103 new in
                       0.09 s · first token 0.09 s, total 1.23 s · draft 165/273
                       accepted (60%) · max_tokens reached
16:03:49.090 INFO:     #323 chat/completions (stream): 63 prompt tokens ·
                       temperature: 0, greedy (req), max_tokens: 256 (req),
                       min_tokens: 256 (req)
16:03:50.288 INFO:     #322 chat/completions (stream): 256 tokens generated at
                       208.3 T/s · prompt 101 tokens, none cached, 101 new in
                       0.09 s · first token 0.10 s, total 1.32 s · draft 164/276
                       accepted (59%) · max_tokens reached
16:03:50.291 INFO:     #324 chat/completions (stream): 63 prompt tokens ·
                       temperature: 0, greedy (req), max_tokens: 256 (req),
                       min_tokens: 256 (req)
16:03:50.291 INFO:     #323 chat/completions (stream): 256 tokens generated at
                       228.2 T/s · prompt 63 tokens, none cached, 63 new in 0.07
                       s · first token 0.07 s, total 1.20 s · draft 167/267
                       accepted (63%) · max_tokens reached
16:03:50.409 INFO:     #325 chat/completions (stream): 155 prompt tokens ·
                       temperature: 0, greedy (req), max_tokens: 256 (req),
                       min_tokens: 256 (req)
16:03:51.625 INFO:     #325 chat/completions (stream): 256 tokens generated at
                       240.2 T/s · prompt 155 tokens, none cached, 155 new in
                       0.10 s · first token 0.10 s, total 1.17 s · draft 172/252
                       accepted (68%) · max_tokens reached
16:03:51.628 INFO:     #326 chat/completions (stream): 71 prompt tokens ·
                       temperature: 0, greedy (req), max_tokens: 256 (req),
                       min_tokens: 256 (req)
16:03:51.628 INFO:     #324 chat/completions (stream): 256 tokens generated at
                       203.6 T/s · prompt 63 tokens, none cached, 63 new in 0.07
                       s · first token 0.08 s, total 1.33 s · draft 164/276
                       accepted (59%) · max_tokens reached
16:03:51.752 INFO:     #327 chat/completions (stream): 102 prompt tokens ·
                       temperature: 0, greedy (req), max_tokens: 256 (req),
                       min_tokens: 256 (req)
16:03:53.160 INFO:     #326 chat/completions (stream): 256 tokens generated at
                       181.7 T/s · prompt 71 tokens, none cached, 71 new in 0.08
                       s · first token 0.09 s, total 1.49 s · draft 153/309
                       accepted (50%) · max_tokens reached
16:03:53.192 INFO:     #328 chat/completions (stream): 91 prompt tokens ·
                       temperature: 0, greedy (req), max_tokens: 256 (req),
                       min_tokens: 256 (req)
16:03:53.371 INFO:     #327 chat/completions (stream): 256 tokens generated at
                       172.8 T/s · prompt 102 tokens, none cached, 102 new in
                       0.09 s · first token 0.09 s, total 1.58 s · draft 146/330
                       accepted (44%) · max_tokens reached
16:03:53.406 INFO:     #329 chat/completions (stream): 788 prompt tokens ·
                       temperature: 0, greedy (req), max_tokens: 256 (req),
                       min_tokens: 256 (req)
16:03:54.654 INFO:     #328 chat/completions (stream): 256 tokens generated at
                       192.4 T/s · prompt 91 tokens, none cached, 91 new in 0.09
                       s · first token 0.10 s, total 1.43 s · draft 168/264
                       accepted (64%) · max_tokens reached
16:03:54.688 INFO:     #330 chat/completions (stream): 809 prompt tokens ·
                       temperature: 0, greedy (req), max_tokens: 256 (req),
                       min_tokens: 256 (req)
16:03:55.065 INFO:     #329 chat/completions (stream): 256 tokens generated at
                       185.3 T/s · prompt 788 tokens, none cached, 788 new in
                       0.23 s (3,426 T/s) · first token 0.23 s, total 1.62 s ·
                       draft 166/270 accepted (61%) · max_tokens reached
16:03:55.097 INFO:     #331 chat/completions (stream): 106 prompt tokens ·
                       temperature: 0, greedy (req), max_tokens: 256 (req),
                       min_tokens: 256 (req)
16:03:56.179 INFO:     #331 chat/completions (stream): 256 tokens generated at
                       271.4 T/s · prompt 106 tokens, none cached, 106 new in
                       0.09 s · first token 0.10 s, total 1.04 s · draft 182/222
                       accepted (82%) · max_tokens reached
16:03:56.213 INFO:     #332 chat/completions (stream): 87 prompt tokens ·
                       temperature: 0, greedy (req), max_tokens: 256 (req),
                       min_tokens: 256 (req)
16:03:56.536 INFO:     #330 chat/completions (stream): 256 tokens generated at
                       165.5 T/s · prompt 809 tokens, none cached, 809 new in
                       0.25 s (3,236 T/s) · first token 0.26 s, total 1.80 s ·
                       draft 147/327 accepted (45%) · max_tokens reached
16:03:56.568 INFO:     #333 chat/completions (stream): 95 prompt tokens ·
                       temperature: 0, greedy (req), max_tokens: 256 (req),
                       min_tokens: 256 (req)
16:03:57.460 INFO:     #332 chat/completions (stream): 256 tokens generated at
                       230.9 T/s · prompt 87 tokens, none cached, 87 new in 0.08
                       s · first token 0.09 s, total 1.19 s · draft 175/243
                       accepted (72%) · max_tokens reached
16:03:57.494 INFO:     #334 chat/completions (stream): 133 prompt tokens ·
                       temperature: 0, greedy (req), max_tokens: 256 (req),
                       min_tokens: 256 (req)
16:03:58.032 INFO:     #333 chat/completions (stream): 256 tokens generated at
                       192.0 T/s · prompt 95 tokens, none cached, 95 new in 0.08
                       s · first token 0.09 s, total 1.42 s · draft 159/291
                       accepted (55%) · max_tokens reached
16:03:58.064 INFO:     #335 chat/completions (stream): 125 prompt tokens ·
                       temperature: 0, greedy (req), max_tokens: 256 (req),
                       min_tokens: 256 (req)
16:03:58.736 INFO:     #334 chat/completions (stream): 256 tokens generated at
                       234.6 T/s · prompt 133 tokens, none cached, 133 new in
                       0.10 s · first token 0.11 s, total 1.20 s · draft 176/240
                       accepted (73%) · max_tokens reached
16:03:58.769 INFO:     #336 chat/completions (stream): 92 prompt tokens ·
                       temperature: 0, greedy (req), max_tokens: 256 (req),
                       min_tokens: 256 (req)
16:03:59.260 INFO:     #335 chat/completions (stream): 256 tokens generated at
                       243.0 T/s · prompt 125 tokens, none cached, 125 new in
                       0.10 s · first token 0.10 s, total 1.16 s · draft 178/234
                       accepted (76%) · max_tokens reached
16:03:59.292 INFO:     #337 chat/completions (stream): 143 prompt tokens ·
                       temperature: 0, greedy (req), max_tokens: 256 (req),
                       min_tokens: 256 (req)
16:03:59.968 INFO:     #336 chat/completions (stream): 256 tokens generated at
                       240.1 T/s · prompt 92 tokens, none cached, 92 new in 0.09
                       s · first token 0.09 s, total 1.16 s · draft 179/231
                       accepted (77%) · max_tokens reached
16:04:00.002 INFO:     #338 chat/completions (stream): 832 prompt tokens ·
                       temperature: 0, greedy (req), max_tokens: 256 (req),
                       min_tokens: 256 (req)
16:04:01.059 INFO:     #337 chat/completions (stream): 256 tokens generated at
                       158.4 T/s · prompt 143 tokens, none cached, 143 new in
                       0.10 s · first token 0.10 s, total 1.72 s · draft 149/321
                       accepted (46%) · max_tokens reached
16:04:01.092 INFO:     #339 chat/completions (stream): 91 prompt tokens ·
                       temperature: 0, greedy (req), max_tokens: 256 (req),
                       min_tokens: 256 (req)
16:04:01.523 INFO:     #338 chat/completions (stream): 256 tokens generated at
                       211.6 T/s · prompt 832 tokens, none cached, 832 new in
                       0.26 s (3,200 T/s) · first token 0.26 s, total 1.48 s ·
                       draft 168/264 accepted (64%) · max_tokens reached
16:04:01.557 INFO:     #340 chat/completions (stream): 62 prompt tokens ·
                       temperature: 0, greedy (req), max_tokens: 256 (req),
                       min_tokens: 256 (req)
16:04:02.204 INFO:     #339 chat/completions (stream): 256 tokens generated at
                       261.3 T/s · prompt 91 tokens, none cached, 91 new in 0.09
                       s · first token 0.10 s, total 1.08 s · draft 183/219
                       accepted (84%) · max_tokens reached
16:04:02.236 INFO:     #342 chat/completions (stream): 62 prompt tokens ·
                       temperature: 0, greedy (req), max_tokens: 256 (req),
                       min_tokens: 256 (req)
16:04:02.954 INFO:     #340 chat/completions (stream): 256 tokens generated at
                       200.0 T/s · prompt 62 tokens, none cached, 62 new in 0.07
                       s · first token 0.08 s, total 1.36 s · draft 159/291
                       accepted (55%) · max_tokens reached
16:04:02.985 INFO:     #343 chat/completions (stream): 71 prompt tokens ·
                       temperature: 0, greedy (req), max_tokens: 256 (req),
                       min_tokens: 256 (req)
16:04:03.670 INFO:     #342 chat/completions (stream): 256 tokens generated at
                       194.1 T/s · prompt 62 tokens, none cached, 62 new in 0.07
                       s · first token 0.08 s, total 1.39 s · draft 158/294
                       accepted (54%) · max_tokens reached
16:04:03.702 INFO:     #344 chat/completions (stream): 93 prompt tokens ·
                       temperature: 0, greedy (req), max_tokens: 256 (req),
                       min_tokens: 256 (req)
16:04:04.275 INFO:     #343 chat/completions (stream): 256 tokens generated at
                       219.0 T/s · prompt 71 tokens, none cached, 71 new in 0.08
                       s · first token 0.08 s, total 1.25 s · draft 170/258
                       accepted (66%) · max_tokens reached
16:04:04.307 INFO:     #345 chat/completions (stream): 74 prompt tokens ·
                       temperature: 0, greedy (req), max_tokens: 256 (req),
                       min_tokens: 256 (req)
16:04:04.817 INFO:     #344 chat/completions (stream): 256 tokens generated at
                       261.0 T/s · prompt 93 tokens, none cached, 93 new in 0.09
                       s · first token 0.10 s, total 1.08 s · draft 183/219
                       accepted (84%) · max_tokens reached
16:04:04.851 INFO:     #346 chat/completions (stream): 892 prompt tokens ·
                       temperature: 0, greedy (req), max_tokens: 256 (req),
                       min_tokens: 256 (req)
16:04:05.915 INFO:     #345 chat/completions (stream): 256 tokens generated at
                       172.3 T/s · prompt 74 tokens, none cached, 74 new in 0.08
                       s · first token 0.08 s, total 1.57 s · draft 160/288
                       accepted (56%) · max_tokens reached
16:04:05.949 INFO:     #347 chat/completions (stream): 726 prompt tokens ·
                       temperature: 0, greedy (req), max_tokens: 256 (req),
                       min_tokens: 256 (req)
16:04:06.536 INFO:     #346 chat/completions (stream): 256 tokens generated at
                       189.3 T/s · prompt 892 tokens, none cached, 892 new in
                       0.29 s (3,076 T/s) · first token 0.30 s, total 1.65 s ·
                       draft 169/261 accepted (65%) · max_tokens reached
16:04:06.571 INFO:     #348 chat/completions (stream): 433 prompt tokens ·
                       temperature: 0, greedy (req), max_tokens: 256 (req),
                       min_tokens: 256 (req)
16:04:07.567 INFO:     #347 chat/completions (stream): 256 tokens generated at
                       194.6 T/s · prompt 726 tokens, none cached, 726 new in
                       0.26 s (2,792 T/s) · first token 0.27 s, total 1.58 s ·
                       draft 169/261 accepted (65%) · max_tokens reached
16:04:07.601 INFO:     #349 chat/completions (stream): 116 prompt tokens ·
                       temperature: 0, greedy (req), max_tokens: 256 (req),
                       min_tokens: 256 (req)
16:04:07.972 INFO:     #348 chat/completions (stream): 256 tokens generated at
                       227.6 T/s · prompt 433 tokens, none cached, 433 new in
                       0.23 s (1,883 T/s) · first token 0.24 s, total 1.36 s ·
                       draft 174/246 accepted (71%) · max_tokens reached
16:04:08.004 INFO:     #350 chat/completions (stream): 81 prompt tokens ·
                       temperature: 0, greedy (req), max_tokens: 256 (req),
                       min_tokens: 256 (req)
16:04:08.767 INFO:     #349 chat/completions (stream): 256 tokens generated at
                       250.3 T/s · prompt 116 tokens, none cached, 116 new in
                       0.10 s · first token 0.11 s, total 1.13 s · draft 182/222
                       accepted (82%) · max_tokens reached
16:04:08.801 INFO:     #351 chat/completions (stream): 634 prompt tokens ·
                       temperature: 0, greedy (req), max_tokens: 256 (req),
                       min_tokens: 256 (req)
16:04:09.471 INFO:     #350 chat/completions (stream): 256 tokens generated at
                       191.1 T/s · prompt 81 tokens, none cached, 81 new in 0.08
                       s · first token 0.09 s, total 1.42 s · draft 170/258
                       accepted (66%) · max_tokens reached
16:04:09.505 INFO:     #352 chat/completions (stream): 71 prompt tokens ·
                       temperature: 0, greedy (req), max_tokens: 256 (req),
                       min_tokens: 256 (req)
16:04:10.332 INFO:     #351 chat/completions (stream): 256 tokens generated at
                       207.6 T/s · prompt 634 tokens, none cached, 634 new in
                       0.25 s (2,536 T/s) · first token 0.26 s, total 1.49 s ·
                       draft 164/276 accepted (59%) · max_tokens reached
16:04:10.365 INFO:     #353 chat/completions (stream): 100 prompt tokens ·
                       temperature: 0, greedy (req), max_tokens: 256 (req),
                       min_tokens: 256 (req)
16:04:10.805 INFO:     #352 chat/completions (stream): 256 tokens generated at
                       217.4 T/s · prompt 71 tokens, none cached, 71 new in 0.08
                       s · first token 0.09 s, total 1.26 s · draft 169/261
                       accepted (65%) · max_tokens reached
16:04:10.837 INFO:     #354 chat/completions (stream): 96 prompt tokens ·
                       temperature: 0, greedy (req), max_tokens: 256 (req),
                       min_tokens: 256 (req)
16:04:11.621 INFO:     #353 chat/completions (stream): 256 tokens generated at
                       228.9 T/s · prompt 100 tokens, none cached, 100 new in
                       0.09 s · first token 0.10 s, total 1.21 s · draft 173/249
                       accepted (69%) · max_tokens reached
16:04:11.655 INFO:     #355 chat/completions (stream): 93 prompt tokens ·
                       temperature: 0, greedy (req), max_tokens: 256 (req),
                       min_tokens: 256 (req)
16:04:12.155 INFO:     #354 chat/completions (stream): 256 tokens generated at
                       216.1 T/s · prompt 96 tokens, none cached, 96 new in 0.09
                       s · first token 0.09 s, total 1.28 s · draft 168/264
                       accepted (64%) · max_tokens reached
16:04:12.190 INFO:     #356 chat/completions (stream): 804 prompt tokens ·
                       temperature: 0, greedy (req), max_tokens: 256 (req),
                       min_tokens: 256 (req)
16:04:13.380 INFO:     #355 chat/completions (stream): 256 tokens generated at
                       160.5 T/s · prompt 93 tokens, none cached, 93 new in 0.08
                       s · first token 0.09 s, total 1.68 s · draft 148/324
                       accepted (46%) · max_tokens reached
16:04:13.415 INFO:     #357 chat/completions (stream): 745 prompt tokens ·
                       temperature: 0, greedy (req), max_tokens: 256 (req),
                       min_tokens: 256 (req)
16:04:13.799 INFO:     #356 chat/completions (stream): 256 tokens generated at
                       195.1 T/s · prompt 804 tokens, none cached, 804 new in
                       0.25 s (3,216 T/s) · first token 0.26 s, total 1.57 s ·
                       draft 172/252 accepted (68%) · max_tokens reached
16:04:13.833 INFO:     #358 chat/completions (stream): 740 prompt tokens ·
                       temperature: 0, greedy (req), max_tokens: 256 (req),
                       min_tokens: 256 (req)
16:04:15.003 INFO:     #357 chat/completions (stream): 256 tokens generated at
                       202.0 T/s · prompt 745 tokens, none cached, 745 new in
                       0.27 s (2,759 T/s) · first token 0.28 s, total 1.54 s ·
                       draft 175/243 accepted (72%) · max_tokens reached
16:04:15.037 INFO:     #359 chat/completions (stream): 93 prompt tokens ·
                       temperature: 0, greedy (req), max_tokens: 256 (req),
                       min_tokens: 256 (req)
16:04:15.445 INFO:     #358 chat/completions (stream): 256 tokens generated at
                       197.0 T/s · prompt 740 tokens, none cached, 740 new in
                       0.26 s (2,846 T/s) · first token 0.27 s, total 1.56 s ·
                       draft 160/288 accepted (56%) · max_tokens reached
16:04:15.477 INFO:     #360 chat/completions (stream): 108 prompt tokens ·
                       temperature: 0, greedy (req), max_tokens: 256 (req),
                       min_tokens: 256 (req)
16:04:16.244 INFO:     #359 chat/completions (stream): 256 tokens generated at
                       238.4 T/s · prompt 93 tokens, none cached, 93 new in 0.09
                       s · first token 0.10 s, total 1.17 s · draft 178/234
                       accepted (76%) · max_tokens reached
16:04:16.276 INFO:     #361 chat/completions (stream): 63 prompt tokens ·
                       temperature: 0, greedy (req), max_tokens: 256 (req),
                       min_tokens: 256 (req)
16:04:16.651 INFO:     #360 chat/completions (stream): 256 tokens generated at
                       247.4 T/s · prompt 108 tokens, none cached, 108 new in
                       0.09 s · first token 0.10 s, total 1.13 s · draft 179/231
                       accepted (77%) · max_tokens reached
16:04:16.684 INFO:     #362 chat/completions (stream): 395 prompt tokens ·
                       temperature: 0, greedy (req), max_tokens: 256 (req),
                       min_tokens: 256 (req)
16:04:17.901 INFO:     #362 chat/completions (stream): 256 tokens generated at
                       268.3 T/s · prompt 395 tokens, none cached, 395 new in
                       0.22 s (1,795 T/s) · first token 0.23 s, total 1.18 s ·
                       draft 182/222 accepted (82%) · max_tokens reached
16:04:17.929 INFO:     #364 chat/completions (stream): 692 prompt tokens ·
                       temperature: 0, greedy (req), max_tokens: 256 (req),
                       min_tokens: 256 (req)
16:04:18.184 INFO:     #361 chat/completions (stream): 256 tokens generated at
                       162.9 T/s · prompt 63 tokens, none cached, 63 new in 0.07
                       s · first token 0.07 s, total 1.65 s · draft 148/324
                       accepted (46%) · max_tokens reached
16:04:18.219 INFO:     #365 chat/completions (stream): 714 prompt tokens ·
                       temperature: 0, greedy (req), max_tokens: 256 (req),
                       min_tokens: 256 (req)
16:04:19.509 INFO:     #365 chat/completions (stream): 256 tokens generated at
                       258.7 T/s · prompt 714 tokens, none cached, 714 new in
                       0.25 s (2,856 T/s) · first token 0.25 s, total 1.24 s ·
                       draft 177/237 accepted (75%) · max_tokens reached
16:04:19.534 INFO:     #366 chat/completions (stream): 79 prompt tokens ·
                       temperature: 0, greedy (req), max_tokens: 256 (req),
                       min_tokens: 256 (req)
16:04:19.638 INFO:     #364 chat/completions (stream): 256 tokens generated at
                       188.8 T/s · prompt 692 tokens, none cached, 692 new in
                       0.24 s (2,883 T/s) · first token 0.25 s, total 1.60 s ·
                       draft 166/270 accepted (61%) · max_tokens reached
16:04:19.674 INFO:     #367 chat/completions (stream): 587 prompt tokens ·
                       temperature: 0, greedy (req), max_tokens: 256 (req),
                       min_tokens: 256 (req)
16:04:21.239 INFO:     #366 chat/completions (stream): 256 tokens generated at
                       159.4 T/s · prompt 79 tokens, none cached, 79 new in 0.08
                       s · first token 0.09 s, total 1.69 s · draft 148/324
                       accepted (46%) · max_tokens reached
16:04:21.240 INFO:     #367 chat/completions (stream): 256 tokens generated at
                       194.0 T/s · prompt 587 tokens, none cached, 587 new in
                       0.24 s (2,446 T/s) · first token 0.24 s, total 1.56 s ·
                       draft 153/309 accepted (50%) · max_tokens reached
16:04:21.243 INFO:     #368 chat/completions (stream): 120 prompt tokens ·
                       temperature: 0, greedy (req), max_tokens: 256 (req),
                       min_tokens: 256 (req)
16:04:21.245 INFO:     #369 chat/completions (stream): 111 prompt tokens ·
                       temperature: 0, greedy (req), max_tokens: 256 (req),
                       min_tokens: 256 (req)
16:04:22.356 INFO:     #368 chat/completions (stream): 256 tokens generated at
                       291.8 T/s · prompt 120 tokens, none cached, 120 new in
                       0.19 s · first token 0.20 s, total 1.08 s · draft 186/210
                       accepted (89%) · max_tokens reached
16:04:22.360 INFO:     #369 chat/completions (stream): 256 tokens generated at
                       281.9 T/s · prompt 111 tokens, none cached, 111 new in
                       0.09 s · queued 0.11 s, first token 0.20 s, total 1.11 s
                       · draft 183/219 accepted (84%) · max_tokens reached
16:04:22.361 INFO:     #370 chat/completions (stream): 894 prompt tokens ·
                       temperature: 0, greedy (req), max_tokens: 256 (req),
                       min_tokens: 256 (req)
16:04:22.656 INFO:     #371 chat/completions (stream): 1,157 prompt tokens ·
                       temperature: 0, greedy (req), max_tokens: 256 (req),
                       min_tokens: 256 (req)
16:04:24.030 INFO:     #370 chat/completions (stream): 256 tokens generated at
                       190.7 T/s · prompt 894 tokens, none cached, 894 new in
                       0.27 s (3,311 T/s) · first token 0.28 s, total 1.62 s ·
                       draft 175/243 accepted (72%) · max_tokens reached
16:04:24.066 INFO:     #372 chat/completions (stream): 93 prompt tokens ·
                       temperature: 0, greedy (req), max_tokens: 256 (req),
                       min_tokens: 256 (req)
16:04:24.381 INFO:     #371 chat/completions (stream): 256 tokens generated at
                       189.2 T/s · prompt 1,157 tokens, none cached, 1,157 new
                       in 0.32 s (3,616 T/s) · first token 0.33 s, total 1.68 s
                       · draft 158/294 accepted (54%) · max_tokens reached
16:04:24.423 INFO:     #373 chat/completions (stream): 61 prompt tokens ·
                       temperature: 0, greedy (req), max_tokens: 256 (req),
                       min_tokens: 256 (req)
16:04:25.478 INFO:     #372 chat/completions (stream): 256 tokens generated at
                       201.7 T/s · prompt 93 tokens, none cached, 93 new in 0.09
                       s · first token 0.10 s, total 1.37 s · draft 167/267
                       accepted (63%) · max_tokens reached
16:04:25.516 INFO:     #374 chat/completions (stream): 1,540 prompt tokens ·
                       temperature: 0, greedy (req), max_tokens: 256 (req),
                       min_tokens: 256 (req)
16:04:25.925 INFO:     #373 chat/completions (stream): 256 tokens generated at
                       185.7 T/s · prompt 61 tokens, none cached, 61 new in 0.07
                       s · first token 0.08 s, total 1.46 s · draft 171/255
                       accepted (67%) · max_tokens reached
16:04:25.958 INFO:     #375 chat/completions (stream): 64 prompt tokens ·
                       temperature: 0, greedy (req), max_tokens: 256 (req),
                       min_tokens: 256 (req)
16:04:27.064 INFO:     #374 chat/completions (stream): 256 tokens generated at
                       208.6 T/s · prompt 1,540 tokens, none cached, 1,540 new
                       in 0.28 s (5,500 T/s) · first token 0.29 s, total 1.51 s
                       · draft 164/276 accepted (59%) · max_tokens reached
16:04:27.102 INFO:     #376 chat/completions (stream): 123 prompt tokens ·
                       temperature: 0, greedy (req), max_tokens: 256 (req),
                       min_tokens: 256 (req)
16:04:27.247 INFO:     #375 chat/completions (stream): 256 tokens generated at
                       241.0 T/s · prompt 64 tokens, none cached, 64 new in 0.07
                       s · first token 0.08 s, total 1.14 s · draft 171/255
                       accepted (67%) · max_tokens reached
16:04:27.279 INFO:     #377 chat/completions (stream): 72 prompt tokens ·
                       temperature: 0, greedy (req), max_tokens: 256 (req),
                       min_tokens: 256 (req)
16:04:28.376 INFO:     #376 chat/completions (stream): 256 tokens generated at
                       226.7 T/s · prompt 123 tokens, none cached, 123 new in
                       0.10 s · first token 0.11 s, total 1.23 s · draft 175/243
                       accepted (72%) · max_tokens reached
16:04:28.410 INFO:     #378 chat/completions (stream): 81 prompt tokens ·
                       temperature: 0, greedy (req), max_tokens: 256 (req),
                       min_tokens: 256 (req)
16:04:28.661 INFO:     #377 chat/completions (stream): 256 tokens generated at
                       203.4 T/s · prompt 72 tokens, none cached, 72 new in 0.08
                       s · first token 0.08 s, total 1.34 s · draft 166/270
                       accepted (61%) · max_tokens reached
16:04:28.693 INFO:     #379 chat/completions (stream): 64 prompt tokens ·
                       temperature: 0, greedy (req), max_tokens: 256 (req),
                       min_tokens: 256 (req)
16:04:29.682 INFO:     #378 chat/completions (stream): 256 tokens generated at
                       225.4 T/s · prompt 81 tokens, none cached, 81 new in 0.08
                       s · first token 0.09 s, total 1.22 s · draft 171/255
                       accepted (67%) · max_tokens reached
16:04:29.714 INFO:     #380 chat/completions (stream): 73 prompt tokens ·
                       temperature: 0, greedy (req), max_tokens: 256 (req),
                       min_tokens: 256 (req)
16:04:30.112 INFO:     #379 chat/completions (stream): 256 tokens generated at
                       196.5 T/s · prompt 64 tokens, none cached, 64 new in 0.07
                       s · first token 0.07 s, total 1.38 s · draft 158/294
                       accepted (54%) · max_tokens reached
16:04:30.144 INFO:     #381 chat/completions (stream): 63 prompt tokens ·
                       temperature: 0, greedy (req), max_tokens: 256 (req),
                       min_tokens: 256 (req)
16:04:31.047 INFO:     #380 chat/completions (stream): 256 tokens generated at
                       211.7 T/s · prompt 73 tokens, none cached, 73 new in 0.08
                       s · first token 0.09 s, total 1.29 s · draft 166/270
                       accepted (61%) · max_tokens reached
16:04:31.081 INFO:     #382 chat/completions (stream): 720 prompt tokens ·
                       temperature: 0, greedy (req), max_tokens: 256 (req),
                       min_tokens: 256 (req)
16:04:31.771 INFO:     #381 chat/completions (stream): 256 tokens generated at
                       169.4 T/s · prompt 63 tokens, none cached, 63 new in 0.07
                       s · first token 0.08 s, total 1.59 s · draft 157/297
                       accepted (53%) · max_tokens reached
16:04:31.804 INFO:     #383 chat/completions (stream): 110 prompt tokens ·
                       temperature: 0, greedy (req), max_tokens: 256 (req),
                       min_tokens: 256 (req)
16:04:32.644 INFO:     #382 chat/completions (stream): 256 tokens generated at
                       203.9 T/s · prompt 720 tokens, none cached, 720 new in
                       0.26 s (2,769 T/s) · first token 0.27 s, total 1.52 s ·
                       draft 164/276 accepted (59%) · max_tokens reached
16:04:32.678 INFO:     #385 chat/completions (stream): 751 prompt tokens ·
                       temperature: 0, greedy (req), max_tokens: 256 (req),
                       min_tokens: 256 (req)
16:04:33.152 INFO:     #383 chat/completions (stream): 256 tokens generated at
                       211.6 T/s · prompt 110 tokens, none cached, 110 new in
                       0.09 s · first token 0.10 s, total 1.31 s · draft 180/228
                       accepted (79%) · max_tokens reached
16:04:33.185 INFO:     #386 chat/completions (stream): 128 prompt tokens ·
                       temperature: 0, greedy (req), max_tokens: 256 (req),
                       min_tokens: 256 (req)
16:04:34.084 INFO:     #385 chat/completions (stream): 256 tokens generated at
                       232.8 T/s · prompt 751 tokens, none cached, 751 new in
                       0.26 s (2,888 T/s) · first token 0.27 s, total 1.36 s ·
                       draft 177/237 accepted (75%) · max_tokens reached
16:04:34.116 INFO:     #387 chat/completions (stream): 103 prompt tokens ·
                       temperature: 0, greedy (req), max_tokens: 256 (req),
                       min_tokens: 256 (req)
16:04:34.315 INFO:     #386 chat/completions (stream): 256 tokens generated at
                       260.3 T/s · prompt 128 tokens, none cached, 128 new in
                       0.10 s · first token 0.11 s, total 1.09 s · draft 185/213
                       accepted (87%) · max_tokens reached
16:04:34.348 INFO:     #388 chat/completions (stream): 64 prompt tokens ·
                       temperature: 0, greedy (req), max_tokens: 256 (req),
                       min_tokens: 256 (req)
16:04:35.514 INFO:     #387 chat/completions (stream): 256 tokens generated at
                       203.1 T/s · prompt 103 tokens, none cached, 103 new in
                       0.09 s · first token 0.10 s, total 1.36 s · draft 162/282
                       accepted (57%) · max_tokens reached
16:04:35.546 INFO:     #389 chat/completions (stream): 114 prompt tokens ·
                       temperature: 0, greedy (req), max_tokens: 256 (req),
                       min_tokens: 256 (req)
16:04:35.767 INFO:     #388 chat/completions (stream): 256 tokens generated at
                       197.9 T/s · prompt 64 tokens, none cached, 64 new in 0.08
                       s · first token 0.09 s, total 1.38 s · draft 161/285
                       accepted (56%) · max_tokens reached
16:04:35.799 INFO:     #390 chat/completions (stream): 135 prompt tokens ·
                       temperature: 0, greedy (req), max_tokens: 256 (req),
                       min_tokens: 256 (req)
16:04:36.903 INFO:     #390 chat/completions (stream): 256 tokens generated at
                       267.8 T/s · prompt 135 tokens, none cached, 135 new in
                       0.10 s · first token 0.10 s, total 1.06 s · draft 181/225
                       accepted (80%) · max_tokens reached
16:04:36.936 INFO:     #391 chat/completions (stream): 80 prompt tokens ·
                       temperature: 0, greedy (req), max_tokens: 256 (req),
                       min_tokens: 256 (req)
16:04:37.264 INFO:     #389 chat/completions (stream): 256 tokens generated at
                       162.7 T/s · prompt 114 tokens, none cached, 114 new in
                       0.10 s · first token 0.11 s, total 1.68 s · draft 145/333
                       accepted (44%) · max_tokens reached
16:04:37.297 INFO:     #392 chat/completions (stream): 73 prompt tokens ·
                       temperature: 0, greedy (req), max_tokens: 256 (req),
                       min_tokens: 256 (req)
16:04:38.310 INFO:     #391 chat/completions (stream): 256 tokens generated at
                       205.0 T/s · prompt 80 tokens, none cached, 80 new in 0.08
                       s · first token 0.09 s, total 1.33 s · draft 163/279
                       accepted (58%) · max_tokens reached
16:04:38.343 INFO:     #393 chat/completions (stream): 62 prompt tokens ·
                       temperature: 0, greedy (req), max_tokens: 256 (req),
                       min_tokens: 256 (req)
16:04:38.569 INFO:     #392 chat/completions (stream): 256 tokens generated at
                       222.4 T/s · prompt 73 tokens, none cached, 73 new in 0.08
                       s · first token 0.08 s, total 1.24 s · draft 170/258
                       accepted (66%) · max_tokens reached
16:04:38.604 INFO:     #394 chat/completions (stream): 785 prompt tokens ·
                       temperature: 0, greedy (req), max_tokens: 256 (req),
                       min_tokens: 256 (req)
16:04:39.781 INFO:     #393 chat/completions (stream): 256 tokens generated at
                       193.5 T/s · prompt 62 tokens, none cached, 62 new in 0.07
                       s · first token 0.08 s, total 1.40 s · draft 165/273
                       accepted (60%) · max_tokens reached
16:04:39.816 INFO:     #395 chat/completions (stream): 92 prompt tokens ·
                       temperature: 0, greedy (req), max_tokens: 256 (req),
                       min_tokens: 256 (req)
16:04:40.072 INFO:     #394 chat/completions (stream): 256 tokens generated at
                       208.3 T/s · prompt 785 tokens, none cached, 785 new in
                       0.19 s (4,132 T/s) · first token 0.19 s, total 1.42 s ·
                       draft 165/273 accepted (60%) · max_tokens reached
16:04:40.106 INFO:     #396 chat/completions (stream): 680 prompt tokens ·
                       temperature: 0, greedy (req), max_tokens: 256 (req),
                       min_tokens: 256 (req)
16:04:41.324 INFO:     #395 chat/completions (stream): 256 tokens generated at
                       186.1 T/s · prompt 92 tokens, none cached, 92 new in 0.08
                       s · first token 0.09 s, total 1.46 s · draft 164/276
                       accepted (59%) · max_tokens reached
16:04:41.358 INFO:     #397 chat/completions (stream): 125 prompt tokens ·
                       temperature: 0, greedy (req), max_tokens: 256 (req),
                       min_tokens: 256 (req)
16:04:41.564 INFO:     #396 chat/completions (stream): 256 tokens generated at
                       218.7 T/s · prompt 680 tokens, none cached, 680 new in
                       0.24 s (2,833 T/s) · first token 0.24 s, total 1.42 s ·
                       draft 170/258 accepted (66%) · max_tokens reached
16:04:41.597 INFO:     #398 chat/completions (stream): 79 prompt tokens ·
                       temperature: 0, greedy (req), max_tokens: 256 (req),
                       min_tokens: 256 (req)
16:04:42.658 INFO:     #397 chat/completions (stream): 256 tokens generated at
                       221.2 T/s · prompt 125 tokens, none cached, 125 new in
                       0.10 s · first token 0.11 s, total 1.26 s · draft 170/258
                       accepted (66%) · max_tokens reached
16:04:42.691 INFO:     #399 chat/completions (stream): 86 prompt tokens ·
                       temperature: 0, greedy (req), max_tokens: 256 (req),
                       min_tokens: 256 (req)
16:04:42.959 INFO:     #398 chat/completions (stream): 256 tokens generated at
                       206.8 T/s · prompt 79 tokens, none cached, 79 new in 0.08
                       s · first token 0.08 s, total 1.32 s · draft 164/276
                       accepted (59%) · max_tokens reached
16:04:42.991 INFO:     #400 chat/completions (stream): 69 prompt tokens ·
                       temperature: 0, greedy (req), max_tokens: 256 (req),
                       min_tokens: 256 (req)
16:04:43.982 INFO:     #399 chat/completions (stream): 256 tokens generated at
                       220.7 T/s · prompt 86 tokens, none cached, 86 new in 0.08
                       s · first token 0.09 s, total 1.25 s · draft 169/261
                       accepted (65%) · max_tokens reached
16:04:44.017 INFO:     #401 chat/completions (stream): 80 prompt tokens ·
                       temperature: 0, greedy (req), max_tokens: 256 (req),
                       min_tokens: 256 (req)
16:04:44.282 INFO:     #400 chat/completions (stream): 256 tokens generated at
                       219.2 T/s · prompt 69 tokens, none cached, 69 new in 0.08
                       s · first token 0.08 s, total 1.25 s · draft 169/261
                       accepted (65%) · max_tokens reached
16:04:44.314 INFO:     #402 chat/completions (stream): 80 prompt tokens ·
                       temperature: 0, greedy (req), max_tokens: 256 (req),
                       min_tokens: 256 (req)
16:04:45.361 INFO:     #401 chat/completions (stream): 256 tokens generated at
                       210.2 T/s · prompt 80 tokens, none cached, 80 new in 0.08
                       s · first token 0.09 s, total 1.30 s · draft 165/273
                       accepted (60%) · max_tokens reached
16:04:45.394 INFO:     #403 chat/completions (stream): 62 prompt tokens ·
                       temperature: 0, greedy (req), max_tokens: 256 (req),
                       min_tokens: 256 (req)
16:04:45.735 INFO:     #402 chat/completions (stream): 256 tokens generated at
                       197.7 T/s · prompt 80 tokens, none cached, 80 new in 0.08
                       s · first token 0.08 s, total 1.38 s · draft 158/294
                       accepted (54%) · max_tokens reached
16:04:45.769 INFO:     #404 chat/completions (stream): 635 prompt tokens ·
                       temperature: 0, greedy (req), max_tokens: 256 (req),
                       min_tokens: 256 (req)
16:04:47.042 INFO:     #403 chat/completions (stream): 256 tokens generated at
                       167.1 T/s · prompt 62 tokens, none cached, 62 new in 0.07
                       s · first token 0.08 s, total 1.61 s · draft 153/309
                       accepted (50%) · max_tokens reached
16:04:47.077 INFO:     #406 chat/completions (stream): 828 prompt tokens ·
                       temperature: 0, greedy (req), max_tokens: 256 (req),
                       min_tokens: 256 (req)
16:04:47.410 INFO:     #404 chat/completions (stream): 256 tokens generated at
                       189.9 T/s · prompt 635 tokens, none cached, 635 new in
                       0.25 s (2,540 T/s) · first token 0.25 s, total 1.60 s ·
                       draft 168/264 accepted (64%) · max_tokens reached
16:04:47.447 INFO:     #407 chat/completions (stream): 62 prompt tokens ·
                       temperature: 0, greedy (req), max_tokens: 256 (req),
                       min_tokens: 256 (req)
16:04:48.674 INFO:     #406 chat/completions (stream): 256 tokens generated at
                       196.8 T/s · prompt 828 tokens, none cached, 828 new in
                       0.25 s (3,312 T/s) · first token 0.26 s, total 1.56 s ·
                       draft 157/297 accepted (53%) · max_tokens reached
16:04:48.707 INFO:     #408 chat/completions (stream): 79 prompt tokens ·
                       temperature: 0, greedy (req), max_tokens: 256 (req),
                       min_tokens: 256 (req)
16:04:48.953 INFO:     #407 chat/completions (stream): 256 tokens generated at
                       183.9 T/s · prompt 62 tokens, none cached, 62 new in 0.07
                       s · first token 0.08 s, total 1.47 s · draft 150/318
                       accepted (47%) · max_tokens reached
16:04:48.986 INFO:     #409 chat/completions (stream): 492 prompt tokens ·
                       temperature: 0, greedy (req), max_tokens: 256 (req),
                       min_tokens: 256 (req)
16:04:49.949 INFO:     #408 chat/completions (stream): 256 tokens generated at
                       228.9 T/s · prompt 79 tokens, none cached, 79 new in 0.08
                       s · first token 0.09 s, total 1.20 s · draft 185/213
                       accepted (87%) · max_tokens reached
16:04:49.982 INFO:     #410 chat/completions (stream): 65 prompt tokens ·
                       temperature: 0, greedy (req), max_tokens: 256 (req),
                       min_tokens: 256 (req)
16:04:50.576 INFO:     #409 chat/completions (stream): 256 tokens generated at
                       196.5 T/s · prompt 492 tokens, none cached, 492 new in
                       0.24 s (2,050 T/s) · first token 0.24 s, total 1.55 s ·
                       draft 159/291 accepted (55%) · max_tokens reached
16:04:50.608 INFO:     #411 chat/completions (stream): 63 prompt tokens ·
                       temperature: 0, greedy (req), max_tokens: 256 (req),
                       min_tokens: 256 (req)
16:04:51.308 INFO:     #410 chat/completions (stream): 256 tokens generated at
                       211.5 T/s · prompt 65 tokens, none cached, 65 new in 0.07
                       s · first token 0.08 s, total 1.29 s · draft 165/273
                       accepted (60%) · max_tokens reached
16:04:51.342 INFO:     #412 chat/completions (stream): 724 prompt tokens ·
                       temperature: 0, greedy (req), max_tokens: 256 (req),
                       min_tokens: 256 (req)
16:04:52.049 INFO:     #411 chat/completions (stream): 256 tokens generated at
                       193.3 T/s · prompt 63 tokens, none cached, 63 new in 0.07
                       s · first token 0.08 s, total 1.40 s · draft 168/264
                       accepted (64%) · max_tokens reached
16:04:52.083 INFO:     #413 chat/completions (stream): 760 prompt tokens ·
                       temperature: 0, greedy (req), max_tokens: 256 (req),
                       min_tokens: 256 (req)
16:04:52.957 INFO:     #412 chat/completions (stream): 256 tokens generated at
                       194.4 T/s · prompt 724 tokens, none cached, 724 new in
                       0.25 s (2,896 T/s) · first token 0.26 s, total 1.57 s ·
                       draft 170/258 accepted (66%) · max_tokens reached
16:04:52.993 INFO:     #414 chat/completions (stream): 742 prompt tokens ·
                       temperature: 0, greedy (req), max_tokens: 256 (req),
                       min_tokens: 256 (req)
16:04:53.689 INFO:     #413 chat/completions (stream): 256 tokens generated at
                       196.1 T/s · prompt 760 tokens, none cached, 760 new in
                       0.25 s (3,040 T/s) · first token 0.26 s, total 1.56 s ·
                       draft 172/252 accepted (68%) · max_tokens reached
16:04:53.722 INFO:     #415 chat/completions (stream): 61 prompt tokens ·
                       temperature: 0, greedy (req), max_tokens: 256 (req),
                       min_tokens: 256 (req)
16:04:54.375 INFO:     #414 chat/completions (stream): 256 tokens generated at
                       236.9 T/s · prompt 742 tokens, none cached, 742 new in
                       0.25 s (2,968 T/s) · first token 0.26 s, total 1.34 s ·
                       draft 176/240 accepted (73%) · max_tokens reached
16:04:54.410 INFO:     #416 chat/completions (stream): 764 prompt tokens ·
                       temperature: 0, greedy (req), max_tokens: 256 (req),
                       min_tokens: 256 (req)
16:04:55.473 INFO:     #415 chat/completions (stream): 256 tokens generated at
                       156.5 T/s · prompt 61 tokens, none cached, 61 new in 0.07
                       s · first token 0.08 s, total 1.71 s · draft 147/327
                       accepted (45%) · max_tokens reached
16:04:55.509 INFO:     #417 chat/completions (stream): 833 prompt tokens ·
                       temperature: 0, greedy (req), max_tokens: 256 (req),
                       min_tokens: 256 (req)
16:04:56.040 INFO:     #416 chat/completions (stream): 256 tokens generated at
                       195.3 T/s · prompt 764 tokens, none cached, 764 new in
                       0.27 s (2,830 T/s) · first token 0.28 s, total 1.59 s ·
                       draft 171/255 accepted (67%) · max_tokens reached
16:04:56.072 INFO:     #418 chat/completions (stream): 71 prompt tokens ·
                       temperature: 0, greedy (req), max_tokens: 256 (req),
                       min_tokens: 256 (req)
16:04:56.855 INFO:     #417 chat/completions (stream): 256 tokens generated at
                       246.4 T/s · prompt 833 tokens, none cached, 833 new in
                       0.26 s (3,204 T/s) · first token 0.27 s, total 1.30 s ·
                       draft 179/231 accepted (77%) · max_tokens reached
16:04:56.890 INFO:     #419 chat/completions (stream): 798 prompt tokens ·
                       temperature: 0, greedy (req), max_tokens: 256 (req),
                       min_tokens: 256 (req)
16:04:57.617 INFO:     #418 chat/completions (stream): 256 tokens generated at
                       179.9 T/s · prompt 71 tokens, none cached, 71 new in 0.07
                       s · first token 0.08 s, total 1.50 s · draft 159/291
                       accepted (55%) · max_tokens reached
16:04:57.649 INFO:     #420 chat/completions (stream): 87 prompt tokens ·
                       temperature: 0, greedy (req), max_tokens: 256 (req),
                       min_tokens: 256 (req)
16:04:58.351 INFO:     #419 chat/completions (stream): 256 tokens generated at
                       212.2 T/s · prompt 798 tokens, none cached, 798 new in
                       0.21 s (3,800 T/s) · first token 0.22 s, total 1.42 s ·
                       draft 167/267 accepted (63%) · max_tokens reached
16:04:58.387 INFO:     #421 chat/completions (stream): 773 prompt tokens ·
                       temperature: 0, greedy (req), max_tokens: 256 (req),
                       min_tokens: 256 (req)
16:04:58.997 INFO:     #420 chat/completions (stream): 256 tokens generated at
                       210.5 T/s · prompt 87 tokens, none cached, 87 new in 0.08
                       s · first token 0.09 s, total 1.30 s · draft 176/240
                       accepted (73%) · max_tokens reached
16:04:59.030 INFO:     #422 chat/completions (stream): 114 prompt tokens ·
                       temperature: 0, greedy (req), max_tokens: 256 (req),
                       min_tokens: 256 (req)
16:04:59.801 INFO:     #421 chat/completions (stream): 256 tokens generated at
                       222.2 T/s · prompt 773 tokens, none cached, 773 new in
                       0.22 s (3,514 T/s) · first token 0.23 s, total 1.38 s ·
                       draft 172/252 accepted (68%) · max_tokens reached
16:04:59.835 INFO:     #423 chat/completions (stream): 312 prompt tokens ·
                       temperature: 0, greedy (req), max_tokens: 256 (req),
                       min_tokens: 256 (req)
16:05:00.518 INFO:     #422 chat/completions (stream): 256 tokens generated at
                       190.6 T/s · prompt 114 tokens, none cached, 114 new in
                       0.10 s · first token 0.11 s, total 1.45 s · draft 164/276
                       accepted (59%) · max_tokens reached
16:05:00.552 INFO:     #424 chat/completions (stream): 63 prompt tokens ·
                       temperature: 0, greedy (req), max_tokens: 256 (req),
                       min_tokens: 256 (req)
16:05:01.239 INFO:     #423 chat/completions (stream): 256 tokens generated at
                       220.8 T/s · prompt 312 tokens, none cached, 312 new in
                       0.20 s (1,560 T/s) · first token 0.21 s, total 1.36 s ·
                       draft 170/258 accepted (66%) · max_tokens reached
16:05:01.271 INFO:     #425 chat/completions (stream): 66 prompt tokens ·
                       temperature: 0, greedy (req), max_tokens: 256 (req),
                       min_tokens: 256 (req)
16:05:01.756 INFO:     #424 chat/completions (stream): 256 tokens generated at
                       235.2 T/s · prompt 63 tokens, none cached, 63 new in 0.07
                       s · first token 0.08 s, total 1.16 s · draft 175/243
                       accepted (72%) · max_tokens reached
16:05:01.791 INFO:     #426 chat/completions (stream): 912 prompt tokens ·
                       temperature: 0, greedy (req), max_tokens: 256 (req),
                       min_tokens: 256 (req)
16:05:02.976 INFO:     #425 chat/completions (stream): 256 tokens generated at
                       161.5 T/s · prompt 66 tokens, none cached, 66 new in 0.07
                       s · first token 0.07 s, total 1.66 s · draft 152/312
                       accepted (49%) · max_tokens reached
16:05:03.008 INFO:     #428 chat/completions (stream): 66 prompt tokens ·
                       temperature: 0, greedy (req), max_tokens: 256 (req),
                       min_tokens: 256 (req)
16:05:03.467 INFO:     #426 chat/completions (stream): 256 tokens generated at
                       191.7 T/s · prompt 912 tokens, none cached, 912 new in
                       0.29 s (3,145 T/s) · first token 0.30 s, total 1.63 s ·
                       draft 156/300 accepted (52%) · max_tokens reached
16:05:03.500 INFO:     #429 chat/completions (stream): 75 prompt tokens ·
                       temperature: 0, greedy (req), max_tokens: 256 (req),
                       min_tokens: 256 (req)
16:05:04.303 INFO:     #428 chat/completions (stream): 256 tokens generated at
                       218.2 T/s · prompt 66 tokens, none cached, 66 new in 0.07
                       s · first token 0.08 s, total 1.25 s · draft 170/258
                       accepted (66%) · max_tokens reached
16:05:04.339 INFO:     #430 chat/completions (stream): 624 prompt tokens ·
                       temperature: 0, greedy (req), max_tokens: 256 (req),
                       min_tokens: 256 (req)
16:05:05.012 INFO:     #429 chat/completions (stream): 256 tokens generated at
                       184.4 T/s · prompt 75 tokens, none cached, 75 new in 0.08
                       s · first token 0.09 s, total 1.47 s · draft 168/264
                       accepted (64%) · max_tokens reached
16:05:05.046 INFO:     #431 chat/completions (stream): 63 prompt tokens ·
                       temperature: 0, greedy (req), max_tokens: 256 (req),
                       min_tokens: 256 (req)
16:05:05.902 INFO:     #430 chat/completions (stream): 256 tokens generated at
                       206.5 T/s · prompt 624 tokens, none cached, 624 new in
                       0.28 s (2,229 T/s) · first token 0.29 s, total 1.53 s ·
                       draft 164/276 accepted (59%) · max_tokens reached
16:05:05.934 INFO:     #432 chat/completions (stream): 78 prompt tokens ·
                       temperature: 0, greedy (req), max_tokens: 256 (req),
                       min_tokens: 256 (req)
16:05:06.490 INFO:     #431 chat/completions (stream): 256 tokens generated at
                       192.8 T/s · prompt 63 tokens, none cached, 63 new in 0.07
                       s · first token 0.08 s, total 1.40 s · draft 157/297
                       accepted (53%) · max_tokens reached
16:05:06.523 INFO:     #433 chat/completions (stream): 136 prompt tokens ·
                       temperature: 0, greedy (req), max_tokens: 256 (req),
                       min_tokens: 256 (req)
16:05:07.368 INFO:     #432 chat/completions (stream): 256 tokens generated at
                       195.5 T/s · prompt 78 tokens, none cached, 78 new in 0.08
                       s · first token 0.09 s, total 1.39 s · draft 160/288
                       accepted (56%) · max_tokens reached
16:05:07.401 INFO:     #434 chat/completions (stream): 87 prompt tokens ·
                       temperature: 0, greedy (req), max_tokens: 256 (req),
                       min_tokens: 256 (req)
16:05:07.866 INFO:     #433 chat/completions (stream): 256 tokens generated at
                       214.8 T/s · prompt 136 tokens, none cached, 136 new in
                       0.11 s · first token 0.12 s, total 1.31 s · draft 169/261
                       accepted (65%) · max_tokens reached
16:05:07.898 INFO:     #435 chat/completions (stream): 63 prompt tokens ·
                       temperature: 0, greedy (req), max_tokens: 256 (req),
                       min_tokens: 256 (req)
16:05:08.716 INFO:     #434 chat/completions (stream): 256 tokens generated at
                       220.4 T/s · prompt 87 tokens, none cached, 87 new in 0.11
                       s · first token 0.12 s, total 1.28 s · draft 168/264
                       accepted (64%) · max_tokens reached
16:05:08.748 INFO:     #436 chat/completions (stream): 106 prompt tokens ·
                       temperature: 0, greedy (req), max_tokens: 256 (req),
                       min_tokens: 256 (req)
16:05:09.215 INFO:     #435 chat/completions (stream): 256 tokens generated at
                       212.9 T/s · prompt 63 tokens, none cached, 63 new in 0.07
                       s · first token 0.07 s, total 1.28 s · draft 167/267
                       accepted (63%) · max_tokens reached
16:05:09.248 INFO:     #437 chat/completions (stream): 121 prompt tokens ·
                       temperature: 0, greedy (req), max_tokens: 256 (req),
                       min_tokens: 256 (req)
16:05:10.162 INFO:     #436 chat/completions (stream): 256 tokens generated at
                       201.5 T/s · prompt 106 tokens, none cached, 106 new in
                       0.09 s · first token 0.10 s, total 1.37 s · draft 164/276
                       accepted (59%) · max_tokens reached
16:05:10.195 INFO:     #438 chat/completions (stream): 88 prompt tokens ·
                       temperature: 0, greedy (req), max_tokens: 256 (req),
                       min_tokens: 256 (req)
16:05:10.502 INFO:     #437 chat/completions (stream): 256 tokens generated at
                       230.7 T/s · prompt 121 tokens, none cached, 121 new in
                       0.10 s · first token 0.10 s, total 1.21 s · draft 177/237
                       accepted (75%) · max_tokens reached
16:05:10.538 INFO:     #439 chat/completions (stream): 728 prompt tokens ·
                       temperature: 0, greedy (req), max_tokens: 256 (req),
                       min_tokens: 256 (req)
16:05:11.626 INFO:     #438 chat/completions (stream): 256 tokens generated at
                       197.1 T/s · prompt 88 tokens, none cached, 88 new in 0.08
                       s · first token 0.09 s, total 1.38 s · draft 173/249
                       accepted (69%) · max_tokens reached
16:05:11.661 INFO:     #440 chat/completions (stream): 749 prompt tokens ·
                       temperature: 0, greedy (req), max_tokens: 256 (req),
                       min_tokens: 256 (req)
16:05:12.292 INFO:     #439 chat/completions (stream): 256 tokens generated at
                       176.4 T/s · prompt 728 tokens, none cached, 728 new in
                       0.26 s (2,800 T/s) · first token 0.27 s, total 1.72 s ·
                       draft 160/288 accepted (56%) · max_tokens reached
16:05:12.326 INFO:     #441 chat/completions (stream): 89 prompt tokens ·
                       temperature: 0, greedy (req), max_tokens: 256 (req),
                       min_tokens: 256 (req)
16:05:13.102 INFO:     #440 chat/completions (stream): 256 tokens generated at
                       224.7 T/s · prompt 749 tokens, none cached, 749 new in
                       0.25 s (2,996 T/s) · first token 0.26 s, total 1.40 s ·
                       draft 173/249 accepted (69%) · max_tokens reached
16:05:13.135 INFO:     #442 chat/completions (stream): 341 prompt tokens ·
                       temperature: 0, greedy (req), max_tokens: 256 (req),
                       min_tokens: 256 (req)
16:05:13.829 INFO:     #441 chat/completions (stream): 256 tokens generated at
                       186.9 T/s · prompt 89 tokens, none cached, 89 new in 0.09
                       s · first token 0.10 s, total 1.47 s · draft 164/276
                       accepted (59%) · max_tokens reached
16:05:13.862 INFO:     #443 chat/completions (stream): 66 prompt tokens ·
                       temperature: 0, greedy (req), max_tokens: 256 (req),
                       min_tokens: 256 (req)
16:05:14.657 INFO:     #442 chat/completions (stream): 256 tokens generated at
                       202.6 T/s · prompt 341 tokens, none cached, 341 new in
                       0.21 s (1,624 T/s) · first token 0.22 s, total 1.48 s ·
                       draft 162/282 accepted (57%) · max_tokens reached
16:05:14.689 INFO:     #444 chat/completions (stream): 63 prompt tokens ·
                       temperature: 0, greedy (req), max_tokens: 256 (req),
                       min_tokens: 256 (req)
16:05:15.147 INFO:     #443 chat/completions (stream): 256 tokens generated at
                       219.7 T/s · prompt 66 tokens, none cached, 66 new in 0.07
                       s · first token 0.08 s, total 1.24 s · draft 169/261
                       accepted (65%) · max_tokens reached
16:05:15.181 INFO:     #445 chat/completions (stream): 74 prompt tokens ·
                       temperature: 0, greedy (req), max_tokens: 256 (req),
                       min_tokens: 256 (req)
16:05:15.929 INFO:     #444 chat/completions (stream): 256 tokens generated at
                       227.9 T/s · prompt 63 tokens, none cached, 63 new in 0.07
                       s · first token 0.08 s, total 1.20 s · draft 173/249
                       accepted (69%) · max_tokens reached
16:05:15.960 INFO:     #446 chat/completions (stream): 107 prompt tokens ·
                       temperature: 0, greedy (req), max_tokens: 256 (req),
                       min_tokens: 256 (req)
16:05:16.594 INFO:     #445 chat/completions (stream): 256 tokens generated at
                       198.4 T/s · prompt 74 tokens, none cached, 74 new in 0.08
                       s · first token 0.09 s, total 1.38 s · draft 161/285
                       accepted (56%) · max_tokens reached
16:05:16.628 INFO:     #447 chat/completions (stream): 165 prompt tokens ·
                       temperature: 0, greedy (req), max_tokens: 256 (req),
                       min_tokens: 256 (req)
16:05:17.172 INFO:     #446 chat/completions (stream): 256 tokens generated at
                       238.6 T/s · prompt 107 tokens, none cached, 107 new in
                       0.09 s · first token 0.10 s, total 1.17 s · draft 178/234
                       accepted (76%) · max_tokens reached
16:05:17.207 INFO:     #449 chat/completions (stream): 780 prompt tokens ·
                       temperature: 0, greedy (req), max_tokens: 256 (req),
                       min_tokens: 256 (req)
16:05:17.914 INFO:     #447 chat/completions (stream): 256 tokens generated at
                       223.2 T/s · prompt 165 tokens, none cached, 165 new in
                       0.09 s · first token 0.10 s, total 1.24 s · draft 180/228
                       accepted (79%) · max_tokens reached
16:05:17.947 INFO:     #450 chat/completions (stream): 79 prompt tokens ·
                       temperature: 0, greedy (req), max_tokens: 256 (req),
                       min_tokens: 256 (req)
16:05:18.696 INFO:     #449 chat/completions (stream): 256 tokens generated at
                       207.6 T/s · prompt 780 tokens, none cached, 780 new in
                       0.21 s (3,714 T/s) · first token 0.22 s, total 1.45 s ·
                       draft 164/276 accepted (59%) · max_tokens reached
16:05:18.731 INFO:     #451 chat/completions (stream): 1,083 prompt tokens ·
                       temperature: 0, greedy (req), max_tokens: 256 (req),
                       min_tokens: 256 (req)
16:05:19.396 INFO:     #450 chat/completions (stream): 256 tokens generated at
                       195.3 T/s · prompt 79 tokens, none cached, 79 new in 0.08
                       s · first token 0.09 s, total 1.40 s · draft 174/246
                       accepted (71%) · max_tokens reached
16:05:19.430 INFO:     #452 chat/completions (stream): 82 prompt tokens ·
                       temperature: 0, greedy (req), max_tokens: 256 (req),
                       min_tokens: 256 (req)
16:05:20.367 INFO:     #451 chat/completions (stream): 256 tokens generated at
                       197.1 T/s · prompt 1,083 tokens, none cached, 1,083 new
                       in 0.29 s (3,734 T/s) · first token 0.30 s, total 1.59 s
                       · draft 160/288 accepted (56%) · max_tokens reached
16:05:20.382 INFO:     #453 chat/completions (stream): 91 prompt tokens ·
                       temperature: 0, greedy (req), max_tokens: 256 (req),
                       min_tokens: 256 (req)
16:05:20.483 INFO:     #452 chat/completions (stream): 256 tokens generated at
                       298.5 T/s · prompt 82 tokens, none cached, 82 new in 0.08
                       s · first token 0.09 s, total 0.94 s · draft 187/207
                       accepted (90%) · max_tokens reached
16:05:20.516 INFO:     #454 chat/completions (stream): 82 prompt tokens ·
                       temperature: 0, greedy (req), max_tokens: 256 (req),
                       min_tokens: 256 (req)
16:05:21.777 INFO:     #453 chat/completions (stream): 256 tokens generated at
                       202.6 T/s · prompt 91 tokens, none cached, 91 new in 0.08
                       s · first token 0.09 s, total 1.35 s · draft 163/279
                       accepted (58%) · max_tokens reached
16:05:21.809 INFO:     #455 chat/completions (stream): 70 prompt tokens ·
                       temperature: 0, greedy (req), max_tokens: 256 (req),
                       min_tokens: 256 (req)
16:05:22.028 INFO:     #454 chat/completions (stream): 256 tokens generated at
                       185.0 T/s · prompt 82 tokens, none cached, 82 new in 0.08
                       s · first token 0.08 s, total 1.47 s · draft 152/312
                       accepted (49%) · max_tokens reached
16:05:22.061 INFO:     #456 chat/completions (stream): 816 prompt tokens ·
                       temperature: 0, greedy (req), max_tokens: 256 (req),
                       min_tokens: 256 (req)
16:05:23.241 INFO:     #455 chat/completions (stream): 256 tokens generated at
                       195.4 T/s · prompt 70 tokens, none cached, 70 new in 0.08
                       s · first token 0.09 s, total 1.40 s · draft 170/258
                       accepted (66%) · max_tokens reached
16:05:23.273 INFO:     #457 chat/completions (stream): 103 prompt tokens ·
                       temperature: 0, greedy (req), max_tokens: 256 (req),
                       min_tokens: 256 (req)
16:05:23.490 INFO:     #456 chat/completions (stream): 256 tokens generated at
                       224.7 T/s · prompt 816 tokens, none cached, 816 new in
                       0.24 s (3,400 T/s) · first token 0.24 s, total 1.38 s ·
                       draft 173/249 accepted (69%) · max_tokens reached
16:05:23.523 INFO:     #458 chat/completions (stream): 96 prompt tokens ·
                       temperature: 0, greedy (req), max_tokens: 256 (req),
                       min_tokens: 256 (req)
16:05:24.411 INFO:     #457 chat/completions (stream): 256 tokens generated at
                       257.1 T/s · prompt 103 tokens, none cached, 103 new in
                       0.09 s · first token 0.10 s, total 1.09 s · draft 185/213
                       accepted (87%) · max_tokens reached
16:05:24.451 INFO:     #459 chat/completions (stream): 64 prompt tokens ·
                       temperature: 0, greedy (req), max_tokens: 256 (req),
                       min_tokens: 256 (req)
16:05:24.797 INFO:     #458 chat/completions (stream): 256 tokens generated at
                       225.1 T/s · prompt 96 tokens, none cached, 96 new in 0.09
                       s · first token 0.10 s, total 1.23 s · draft 175/243
                       accepted (72%) · max_tokens reached
16:05:24.835 INFO:     #460 chat/completions (stream): 494 prompt tokens ·
                       temperature: 0, greedy (req), max_tokens: 256 (req),
                       min_tokens: 256 (req)
16:05:26.101 INFO:     #459 chat/completions (stream): 256 tokens generated at
                       168.0 T/s · prompt 64 tokens, none cached, 64 new in 0.08
                       s · first token 0.09 s, total 1.61 s · draft 156/300
                       accepted (52%) · max_tokens reached
16:05:26.137 INFO:     #461 chat/completions (stream): 814 prompt tokens ·
                       temperature: 0, greedy (req), max_tokens: 256 (req),
                       min_tokens: 256 (req)
16:05:26.665 INFO:     #460 chat/completions (stream): 256 tokens generated at
                       167.2 T/s · prompt 494 tokens, none cached, 494 new in
                       0.25 s (1,976 T/s) · first token 0.26 s, total 1.79 s ·
                       draft 153/309 accepted (50%) · max_tokens reached
16:05:26.697 INFO:     #462 chat/completions (stream): 64 prompt tokens ·
                       temperature: 0, greedy (req), max_tokens: 256 (req),
                       min_tokens: 256 (req)
16:05:27.500 INFO:     #461 chat/completions (stream): 256 tokens generated at
                       238.0 T/s · prompt 814 tokens, none cached, 814 new in
                       0.24 s (3,392 T/s) · first token 0.25 s, total 1.32 s ·
                       draft 175/243 accepted (72%) · max_tokens reached
16:05:27.534 INFO:     #463 chat/completions (stream): 82 prompt tokens ·
                       temperature: 0, greedy (req), max_tokens: 256 (req),
                       min_tokens: 256 (req)
16:05:27.909 INFO:     #462 chat/completions (stream): 256 tokens generated at
                       233.7 T/s · prompt 64 tokens, none cached, 64 new in 0.07
                       s · first token 0.08 s, total 1.17 s · draft 174/246
                       accepted (71%) · max_tokens reached
16:05:27.941 INFO:     #464 chat/completions (stream): 97 prompt tokens ·
                       temperature: 0, greedy (req), max_tokens: 256 (req),
                       min_tokens: 256 (req)
16:05:28.827 INFO:     #463 chat/completions (stream): 256 tokens generated at
                       219.6 T/s · prompt 82 tokens, none cached, 82 new in 0.08
                       s · first token 0.09 s, total 1.25 s · draft 169/261
                       accepted (65%) · max_tokens reached
16:05:28.860 INFO:     #465 chat/completions (stream): 64 prompt tokens ·
                       temperature: 0, greedy (req), max_tokens: 256 (req),
                       min_tokens: 256 (req)
16:05:29.090 INFO:     #464 chat/completions (stream): 256 tokens generated at
                       251.7 T/s · prompt 97 tokens, none cached, 97 new in 0.09
                       s · first token 0.09 s, total 1.11 s · draft 180/228
                       accepted (79%) · max_tokens reached
16:05:29.123 INFO:     #466 chat/completions (stream): 684 prompt tokens ·
                       temperature: 0, greedy (req), max_tokens: 256 (req),
                       min_tokens: 256 (req)
16:05:30.620 INFO:     #466 chat/completions (stream): 256 tokens generated at
                       212.1 T/s · prompt 684 tokens, none cached, 684 new in
                       0.24 s (2,850 T/s) · first token 0.25 s, total 1.45 s ·
                       draft 161/285 accepted (56%) · max_tokens reached
16:05:30.655 INFO:     #467 chat/completions (stream): 704 prompt tokens ·
                       temperature: 0, greedy (req), max_tokens: 256 (req),
                       min_tokens: 256 (req)
16:05:30.993 INFO:     #465 chat/completions (stream): 256 tokens generated at
                       127.0 T/s · prompt 64 tokens, none cached, 64 new in 0.07
                       s · first token 0.08 s, total 2.09 s · draft 133/369
                       accepted (36%) · max_tokens reached
16:05:31.027 INFO:     #468 chat/completions (stream): 583 prompt tokens ·
                       temperature: 0, greedy (req), max_tokens: 256 (req),
                       min_tokens: 256 (req)
16:05:32.418 INFO:     #467 chat/completions (stream): 256 tokens generated at
                       175.6 T/s · prompt 704 tokens, none cached, 704 new in
                       0.25 s (2,816 T/s) · first token 0.26 s, total 1.71 s ·
                       draft 158/294 accepted (54%) · max_tokens reached
16:05:32.421 INFO:     #470 chat/completions (stream): 255 prompt tokens ·
                       temperature: 0, greedy (req), max_tokens: 256 (req),
                       min_tokens: 256 (req)
16:05:32.422 INFO:     #468 chat/completions (stream): 256 tokens generated at
                       221.3 T/s · prompt 583 tokens, none cached, 583 new in
                       0.22 s (2,650 T/s) · first token 0.23 s, total 1.38 s ·
                       draft 165/273 accepted (60%) · max_tokens reached
16:05:32.582 INFO:     #471 chat/completions (stream): 61 prompt tokens ·
                       temperature: 0, greedy (req), max_tokens: 256 (req),
                       min_tokens: 256 (req)
16:05:33.671 INFO:     #470 chat/completions (stream): 256 tokens generated at
                       234.8 T/s · prompt 255 tokens, none cached, 255 new in
                       0.11 s · first token 0.12 s, total 1.21 s · draft 174/246
                       accepted (71%) · max_tokens reached
16:05:33.704 INFO:     #472 chat/completions (stream): 66 prompt tokens ·
                       temperature: 0, greedy (req), max_tokens: 256 (req),
                       min_tokens: 256 (req)
16:05:33.860 INFO:     #471 chat/completions (stream): 256 tokens generated at
                       220.1 T/s · prompt 61 tokens, none cached, 61 new in 0.07
                       s · first token 0.07 s, total 1.24 s · draft 168/264
                       accepted (64%) · max_tokens reached
16:05:33.893 INFO:     #473 chat/completions (stream): 479 prompt tokens ·
                       temperature: 0, greedy (req), max_tokens: 256 (req),
                       min_tokens: 256 (req)
16:05:34.970 INFO:     #472 chat/completions (stream): 256 tokens generated at
                       223.3 T/s · prompt 66 tokens, none cached, 66 new in 0.07
                       s · first token 0.08 s, total 1.22 s · draft 183/219
                       accepted (84%) · max_tokens reached
16:05:35.002 INFO:     #474 chat/completions (stream): 93 prompt tokens ·
                       temperature: 0, greedy (req), max_tokens: 256 (req),
                       min_tokens: 256 (req)
16:05:35.503 INFO:     #473 chat/completions (stream): 256 tokens generated at
                       193.2 T/s · prompt 479 tokens, none cached, 479 new in
                       0.24 s (1,996 T/s) · first token 0.24 s, total 1.57 s ·
                       draft 158/294 accepted (54%) · max_tokens reached
16:05:35.537 INFO:     #475 chat/completions (stream): 743 prompt tokens ·
                       temperature: 0, greedy (req), max_tokens: 256 (req),
                       min_tokens: 256 (req)
16:05:36.365 INFO:     #474 chat/completions (stream): 256 tokens generated at
                       208.2 T/s · prompt 93 tokens, none cached, 93 new in 0.09
                       s · first token 0.10 s, total 1.32 s · draft 177/237
                       accepted (75%) · max_tokens reached
16:05:36.399 INFO:     #476 chat/completions (stream): 82 prompt tokens ·
                       temperature: 0, greedy (req), max_tokens: 256 (req),
                       min_tokens: 256 (req)
16:05:37.022 INFO:     #475 chat/completions (stream): 256 tokens generated at
                       216.2 T/s · prompt 743 tokens, none cached, 743 new in
                       0.25 s (2,972 T/s) · first token 0.26 s, total 1.44 s ·
                       draft 169/261 accepted (65%) · max_tokens reached
16:05:37.054 INFO:     #477 chat/completions (stream): 124 prompt tokens ·
                       temperature: 0, greedy (req), max_tokens: 256 (req),
                       min_tokens: 256 (req)
16:05:37.645 INFO:     #476 chat/completions (stream): 256 tokens generated at
                       233.1 T/s · prompt 82 tokens, none cached, 82 new in 0.10
                       s · first token 0.11 s, total 1.20 s · draft 176/240
                       accepted (73%) · max_tokens reached
16:05:37.680 INFO:     #478 chat/completions (stream): 228 prompt tokens ·
                       temperature: 0, greedy (req), max_tokens: 256 (req),
                       min_tokens: 256 (req)
16:05:38.300 INFO:     #477 chat/completions (stream): 256 tokens generated at
                       232.3 T/s · prompt 124 tokens, none cached, 124 new in
                       0.10 s · first token 0.11 s, total 1.21 s · draft 177/237
                       accepted (75%) · max_tokens reached
16:05:38.332 INFO:     #479 chat/completions (stream): 69 prompt tokens ·
                       temperature: 0, greedy (req), max_tokens: 256 (req),
                       min_tokens: 256 (req)
16:05:39.013 INFO:     #478 chat/completions (stream): 256 tokens generated at
                       216.3 T/s · prompt 228 tokens, none cached, 228 new in
                       0.10 s · first token 0.11 s, total 1.29 s · draft 168/264
                       accepted (64%) · max_tokens reached
16:05:39.046 INFO:     #480 chat/completions (stream): 73 prompt tokens ·
                       temperature: 0, greedy (req), max_tokens: 256 (req),
                       min_tokens: 256 (req)
16:05:39.760 INFO:     #479 chat/completions (stream): 256 tokens generated at
                       196.2 T/s · prompt 69 tokens, none cached, 69 new in 0.08
                       s · first token 0.09 s, total 1.39 s · draft 159/291
                       accepted (55%) · max_tokens reached
16:05:39.791 INFO:     #481 chat/completions (stream): 66 prompt tokens ·
                       temperature: 0, greedy (req), max_tokens: 256 (req),
                       min_tokens: 256 (req)
16:05:40.482 INFO:     #480 chat/completions (stream): 256 tokens generated at
                       195.2 T/s · prompt 73 tokens, none cached, 73 new in 0.08
                       s · first token 0.09 s, total 1.40 s · draft 158/294
                       accepted (54%) · max_tokens reached
16:05:40.516 INFO:     #482 chat/completions (stream): 736 prompt tokens ·
                       temperature: 0, greedy (req), max_tokens: 256 (req),
                       min_tokens: 256 (req)
16:05:41.241 INFO:     #481 chat/completions (stream): 256 tokens generated at
                       192.7 T/s · prompt 66 tokens, none cached, 66 new in 0.07
                       s · first token 0.08 s, total 1.40 s · draft 169/261
                       accepted (65%) · max_tokens reached
16:05:41.275 INFO:     #483 chat/completions (stream): 106 prompt tokens ·
                       temperature: 0, greedy (req), max_tokens: 256 (req),
                       min_tokens: 256 (req)
16:05:42.082 INFO:     #482 chat/completions (stream): 256 tokens generated at
                       202.1 T/s · prompt 736 tokens, none cached, 736 new in
                       0.25 s (2,944 T/s) · first token 0.26 s, total 1.52 s ·
                       draft 162/282 accepted (57%) · max_tokens reached
16:05:42.114 INFO:     #484 chat/completions (stream): 63 prompt tokens ·
                       temperature: 0, greedy (req), max_tokens: 256 (req),
                       min_tokens: 256 (req)
16:05:42.414 INFO:     #483 chat/completions (stream): 256 tokens generated at
                       255.3 T/s · prompt 106 tokens, none cached, 106 new in
                       0.09 s · first token 0.10 s, total 1.10 s · draft 181/225
                       accepted (80%) · max_tokens reached
16:05:42.452 INFO:     #485 chat/completions (stream): 76 prompt tokens ·
                       temperature: 0, greedy (req), max_tokens: 256 (req),
                       min_tokens: 256 (req)
16:05:43.658 INFO:     #484 chat/completions (stream): 256 tokens generated at
                       179.7 T/s · prompt 63 tokens, none cached, 63 new in 0.07
                       s · first token 0.08 s, total 1.50 s · draft 149/321
                       accepted (46%) · max_tokens reached
16:05:43.663 INFO:     #486 chat/completions (stream): 833 prompt tokens ·
                       temperature: 0, greedy (req), max_tokens: 256 (req),
                       min_tokens: 256 (req)
16:05:43.663 INFO:     #485 chat/completions (stream): 256 tokens generated at
                       229.1 T/s · prompt 76 tokens, none cached, 76 new in 0.08
                       s · first token 0.09 s, total 1.20 s · draft 167/267
                       accepted (63%) · max_tokens reached
16:05:43.946 INFO:     #487 chat/completions (stream): 61 prompt tokens ·
                       temperature: 0, greedy (req), max_tokens: 256 (req),
                       min_tokens: 256 (req)
16:05:45.211 INFO:     #486 chat/completions (stream): 256 tokens generated at
                       204.0 T/s · prompt 833 tokens, none cached, 833 new in
                       0.24 s (3,471 T/s) · first token 0.25 s, total 1.50 s ·
                       draft 163/279 accepted (58%) · max_tokens reached
16:05:45.243 INFO:     #488 chat/completions (stream): 85 prompt tokens ·
                       temperature: 0, greedy (req), max_tokens: 256 (req),
                       min_tokens: 256 (req)
16:05:45.383 INFO:     #487 chat/completions (stream): 256 tokens generated at
                       193.6 T/s · prompt 61 tokens, none cached, 61 new in 0.07
                       s · first token 0.08 s, total 1.40 s · draft 158/294
                       accepted (54%) · max_tokens reached
16:05:45.416 INFO:     #489 chat/completions (stream): 100 prompt tokens ·
                       temperature: 0, greedy (req), max_tokens: 256 (req),
                       min_tokens: 256 (req)
16:05:46.565 INFO:     #489 chat/completions (stream): 256 tokens generated at
                       253.3 T/s · prompt 100 tokens, none cached, 100 new in
                       0.09 s · first token 0.09 s, total 1.11 s · draft 175/243
                       accepted (72%) · max_tokens reached
16:05:46.599 INFO:     #490 chat/completions (stream): 723 prompt tokens ·
                       temperature: 0, greedy (req), max_tokens: 256 (req),
                       min_tokens: 256 (req)
16:05:46.976 INFO:     #488 chat/completions (stream): 256 tokens generated at
                       159.6 T/s · prompt 85 tokens, none cached, 85 new in 0.08
                       s · first token 0.09 s, total 1.69 s · draft 153/309
                       accepted (50%) · max_tokens reached
16:05:47.008 INFO:     #492 chat/completions (stream): 120 prompt tokens ·
                       temperature: 0, greedy (req), max_tokens: 256 (req),
                       min_tokens: 256 (req)
16:05:47.980 INFO:     #490 chat/completions (stream): 256 tokens generated at
                       237.4 T/s · prompt 723 tokens, none cached, 723 new in
                       0.26 s (2,781 T/s) · first token 0.27 s, total 1.34 s ·
                       draft 177/237 accepted (75%) · max_tokens reached
16:05:48.013 INFO:     #493 chat/completions (stream): 66 prompt tokens ·
                       temperature: 0, greedy (req), max_tokens: 256 (req),
                       min_tokens: 256 (req)
16:05:48.304 INFO:     #492 chat/completions (stream): 256 tokens generated at
                       222.4 T/s · prompt 120 tokens, none cached, 120 new in
                       0.10 s · first token 0.11 s, total 1.26 s · draft 169/261
                       accepted (65%) · max_tokens reached
16:05:48.336 INFO:     #494 chat/completions (stream): 68 prompt tokens ·
                       temperature: 0, greedy (req), max_tokens: 256 (req),
                       min_tokens: 256 (req)
16:05:49.536 INFO:     #494 chat/completions (stream): 256 tokens generated at
                       236.7 T/s · prompt 68 tokens, none cached, 68 new in 0.07
                       s · first token 0.08 s, total 1.16 s · draft 170/258
                       accepted (66%) · max_tokens reached
16:05:49.570 INFO:     #495 chat/completions (stream): 70 prompt tokens ·
                       temperature: 0, greedy (req), max_tokens: 256 (req),
                       min_tokens: 256 (req)
16:05:49.717 INFO:     #493 chat/completions (stream): 256 tokens generated at
                       161.5 T/s · prompt 66 tokens, none cached, 66 new in 0.07
                       s · first token 0.08 s, total 1.66 s · draft 140/348
                       accepted (40%) · max_tokens reached
16:05:49.750 INFO:     #496 chat/completions (stream): 737 prompt tokens ·
                       temperature: 0, greedy (req), max_tokens: 256 (req),
                       min_tokens: 256 (req)
16:05:51.020 INFO:     #495 chat/completions (stream): 256 tokens generated at
                       193.0 T/s · prompt 70 tokens, none cached, 70 new in 0.08
                       s · first token 0.09 s, total 1.41 s · draft 170/258
                       accepted (66%) · max_tokens reached
16:05:51.053 INFO:     #497 chat/completions (stream): 61 prompt tokens ·
                       temperature: 0, greedy (req), max_tokens: 256 (req),
                       min_tokens: 256 (req)
16:05:51.307 INFO:     #496 chat/completions (stream): 256 tokens generated at
                       204.9 T/s · prompt 737 tokens, none cached, 737 new in
                       0.26 s (2,835 T/s) · first token 0.26 s, total 1.51 s ·
                       draft 162/282 accepted (57%) · max_tokens reached
16:05:51.341 INFO:     #498 chat/completions (stream): 1,015 prompt tokens ·
                       temperature: 0, greedy (req), max_tokens: 256 (req),
                       min_tokens: 256 (req)
16:05:52.558 INFO:     #497 chat/completions (stream): 256 tokens generated at
                       184.2 T/s · prompt 61 tokens, none cached, 61 new in 0.07
                       s · first token 0.08 s, total 1.47 s · draft 167/267
                       accepted (63%) · max_tokens reached
16:05:52.590 INFO:     #499 chat/completions (stream): 62 prompt tokens ·
                       temperature: 0, greedy (req), max_tokens: 256 (req),
                       min_tokens: 256 (req)
16:05:52.856 INFO:     #498 chat/completions (stream): 256 tokens generated at
                       216.7 T/s · prompt 1,015 tokens, none cached, 1,015 new
                       in 0.29 s (3,500 T/s) · first token 0.30 s, total 1.48 s
                       · draft 167/267 accepted (63%) · max_tokens reached
16:05:52.888 INFO:     #500 chat/completions (stream): 84 prompt tokens ·
                       temperature: 0, greedy (req), max_tokens: 256 (req),
                       min_tokens: 256 (req)
16:05:53.786 INFO:     #499 chat/completions (stream): 256 tokens generated at
                       237.2 T/s · prompt 62 tokens, none cached, 62 new in 0.07
                       s · first token 0.08 s, total 1.15 s · draft 176/240
                       accepted (73%) · max_tokens reached
16:05:53.820 INFO:     #501 chat/completions (stream): 783 prompt tokens ·
                       temperature: 0, greedy (req), max_tokens: 256 (req),
                       min_tokens: 256 (req)
16:05:54.241 INFO:     #500 chat/completions (stream): 256 tokens generated at
                       209.0 T/s · prompt 84 tokens, none cached, 84 new in 0.08
                       s · first token 0.09 s, total 1.31 s · draft 174/246
                       accepted (71%) · max_tokens reached
16:05:54.275 INFO:     #502 chat/completions (stream): 766 prompt tokens ·
                       temperature: 0, greedy (req), max_tokens: 256 (req),
                       min_tokens: 256 (req)
16:05:55.384 INFO:     #501 chat/completions (stream): 256 tokens generated at
                       196.0 T/s · prompt 783 tokens, none cached, 783 new in
                       0.21 s (3,729 T/s) · first token 0.22 s, total 1.52 s ·
                       draft 174/246 accepted (71%) · max_tokens reached
16:05:55.420 INFO:     #503 chat/completions (stream): 1,490 prompt tokens ·
                       temperature: 0, greedy (req), max_tokens: 256 (req),
                       min_tokens: 256 (req)
16:05:55.979 INFO:     #502 chat/completions (stream): 256 tokens generated at
                       187.6 T/s · prompt 766 tokens, none cached, 766 new in
                       0.29 s (2,641 T/s) · first token 0.30 s, total 1.66 s ·
                       draft 174/246 accepted (71%) · max_tokens reached
16:05:56.011 INFO:     #504 chat/completions (stream): 61 prompt tokens ·
                       temperature: 0, greedy (req), max_tokens: 256 (req),
                       min_tokens: 256 (req)
16:05:57.156 INFO:     #503 chat/completions (stream): 256 tokens generated at
                       190.6 T/s · prompt 1,490 tokens, none cached, 1,490 new
                       in 0.35 s (4,257 T/s) · first token 0.36 s, total 1.70 s
                       · draft 154/306 accepted (50%) · max_tokens reached
16:05:57.187 INFO:     #505 chat/completions (stream): 65 prompt tokens ·
                       temperature: 0, greedy (req), max_tokens: 256 (req),
                       min_tokens: 256 (req)
16:05:57.387 INFO:     #504 chat/completions (stream): 256 tokens generated at
                       203.0 T/s · prompt 61 tokens, none cached, 61 new in 0.07
                       s · first token 0.08 s, total 1.34 s · draft 160/288
                       accepted (56%) · max_tokens reached
16:05:57.421 INFO:     #506 chat/completions (stream): 89 prompt tokens ·
                       temperature: 0, greedy (req), max_tokens: 256 (req),
                       min_tokens: 256 (req)
16:05:58.485 INFO:     #505 chat/completions (stream): 256 tokens generated at
                       216.4 T/s · prompt 65 tokens, none cached, 65 new in 0.07
                       s · first token 0.08 s, total 1.26 s · draft 168/264
                       accepted (64%) · max_tokens reached
16:05:58.518 INFO:     #507 chat/completions (stream): 90 prompt tokens ·
                       temperature: 0, greedy (req), max_tokens: 256 (req),
                       min_tokens: 256 (req)
16:05:58.733 INFO:     #506 chat/completions (stream): 256 tokens generated at
                       216.8 T/s · prompt 89 tokens, none cached, 89 new in 0.08
                       s · first token 0.09 s, total 1.27 s · draft 168/264
                       accepted (64%) · max_tokens reached
16:05:58.767 INFO:     #508 chat/completions (stream): 875 prompt tokens ·
                       temperature: 0, greedy (req), max_tokens: 256 (req),
                       min_tokens: 256 (req)
16:06:00.032 INFO:     #507 chat/completions (stream): 256 tokens generated at
                       184.8 T/s · prompt 90 tokens, none cached, 90 new in 0.08
                       s · first token 0.09 s, total 1.47 s · draft 166/270
                       accepted (61%) · max_tokens reached
16:06:00.068 INFO:     #509 chat/completions (stream): 749 prompt tokens ·
                       temperature: 0, greedy (req), max_tokens: 256 (req),
                       min_tokens: 256 (req)
16:06:00.488 INFO:     #508 chat/completions (stream): 256 tokens generated at
                       182.5 T/s · prompt 875 tokens, none cached, 875 new in
                       0.27 s (3,241 T/s) · first token 0.27 s, total 1.68 s ·
                       draft 164/276 accepted (59%) · max_tokens reached
16:06:00.521 INFO:     #510 chat/completions (stream): 94 prompt tokens ·
                       temperature: 0, greedy (req), max_tokens: 256 (req),
                       min_tokens: 256 (req)
16:06:01.514 INFO:     #509 chat/completions (stream): 256 tokens generated at
                       222.8 T/s · prompt 749 tokens, none cached, 749 new in
                       0.25 s (2,996 T/s) · first token 0.26 s, total 1.40 s ·
                       draft 171/255 accepted (67%) · max_tokens reached
16:06:01.548 INFO:     #511 chat/completions (stream): 1,065 prompt tokens ·
                       temperature: 0, greedy (req), max_tokens: 256 (req),
                       min_tokens: 256 (req)
16:06:01.821 INFO:     #510 chat/completions (stream): 256 tokens generated at
                       276.6 T/s · prompt 94 tokens, none cached, 94 new in 0.09
                       s · first token 0.10 s, total 1.02 s · draft 181/225
                       accepted (80%) · max_tokens reached
16:06:01.856 INFO:     #512 chat/completions (stream): 761 prompt tokens ·
                       temperature: 0, greedy (req), max_tokens: 256 (req),
                       min_tokens: 256 (req)
16:06:03.248 INFO:     #512 chat/completions (stream): 256 tokens generated at
                       234.6 T/s · prompt 761 tokens, none cached, 761 new in
                       0.26 s (2,927 T/s) · first token 0.27 s, total 1.36 s ·
                       draft 170/258 accepted (66%) · max_tokens reached
16:06:03.249 INFO:     #511 chat/completions (stream): 256 tokens generated at
                       178.8 T/s · prompt 1,065 tokens, none cached, 1,065 new
                       in 0.26 s (4,096 T/s) · first token 0.27 s, total 1.70 s
                       · draft 162/282 accepted (57%) · max_tokens reached
