16:56:09.141 INFO:     Sampler preset "qwen38_thinking": temperature 0.6, top_k
                       20, top_p 0.95
16:56:09.178 INFO:     exllamav3 version: 1.5.2
16:56:10.662 INFO:     Using main model MTP component for drafting
16:56:10.683 INFO:     Context: max_seq_len 262,144 tokens (configured),
                       cache_size 901,120 tokens
16:56:10.733 INFO:     Using tool format: qwen3_coder
16:56:10.733 INFO:     Using template "chat_template" for chat completions.
16:56:12.941 INFO:     Loading model
                       /models/qwen3.8-flash-next-exl3-2.50bpw-r0b0tlab (manual
                       GPU split)
Loading vision modules ━━━━━━━━━━━━━━━━━━━━━━━━━━━━━━━━━━━━━━ 100% 30/30 0:00:00
Loading draft modules  ━━━━━━━━━━━━━━━━━━━━━━━━━━━━━━━━━━━━━━ 100% 3/3   0:00:00
Loading model modules  ━━━━━━━━━━━━━━━━━━━━━━━━━━━━━━━━━━━━━━ 100% 53/53 0:00:00
EXL3_EMBED_GPU_PRUNED=1: embedding mirror 65536 of 248320 rows (320.0 MiB, prefix) on cuda:1
16:56:24.239 INFO:     Model loaded in 13.5 s

16:56:24.240 WARNING:  Disabling authentication makes your instance vulnerable.
                       Set the `disable_auth` flag to False in config.yml if you
                       want to share this instance with others.
16:56:24.240 WARNING:  With authentication disabled and `allowed_origins` left
                       at ["*"], any website open in a browser on this machine
                       can send requests to this instance and read the
                       responses, including admin endpoints. Set
                       `network.allowed_origins` to your own frontends (or [])
                       unless you use a browser-based frontend that needs it.
16:56:24.241 INFO:     Serving OAI API on http://0.0.0.0:8022 (docs at
                       http://0.0.0.0:8022/redoc)
16:56:26.097 INFO:     #3 completions: 3 prompt tokens · temperature: 0, greedy
                       (req), max_tokens: 16 (req)
densegemm lcguard: device 1: dense calls on the QSA side branch use the side scratch (hctr upper half, side slots)
densegemm lcguard: device 0: dense calls on the QSA side branch use the side scratch (hctr upper half, side slots)
16:56:26.473 INFO:     #3 completions: 16 tokens generated at 93.9 T/s · prompt
                       3 tokens, none cached, 3 new in 0.20 s · first token 0.21
                       s, total 0.38 s · draft 7/27 accepted (26%) · max_tokens
                       reached
16:56:26.868 INFO:     #5 chat/completions: 73 prompt tokens · temperature: 0,
                       greedy (req), max_tokens: 64 (req), min_tokens: 64 (req)
16:56:26.870 INFO:     #6 chat/completions: 73 prompt tokens · temperature: 0,
                       greedy (req), max_tokens: 64 (req), min_tokens: 64 (req)
16:56:27.105 INFO:     #7 chat/completions: 73 prompt tokens · temperature: 0,
                       greedy (req), max_tokens: 64 (req), min_tokens: 64 (req)
16:56:27.207 INFO:     #8 chat/completions: 73 prompt tokens · temperature: 0,
                       greedy (req), max_tokens: 64 (req), min_tokens: 64 (req)
16:56:27.308 INFO:     #9 chat/completions: 73 prompt tokens · temperature: 0,
                       greedy (req), max_tokens: 64 (req), min_tokens: 64 (req)
16:56:27.409 INFO:     #10 chat/completions: 73 prompt tokens · temperature: 0,
                       greedy (req), max_tokens: 64 (req), min_tokens: 64 (req)
16:56:27.522 INFO:     #11 chat/completions: 73 prompt tokens · temperature: 0,
                       greedy (req), max_tokens: 64 (req), min_tokens: 64 (req)
16:56:27.625 INFO:     #12 chat/completions: 73 prompt tokens · temperature: 0,
                       greedy (req), max_tokens: 64 (req), min_tokens: 64 (req)
16:56:28.207 INFO:     #6 chat/completions: 64 tokens generated at 62.0 T/s ·
                       prompt 73 tokens, none cached, 73 new in 0.08 s · queued
                       0.14 s, first token 0.22 s, total 1.25 s · draft 39/53
                       accepted (74%) · max_tokens reached
16:56:28.225 INFO:     #5 chat/completions: 64 tokens generated at 60.5 T/s ·
                       prompt 73 tokens, none cached, 73 new in 0.20 s · first
                       token 0.21 s, total 1.27 s · draft 38/55 accepted (69%) ·
                       max_tokens reached
16:56:28.225 INFO:     #7 chat/completions: 64 tokens generated at 67.1 T/s ·
                       prompt 73 tokens, none cached, 73 new in 0.08 s · first
                       token 0.09 s, total 1.04 s · draft 39/52 accepted (75%) ·
                       max_tokens reached
16:56:28.226 INFO:     #8 chat/completions: 64 tokens generated at 75.0 T/s ·
                       prompt 73 tokens, none cached, 73 new in 0.08 s · first
                       token 0.09 s, total 0.94 s · draft 40/49 accepted (82%) ·
                       max_tokens reached
16:56:28.248 INFO:     #10 chat/completions: 64 tokens generated at 93.8 T/s ·
                       prompt 73 tokens, none cached, 73 new in 0.09 s · first
                       token 0.10 s, total 0.78 s · draft 40/50 accepted (80%) ·
                       max_tokens reached
16:56:28.259 INFO:     #9 chat/completions: 64 tokens generated at 78.5 T/s ·
                       prompt 73 tokens, none cached, 73 new in 0.08 s · first
                       token 0.08 s, total 0.90 s · draft 38/55 accepted (69%) ·
                       max_tokens reached
16:56:28.260 INFO:     #11 chat/completions: 64 tokens generated at 103.4 T/s ·
                       prompt 73 tokens, none cached, 73 new in 0.08 s · first
                       token 0.09 s, total 0.70 s · draft 39/54 accepted (72%) ·
                       max_tokens reached
16:56:28.261 INFO:     #12 chat/completions: 64 tokens generated at 116.1 T/s ·
                       prompt 73 tokens, none cached, 73 new in 0.08 s · first
                       token 0.08 s, total 0.64 s · draft 37/61 accepted (61%) ·
                       max_tokens reached
16:56:40.230 INFO:     #16 chat/completions (stream): 92 prompt tokens ·
                       temperature: 0, greedy (req), max_tokens: 256 (req),
                       min_tokens: 256 (req)
16:56:40.347 INFO:     #17 chat/completions (stream): 87 prompt tokens ·
                       temperature: 0, greedy (req), max_tokens: 256 (req),
                       min_tokens: 256 (req)
16:56:40.457 INFO:     #18 chat/completions (stream): 74 prompt tokens ·
                       temperature: 0, greedy (req), max_tokens: 256 (req),
                       min_tokens: 256 (req)
16:56:40.559 INFO:     #19 chat/completions (stream): 511 prompt tokens ·
                       temperature: 0, greedy (req), max_tokens: 256 (req),
                       min_tokens: 256 (req)
16:56:40.729 INFO:     #20 chat/completions (stream): 105 prompt tokens ·
                       temperature: 0, greedy (req), max_tokens: 256 (req),
                       min_tokens: 256 (req)
16:56:40.988 INFO:     #21 chat/completions (stream): 121 prompt tokens ·
                       temperature: 0, greedy (req), max_tokens: 256 (req),
                       min_tokens: 256 (req)
16:56:41.121 INFO:     #22 chat/completions (stream): 74 prompt tokens ·
                       temperature: 0, greedy (req), max_tokens: 256 (req),
                       min_tokens: 256 (req)
16:56:41.226 INFO:     #23 chat/completions (stream): 78 prompt tokens ·
                       temperature: 0, greedy (req), max_tokens: 256 (req),
                       min_tokens: 256 (req)
16:56:43.616 INFO:     #16 chat/completions (stream): 256 tokens generated at
                       80.3 T/s · prompt 92 tokens, none cached, 92 new in 0.10
                       s · first token 0.11 s, total 3.30 s · draft 160/196
                       accepted (82%) · max_tokens reached
16:56:43.655 INFO:     #20 chat/completions (stream): 256 tokens generated at
                       98.2 T/s · prompt 105 tokens, none cached, 105 new in
                       0.10 s · queued 0.14 s, first token 0.24 s, total 2.85 s
                       · draft 162/188 accepted (86%) · max_tokens reached
16:56:43.674 INFO:     #24 chat/completions (stream): 62 prompt tokens ·
                       temperature: 0, greedy (req), max_tokens: 256 (req),
                       min_tokens: 256 (req)
16:56:43.774 INFO:     #17 chat/completions (stream): 256 tokens generated at
                       80.7 T/s · prompt 87 tokens, none cached, 87 new in 0.09
                       s · first token 0.10 s, total 3.27 s · draft 157/201
                       accepted (78%) · max_tokens reached
16:56:43.792 INFO:     #25 chat/completions (stream): 64 prompt tokens ·
                       temperature: 0, greedy (req), max_tokens: 256 (req),
                       min_tokens: 256 (req)
16:56:43.911 INFO:     #26 chat/completions (stream): 89 prompt tokens ·
                       temperature: 0, greedy (req), max_tokens: 256 (req),
                       min_tokens: 256 (req)
16:56:44.023 INFO:     #21 chat/completions (stream): 256 tokens generated at
                       95.7 T/s · prompt 121 tokens, none cached, 121 new in
                       0.10 s · first token 0.11 s, total 2.78 s · draft 157/198
                       accepted (79%) · max_tokens reached
16:56:44.092 INFO:     #27 chat/completions (stream): 109 prompt tokens ·
                       temperature: 0, greedy (req), max_tokens: 256 (req),
                       min_tokens: 256 (req)
16:56:44.258 INFO:     #19 chat/completions (stream): 256 tokens generated at
                       82.5 T/s · prompt 511 tokens, none cached, 511 new in
                       0.40 s (1,278 T/s) · first token 0.41 s, total 3.51 s ·
                       draft 150/212 accepted (71%) · max_tokens reached
16:56:44.321 INFO:     #28 chat/completions (stream): 829 prompt tokens ·
                       temperature: 0, greedy (req), max_tokens: 256 (req),
                       min_tokens: 256 (req)
16:56:44.545 INFO:     #22 chat/completions (stream): 256 tokens generated at
                       83.9 T/s · prompt 74 tokens, none cached, 74 new in 0.08
                       s · first token 0.08 s, total 3.14 s · draft 148/216
                       accepted (69%) · max_tokens reached
16:56:44.659 INFO:     #18 chat/completions (stream): 256 tokens generated at
                       68.1 T/s · prompt 74 tokens, none cached, 74 new in 0.08
                       s · first token 0.09 s, total 3.84 s · draft 142/230
                       accepted (62%) · max_tokens reached
16:56:44.678 INFO:     #29 chat/completions (stream): 67 prompt tokens ·
                       temperature: 0, greedy (req), max_tokens: 256 (req),
                       min_tokens: 256 (req)
16:56:44.681 INFO:     #23 chat/completions (stream): 256 tokens generated at
                       85.1 T/s · prompt 78 tokens, none cached, 78 new in 0.08
                       s · first token 0.08 s, total 3.09 s · draft 146/220
                       accepted (66%) · max_tokens reached
16:56:44.802 INFO:     #30 chat/completions (stream): 201 prompt tokens ·
                       temperature: 0, greedy (req), max_tokens: 256 (req),
                       min_tokens: 256 (req)
16:56:44.935 INFO:     #31 chat/completions (stream): 88 prompt tokens ·
                       temperature: 0, greedy (req), max_tokens: 256 (req),
                       min_tokens: 256 (req)
16:56:47.196 INFO:     #26 chat/completions (stream): 256 tokens generated at
                       82.6 T/s · prompt 89 tokens, none cached, 89 new in 0.08
                       s · first token 0.08 s, total 3.18 s · draft 158/197
                       accepted (80%) · max_tokens reached
16:56:47.271 INFO:     #33 chat/completions (stream): 84 prompt tokens ·
                       temperature: 0, greedy (req), max_tokens: 256 (req),
                       min_tokens: 256 (req)
16:56:47.533 INFO:     #24 chat/completions (stream): 256 tokens generated at
                       69.2 T/s · prompt 62 tokens, none cached, 62 new in 0.07
                       s · first token 0.08 s, total 3.77 s · draft 144/225
                       accepted (64%) · max_tokens reached
16:56:47.534 INFO:     #29 chat/completions (stream): 256 tokens generated at
                       95.1 T/s · prompt 67 tokens, none cached, 67 new in 0.07
                       s · first token 0.08 s, total 2.77 s · draft 162/188
                       accepted (86%) · max_tokens reached
16:56:47.574 INFO:     #27 chat/completions (stream): 256 tokens generated at
                       77.5 T/s · prompt 109 tokens, none cached, 109 new in
                       0.09 s · first token 0.09 s, total 3.40 s · draft 150/213
                       accepted (70%) · max_tokens reached
16:56:47.594 INFO:     #34 chat/completions (stream): 735 prompt tokens ·
                       temperature: 0, greedy (req), max_tokens: 256 (req),
                       min_tokens: 256 (req)
16:56:47.596 INFO:     #35 chat/completions (stream): 72 prompt tokens ·
                       temperature: 0, greedy (req), max_tokens: 256 (req),
                       min_tokens: 256 (req)
16:56:48.006 INFO:     #36 chat/completions (stream): 1,231 prompt tokens ·
                       temperature: 0, greedy (req), max_tokens: 256 (req),
                       min_tokens: 256 (req)
16:56:48.536 INFO:     #25 chat/completions (stream): 256 tokens generated at
                       55.8 T/s · prompt 64 tokens, none cached, 64 new in 0.07
                       s · first token 0.08 s, total 4.66 s · draft 134/245
                       accepted (55%) · max_tokens reached
16:56:48.537 INFO:     #28 chat/completions (stream): 256 tokens generated at
                       66.8 T/s · prompt 829 tokens, none cached, 829 new in
                       0.30 s (2,763 T/s) · first token 0.30 s, total 4.14 s ·
                       draft 147/218 accepted (67%) · max_tokens reached
16:56:48.594 INFO:     #37 chat/completions (stream): 1,082 prompt tokens ·
                       temperature: 0, greedy (req), max_tokens: 256 (req),
                       min_tokens: 256 (req)
16:56:48.596 INFO:     #38 chat/completions (stream): 134 prompt tokens ·
                       temperature: 0, greedy (req), max_tokens: 256 (req),
                       min_tokens: 256 (req)
16:56:48.597 INFO:     #30 chat/completions (stream): 256 tokens generated at
                       71.0 T/s · prompt 201 tokens, none cached, 201 new in
                       0.10 s · first token 0.10 s, total 3.71 s · draft 149/214
                       accepted (70%) · max_tokens reached
16:56:49.098 INFO:     #39 chat/completions (stream): 84 prompt tokens ·
                       temperature: 0, greedy (req), max_tokens: 256 (req),
                       min_tokens: 256 (req)
16:56:49.325 INFO:     #31 chat/completions (stream): 256 tokens generated at
                       60.9 T/s · prompt 88 tokens, none cached, 88 new in 0.08
                       s · first token 0.08 s, total 4.29 s · draft 141/230
                       accepted (61%) · max_tokens reached
16:56:49.405 INFO:     #40 chat/completions (stream): 78 prompt tokens ·
                       temperature: 0, greedy (req), max_tokens: 256 (req),
                       min_tokens: 256 (req)
16:56:51.577 INFO:     #33 chat/completions (stream): 256 tokens generated at
                       62.2 T/s · prompt 84 tokens, none cached, 84 new in 0.08
                       s · first token 0.09 s, total 4.20 s · draft 148/216
                       accepted (69%) · max_tokens reached
16:56:51.651 INFO:     #41 chat/completions (stream): 70 prompt tokens ·
                       temperature: 0, greedy (req), max_tokens: 256 (req),
                       min_tokens: 256 (req)
16:56:51.818 INFO:     #34 chat/completions (stream): 256 tokens generated at
                       69.8 T/s · prompt 735 tokens, none cached, 735 new in
                       0.37 s (1,986 T/s) · first token 0.38 s, total 4.05 s ·
                       draft 152/208 accepted (73%) · max_tokens reached
16:56:51.838 INFO:     #38 chat/completions (stream): 256 tokens generated at
                       91.4 T/s · prompt 134 tokens, none cached, 134 new in
                       0.11 s · queued 0.25 s, first token 0.36 s, total 3.16 s
                       · draft 162/188 accepted (86%) · max_tokens reached
16:56:51.877 INFO:     #42 chat/completions (stream): 149 prompt tokens ·
                       temperature: 0, greedy (req), max_tokens: 256 (req),
                       min_tokens: 256 (req)
16:56:51.878 INFO:     #36 chat/completions (stream): 256 tokens generated at
                       75.0 T/s · prompt 1,231 tokens, none cached, 1,231 new in
                       0.37 s (3,327 T/s) · first token 0.37 s, total 3.79 s ·
                       draft 151/210 accepted (72%) · max_tokens reached
16:56:52.002 INFO:     #43 chat/completions (stream): 258 prompt tokens ·
                       temperature: 0, greedy (req), max_tokens: 256 (req),
                       min_tokens: 256 (req)
16:56:52.198 INFO:     #44 chat/completions (stream): 109 prompt tokens ·
                       temperature: 0, greedy (req), max_tokens: 256 (req),
                       min_tokens: 256 (req)
16:56:52.452 INFO:     #39 chat/completions (stream): 256 tokens generated at
                       81.1 T/s · prompt 84 tokens, none cached, 84 new in 0.08
                       s · first token 0.09 s, total 3.24 s · draft 154/204
                       accepted (75%) · max_tokens reached
16:56:52.522 INFO:     #45 chat/completions (stream): 105 prompt tokens ·
                       temperature: 0, greedy (req), max_tokens: 256 (req),
                       min_tokens: 256 (req)
16:56:52.690 INFO:     #35 chat/completions (stream): 256 tokens generated at
                       55.0 T/s · prompt 72 tokens, none cached, 72 new in 0.08
                       s · queued 0.17 s, first token 0.25 s, total 4.90 s ·
                       draft 133/246 accepted (54%) · max_tokens reached
16:56:52.762 INFO:     #46 chat/completions (stream): 788 prompt tokens ·
                       temperature: 0, greedy (req), max_tokens: 256 (req),
                       min_tokens: 256 (req)
16:56:53.070 INFO:     #37 chat/completions (stream): 256 tokens generated at
                       69.0 T/s · prompt 1,082 tokens, none cached, 1,082 new in
                       0.45 s (2,404 T/s) · first token 0.46 s, total 4.17 s ·
                       draft 139/234 accepted (59%) · max_tokens reached
16:56:53.137 INFO:     #47 chat/completions (stream): 62 prompt tokens ·
                       temperature: 0, greedy (req), max_tokens: 256 (req),
                       min_tokens: 256 (req)
16:56:53.138 INFO:     #40 chat/completions (stream): 256 tokens generated at
                       72.4 T/s · prompt 78 tokens, none cached, 78 new in 0.10
                       s · first token 0.11 s, total 3.64 s · draft 147/218
                       accepted (67%) · max_tokens reached
16:56:53.288 INFO:     #48 chat/completions (stream): 1,445 prompt tokens ·
                       temperature: 0, greedy (req), max_tokens: 256 (req),
                       min_tokens: 256 (req)
16:56:55.545 INFO:     #41 chat/completions (stream): 256 tokens generated at
                       68.9 T/s · prompt 70 tokens, none cached, 70 new in 0.08
                       s · first token 0.09 s, total 3.80 s · draft 152/208
                       accepted (73%) · max_tokens reached
16:56:55.615 INFO:     #49 chat/completions (stream): 159 prompt tokens ·
                       temperature: 0, greedy (req), max_tokens: 256 (req),
                       min_tokens: 256 (req)
16:56:55.782 INFO:     #42 chat/completions (stream): 256 tokens generated at
                       70.9 T/s · prompt 149 tokens, none cached, 149 new in
                       0.10 s · first token 0.11 s, total 3.72 s · draft 153/206
                       accepted (74%) · max_tokens reached
16:56:55.854 INFO:     #50 chat/completions (stream): 705 prompt tokens ·
                       temperature: 0, greedy (req), max_tokens: 256 (req),
                       min_tokens: 256 (req)
16:56:56.295 INFO:     #43 chat/completions (stream): 256 tokens generated at
                       63.5 T/s · prompt 258 tokens, none cached, 258 new in
                       0.17 s (1,518 T/s) · first token 0.18 s, total 4.21 s ·
                       draft 145/222 accepted (65%) · max_tokens reached
16:56:56.296 INFO:     #44 chat/completions (stream): 256 tokens generated at
                       65.4 T/s · prompt 109 tokens, none cached, 109 new in
                       0.09 s · first token 0.09 s, total 4.01 s · draft 146/220
                       accepted (66%) · max_tokens reached
16:56:56.362 INFO:     #51 chat/completions (stream): 796 prompt tokens ·
                       temperature: 0, greedy (req), max_tokens: 256 (req),
                       min_tokens: 256 (req)
16:56:56.363 INFO:     #52 chat/completions (stream): 62 prompt tokens ·
                       temperature: 0, greedy (req), max_tokens: 256 (req),
                       min_tokens: 256 (req)
16:56:56.759 INFO:     #46 chat/completions (stream): 256 tokens generated at
                       76.7 T/s · prompt 788 tokens, none cached, 788 new in
                       0.24 s (3,283 T/s) · first token 0.24 s, total 3.58 s ·
                       draft 156/200 accepted (78%) · max_tokens reached
16:56:56.823 INFO:     #53 chat/completions (stream): 93 prompt tokens ·
                       temperature: 0, greedy (req), max_tokens: 256 (req),
                       min_tokens: 256 (req)
16:56:56.824 INFO:     #45 chat/completions (stream): 256 tokens generated at
                       62.2 T/s · prompt 105 tokens, none cached, 105 new in
                       0.09 s · first token 0.09 s, total 4.21 s · draft 146/220
                       accepted (66%) · max_tokens reached
16:56:56.984 INFO:     #54 chat/completions (stream): 94 prompt tokens ·
                       temperature: 0, greedy (req), max_tokens: 256 (req),
                       min_tokens: 256 (req)
16:56:57.261 INFO:     #47 chat/completions (stream): 256 tokens generated at
                       64.7 T/s · prompt 62 tokens, none cached, 62 new in 0.07
                       s · first token 0.08 s, total 4.03 s · draft 148/216
                       accepted (69%) · max_tokens reached
16:56:57.327 INFO:     #55 chat/completions (stream): 65 prompt tokens ·
                       temperature: 0, greedy (req), max_tokens: 256 (req),
                       min_tokens: 256 (req)
16:56:57.454 INFO:     #48 chat/completions (stream): 256 tokens generated at
                       72.0 T/s · prompt 1,445 tokens, none cached, 1,445 new in
                       0.41 s (3,524 T/s) · first token 0.41 s, total 3.97 s ·
                       draft 148/216 accepted (69%) · max_tokens reached
16:56:57.526 INFO:     #56 chat/completions (stream): 1,347 prompt tokens ·
                       temperature: 0, greedy (req), max_tokens: 256 (req),
                       min_tokens: 256 (req)
16:56:59.269 INFO:     #49 chat/completions (stream): 256 tokens generated at
                       74.0 T/s · prompt 159 tokens, none cached, 159 new in
                       0.09 s · first token 0.10 s, total 3.56 s · draft 165/182
                       accepted (91%) · max_tokens reached
16:56:59.344 INFO:     #57 chat/completions (stream): 754 prompt tokens ·
                       temperature: 0, greedy (req), max_tokens: 256 (req),
                       min_tokens: 256 (req)
16:57:00.135 INFO:     #50 chat/completions (stream): 256 tokens generated at
                       66.0 T/s · prompt 705 tokens, none cached, 705 new in
                       0.30 s (2,350 T/s) · first token 0.30 s, total 4.19 s ·
                       draft 148/216 accepted (69%) · max_tokens reached
16:57:00.192 INFO:     #58 chat/completions (stream): 73 prompt tokens ·
                       temperature: 0, greedy (req), max_tokens: 256 (req),
                       min_tokens: 256 (req)
16:57:00.193 INFO:     #53 chat/completions (stream): 256 tokens generated at
                       80.1 T/s · prompt 93 tokens, none cached, 93 new in 0.09
                       s · first token 0.10 s, total 3.29 s · draft 160/192
                       accepted (83%) · max_tokens reached
16:57:00.298 INFO:     #52 chat/completions (stream): 256 tokens generated at
                       73.7 T/s · prompt 62 tokens, none cached, 62 new in 0.07
                       s · queued 0.23 s, first token 0.30 s, total 3.77 s ·
                       draft 153/206 accepted (74%) · max_tokens reached
16:57:00.343 INFO:     #59 chat/completions (stream): 758 prompt tokens ·
                       temperature: 0, greedy (req), max_tokens: 256 (req),
                       min_tokens: 256 (req)
16:57:00.523 INFO:     #60 chat/completions (stream): 63 prompt tokens ·
                       temperature: 0, greedy (req), max_tokens: 256 (req),
                       min_tokens: 256 (req)
16:57:00.804 INFO:     #51 chat/completions (stream): 256 tokens generated at
                       67.3 T/s · prompt 796 tokens, none cached, 796 new in
                       0.34 s (2,341 T/s) · first token 0.35 s, total 4.16 s ·
                       draft 147/218 accepted (67%) · max_tokens reached
16:57:00.827 INFO:     #54 chat/completions (stream): 256 tokens generated at
                       69.8 T/s · prompt 94 tokens, none cached, 94 new in 0.09
                       s · first token 0.09 s, total 3.76 s · draft 154/204
                       accepted (75%) · max_tokens reached
16:57:00.870 INFO:     #61 chat/completions (stream): 71 prompt tokens ·
                       temperature: 0, greedy (req), max_tokens: 256 (req),
                       min_tokens: 256 (req)
16:57:00.973 INFO:     #62 chat/completions (stream): 71 prompt tokens ·
                       temperature: 0, greedy (req), max_tokens: 256 (req),
                       min_tokens: 256 (req)
16:57:01.121 INFO:     #55 chat/completions (stream): 256 tokens generated at
                       74.1 T/s · prompt 65 tokens, none cached, 65 new in 0.08
                       s · first token 0.09 s, total 3.54 s · draft 159/194
                       accepted (82%) · max_tokens reached
16:57:01.193 INFO:     #63 chat/completions (stream): 741 prompt tokens ·
                       temperature: 0, greedy (req), max_tokens: 256 (req),
                       min_tokens: 256 (req)
16:57:01.878 INFO:     #56 chat/completions (stream): 256 tokens generated at
                       66.2 T/s · prompt 1,347 tokens, none cached, 1,347 new in
                       0.39 s (3,454 T/s) · first token 0.39 s, total 4.26 s ·
                       draft 144/224 accepted (64%) · max_tokens reached
16:57:01.950 INFO:     #64 chat/completions (stream): 117 prompt tokens ·
                       temperature: 0, greedy (req), max_tokens: 256 (req),
                       min_tokens: 256 (req)
16:57:03.279 INFO:     #57 chat/completions (stream): 256 tokens generated at
                       72.3 T/s · prompt 754 tokens, none cached, 754 new in
                       0.29 s (2,600 T/s) · first token 0.30 s, total 3.84 s ·
                       draft 149/214 accepted (70%) · max_tokens reached
16:57:03.349 INFO:     #66 chat/completions (stream): 72 prompt tokens ·
                       temperature: 0, greedy (req), max_tokens: 256 (req),
                       min_tokens: 256 (req)
16:57:03.718 INFO:     #58 chat/completions (stream): 256 tokens generated at
                       76.4 T/s · prompt 73 tokens, none cached, 73 new in 0.08
                       s · first token 0.09 s, total 3.44 s · draft 157/198
                       accepted (79%) · max_tokens reached
16:57:03.787 INFO:     #67 chat/completions (stream): 127 prompt tokens ·
                       temperature: 0, greedy (req), max_tokens: 256 (req),
                       min_tokens: 256 (req)
16:57:04.009 INFO:     #59 chat/completions (stream): 256 tokens generated at
                       80.0 T/s · prompt 758 tokens, none cached, 758 new in
                       0.37 s (2,049 T/s) · first token 0.37 s, total 3.57 s ·
                       draft 153/206 accepted (74%) · max_tokens reached
16:57:04.074 INFO:     #68 chat/completions (stream): 62 prompt tokens ·
                       temperature: 0, greedy (req), max_tokens: 256 (req),
                       min_tokens: 256 (req)
16:57:04.074 INFO:     #62 chat/completions (stream): 256 tokens generated at
                       87.3 T/s · prompt 71 tokens, none cached, 71 new in 0.08
                       s · first token 0.08 s, total 3.02 s · draft 158/196
                       accepted (81%) · max_tokens reached
16:57:04.215 INFO:     #69 chat/completions (stream): 104 prompt tokens ·
                       temperature: 0, greedy (req), max_tokens: 256 (req),
                       min_tokens: 256 (req)
16:57:04.395 INFO:     #60 chat/completions (stream): 256 tokens generated at
                       73.7 T/s · prompt 63 tokens, none cached, 63 new in 0.07
                       s · queued 0.13 s, first token 0.20 s, total 3.67 s ·
                       draft 144/224 accepted (64%) · max_tokens reached
16:57:04.470 INFO:     #70 chat/completions (stream): 67 prompt tokens ·
                       temperature: 0, greedy (req), max_tokens: 256 (req),
                       min_tokens: 256 (req)
16:57:04.660 INFO:     #61 chat/completions (stream): 256 tokens generated at
                       70.7 T/s · prompt 71 tokens, none cached, 71 new in 0.08
                       s · first token 0.08 s, total 3.71 s · draft 143/226
                       accepted (63%) · max_tokens reached
16:57:04.684 INFO:     #63 chat/completions (stream): 256 tokens generated at
                       82.5 T/s · prompt 741 tokens, none cached, 741 new in
                       0.29 s (2,555 T/s) · first token 0.29 s, total 3.40 s ·
                       draft 150/212 accepted (71%) · max_tokens reached
16:57:04.730 INFO:     #71 chat/completions (stream): 676 prompt tokens ·
                       temperature: 0, greedy (req), max_tokens: 256 (req),
                       min_tokens: 256 (req)
16:57:04.915 INFO:     #72 chat/completions (stream): 802 prompt tokens ·
                       temperature: 0, greedy (req), max_tokens: 256 (req),
                       min_tokens: 256 (req)
16:57:05.695 INFO:     #64 chat/completions (stream): 256 tokens generated at
                       72.3 T/s · prompt 117 tokens, none cached, 117 new in
                       0.10 s · first token 0.11 s, total 3.65 s · draft 149/214
                       accepted (70%) · max_tokens reached
16:57:05.769 INFO:     #73 chat/completions (stream): 992 prompt tokens ·
                       temperature: 0, greedy (req), max_tokens: 256 (req),
                       min_tokens: 256 (req)
16:57:07.315 INFO:     #66 chat/completions (stream): 256 tokens generated at
                       67.6 T/s · prompt 72 tokens, none cached, 72 new in 0.08
                       s · first token 0.09 s, total 3.87 s · draft 149/214
                       accepted (70%) · max_tokens reached
16:57:07.388 INFO:     #74 chat/completions (stream): 68 prompt tokens ·
                       temperature: 0, greedy (req), max_tokens: 256 (req),
                       min_tokens: 256 (req)
16:57:07.735 INFO:     #67 chat/completions (stream): 256 tokens generated at
                       68.4 T/s · prompt 127 tokens, none cached, 127 new in
                       0.10 s · first token 0.11 s, total 3.85 s · draft 150/212
                       accepted (71%) · max_tokens reached
16:57:07.806 INFO:     #75 chat/completions (stream): 785 prompt tokens ·
                       temperature: 0, greedy (req), max_tokens: 256 (req),
                       min_tokens: 256 (req)
16:57:08.213 INFO:     #69 chat/completions (stream): 256 tokens generated at
                       67.2 T/s · prompt 104 tokens, none cached, 104 new in
                       0.09 s · first token 0.10 s, total 3.90 s · draft 150/212
                       accepted (71%) · max_tokens reached
16:57:08.281 INFO:     #76 chat/completions (stream): 262 prompt tokens ·
                       temperature: 0, greedy (req), max_tokens: 256 (req),
                       min_tokens: 256 (req)
16:57:08.281 INFO:     #68 chat/completions (stream): 256 tokens generated at
                       63.4 T/s · prompt 62 tokens, none cached, 62 new in 0.07
                       s · first token 0.08 s, total 4.12 s · draft 144/224
                       accepted (64%) · max_tokens reached
16:57:08.541 INFO:     #77 chat/completions (stream): 689 prompt tokens ·
                       temperature: 0, greedy (req), max_tokens: 256 (req),
                       min_tokens: 256 (req)
16:57:08.725 INFO:     #70 chat/completions (stream): 256 tokens generated at
                       68.7 T/s · prompt 67 tokens, none cached, 67 new in 0.07
                       s · first token 0.08 s, total 3.80 s · draft 149/214
                       accepted (70%) · max_tokens reached
16:57:08.897 INFO:     #78 chat/completions (stream): 702 prompt tokens ·
                       temperature: 0, greedy (req), max_tokens: 256 (req),
                       min_tokens: 256 (req)
16:57:09.279 INFO:     #71 chat/completions (stream): 256 tokens generated at
                       66.2 T/s · prompt 676 tokens, none cached, 676 new in
                       0.48 s (1,408 T/s) · first token 0.49 s, total 4.35 s ·
                       draft 150/212 accepted (71%) · max_tokens reached
16:57:09.348 INFO:     #79 chat/completions (stream): 785 prompt tokens ·
                       temperature: 0, greedy (req), max_tokens: 256 (req),
                       min_tokens: 256 (req)
16:57:09.573 INFO:     #72 chat/completions (stream): 256 tokens generated at
                       64.2 T/s · prompt 802 tokens, none cached, 802 new in
                       0.27 s (2,970 T/s) · queued 0.10 s, first token 0.37 s,
                       total 4.36 s · draft 147/218 accepted (67%) · max_tokens
                       reached
16:57:09.665 INFO:     #80 chat/completions (stream): 67 prompt tokens ·
                       temperature: 0, greedy (req), max_tokens: 256 (req),
                       min_tokens: 256 (req)
16:57:09.912 INFO:     #73 chat/completions (stream): 256 tokens generated at
                       68.6 T/s · prompt 992 tokens, none cached, 992 new in
                       0.31 s (3,200 T/s) · first token 0.32 s, total 4.05 s ·
                       draft 157/198 accepted (79%) · max_tokens reached
16:57:09.986 INFO:     #81 chat/completions (stream): 724 prompt tokens ·
                       temperature: 0, greedy (req), max_tokens: 256 (req),
                       min_tokens: 256 (req)
16:57:11.761 INFO:     #74 chat/completions (stream): 256 tokens generated at
                       61.0 T/s · prompt 68 tokens, none cached, 68 new in 0.08
                       s · first token 0.09 s, total 4.28 s · draft 145/222
                       accepted (65%) · max_tokens reached
16:57:11.834 INFO:     #82 chat/completions (stream): 414 prompt tokens ·
                       temperature: 0, greedy (req), max_tokens: 256 (req),
                       min_tokens: 256 (req)
16:57:12.292 INFO:     #75 chat/completions (stream): 256 tokens generated at
                       61.6 T/s · prompt 785 tokens, none cached, 785 new in
                       0.24 s (3,271 T/s) · first token 0.24 s, total 4.40 s ·
                       draft 147/218 accepted (67%) · max_tokens reached
16:57:12.313 INFO:     #76 chat/completions (stream): 256 tokens generated at
                       68.6 T/s · prompt 262 tokens, none cached, 262 new in
                       0.21 s (1,248 T/s) · first token 0.22 s, total 3.95 s ·
                       draft 157/198 accepted (79%) · max_tokens reached
16:57:12.355 INFO:     #83 chat/completions (stream): 63 prompt tokens ·
                       temperature: 0, greedy (req), max_tokens: 256 (req),
                       min_tokens: 256 (req)
16:57:12.453 INFO:     #84 chat/completions (stream): 104 prompt tokens ·
                       temperature: 0, greedy (req), max_tokens: 256 (req),
                       min_tokens: 256 (req)
16:57:12.713 INFO:     #79 chat/completions (stream): 256 tokens generated at
                       84.5 T/s · prompt 785 tokens, none cached, 785 new in
                       0.24 s (3,271 T/s) · first token 0.25 s, total 3.27 s ·
                       draft 162/188 accepted (86%) · max_tokens reached
16:57:12.783 INFO:     #85 chat/completions (stream): 666 prompt tokens ·
                       temperature: 0, greedy (req), max_tokens: 256 (req),
                       min_tokens: 256 (req)
16:57:13.105 INFO:     #78 chat/completions (stream): 256 tokens generated at
                       71.7 T/s · prompt 702 tokens, none cached, 702 new in
                       0.28 s (2,507 T/s) · first token 0.28 s, total 3.86 s ·
                       draft 148/216 accepted (69%) · max_tokens reached
16:57:13.161 INFO:     #86 chat/completions (stream): 90 prompt tokens ·
                       temperature: 0, greedy (req), max_tokens: 256 (req),
                       min_tokens: 256 (req)
16:57:13.162 INFO:     #77 chat/completions (stream): 256 tokens generated at
                       60.1 T/s · prompt 689 tokens, none cached, 689 new in
                       0.28 s (2,461 T/s) · first token 0.29 s, total 4.54 s ·
                       draft 141/230 accepted (61%) · max_tokens reached
16:57:13.163 INFO:     #80 chat/completions (stream): 256 tokens generated at
                       76.7 T/s · prompt 67 tokens, none cached, 67 new in 0.07
                       s · first token 0.08 s, total 3.41 s · draft 156/200
                       accepted (78%) · max_tokens reached
16:57:13.321 INFO:     #87 chat/completions (stream): 61 prompt tokens ·
                       temperature: 0, greedy (req), max_tokens: 256 (req),
                       min_tokens: 256 (req)
16:57:13.323 INFO:     #88 chat/completions (stream): 1,355 prompt tokens ·
                       temperature: 0, greedy (req), max_tokens: 256 (req),
                       min_tokens: 256 (req)
16:57:14.234 INFO:     #81 chat/completions (stream): 256 tokens generated at
                       66.2 T/s · prompt 724 tokens, none cached, 724 new in
                       0.28 s (2,586 T/s) · first token 0.29 s, total 4.15 s ·
                       draft 145/222 accepted (65%) · max_tokens reached
16:57:14.305 INFO:     #89 chat/completions (stream): 67 prompt tokens ·
                       temperature: 0, greedy (req), max_tokens: 256 (req),
                       min_tokens: 256 (req)
16:57:15.714 INFO:     #82 chat/completions (stream): 256 tokens generated at
                       72.4 T/s · prompt 414 tokens, none cached, 414 new in
                       0.24 s (1,725 T/s) · first token 0.25 s, total 3.78 s ·
                       draft 153/206 accepted (74%) · max_tokens reached
16:57:15.788 INFO:     #90 chat/completions (stream): 1,173 prompt tokens ·
                       temperature: 0, greedy (req), max_tokens: 256 (req),
                       min_tokens: 256 (req)
16:57:16.471 INFO:     #84 chat/completions (stream): 256 tokens generated at
                       66.9 T/s · prompt 104 tokens, none cached, 104 new in
                       0.09 s · first token 0.09 s, total 3.92 s · draft 148/216
                       accepted (69%) · max_tokens reached
16:57:16.540 INFO:     #91 chat/completions (stream): 65 prompt tokens ·
                       temperature: 0, greedy (req), max_tokens: 256 (req),
                       min_tokens: 256 (req)
16:57:16.660 INFO:     #83 chat/completions (stream): 256 tokens generated at
                       63.0 T/s · prompt 63 tokens, none cached, 63 new in 0.07
                       s · first token 0.08 s, total 4.14 s · draft 142/228
                       accepted (62%) · max_tokens reached
16:57:16.731 INFO:     #92 chat/completions (stream): 100 prompt tokens ·
                       temperature: 0, greedy (req), max_tokens: 256 (req),
                       min_tokens: 256 (req)
16:57:16.981 INFO:     #85 chat/completions (stream): 256 tokens generated at
                       66.7 T/s · prompt 666 tokens, none cached, 666 new in
                       0.27 s (2,467 T/s) · first token 0.27 s, total 4.11 s ·
                       draft 144/224 accepted (64%) · max_tokens reached
16:57:16.981 INFO:     #87 chat/completions (stream): 256 tokens generated at
                       79.9 T/s · prompt 61 tokens, none cached, 61 new in 0.36
                       s · first token 0.37 s, total 3.58 s · draft 152/208
                       accepted (73%) · max_tokens reached
16:57:17.021 INFO:     #86 chat/completions (stream): 256 tokens generated at
                       69.4 T/s · prompt 90 tokens, none cached, 90 new in 0.08
                       s · first token 0.09 s, total 3.78 s · draft 147/218
                       accepted (67%) · max_tokens reached
16:57:17.040 INFO:     #93 chat/completions (stream): 110 prompt tokens ·
                       temperature: 0, greedy (req), max_tokens: 256 (req),
                       min_tokens: 256 (req)
16:57:17.042 INFO:     #94 chat/completions (stream): 112 prompt tokens ·
                       temperature: 0, greedy (req), max_tokens: 256 (req),
                       min_tokens: 256 (req)
16:57:17.287 INFO:     #96 chat/completions (stream): 64 prompt tokens ·
                       temperature: 0, greedy (req), max_tokens: 256 (req),
                       min_tokens: 256 (req)
16:57:17.491 INFO:     #88 chat/completions (stream): 256 tokens generated at
                       71.5 T/s · prompt 1,355 tokens, none cached, 1,355 new in
                       0.40 s (3,388 T/s) · first token 0.48 s, total 4.06 s ·
                       draft 143/226 accepted (63%) · max_tokens reached
16:57:17.562 INFO:     #97 chat/completions (stream): 63 prompt tokens ·
                       temperature: 0, greedy (req), max_tokens: 256 (req),
                       min_tokens: 256 (req)
16:57:17.781 INFO:     #89 chat/completions (stream): 256 tokens generated at
                       77.6 T/s · prompt 67 tokens, none cached, 67 new in 0.07
                       s · first token 0.08 s, total 3.38 s · draft 155/202
                       accepted (77%) · max_tokens reached
16:57:17.854 INFO:     #98 chat/completions (stream): 794 prompt tokens ·
                       temperature: 0, greedy (req), max_tokens: 256 (req),
                       min_tokens: 256 (req)
16:57:19.672 INFO:     #90 chat/completions (stream): 256 tokens generated at
                       74.3 T/s · prompt 1,173 tokens, none cached, 1,173 new in
                       0.34 s (3,450 T/s) · first token 0.35 s, total 3.79 s ·
                       draft 146/220 accepted (66%) · max_tokens reached
16:57:19.745 INFO:     #99 chat/completions (stream): 440 prompt tokens ·
                       temperature: 0, greedy (req), max_tokens: 256 (req),
                       min_tokens: 256 (req)
16:57:20.244 INFO:     #92 chat/completions (stream): 256 tokens generated at
                       77.1 T/s · prompt 100 tokens, none cached, 100 new in
                       0.09 s · first token 0.09 s, total 3.42 s · draft 154/204
                       accepted (75%) · max_tokens reached
16:57:20.316 INFO:     #100 chat/completions (stream): 65 prompt tokens ·
                       temperature: 0, greedy (req), max_tokens: 256 (req),
                       min_tokens: 256 (req)
16:57:20.588 INFO:     #96 chat/completions (stream): 256 tokens generated at
                       81.6 T/s · prompt 64 tokens, none cached, 64 new in 0.07
                       s · first token 0.07 s, total 3.21 s · draft 155/202
                       accepted (77%) · max_tokens reached
16:57:20.647 INFO:     #101 chat/completions (stream): 1,320 prompt tokens ·
                       temperature: 0, greedy (req), max_tokens: 256 (req),
                       min_tokens: 256 (req)
16:57:20.648 INFO:     #91 chat/completions (stream): 256 tokens generated at
                       64.8 T/s · prompt 65 tokens, none cached, 65 new in 0.07
                       s · first token 0.08 s, total 4.03 s · draft 135/242
                       accepted (56%) · max_tokens reached
16:57:20.942 INFO:     #94 chat/completions (stream): 256 tokens generated at
                       76.5 T/s · prompt 112 tokens, none cached, 112 new in
                       0.09 s · queued 0.10 s, first token 0.19 s, total 3.54 s
                       · draft 149/214 accepted (70%) · max_tokens reached
16:57:21.025 INFO:     #93 chat/completions (stream): 256 tokens generated at
                       76.1 T/s · prompt 110 tokens, none cached, 110 new in
                       0.19 s · first token 0.20 s, total 3.57 s · draft 148/216
                       accepted (69%) · max_tokens reached
16:57:21.046 INFO:     #102 chat/completions (stream): 795 prompt tokens ·
                       temperature: 0, greedy (req), max_tokens: 256 (req),
                       min_tokens: 256 (req)
16:57:21.259 INFO:     #103 chat/completions (stream): 267 prompt tokens ·
                       temperature: 0, greedy (req), max_tokens: 256 (req),
                       min_tokens: 256 (req)
16:57:21.484 INFO:     #104 chat/completions (stream): 300 prompt tokens ·
                       temperature: 0, greedy (req), max_tokens: 256 (req),
                       min_tokens: 256 (req)
16:57:21.837 INFO:     #97 chat/completions (stream): 256 tokens generated at
                       62.3 T/s · prompt 63 tokens, none cached, 63 new in 0.07
                       s · first token 0.08 s, total 4.18 s · draft 149/217
                       accepted (69%) · max_tokens reached
16:57:21.906 INFO:     #105 chat/completions (stream): 73 prompt tokens ·
                       temperature: 0, greedy (req), max_tokens: 256 (req),
                       min_tokens: 256 (req)
16:57:22.056 INFO:     #98 chat/completions (stream): 256 tokens generated at
                       67.6 T/s · prompt 794 tokens, none cached, 794 new in
                       0.24 s (3,308 T/s) · first token 0.24 s, total 4.03 s ·
                       draft 153/209 accepted (73%) · max_tokens reached
16:57:22.126 INFO:     #106 chat/completions (stream): 64 prompt tokens ·
                       temperature: 0, greedy (req), max_tokens: 256 (req),
                       min_tokens: 256 (req)
16:57:23.841 INFO:     #99 chat/completions (stream): 256 tokens generated at
                       68.3 T/s · prompt 440 tokens, none cached, 440 new in
                       0.25 s (1,760 T/s) · first token 0.26 s, total 4.00 s ·
                       draft 149/217 accepted (69%) · max_tokens reached
16:57:23.914 INFO:     #107 chat/completions (stream): 121 prompt tokens ·
                       temperature: 0, greedy (req), max_tokens: 256 (req),
                       min_tokens: 256 (req)
16:57:24.292 INFO:     #100 chat/completions (stream): 256 tokens generated at
                       67.5 T/s · prompt 65 tokens, none cached, 65 new in 0.07
                       s · first token 0.08 s, total 3.87 s · draft 149/217
                       accepted (69%) · max_tokens reached
16:57:24.373 INFO:     #108 chat/completions (stream): 464 prompt tokens ·
                       temperature: 0, greedy (req), max_tokens: 256 (req),
                       min_tokens: 256 (req)
16:57:24.685 INFO:     #102 chat/completions (stream): 256 tokens generated at
                       88.2 T/s · prompt 795 tokens, none cached, 795 new in
                       0.36 s (2,208 T/s) · first token 0.37 s, total 3.27 s ·
                       draft 159/194 accepted (82%) · max_tokens reached
16:57:24.768 INFO:     #109 chat/completions (stream): 443 prompt tokens ·
                       temperature: 0, greedy (req), max_tokens: 256 (req),
                       min_tokens: 256 (req)
16:57:25.157 INFO:     #103 chat/completions (stream): 256 tokens generated at
                       74.7 T/s · prompt 267 tokens, none cached, 267 new in
                       0.35 s (763 T/s) · first token 0.38 s, total 3.81 s ·
                       draft 151/210 accepted (72%) · max_tokens reached
16:57:25.217 INFO:     #110 chat/completions (stream): 74 prompt tokens ·
                       temperature: 0, greedy (req), max_tokens: 256 (req),
                       min_tokens: 256 (req)
16:57:25.338 INFO:     #104 chat/completions (stream): 256 tokens generated at
                       74.1 T/s · prompt 300 tokens, none cached, 300 new in
                       0.21 s (1,429 T/s) · first token 0.24 s, total 3.69 s ·
                       draft 147/218 accepted (67%) · max_tokens reached
16:57:25.339 INFO:     #105 chat/completions (stream): 256 tokens generated at
                       80.2 T/s · prompt 73 tokens, none cached, 73 new in 0.08
                       s · first token 0.09 s, total 3.28 s · draft 155/202
                       accepted (77%) · max_tokens reached
16:57:25.396 INFO:     #111 chat/completions (stream): 63 prompt tokens ·
                       temperature: 0, greedy (req), max_tokens: 256 (req),
                       min_tokens: 256 (req)
16:57:25.398 INFO:     #112 chat/completions (stream): 153 prompt tokens ·
                       temperature: 0, greedy (req), max_tokens: 256 (req),
                       min_tokens: 256 (req)
16:57:25.399 INFO:     #101 chat/completions (stream): 256 tokens generated at
                       59.4 T/s · prompt 1,320 tokens, none cached, 1,320 new in
                       0.35 s (3,771 T/s) · first token 0.36 s, total 4.67 s ·
                       draft 139/234 accepted (59%) · max_tokens reached
16:57:25.663 INFO:     #113 chat/completions (stream): 729 prompt tokens ·
                       temperature: 0, greedy (req), max_tokens: 256 (req),
                       min_tokens: 256 (req)
16:57:26.074 INFO:     #106 chat/completions (stream): 256 tokens generated at
                       67.7 T/s · prompt 64 tokens, none cached, 64 new in 0.07
                       s · first token 0.07 s, total 3.86 s · draft 149/214
                       accepted (70%) · max_tokens reached
16:57:26.147 INFO:     #114 chat/completions (stream): 789 prompt tokens ·
                       temperature: 0, greedy (req), max_tokens: 256 (req),
                       min_tokens: 256 (req)
16:57:27.841 INFO:     #107 chat/completions (stream): 256 tokens generated at
                       68.8 T/s · prompt 121 tokens, none cached, 121 new in
                       0.11 s · first token 0.12 s, total 3.84 s · draft 158/196
                       accepted (81%) · max_tokens reached
16:57:27.913 INFO:     #115 chat/completions (stream): 168 prompt tokens ·
                       temperature: 0, greedy (req), max_tokens: 256 (req),
                       min_tokens: 256 (req)
16:57:28.638 INFO:     #108 chat/completions (stream): 256 tokens generated at
                       65.8 T/s · prompt 464 tokens, none cached, 464 new in
                       0.28 s (1,657 T/s) · first token 0.29 s, total 4.18 s ·
                       draft 144/224 accepted (64%) · max_tokens reached
16:57:28.682 INFO:     #109 chat/completions (stream): 256 tokens generated at
                       72.1 T/s · prompt 443 tokens, none cached, 443 new in
                       0.27 s (1,641 T/s) · first token 0.28 s, total 3.83 s ·
                       draft 147/218 accepted (67%) · max_tokens reached
16:57:28.701 INFO:     #116 chat/completions (stream): 143 prompt tokens ·
                       temperature: 0, greedy (req), max_tokens: 256 (req),
                       min_tokens: 256 (req)
16:57:28.857 INFO:     #117 chat/completions (stream): 118 prompt tokens ·
                       temperature: 0, greedy (req), max_tokens: 256 (req),
                       min_tokens: 256 (req)
16:57:28.986 INFO:     #112 chat/completions (stream): 256 tokens generated at
                       82.9 T/s · prompt 153 tokens, none cached, 153 new in
                       0.09 s · queued 0.10 s, first token 0.19 s, total 3.28 s
                       · draft 156/200 accepted (78%) · max_tokens reached
16:57:29.051 INFO:     #118 chat/completions (stream): 273 prompt tokens ·
                       temperature: 0, greedy (req), max_tokens: 256 (req),
                       min_tokens: 256 (req)
16:57:29.206 INFO:     #110 chat/completions (stream): 256 tokens generated at
                       69.5 T/s · prompt 74 tokens, none cached, 74 new in 0.08
                       s · first token 0.09 s, total 3.77 s · draft 147/218
                       accepted (67%) · max_tokens reached
16:57:29.292 INFO:     #119 chat/completions (stream): 87 prompt tokens ·
                       temperature: 0, greedy (req), max_tokens: 256 (req),
                       min_tokens: 256 (req)
16:57:29.492 INFO:     #111 chat/completions (stream): 256 tokens generated at
                       67.2 T/s · prompt 63 tokens, none cached, 63 new in 0.18
                       s · first token 0.19 s, total 4.00 s · draft 144/224
                       accepted (64%) · max_tokens reached
16:57:29.557 INFO:     #120 chat/completions (stream): 130 prompt tokens ·
                       temperature: 0, greedy (req), max_tokens: 256 (req),
                       min_tokens: 256 (req)
16:57:29.558 INFO:     #113 chat/completions (stream): 256 tokens generated at
                       73.0 T/s · prompt 729 tokens, none cached, 729 new in
                       0.29 s (2,514 T/s) · first token 0.29 s, total 3.80 s ·
                       draft 145/222 accepted (65%) · max_tokens reached
16:57:29.736 INFO:     #121 chat/completions (stream): 63 prompt tokens ·
                       temperature: 0, greedy (req), max_tokens: 256 (req),
                       min_tokens: 256 (req)
16:57:29.928 INFO:     #114 chat/completions (stream): 256 tokens generated at
                       74.3 T/s · prompt 789 tokens, none cached, 789 new in
                       0.24 s (3,288 T/s) · first token 0.25 s, total 3.69 s ·
                       draft 146/220 accepted (66%) · max_tokens reached
16:57:29.998 INFO:     #122 chat/completions (stream): 67 prompt tokens ·
                       temperature: 0, greedy (req), max_tokens: 256 (req),
                       min_tokens: 256 (req)
16:57:31.224 INFO:     #115 chat/completions (stream): 256 tokens generated at
                       82.2 T/s · prompt 168 tokens, none cached, 168 new in
                       0.09 s · first token 0.10 s, total 3.21 s · draft 156/200
                       accepted (78%) · max_tokens reached
16:57:31.296 INFO:     #123 chat/completions (stream): 61 prompt tokens ·
                       temperature: 0, greedy (req), max_tokens: 256 (req),
                       min_tokens: 256 (req)
16:57:32.070 INFO:     #119 chat/completions (stream): 256 tokens generated at
                       98.7 T/s · prompt 87 tokens, none cached, 87 new in 0.08
                       s · first token 0.09 s, total 2.68 s · draft 163/186
                       accepted (88%) · max_tokens reached
16:57:32.142 INFO:     #125 chat/completions (stream): 96 prompt tokens ·
                       temperature: 0, greedy (req), max_tokens: 256 (req),
                       min_tokens: 256 (req)
16:57:32.330 INFO:     #120 chat/completions (stream): 256 tokens generated at
                       103.5 T/s · prompt 130 tokens, none cached, 130 new in
                       0.10 s · first token 0.11 s, total 2.58 s · draft 164/184
                       accepted (89%) · max_tokens reached
16:57:32.401 INFO:     #126 chat/completions (stream): 497 prompt tokens ·
                       temperature: 0, greedy (req), max_tokens: 256 (req),
                       min_tokens: 256 (req)
16:57:32.733 INFO:     #118 chat/completions (stream): 256 tokens generated at
                       81.2 T/s · prompt 273 tokens, none cached, 273 new in
                       0.17 s (1,606 T/s) · first token 0.18 s, total 3.33 s ·
                       draft 147/218 accepted (67%) · max_tokens reached
16:57:32.771 INFO:     #116 chat/completions (stream): 256 tokens generated at
                       68.0 T/s · prompt 143 tokens, none cached, 143 new in
                       0.11 s · first token 0.12 s, total 3.88 s · draft 138/236
                       accepted (58%) · max_tokens reached
16:57:32.789 INFO:     #127 chat/completions (stream): 357 prompt tokens ·
                       temperature: 0, greedy (req), max_tokens: 256 (req),
                       min_tokens: 256 (req)
16:57:32.937 INFO:     #117 chat/completions (stream): 256 tokens generated at
                       67.9 T/s · prompt 118 tokens, none cached, 118 new in
                       0.10 s · first token 0.10 s, total 3.87 s · draft 138/236
                       accepted (58%) · max_tokens reached
16:57:33.051 INFO:     #128 chat/completions (stream): 82 prompt tokens ·
                       temperature: 0, greedy (req), max_tokens: 256 (req),
                       min_tokens: 256 (req)
16:57:33.186 INFO:     #129 chat/completions (stream): 851 prompt tokens ·
                       temperature: 0, greedy (req), max_tokens: 256 (req),
                       min_tokens: 256 (req)
16:57:33.676 INFO:     #121 chat/completions (stream): 256 tokens generated at
                       67.8 T/s · prompt 63 tokens, none cached, 63 new in 0.07
                       s · first token 0.08 s, total 3.85 s · draft 146/220
                       accepted (66%) · max_tokens reached
16:57:33.677 INFO:     #122 chat/completions (stream): 256 tokens generated at
                       72.9 T/s · prompt 67 tokens, none cached, 67 new in 0.07
                       s · first token 0.08 s, total 3.59 s · draft 154/204
                       accepted (75%) · max_tokens reached
16:57:33.743 INFO:     #130 chat/completions (stream): 62 prompt tokens ·
                       temperature: 0, greedy (req), max_tokens: 256 (req),
                       min_tokens: 256 (req)
16:57:33.746 INFO:     #131 chat/completions (stream): 121 prompt tokens ·
                       temperature: 0, greedy (req), max_tokens: 256 (req),
                       min_tokens: 256 (req)
16:57:35.239 INFO:     #123 chat/completions (stream): 256 tokens generated at
                       67.8 T/s · prompt 61 tokens, none cached, 61 new in 0.07
                       s · first token 0.08 s, total 3.85 s · draft 148/216
                       accepted (69%) · max_tokens reached
16:57:35.313 INFO:     #132 chat/completions (stream): 95 prompt tokens ·
                       temperature: 0, greedy (req), max_tokens: 256 (req),
                       min_tokens: 256 (req)
16:57:35.848 INFO:     #125 chat/completions (stream): 256 tokens generated at
                       72.8 T/s · prompt 96 tokens, none cached, 96 new in 0.09
                       s · first token 0.10 s, total 3.61 s · draft 158/196
                       accepted (81%) · max_tokens reached
16:57:35.921 INFO:     #133 chat/completions (stream): 61 prompt tokens ·
                       temperature: 0, greedy (req), max_tokens: 256 (req),
                       min_tokens: 256 (req)
16:57:36.288 INFO:     #126 chat/completions (stream): 256 tokens generated at
                       73.1 T/s · prompt 497 tokens, none cached, 497 new in
                       0.29 s (1,714 T/s) · first token 0.30 s, total 3.80 s ·
                       draft 151/210 accepted (72%) · max_tokens reached
16:57:36.359 INFO:     #134 chat/completions (stream): 1,431 prompt tokens ·
                       temperature: 0, greedy (req), max_tokens: 256 (req),
                       min_tokens: 256 (req)
16:57:36.360 INFO:     #128 chat/completions (stream): 256 tokens generated at
                       82.0 T/s · prompt 82 tokens, none cached, 82 new in 0.08
                       s · first token 0.09 s, total 3.21 s · draft 155/202
                       accepted (77%) · max_tokens reached
16:57:36.819 INFO:     #135 chat/completions (stream): 670 prompt tokens ·
                       temperature: 0, greedy (req), max_tokens: 256 (req),
                       min_tokens: 256 (req)
16:57:37.169 INFO:     #129 chat/completions (stream): 256 tokens generated at
                       73.7 T/s · prompt 851 tokens, none cached, 851 new in
                       0.33 s (2,579 T/s) · first token 0.33 s, total 3.81 s ·
                       draft 150/212 accepted (71%) · max_tokens reached
16:57:37.189 INFO:     #127 chat/completions (stream): 256 tokens generated at
                       62.7 T/s · prompt 357 tokens, none cached, 357 new in
                       0.23 s (1,552 T/s) · first token 0.24 s, total 4.32 s ·
                       draft 145/222 accepted (65%) · max_tokens reached
16:57:37.190 INFO:     #131 chat/completions (stream): 256 tokens generated at
                       80.2 T/s · prompt 121 tokens, none cached, 121 new in
                       0.10 s · first token 0.18 s, total 3.37 s · draft 159/194
                       accepted (82%) · max_tokens reached
16:57:37.231 INFO:     #136 chat/completions (stream): 393 prompt tokens ·
                       temperature: 0, greedy (req), max_tokens: 256 (req),
                       min_tokens: 256 (req)
16:57:37.386 INFO:     #137 chat/completions (stream): 242 prompt tokens ·
                       temperature: 0, greedy (req), max_tokens: 256 (req),
                       min_tokens: 256 (req)
16:57:37.388 INFO:     #138 chat/completions (stream): 199 prompt tokens ·
                       temperature: 0, greedy (req), max_tokens: 256 (req),
                       min_tokens: 256 (req)
16:57:37.892 INFO:     #130 chat/completions (stream): 256 tokens generated at
                       66.0 T/s · prompt 62 tokens, none cached, 62 new in 0.17
                       s · first token 0.18 s, total 4.06 s · draft 150/212
                       accepted (71%) · max_tokens reached
16:57:37.964 INFO:     #139 chat/completions (stream): 412 prompt tokens ·
                       temperature: 0, greedy (req), max_tokens: 256 (req),
                       min_tokens: 256 (req)
16:57:39.397 INFO:     #132 chat/completions (stream): 256 tokens generated at
                       65.7 T/s · prompt 95 tokens, none cached, 95 new in 0.09
                       s · first token 0.10 s, total 3.99 s · draft 155/202
                       accepted (77%) · max_tokens reached
16:57:39.471 INFO:     #140 chat/completions (stream): 109 prompt tokens ·
                       temperature: 0, greedy (req), max_tokens: 256 (req),
                       min_tokens: 256 (req)
16:57:40.441 INFO:     #134 chat/completions (stream): 256 tokens generated at
                       71.6 T/s · prompt 1,431 tokens, none cached, 1,431 new in
                       0.40 s (3,578 T/s) · first token 0.41 s, total 3.98 s ·
                       draft 154/204 accepted (75%) · max_tokens reached
16:57:40.442 INFO:     #137 chat/completions (stream): 256 tokens generated at
                       98.8 T/s · prompt 242 tokens, none cached, 242 new in
                       0.22 s · queued 0.15 s, first token 0.37 s, total 2.96 s
                       · draft 165/182 accepted (91%) · max_tokens reached
16:57:40.502 INFO:     #141 chat/completions (stream): 98 prompt tokens ·
                       temperature: 0, greedy (req), max_tokens: 256 (req),
                       min_tokens: 256 (req)
16:57:40.503 INFO:     #142 chat/completions (stream): 92 prompt tokens ·
                       temperature: 0, greedy (req), max_tokens: 256 (req),
                       min_tokens: 256 (req)
16:57:40.504 INFO:     #135 chat/completions (stream): 256 tokens generated at
                       77.2 T/s · prompt 670 tokens, none cached, 670 new in
                       0.27 s (2,481 T/s) · first token 0.28 s, total 3.59 s ·
                       draft 154/204 accepted (75%) · max_tokens reached
16:57:40.710 INFO:     #133 chat/completions (stream): 256 tokens generated at
                       57.6 T/s · prompt 61 tokens, none cached, 61 new in 0.07
                       s · first token 0.08 s, total 4.52 s · draft 134/244
                       accepted (55%) · max_tokens reached
16:57:40.754 INFO:     #143 chat/completions (stream): 91 prompt tokens ·
                       temperature: 0, greedy (req), max_tokens: 256 (req),
                       min_tokens: 256 (req)
16:57:40.870 INFO:     #144 chat/completions (stream): 774 prompt tokens ·
                       temperature: 0, greedy (req), max_tokens: 256 (req),
                       min_tokens: 256 (req)
16:57:41.475 INFO:     #138 chat/completions (stream): 256 tokens generated at
                       70.9 T/s · prompt 199 tokens, none cached, 199 new in
                       0.10 s · queued 0.26 s, first token 0.36 s, total 3.97 s
                       · draft 142/231 accepted (61%) · max_tokens reached
16:57:41.545 INFO:     #145 chat/completions (stream): 823 prompt tokens ·
                       temperature: 0, greedy (req), max_tokens: 256 (req),
                       min_tokens: 256 (req)
16:57:41.867 INFO:     #139 chat/completions (stream): 256 tokens generated at
                       77.4 T/s · prompt 412 tokens, none cached, 412 new in
                       0.24 s (1,717 T/s) · first token 0.25 s, total 3.55 s ·
                       draft 146/223 accepted (65%) · max_tokens reached
16:57:41.890 INFO:     #136 chat/completions (stream): 256 tokens generated at
                       67.5 T/s · prompt 393 tokens, none cached, 393 new in
                       0.52 s (756 T/s) · first token 0.53 s, total 4.32 s ·
                       draft 135/245 accepted (55%) · max_tokens reached
16:57:41.936 INFO:     #146 chat/completions (stream): 75 prompt tokens ·
                       temperature: 0, greedy (req), max_tokens: 256 (req),
                       min_tokens: 256 (req)
16:57:42.042 INFO:     #147 chat/completions (stream): 819 prompt tokens ·
                       temperature: 0, greedy (req), max_tokens: 256 (req),
                       min_tokens: 256 (req)
16:57:43.127 INFO:     #140 chat/completions (stream): 256 tokens generated at
                       73.9 T/s · prompt 109 tokens, none cached, 109 new in
                       0.09 s · first token 0.10 s, total 3.56 s · draft 158/199
                       accepted (79%) · max_tokens reached
16:57:43.197 INFO:     #148 chat/completions (stream): 125 prompt tokens ·
                       temperature: 0, greedy (req), max_tokens: 256 (req),
                       min_tokens: 256 (req)
16:57:44.230 INFO:     #143 chat/completions (stream): 256 tokens generated at
                       77.7 T/s · prompt 91 tokens, none cached, 91 new in 0.08
                       s · first token 0.09 s, total 3.38 s · draft 158/196
                       accepted (81%) · max_tokens reached
16:57:44.254 INFO:     #141 chat/completions (stream): 256 tokens generated at
                       73.6 T/s · prompt 98 tokens, none cached, 98 new in 0.17
                       s · first token 0.18 s, total 3.66 s · draft 154/204
                       accepted (75%) · max_tokens reached
16:57:44.299 INFO:     #149 chat/completions (stream): 763 prompt tokens ·
                       temperature: 0, greedy (req), max_tokens: 256 (req),
                       min_tokens: 256 (req)
16:57:44.484 INFO:     #150 chat/completions (stream): 65 prompt tokens ·
                       temperature: 0, greedy (req), max_tokens: 256 (req),
                       min_tokens: 256 (req)
16:57:44.767 INFO:     #144 chat/completions (stream): 256 tokens generated at
                       75.7 T/s · prompt 774 tokens, none cached, 774 new in
                       0.22 s (3,518 T/s) · first token 0.22 s, total 3.61 s ·
                       draft 152/208 accepted (73%) · max_tokens reached
16:57:44.814 INFO:     #142 chat/completions (stream): 256 tokens generated at
                       63.4 T/s · prompt 92 tokens, none cached, 92 new in 0.09
                       s · queued 0.10 s, first token 0.19 s, total 4.22 s ·
                       draft 145/222 accepted (65%) · max_tokens reached
16:57:44.836 INFO:     #151 chat/completions (stream): 536 prompt tokens ·
                       temperature: 0, greedy (req), max_tokens: 256 (req),
                       min_tokens: 256 (req)
16:57:45.068 INFO:     #152 chat/completions (stream): 106 prompt tokens ·
                       temperature: 0, greedy (req), max_tokens: 256 (req),
                       min_tokens: 256 (req)
16:57:45.357 INFO:     #145 chat/completions (stream): 256 tokens generated at
                       74.4 T/s · prompt 823 tokens, none cached, 823 new in
                       0.27 s (3,048 T/s) · first token 0.28 s, total 3.72 s ·
                       draft 158/196 accepted (81%) · max_tokens reached
16:57:45.426 INFO:     #153 chat/completions (stream): 70 prompt tokens ·
                       temperature: 0, greedy (req), max_tokens: 256 (req),
                       min_tokens: 256 (req)
16:57:45.600 INFO:     #147 chat/completions (stream): 256 tokens generated at
                       82.6 T/s · prompt 819 tokens, none cached, 819 new in
                       0.28 s (2,925 T/s) · first token 0.28 s, total 3.38 s ·
                       draft 158/196 accepted (81%) · max_tokens reached
16:57:45.672 INFO:     #154 chat/completions (stream): 1,053 prompt tokens ·
                       temperature: 0, greedy (req), max_tokens: 256 (req),
                       min_tokens: 256 (req)
16:57:45.993 INFO:     #146 chat/completions (stream): 256 tokens generated at
                       70.5 T/s · prompt 75 tokens, none cached, 75 new in 0.08
                       s · first token 0.09 s, total 3.72 s · draft 150/212
                       accepted (71%) · max_tokens reached
16:57:46.069 INFO:     #155 chat/completions (stream): 1,100 prompt tokens ·
                       temperature: 0, greedy (req), max_tokens: 256 (req),
                       min_tokens: 256 (req)
16:57:46.963 INFO:     #148 chat/completions (stream): 256 tokens generated at
                       71.8 T/s · prompt 125 tokens, none cached, 125 new in
                       0.10 s · first token 0.11 s, total 3.67 s · draft 161/190
                       accepted (85%) · max_tokens reached
16:57:47.035 INFO:     #156 chat/completions (stream): 411 prompt tokens ·
                       temperature: 0, greedy (req), max_tokens: 256 (req),
                       min_tokens: 256 (req)
16:57:48.542 INFO:     #149 chat/completions (stream): 256 tokens generated at
                       67.9 T/s · prompt 763 tokens, none cached, 763 new in
                       0.38 s (2,008 T/s) · first token 0.39 s, total 4.16 s ·
                       draft 149/214 accepted (70%) · max_tokens reached
16:57:48.613 INFO:     #158 chat/completions (stream): 128 prompt tokens ·
                       temperature: 0, greedy (req), max_tokens: 256 (req),
                       min_tokens: 256 (req)
16:57:48.796 INFO:     #152 chat/completions (stream): 256 tokens generated at
                       74.4 T/s · prompt 106 tokens, none cached, 106 new in
                       0.09 s · first token 0.10 s, total 3.54 s · draft 151/210
                       accepted (72%) · max_tokens reached
16:57:48.815 INFO:     #150 chat/completions (stream): 256 tokens generated at
                       63.1 T/s · prompt 65 tokens, none cached, 65 new in 0.07
                       s · queued 0.12 s, first token 0.19 s, total 4.25 s ·
                       draft 141/230 accepted (61%) · max_tokens reached
16:57:48.816 INFO:     #151 chat/completions (stream): 256 tokens generated at
                       69.3 T/s · prompt 536 tokens, none cached, 536 new in
                       0.20 s (2,680 T/s) · first token 0.21 s, total 3.90 s ·
                       draft 149/214 accepted (70%) · max_tokens reached
16:57:48.855 INFO:     #159 chat/completions (stream): 84 prompt tokens ·
                       temperature: 0, greedy (req), max_tokens: 256 (req),
                       min_tokens: 256 (req)
16:57:48.966 INFO:     #160 chat/completions (stream): 74 prompt tokens ·
                       temperature: 0, greedy (req), max_tokens: 256 (req),
                       min_tokens: 256 (req)
16:57:48.967 INFO:     #161 chat/completions (stream): 61 prompt tokens ·
                       temperature: 0, greedy (req), max_tokens: 256 (req),
                       min_tokens: 256 (req)
16:57:49.308 INFO:     #153 chat/completions (stream): 256 tokens generated at
                       69.1 T/s · prompt 70 tokens, none cached, 70 new in 0.08
                       s · first token 0.09 s, total 3.79 s · draft 150/212
                       accepted (71%) · max_tokens reached
16:57:49.373 INFO:     #162 chat/completions (stream): 80 prompt tokens ·
                       temperature: 0, greedy (req), max_tokens: 256 (req),
                       min_tokens: 256 (req)
16:57:49.481 INFO:     #155 chat/completions (stream): 256 tokens generated at
                       88.1 T/s · prompt 1,100 tokens, none cached, 1,100 new in
                       0.33 s (3,333 T/s) · first token 0.34 s, total 3.24 s ·
                       draft 160/192 accepted (83%) · max_tokens reached
16:57:49.553 INFO:     #163 chat/completions (stream): 112 prompt tokens ·
                       temperature: 0, greedy (req), max_tokens: 256 (req),
                       min_tokens: 256 (req)
16:57:49.771 INFO:     #154 chat/completions (stream): 256 tokens generated at
                       68.7 T/s · prompt 1,053 tokens, none cached, 1,053 new in
                       0.27 s (3,900 T/s) · first token 0.28 s, total 4.00 s ·
                       draft 146/220 accepted (66%) · max_tokens reached
16:57:49.842 INFO:     #164 chat/completions (stream): 83 prompt tokens ·
                       temperature: 0, greedy (req), max_tokens: 256 (req),
                       min_tokens: 256 (req)
16:57:50.453 INFO:     #156 chat/completions (stream): 256 tokens generated at
                       84.0 T/s · prompt 411 tokens, none cached, 411 new in
                       0.25 s (1,644 T/s) · first token 0.26 s, total 3.30 s ·
                       draft 156/200 accepted (78%) · max_tokens reached
16:57:50.525 INFO:     #165 chat/completions (stream): 100 prompt tokens ·
                       temperature: 0, greedy (req), max_tokens: 256 (req),
                       min_tokens: 256 (req)
16:57:51.643 INFO:     #158 chat/completions (stream): 256 tokens generated at
                       90.5 T/s · prompt 128 tokens, none cached, 128 new in
                       0.10 s · first token 0.11 s, total 2.94 s · draft 165/182
                       accepted (91%) · max_tokens reached
16:57:51.714 INFO:     #166 chat/completions (stream): 127 prompt tokens ·
                       temperature: 0, greedy (req), max_tokens: 256 (req),
                       min_tokens: 256 (req)
16:57:52.253 INFO:     #161 chat/completions (stream): 256 tokens generated at
                       84.2 T/s · prompt 61 tokens, none cached, 61 new in 0.07
                       s · first token 0.15 s, total 3.20 s · draft 152/208
                       accepted (73%) · max_tokens reached
16:57:52.319 INFO:     #167 chat/completions (stream): 90 prompt tokens ·
                       temperature: 0, greedy (req), max_tokens: 256 (req),
                       min_tokens: 256 (req)
16:57:52.320 INFO:     #162 chat/completions (stream): 256 tokens generated at
                       92.4 T/s · prompt 80 tokens, none cached, 80 new in 0.08
                       s · first token 0.09 s, total 2.86 s · draft 160/192
                       accepted (83%) · max_tokens reached
16:57:52.491 INFO:     #168 chat/completions (stream): 63 prompt tokens ·
                       temperature: 0, greedy (req), max_tokens: 256 (req),
                       min_tokens: 256 (req)
16:57:52.634 INFO:     #163 chat/completions (stream): 256 tokens generated at
                       90.9 T/s · prompt 112 tokens, none cached, 112 new in
                       0.09 s · first token 0.09 s, total 2.91 s · draft 158/196
                       accepted (81%) · max_tokens reached
16:57:52.706 INFO:     #169 chat/completions (stream): 104 prompt tokens ·
                       temperature: 0, greedy (req), max_tokens: 256 (req),
                       min_tokens: 256 (req)
16:57:52.910 INFO:     #159 chat/completions (stream): 256 tokens generated at
                       65.9 T/s · prompt 84 tokens, none cached, 84 new in 0.08
                       s · first token 0.09 s, total 3.97 s · draft 134/244
                       accepted (55%) · max_tokens reached
16:57:52.910 INFO:     #160 chat/completions (stream): 256 tokens generated at
                       69.0 T/s · prompt 74 tokens, none cached, 74 new in 0.14
                       s · first token 0.15 s, total 3.86 s · draft 135/242
                       accepted (56%) · max_tokens reached
16:57:52.977 INFO:     #170 chat/completions (stream): 80 prompt tokens ·
                       temperature: 0, greedy (req), max_tokens: 256 (req),
                       min_tokens: 256 (req)
16:57:52.978 INFO:     #171 chat/completions (stream): 82 prompt tokens ·
                       temperature: 0, greedy (req), max_tokens: 256 (req),
                       min_tokens: 256 (req)
16:57:53.358 INFO:     #164 chat/completions (stream): 256 tokens generated at
                       76.8 T/s · prompt 83 tokens, none cached, 83 new in 0.08
                       s · first token 0.08 s, total 3.42 s · draft 146/220
                       accepted (66%) · max_tokens reached
16:57:53.451 INFO:     #172 chat/completions (stream): 809 prompt tokens ·
                       temperature: 0, greedy (req), max_tokens: 256 (req),
                       min_tokens: 256 (req)
16:57:53.870 INFO:     #165 chat/completions (stream): 256 tokens generated at
                       81.1 T/s · prompt 100 tokens, none cached, 100 new in
                       0.09 s · first token 0.10 s, total 3.25 s · draft 159/194
                       accepted (82%) · max_tokens reached
16:57:53.941 INFO:     #173 chat/completions (stream): 77 prompt tokens ·
                       temperature: 0, greedy (req), max_tokens: 256 (req),
                       min_tokens: 256 (req)
16:57:54.983 INFO:     #166 chat/completions (stream): 256 tokens generated at
                       83.5 T/s · prompt 127 tokens, none cached, 127 new in
                       0.10 s · first token 0.11 s, total 3.17 s · draft 162/188
                       accepted (86%) · max_tokens reached
16:57:55.057 INFO:     #174 chat/completions (stream): 64 prompt tokens ·
                       temperature: 0, greedy (req), max_tokens: 256 (req),
                       min_tokens: 256 (req)
16:57:55.917 INFO:     #167 chat/completions (stream): 256 tokens generated at
                       75.0 T/s · prompt 90 tokens, none cached, 90 new in 0.08
                       s · first token 0.09 s, total 3.50 s · draft 149/214
                       accepted (70%) · max_tokens reached
16:57:55.985 INFO:     #175 chat/completions (stream): 104 prompt tokens ·
                       temperature: 0, greedy (req), max_tokens: 256 (req),
                       min_tokens: 256 (req)
16:57:56.152 INFO:     #168 chat/completions (stream): 256 tokens generated at
                       75.4 T/s · prompt 63 tokens, none cached, 63 new in 0.07
                       s · first token 0.08 s, total 3.47 s · draft 146/220
                       accepted (66%) · max_tokens reached
16:57:56.224 INFO:     #176 chat/completions (stream): 66 prompt tokens ·
                       temperature: 0, greedy (req), max_tokens: 256 (req),
                       min_tokens: 256 (req)
16:57:56.423 INFO:     #169 chat/completions (stream): 256 tokens generated at
                       72.7 T/s · prompt 104 tokens, none cached, 104 new in
                       0.09 s · first token 0.09 s, total 3.62 s · draft 144/224
                       accepted (64%) · max_tokens reached
16:57:56.498 INFO:     #177 chat/completions (stream): 786 prompt tokens ·
                       temperature: 0, greedy (req), max_tokens: 256 (req),
                       min_tokens: 256 (req)
16:57:57.019 INFO:     #170 chat/completions (stream): 256 tokens generated at
                       67.4 T/s · prompt 80 tokens, none cached, 80 new in 0.16
                       s · first token 0.17 s, total 3.97 s · draft 135/242
                       accepted (56%) · max_tokens reached
16:57:57.020 INFO:     #171 chat/completions (stream): 256 tokens generated at
                       67.4 T/s · prompt 82 tokens, none cached, 82 new in 0.08
                       s · first token 0.17 s, total 3.96 s · draft 135/242
                       accepted (56%) · max_tokens reached
16:57:57.021 INFO:     #172 chat/completions (stream): 256 tokens generated at
                       79.7 T/s · prompt 809 tokens, none cached, 809 new in
                       0.27 s (2,996 T/s) · first token 0.28 s, total 3.49 s ·
                       draft 148/216 accepted (69%) · max_tokens reached
16:57:57.021 INFO:     #173 chat/completions (stream): 256 tokens generated at
                       87.7 T/s · prompt 77 tokens, none cached, 77 new in 0.08
                       s · first token 0.09 s, total 3.00 s · draft 157/198
                       accepted (79%) · max_tokens reached
16:57:57.084 INFO:     #178 chat/completions (stream): 67 prompt tokens ·
                       temperature: 0, greedy (req), max_tokens: 256 (req),
                       min_tokens: 256 (req)
16:57:57.086 INFO:     #179 chat/completions (stream): 831 prompt tokens ·
                       temperature: 0, greedy (req), max_tokens: 256 (req),
                       min_tokens: 256 (req)
16:57:57.088 INFO:     #180 chat/completions (stream): 731 prompt tokens ·
                       temperature: 0, greedy (req), max_tokens: 256 (req),
                       min_tokens: 256 (req)
16:57:57.089 INFO:     #181 chat/completions (stream): 87 prompt tokens ·
                       temperature: 0, greedy (req), max_tokens: 256 (req),
                       min_tokens: 256 (req)
16:57:58.670 INFO:     #174 chat/completions (stream): 256 tokens generated at
                       74.4 T/s · prompt 64 tokens, none cached, 64 new in 0.07
                       s · first token 0.08 s, total 3.52 s · draft 159/201
                       accepted (79%) · max_tokens reached
16:57:58.744 INFO:     #182 chat/completions (stream): 1,138 prompt tokens ·
                       temperature: 0, greedy (req), max_tokens: 256 (req),
                       min_tokens: 256 (req)
16:57:59.665 INFO:     #175 chat/completions (stream): 256 tokens generated at
                       73.4 T/s · prompt 104 tokens, none cached, 104 new in
                       0.09 s · first token 0.10 s, total 3.58 s · draft 166/187
                       accepted (89%) · max_tokens reached
16:57:59.736 INFO:     #183 chat/completions (stream): 128 prompt tokens ·
                       temperature: 0, greedy (req), max_tokens: 256 (req),
                       min_tokens: 256 (req)
16:58:00.377 INFO:     #176 chat/completions (stream): 256 tokens generated at
                       64.3 T/s · prompt 66 tokens, none cached, 66 new in 0.07
                       s · first token 0.07 s, total 4.06 s · draft 147/225
                       accepted (65%) · max_tokens reached
16:58:00.448 INFO:     #184 chat/completions (stream): 592 prompt tokens ·
                       temperature: 0, greedy (req), max_tokens: 256 (req),
                       min_tokens: 256 (req)
16:58:00.799 INFO:     #177 chat/completions (stream): 256 tokens generated at
                       65.6 T/s · prompt 786 tokens, none cached, 786 new in
                       0.22 s (3,573 T/s) · first token 0.23 s, total 4.13 s ·
                       draft 148/223 accepted (66%) · max_tokens reached
16:58:00.870 INFO:     #185 chat/completions (stream): 63 prompt tokens ·
                       temperature: 0, greedy (req), max_tokens: 256 (req),
                       min_tokens: 256 (req)
16:58:01.058 INFO:     #181 chat/completions (stream): 256 tokens generated at
                       75.8 T/s · prompt 87 tokens, none cached, 87 new in 0.08
                       s · queued 0.42 s, first token 0.50 s, total 3.87 s ·
                       draft 156/200 accepted (78%) · max_tokens reached
16:58:01.122 INFO:     #186 chat/completions (stream): 654 prompt tokens ·
                       temperature: 0, greedy (req), max_tokens: 256 (req),
                       min_tokens: 256 (req)
16:58:01.122 INFO:     #180 chat/completions (stream): 256 tokens generated at
                       79.0 T/s · prompt 731 tokens, none cached, 731 new in
                       0.43 s (1,700 T/s) · queued 0.27 s, first token 0.70 s,
                       total 3.94 s · draft 154/204 accepted (75%) · max_tokens
                       reached
16:58:01.470 INFO:     #187 chat/completions (stream): 586 prompt tokens ·
                       temperature: 0, greedy (req), max_tokens: 256 (req),
                       min_tokens: 256 (req)
16:58:01.814 INFO:     #178 chat/completions (stream): 256 tokens generated at
                       63.2 T/s · prompt 67 tokens, none cached, 67 new in 0.49
                       s · first token 0.51 s, total 4.56 s · draft 145/222
                       accepted (65%) · max_tokens reached
16:58:01.858 INFO:     #179 chat/completions (stream): 256 tokens generated at
                       64.4 T/s · prompt 831 tokens, none cached, 831 new in
                       0.62 s (1,340 T/s) · first token 0.71 s, total 4.69 s ·
                       draft 144/224 accepted (64%) · max_tokens reached
16:58:01.881 INFO:     #188 chat/completions (stream): 212 prompt tokens ·
                       temperature: 0, greedy (req), max_tokens: 256 (req),
                       min_tokens: 256 (req)
16:58:02.040 INFO:     #189 chat/completions (stream): 960 prompt tokens ·
                       temperature: 0, greedy (req), max_tokens: 256 (req),
                       min_tokens: 256 (req)
16:58:03.013 INFO:     #182 chat/completions (stream): 256 tokens generated at
                       66.9 T/s · prompt 1,138 tokens, none cached, 1,138 new in
                       0.34 s (3,347 T/s) · first token 0.35 s, total 4.17 s ·
                       draft 152/208 accepted (73%) · max_tokens reached
16:58:03.084 INFO:     #191 chat/completions (stream): 77 prompt tokens ·
                       temperature: 0, greedy (req), max_tokens: 256 (req),
                       min_tokens: 256 (req)
16:58:03.496 INFO:     #183 chat/completions (stream): 256 tokens generated at
                       72.1 T/s · prompt 128 tokens, none cached, 128 new in
                       0.10 s · first token 0.11 s, total 3.66 s · draft 162/188
                       accepted (86%) · max_tokens reached
16:58:03.569 INFO:     #192 chat/completions (stream): 819 prompt tokens ·
                       temperature: 0, greedy (req), max_tokens: 256 (req),
                       min_tokens: 256 (req)
16:58:04.790 INFO:     #184 chat/completions (stream): 256 tokens generated at
                       64.2 T/s · prompt 592 tokens, none cached, 592 new in
                       0.25 s (2,368 T/s) · first token 0.26 s, total 4.24 s ·
                       draft 146/220 accepted (66%) · max_tokens reached
16:58:04.863 INFO:     #193 chat/completions (stream): 780 prompt tokens ·
                       temperature: 0, greedy (req), max_tokens: 256 (req),
                       min_tokens: 256 (req)
16:58:05.442 INFO:     #187 chat/completions (stream): 256 tokens generated at
                       70.5 T/s · prompt 586 tokens, none cached, 586 new in
                       0.25 s (2,344 T/s) · first token 0.26 s, total 3.88 s ·
                       draft 147/218 accepted (67%) · max_tokens reached
16:58:05.443 INFO:     #188 chat/completions (stream): 256 tokens generated at
                       76.1 T/s · prompt 212 tokens, none cached, 212 new in
                       0.10 s · first token 0.11 s, total 3.47 s · draft 154/204
                       accepted (75%) · max_tokens reached
16:58:05.485 INFO:     #185 chat/completions (stream): 256 tokens generated at
                       57.5 T/s · prompt 63 tokens, none cached, 63 new in 0.07
                       s · first token 0.08 s, total 4.53 s · draft 133/246
                       accepted (54%) · max_tokens reached
16:58:05.504 INFO:     #194 chat/completions (stream): 134 prompt tokens ·
                       temperature: 0, greedy (req), max_tokens: 256 (req),
                       min_tokens: 256 (req)
16:58:05.506 INFO:     #195 chat/completions (stream): 695 prompt tokens ·
                       temperature: 0, greedy (req), max_tokens: 256 (req),
                       min_tokens: 256 (req)
16:58:05.917 INFO:     #196 chat/completions (stream): 88 prompt tokens ·
                       temperature: 0, greedy (req), max_tokens: 256 (req),
                       min_tokens: 256 (req)
16:58:05.918 INFO:     #186 chat/completions (stream): 256 tokens generated at
                       63.2 T/s · prompt 654 tokens, none cached, 654 new in
                       0.28 s (2,336 T/s) · first token 0.29 s, total 4.34 s ·
                       draft 139/234 accepted (59%) · max_tokens reached
16:58:06.074 INFO:     #197 chat/completions (stream): 516 prompt tokens ·
                       temperature: 0, greedy (req), max_tokens: 256 (req),
                       min_tokens: 256 (req)
16:58:06.282 INFO:     #189 chat/completions (stream): 256 tokens generated at
                       69.7 T/s · prompt 960 tokens, none cached, 960 new in
                       0.31 s (3,097 T/s) · first token 0.31 s, total 3.99 s ·
                       draft 147/220 accepted (67%) · max_tokens reached
16:58:06.353 INFO:     #198 chat/completions (stream): 93 prompt tokens ·
                       temperature: 0, greedy (req), max_tokens: 256 (req),
                       min_tokens: 256 (req)
16:58:07.050 INFO:     #191 chat/completions (stream): 256 tokens generated at
                       67.6 T/s · prompt 77 tokens, none cached, 77 new in 0.08
                       s · first token 0.09 s, total 3.87 s · draft 149/216
                       accepted (69%) · max_tokens reached
16:58:07.124 INFO:     #199 chat/completions (stream): 775 prompt tokens ·
                       temperature: 0, greedy (req), max_tokens: 256 (req),
                       min_tokens: 256 (req)
16:58:07.924 INFO:     #192 chat/completions (stream): 256 tokens generated at
                       64.3 T/s · prompt 819 tokens, none cached, 819 new in
                       0.27 s (3,033 T/s) · first token 0.28 s, total 4.26 s ·
                       draft 140/234 accepted (60%) · max_tokens reached
16:58:07.998 INFO:     #200 chat/completions (stream): 386 prompt tokens ·
                       temperature: 0, greedy (req), max_tokens: 256 (req),
                       min_tokens: 256 (req)
16:58:09.017 INFO:     #193 chat/completions (stream): 256 tokens generated at
                       67.2 T/s · prompt 780 tokens, none cached, 780 new in
                       0.24 s (3,250 T/s) · first token 0.25 s, total 4.06 s ·
                       draft 148/218 accepted (68%) · max_tokens reached
16:58:09.084 INFO:     #201 chat/completions (stream): 123 prompt tokens ·
                       temperature: 0, greedy (req), max_tokens: 256 (req),
                       min_tokens: 256 (req)
16:58:09.209 INFO:     #194 chat/completions (stream): 256 tokens generated at
                       79.0 T/s · prompt 134 tokens, none cached, 134 new in
                       0.26 s · first token 0.27 s, total 3.51 s · draft 161/190
                       accepted (85%) · max_tokens reached
16:58:09.282 INFO:     #202 chat/completions (stream): 78 prompt tokens ·
                       temperature: 0, greedy (req), max_tokens: 256 (req),
                       min_tokens: 256 (req)
16:58:09.474 INFO:     #198 chat/completions (stream): 256 tokens generated at
                       90.3 T/s · prompt 93 tokens, none cached, 93 new in 0.09
                       s · first token 0.10 s, total 2.93 s · draft 164/184
                       accepted (89%) · max_tokens reached
16:58:09.532 INFO:     #203 chat/completions (stream): 116 prompt tokens ·
                       temperature: 0, greedy (req), max_tokens: 256 (req),
                       min_tokens: 256 (req)
16:58:09.656 INFO:     #195 chat/completions (stream): 256 tokens generated at
                       71.6 T/s · prompt 695 tokens, none cached, 695 new in
                       0.27 s (2,574 T/s) · queued 0.12 s, first token 0.39 s,
                       total 3.96 s · draft 151/210 accepted (72%) · max_tokens
                       reached
16:58:09.678 INFO:     #196 chat/completions (stream): 256 tokens generated at
                       73.4 T/s · prompt 88 tokens, none cached, 88 new in 0.08
                       s · first token 0.09 s, total 3.57 s · draft 151/210
                       accepted (72%) · max_tokens reached
16:58:09.722 INFO:     #204 chat/completions (stream): 67 prompt tokens ·
                       temperature: 0, greedy (req), max_tokens: 256 (req),
                       min_tokens: 256 (req)
16:58:09.825 INFO:     #205 chat/completions (stream): 74 prompt tokens ·
                       temperature: 0, greedy (req), max_tokens: 256 (req),
                       min_tokens: 256 (req)
16:58:10.047 INFO:     #197 chat/completions (stream): 256 tokens generated at
                       69.3 T/s · prompt 516 tokens, none cached, 516 new in
                       0.18 s (2,867 T/s) · first token 0.19 s, total 3.88 s ·
                       draft 146/220 accepted (66%) · max_tokens reached
16:58:10.117 INFO:     #206 chat/completions (stream): 148 prompt tokens ·
                       temperature: 0, greedy (req), max_tokens: 256 (req),
                       min_tokens: 256 (req)
16:58:10.981 INFO:     #199 chat/completions (stream): 256 tokens generated at
                       72.6 T/s · prompt 775 tokens, none cached, 775 new in
                       0.23 s (3,370 T/s) · first token 0.24 s, total 3.76 s ·
                       draft 144/224 accepted (64%) · max_tokens reached
16:58:11.051 INFO:     #207 chat/completions (stream): 660 prompt tokens ·
                       temperature: 0, greedy (req), max_tokens: 256 (req),
                       min_tokens: 256 (req)
16:58:11.612 INFO:     #200 chat/completions (stream): 256 tokens generated at
                       78.5 T/s · prompt 386 tokens, none cached, 386 new in
                       0.26 s (1,485 T/s) · first token 0.27 s, total 3.53 s ·
                       draft 154/204 accepted (75%) · max_tokens reached
16:58:11.684 INFO:     #208 chat/completions (stream): 62 prompt tokens ·
                       temperature: 0, greedy (req), max_tokens: 256 (req),
                       min_tokens: 256 (req)
16:58:12.471 INFO:     #202 chat/completions (stream): 256 tokens generated at
                       85.2 T/s · prompt 78 tokens, none cached, 78 new in 0.08
                       s · first token 0.08 s, total 3.09 s · draft 159/194
                       accepted (82%) · max_tokens reached
16:58:12.543 INFO:     #209 chat/completions (stream): 61 prompt tokens ·
                       temperature: 0, greedy (req), max_tokens: 256 (req),
                       min_tokens: 256 (req)
16:58:12.759 INFO:     #204 chat/completions (stream): 256 tokens generated at
                       89.4 T/s · prompt 67 tokens, none cached, 67 new in 0.07
                       s · first token 0.07 s, total 2.94 s · draft 161/190
                       accepted (85%) · max_tokens reached
16:58:12.797 INFO:     #203 chat/completions (stream): 256 tokens generated at
                       83.2 T/s · prompt 116 tokens, none cached, 116 new in
                       0.10 s · first token 0.10 s, total 3.18 s · draft 155/202
                       accepted (77%) · max_tokens reached
16:58:12.816 INFO:     #210 chat/completions (stream): 91 prompt tokens ·
                       temperature: 0, greedy (req), max_tokens: 256 (req),
                       min_tokens: 256 (req)
16:58:12.930 INFO:     #201 chat/completions (stream): 256 tokens generated at
                       71.7 T/s · prompt 123 tokens, none cached, 123 new in
                       0.10 s · first token 0.11 s, total 3.68 s · draft 142/228
                       accepted (62%) · max_tokens reached
16:58:12.952 INFO:     #211 chat/completions (stream): 86 prompt tokens ·
                       temperature: 0, greedy (req), max_tokens: 256 (req),
                       min_tokens: 256 (req)
16:58:13.088 INFO:     #212 chat/completions (stream): 64 prompt tokens ·
                       temperature: 0, greedy (req), max_tokens: 256 (req),
                       min_tokens: 256 (req)
16:58:13.324 INFO:     #206 chat/completions (stream): 256 tokens generated at
                       84.6 T/s · prompt 148 tokens, none cached, 148 new in
                       0.09 s · first token 0.10 s, total 3.12 s · draft 157/198
                       accepted (79%) · max_tokens reached
16:58:13.349 INFO:     #205 chat/completions (stream): 256 tokens generated at
                       76.5 T/s · prompt 74 tokens, none cached, 74 new in 0.08
                       s · first token 0.09 s, total 3.43 s · draft 147/218
                       accepted (67%) · max_tokens reached
16:58:13.396 INFO:     #213 chat/completions (stream): 745 prompt tokens ·
                       temperature: 0, greedy (req), max_tokens: 256 (req),
                       min_tokens: 256 (req)
16:58:13.602 INFO:     #214 chat/completions (stream): 722 prompt tokens ·
                       temperature: 0, greedy (req), max_tokens: 256 (req),
                       min_tokens: 256 (req)
16:58:14.913 INFO:     #207 chat/completions (stream): 256 tokens generated at
                       73.2 T/s · prompt 660 tokens, none cached, 660 new in
                       0.27 s (2,444 T/s) · first token 0.28 s, total 3.77 s ·
                       draft 151/210 accepted (72%) · max_tokens reached
16:58:14.984 INFO:     #215 chat/completions (stream): 115 prompt tokens ·
                       temperature: 0, greedy (req), max_tokens: 256 (req),
                       min_tokens: 256 (req)
16:58:15.669 INFO:     #208 chat/completions (stream): 256 tokens generated at
                       67.1 T/s · prompt 62 tokens, none cached, 62 new in 0.07
                       s · first token 0.08 s, total 3.89 s · draft 139/234
                       accepted (59%) · max_tokens reached
16:58:15.741 INFO:     #216 chat/completions (stream): 91 prompt tokens ·
                       temperature: 0, greedy (req), max_tokens: 256 (req),
                       min_tokens: 256 (req)
16:58:16.073 INFO:     #210 chat/completions (stream): 256 tokens generated at
                       83.4 T/s · prompt 91 tokens, none cached, 91 new in 0.09
                       s · first token 0.10 s, total 3.17 s · draft 167/178
                       accepted (94%) · max_tokens reached
16:58:16.140 INFO:     #217 chat/completions (stream): 680 prompt tokens ·
                       temperature: 0, greedy (req), max_tokens: 256 (req),
                       min_tokens: 256 (req)
16:58:16.320 INFO:     #209 chat/completions (stream): 256 tokens generated at
                       74.2 T/s · prompt 61 tokens, none cached, 61 new in 0.07
                       s · first token 0.08 s, total 3.53 s · draft 154/204
                       accepted (75%) · max_tokens reached
16:58:16.498 INFO:     #218 chat/completions (stream): 100 prompt tokens ·
                       temperature: 0, greedy (req), max_tokens: 256 (req),
                       min_tokens: 256 (req)
16:58:17.041 INFO:     #213 chat/completions (stream): 256 tokens generated at
                       82.8 T/s · prompt 745 tokens, none cached, 745 new in
                       0.47 s (1,585 T/s) · first token 0.48 s, total 3.57 s ·
                       draft 156/200 accepted (78%) · max_tokens reached
16:58:17.060 INFO:     #211 chat/completions (stream): 256 tokens generated at
                       64.9 T/s · prompt 86 tokens, none cached, 86 new in 0.08
                       s · first token 0.09 s, total 4.03 s · draft 142/228
                       accepted (62%) · max_tokens reached
16:58:17.060 INFO:     #212 chat/completions (stream): 256 tokens generated at
                       67.0 T/s · prompt 64 tokens, none cached, 64 new in 0.07
                       s · first token 0.08 s, total 3.90 s · draft 144/224
                       accepted (64%) · max_tokens reached
16:58:17.101 INFO:     #220 chat/completions (stream): 64 prompt tokens ·
                       temperature: 0, greedy (req), max_tokens: 256 (req),
                       min_tokens: 256 (req)
16:58:17.198 INFO:     #221 chat/completions (stream): 672 prompt tokens ·
                       temperature: 0, greedy (req), max_tokens: 256 (req),
                       min_tokens: 256 (req)
16:58:17.200 INFO:     #222 chat/completions (stream): 875 prompt tokens ·
                       temperature: 0, greedy (req), max_tokens: 256 (req),
                       min_tokens: 256 (req)
16:58:17.866 INFO:     #214 chat/completions (stream): 256 tokens generated at
                       67.8 T/s · prompt 722 tokens, none cached, 722 new in
                       0.28 s (2,579 T/s) · queued 0.12 s, first token 0.40 s,
                       total 4.17 s · draft 147/218 accepted (67%) · max_tokens
                       reached
16:58:17.934 INFO:     #223 chat/completions (stream): 139 prompt tokens ·
                       temperature: 0, greedy (req), max_tokens: 256 (req),
                       min_tokens: 256 (req)
16:58:18.755 INFO:     #215 chat/completions (stream): 256 tokens generated at
                       71.6 T/s · prompt 115 tokens, none cached, 115 new in
                       0.10 s · first token 0.11 s, total 3.68 s · draft 155/202
                       accepted (77%) · max_tokens reached
16:58:18.826 INFO:     #224 chat/completions (stream): 63 prompt tokens ·
                       temperature: 0, greedy (req), max_tokens: 256 (req),
                       min_tokens: 256 (req)
16:58:19.332 INFO:     #216 chat/completions (stream): 256 tokens generated at
                       75.2 T/s · prompt 91 tokens, none cached, 91 new in 0.09
                       s · first token 0.10 s, total 3.50 s · draft 161/190
                       accepted (85%) · max_tokens reached
16:58:19.405 INFO:     #225 chat/completions (stream): 778 prompt tokens ·
                       temperature: 0, greedy (req), max_tokens: 256 (req),
                       min_tokens: 256 (req)
16:58:19.905 INFO:     #218 chat/completions (stream): 256 tokens generated at
                       79.6 T/s · prompt 100 tokens, none cached, 100 new in
                       0.09 s · first token 0.10 s, total 3.31 s · draft 163/186
                       accepted (88%) · max_tokens reached
16:58:19.979 INFO:     #226 chat/completions (stream): 774 prompt tokens ·
                       temperature: 0, greedy (req), max_tokens: 256 (req),
                       min_tokens: 256 (req)
16:58:20.294 INFO:     #217 chat/completions (stream): 256 tokens generated at
                       67.8 T/s · prompt 680 tokens, none cached, 680 new in
                       0.27 s (2,519 T/s) · first token 0.28 s, total 4.05 s ·
                       draft 152/208 accepted (73%) · max_tokens reached
16:58:20.367 INFO:     #227 chat/completions (stream): 65 prompt tokens ·
                       temperature: 0, greedy (req), max_tokens: 256 (req),
                       min_tokens: 256 (req)
16:58:20.848 INFO:     #220 chat/completions (stream): 256 tokens generated at
                       71.4 T/s · prompt 64 tokens, none cached, 64 new in 0.07
                       s · first token 0.08 s, total 3.66 s · draft 157/198
                       accepted (79%) · max_tokens reached
16:58:20.868 INFO:     #222 chat/completions (stream): 256 tokens generated at
                       84.5 T/s · prompt 875 tokens, none cached, 875 new in
                       0.39 s (2,244 T/s) · queued 0.16 s, first token 0.55 s,
                       total 3.58 s · draft 158/196 accepted (81%) · max_tokens
                       reached
16:58:20.906 INFO:     #228 chat/completions (stream): 117 prompt tokens ·
                       temperature: 0, greedy (req), max_tokens: 256 (req),
                       min_tokens: 256 (req)
16:58:21.031 INFO:     #229 chat/completions (stream): 405 prompt tokens ·
                       temperature: 0, greedy (req), max_tokens: 256 (req),
                       min_tokens: 256 (req)
16:58:21.032 INFO:     #223 chat/completions (stream): 256 tokens generated at
                       91.5 T/s · prompt 139 tokens, none cached, 139 new in
                       0.11 s · first token 0.12 s, total 2.92 s · draft 163/186
                       accepted (88%) · max_tokens reached
16:58:21.315 INFO:     #230 chat/completions (stream): 96 prompt tokens ·
                       temperature: 0, greedy (req), max_tokens: 256 (req),
                       min_tokens: 256 (req)
16:58:21.488 INFO:     #221 chat/completions (stream): 256 tokens generated at
                       72.3 T/s · prompt 672 tokens, none cached, 672 new in
                       0.54 s (1,244 T/s) · first token 0.55 s, total 4.09 s ·
                       draft 149/214 accepted (70%) · max_tokens reached
16:58:21.561 INFO:     #231 chat/completions (stream): 1,533 prompt tokens ·
                       temperature: 0, greedy (req), max_tokens: 256 (req),
                       min_tokens: 256 (req)
16:58:23.158 INFO:     #225 chat/completions (stream): 256 tokens generated at
                       74.8 T/s · prompt 778 tokens, none cached, 778 new in
                       0.23 s (3,383 T/s) · first token 0.24 s, total 3.66 s ·
                       draft 157/198 accepted (79%) · max_tokens reached
16:58:23.232 INFO:     #232 chat/completions (stream): 786 prompt tokens ·
                       temperature: 0, greedy (req), max_tokens: 256 (req),
                       min_tokens: 256 (req)
16:58:23.626 INFO:     #224 chat/completions (stream): 256 tokens generated at
                       55.3 T/s · prompt 63 tokens, none cached, 63 new in 0.07
                       s · first token 0.08 s, total 4.70 s · draft 126/260
                       accepted (48%) · max_tokens reached
16:58:23.695 INFO:     #233 chat/completions (stream): 61 prompt tokens ·
                       temperature: 0, greedy (req), max_tokens: 256 (req),
                       min_tokens: 256 (req)
16:58:23.838 INFO:     #226 chat/completions (stream): 256 tokens generated at
                       73.8 T/s · prompt 774 tokens, none cached, 774 new in
                       0.22 s (3,518 T/s) · first token 0.23 s, total 3.70 s ·
                       draft 157/198 accepted (79%) · max_tokens reached
16:58:23.910 INFO:     #234 chat/completions (stream): 84 prompt tokens ·
                       temperature: 0, greedy (req), max_tokens: 256 (req),
                       min_tokens: 256 (req)
16:58:24.309 INFO:     #227 chat/completions (stream): 256 tokens generated at
                       68.0 T/s · prompt 65 tokens, none cached, 65 new in 0.07
                       s · first token 0.08 s, total 3.84 s · draft 149/214
                       accepted (70%) · max_tokens reached
16:58:24.391 INFO:     #235 chat/completions (stream): 92 prompt tokens ·
                       temperature: 0, greedy (req), max_tokens: 256 (req),
                       min_tokens: 256 (req)
16:58:24.589 INFO:     #228 chat/completions (stream): 256 tokens generated at
                       75.8 T/s · prompt 117 tokens, none cached, 117 new in
                       0.10 s · first token 0.11 s, total 3.48 s · draft 162/188
                       accepted (86%) · max_tokens reached
16:58:24.667 INFO:     #236 chat/completions (stream): 388 prompt tokens ·
                       temperature: 0, greedy (req), max_tokens: 256 (req),
                       min_tokens: 256 (req)
16:58:25.262 INFO:     #230 chat/completions (stream): 256 tokens generated at
                       68.0 T/s · prompt 96 tokens, none cached, 96 new in 0.09
                       s · first token 0.10 s, total 3.86 s · draft 149/214
                       accepted (70%) · max_tokens reached
16:58:25.283 INFO:     #231 chat/completions (stream): 256 tokens generated at
                       78.7 T/s · prompt 1,533 tokens, none cached, 1,533 new in
                       0.38 s (4,034 T/s) · first token 0.38 s, total 3.64 s ·
                       draft 155/202 accepted (77%) · max_tokens reached
16:58:25.320 INFO:     #237 chat/completions (stream): 63 prompt tokens ·
                       temperature: 0, greedy (req), max_tokens: 256 (req),
                       min_tokens: 256 (req)
16:58:25.320 INFO:     #229 chat/completions (stream): 256 tokens generated at
                       64.5 T/s · prompt 405 tokens, none cached, 405 new in
                       0.23 s (1,761 T/s) · first token 0.24 s, total 4.21 s ·
                       draft 144/224 accepted (64%) · max_tokens reached
16:58:25.417 INFO:     #238 chat/completions (stream): 78 prompt tokens ·
                       temperature: 0, greedy (req), max_tokens: 256 (req),
                       min_tokens: 256 (req)
16:58:25.551 INFO:     #239 chat/completions (stream): 707 prompt tokens ·
                       temperature: 0, greedy (req), max_tokens: 256 (req),
                       min_tokens: 256 (req)
16:58:27.011 INFO:     #232 chat/completions (stream): 256 tokens generated at
                       75.1 T/s · prompt 786 tokens, none cached, 786 new in
                       0.27 s (2,911 T/s) · first token 0.28 s, total 3.68 s ·
                       draft 155/202 accepted (77%) · max_tokens reached
16:58:27.081 INFO:     #240 chat/completions (stream): 316 prompt tokens ·
                       temperature: 0, greedy (req), max_tokens: 256 (req),
                       min_tokens: 256 (req)
16:58:27.345 INFO:     #233 chat/completions (stream): 256 tokens generated at
                       77.9 T/s · prompt 61 tokens, none cached, 61 new in 0.07
                       s · first token 0.08 s, total 3.36 s · draft 157/198
                       accepted (79%) · max_tokens reached
16:58:27.416 INFO:     #241 chat/completions (stream): 70 prompt tokens ·
                       temperature: 0, greedy (req), max_tokens: 256 (req),
                       min_tokens: 256 (req)
16:58:27.975 INFO:     #235 chat/completions (stream): 256 tokens generated at
                       75.5 T/s · prompt 92 tokens, none cached, 92 new in 0.09
                       s · first token 0.10 s, total 3.49 s · draft 155/202
                       accepted (77%) · max_tokens reached
16:58:27.999 INFO:     #234 chat/completions (stream): 256 tokens generated at
                       65.5 T/s · prompt 84 tokens, none cached, 84 new in 0.08
                       s · first token 0.09 s, total 3.99 s · draft 139/234
                       accepted (59%) · max_tokens reached
16:58:28.044 INFO:     #242 chat/completions (stream): 85 prompt tokens ·
                       temperature: 0, greedy (req), max_tokens: 256 (req),
                       min_tokens: 256 (req)
16:58:28.158 INFO:     #243 chat/completions (stream): 689 prompt tokens ·
                       temperature: 0, greedy (req), max_tokens: 256 (req),
                       min_tokens: 256 (req)
16:58:28.520 INFO:     #236 chat/completions (stream): 256 tokens generated at
                       75.7 T/s · prompt 388 tokens, none cached, 388 new in
                       0.27 s (1,437 T/s) · first token 0.28 s, total 3.66 s ·
                       draft 154/204 accepted (75%) · max_tokens reached
16:58:28.592 INFO:     #244 chat/completions (stream): 118 prompt tokens ·
                       temperature: 0, greedy (req), max_tokens: 256 (req),
                       min_tokens: 256 (req)
16:58:29.029 INFO:     #239 chat/completions (stream): 256 tokens generated at
                       82.6 T/s · prompt 707 tokens, none cached, 707 new in
                       0.28 s (2,525 T/s) · first token 0.28 s, total 3.38 s ·
                       draft 157/198 accepted (79%) · max_tokens reached
16:58:29.100 INFO:     #245 chat/completions (stream): 811 prompt tokens ·
                       temperature: 0, greedy (req), max_tokens: 256 (req),
                       min_tokens: 256 (req)
16:58:29.537 INFO:     #237 chat/completions (stream): 256 tokens generated at
                       63.2 T/s · prompt 63 tokens, none cached, 63 new in 0.07
                       s · first token 0.08 s, total 4.13 s · draft 142/228
                       accepted (62%) · max_tokens reached
16:58:29.584 INFO:     #238 chat/completions (stream): 256 tokens generated at
                       64.1 T/s · prompt 78 tokens, none cached, 78 new in 0.08
                       s · first token 0.09 s, total 4.08 s · draft 141/230
                       accepted (61%) · max_tokens reached
16:58:29.607 INFO:     #246 chat/completions (stream): 560 prompt tokens ·
                       temperature: 0, greedy (req), max_tokens: 256 (req),
                       min_tokens: 256 (req)
16:58:29.875 INFO:     #247 chat/completions (stream): 105 prompt tokens ·
                       temperature: 0, greedy (req), max_tokens: 256 (req),
                       min_tokens: 256 (req)
16:58:31.249 INFO:     #240 chat/completions (stream): 256 tokens generated at
                       66.4 T/s · prompt 316 tokens, none cached, 316 new in
                       0.21 s (1,505 T/s) · first token 0.22 s, total 4.07 s ·
                       draft 142/228 accepted (62%) · max_tokens reached
16:58:31.322 INFO:     #248 chat/completions (stream): 715 prompt tokens ·
                       temperature: 0, greedy (req), max_tokens: 256 (req),
                       min_tokens: 256 (req)
16:58:31.792 INFO:     #241 chat/completions (stream): 256 tokens generated at
                       61.0 T/s · prompt 70 tokens, none cached, 70 new in 0.08
                       s · first token 0.09 s, total 4.28 s · draft 135/242
                       accepted (56%) · max_tokens reached
16:58:31.864 INFO:     #249 chat/completions (stream): 116 prompt tokens ·
                       temperature: 0, greedy (req), max_tokens: 256 (req),
                       min_tokens: 256 (req)
16:58:32.060 INFO:     #244 chat/completions (stream): 256 tokens generated at
                       80.8 T/s · prompt 118 tokens, none cached, 118 new in
                       0.10 s · first token 0.11 s, total 3.27 s · draft 160/192
                       accepted (83%) · max_tokens reached
16:58:32.131 INFO:     #251 chat/completions (stream): 69 prompt tokens ·
                       temperature: 0, greedy (req), max_tokens: 256 (req),
                       min_tokens: 256 (req)
16:58:32.400 INFO:     #243 chat/completions (stream): 256 tokens generated at
                       66.0 T/s · prompt 689 tokens, none cached, 689 new in
                       0.27 s (2,552 T/s) · first token 0.27 s, total 4.15 s ·
                       draft 142/228 accepted (62%) · max_tokens reached
16:58:32.446 INFO:     #242 chat/completions (stream): 256 tokens generated at
                       60.6 T/s · prompt 85 tokens, none cached, 85 new in 0.08
                       s · first token 0.09 s, total 4.31 s · draft 138/236
                       accepted (58%) · max_tokens reached
16:58:32.468 INFO:     #252 chat/completions (stream): 63 prompt tokens ·
                       temperature: 0, greedy (req), max_tokens: 256 (req),
                       min_tokens: 256 (req)
16:58:32.590 INFO:     #253 chat/completions (stream): 74 prompt tokens ·
                       temperature: 0, greedy (req), max_tokens: 256 (req),
                       min_tokens: 256 (req)
16:58:32.980 INFO:     #245 chat/completions (stream): 256 tokens generated at
                       72.9 T/s · prompt 811 tokens, none cached, 811 new in
                       0.27 s (3,004 T/s) · first token 0.28 s, total 3.79 s ·
                       draft 149/214 accepted (70%) · max_tokens reached
16:58:33.050 INFO:     #254 chat/completions (stream): 755 prompt tokens ·
                       temperature: 0, greedy (req), max_tokens: 256 (req),
                       min_tokens: 256 (req)
16:58:33.360 INFO:     #247 chat/completions (stream): 256 tokens generated at
                       84.5 T/s · prompt 105 tokens, none cached, 105 new in
                       0.09 s · first token 0.09 s, total 3.12 s · draft 156/200
                       accepted (78%) · max_tokens reached
16:58:33.448 INFO:     #255 chat/completions (stream): 119 prompt tokens ·
                       temperature: 0, greedy (req), max_tokens: 256 (req),
                       min_tokens: 256 (req)
16:58:33.692 INFO:     #246 chat/completions (stream): 256 tokens generated at
                       68.3 T/s · prompt 560 tokens, none cached, 560 new in
                       0.24 s (2,333 T/s) · first token 0.25 s, total 3.99 s ·
                       draft 146/220 accepted (66%) · max_tokens reached
16:58:33.762 INFO:     #256 chat/completions (stream): 157 prompt tokens ·
                       temperature: 0, greedy (req), max_tokens: 256 (req),
                       min_tokens: 256 (req)
16:58:35.166 INFO:     #248 chat/completions (stream): 256 tokens generated at
                       73.7 T/s · prompt 715 tokens, none cached, 715 new in
                       0.28 s (2,554 T/s) · first token 0.29 s, total 3.76 s ·
                       draft 147/218 accepted (67%) · max_tokens reached
16:58:35.211 INFO:     #249 chat/completions (stream): 256 tokens generated at
                       81.1 T/s · prompt 116 tokens, none cached, 116 new in
                       0.10 s · first token 0.11 s, total 3.26 s · draft 156/200
                       accepted (78%) · max_tokens reached
16:58:35.233 INFO:     #257 chat/completions (stream): 588 prompt tokens ·
                       temperature: 0, greedy (req), max_tokens: 256 (req),
                       min_tokens: 256 (req)
16:58:35.548 INFO:     #258 chat/completions (stream): 86 prompt tokens ·
                       temperature: 0, greedy (req), max_tokens: 256 (req),
                       min_tokens: 256 (req)
16:58:36.018 INFO:     #252 chat/completions (stream): 256 tokens generated at
                       75.7 T/s · prompt 63 tokens, none cached, 63 new in 0.07
                       s · first token 0.08 s, total 3.46 s · draft 155/202
                       accepted (77%) · max_tokens reached
16:58:36.078 INFO:     #259 chat/completions (stream): 71 prompt tokens ·
                       temperature: 0, greedy (req), max_tokens: 256 (req),
                       min_tokens: 256 (req)
16:58:36.181 INFO:     #251 chat/completions (stream): 256 tokens generated at
                       67.3 T/s · prompt 69 tokens, none cached, 69 new in 0.07
                       s · first token 0.08 s, total 3.88 s · draft 140/232
                       accepted (60%) · max_tokens reached
16:58:36.207 INFO:     #253 chat/completions (stream): 256 tokens generated at
                       76.1 T/s · prompt 74 tokens, none cached, 74 new in 0.08
                       s · first token 0.08 s, total 3.45 s · draft 152/208
                       accepted (73%) · max_tokens reached
16:58:36.253 INFO:     #260 chat/completions (stream): 1,392 prompt tokens ·
                       temperature: 0, greedy (req), max_tokens: 256 (req),
                       min_tokens: 256 (req)
16:58:36.524 INFO:     #261 chat/completions (stream): 107 prompt tokens ·
                       temperature: 0, greedy (req), max_tokens: 256 (req),
                       min_tokens: 256 (req)
16:58:36.911 INFO:     #255 chat/completions (stream): 256 tokens generated at
                       78.4 T/s · prompt 119 tokens, none cached, 119 new in
                       0.10 s · first token 0.11 s, total 3.37 s · draft 162/188
                       accepted (86%) · max_tokens reached
16:58:36.982 INFO:     #262 chat/completions (stream): 75 prompt tokens ·
                       temperature: 0, greedy (req), max_tokens: 256 (req),
                       min_tokens: 256 (req)
16:58:37.203 INFO:     #256 chat/completions (stream): 256 tokens generated at
                       78.7 T/s · prompt 157 tokens, none cached, 157 new in
                       0.09 s · first token 0.09 s, total 3.35 s · draft 162/188
                       accepted (86%) · max_tokens reached
16:58:37.272 INFO:     #263 chat/completions (stream): 97 prompt tokens ·
                       temperature: 0, greedy (req), max_tokens: 256 (req),
                       min_tokens: 256 (req)
16:58:37.472 INFO:     #254 chat/completions (stream): 256 tokens generated at
                       65.1 T/s · prompt 755 tokens, none cached, 755 new in
                       0.28 s (2,696 T/s) · first token 0.29 s, total 4.22 s ·
                       draft 142/228 accepted (62%) · max_tokens reached
16:58:37.540 INFO:     #264 chat/completions (stream): 81 prompt tokens ·
                       temperature: 0, greedy (req), max_tokens: 256 (req),
                       min_tokens: 256 (req)
16:58:39.104 INFO:     #258 chat/completions (stream): 256 tokens generated at
                       75.9 T/s · prompt 86 tokens, none cached, 86 new in 0.08
                       s · first token 0.09 s, total 3.46 s · draft 149/214
                       accepted (70%) · max_tokens reached
16:58:39.175 INFO:     #265 chat/completions (stream): 642 prompt tokens ·
                       temperature: 0, greedy (req), max_tokens: 256 (req),
                       min_tokens: 256 (req)
16:58:39.492 INFO:     #257 chat/completions (stream): 256 tokens generated at
                       70.5 T/s · prompt 588 tokens, none cached, 588 new in
                       0.28 s (2,100 T/s) · first token 0.29 s, total 3.92 s ·
                       draft 142/228 accepted (62%) · max_tokens reached
16:58:39.564 INFO:     #266 chat/completions (stream): 61 prompt tokens ·
                       temperature: 0, greedy (req), max_tokens: 256 (req),
                       min_tokens: 256 (req)
16:58:40.078 INFO:     #260 chat/completions (stream): 256 tokens generated at
                       78.6 T/s · prompt 1,392 tokens, none cached, 1,392 new in
                       0.47 s (2,962 T/s) · first token 0.47 s, total 3.73 s ·
                       draft 146/220 accepted (66%) · max_tokens reached
16:58:40.148 INFO:     #267 chat/completions (stream): 128 prompt tokens ·
                       temperature: 0, greedy (req), max_tokens: 256 (req),
                       min_tokens: 256 (req)
16:58:40.309 INFO:     #259 chat/completions (stream): 256 tokens generated at
                       64.6 T/s · prompt 71 tokens, none cached, 71 new in 0.08
                       s · first token 0.09 s, total 4.05 s · draft 135/242
                       accepted (56%) · max_tokens reached
16:58:40.331 INFO:     #261 chat/completions (stream): 256 tokens generated at
                       74.8 T/s · prompt 107 tokens, none cached, 107 new in
                       0.09 s · queued 0.11 s, first token 0.20 s, total 3.62 s
                       · draft 139/234 accepted (59%) · max_tokens reached
16:58:40.350 INFO:     #263 chat/completions (stream): 256 tokens generated at
                       88.4 T/s · prompt 97 tokens, none cached, 97 new in 0.10
                       s · first token 0.11 s, total 3.00 s · draft 158/196
                       accepted (81%) · max_tokens reached
16:58:40.371 INFO:     #268 chat/completions (stream): 712 prompt tokens ·
                       temperature: 0, greedy (req), max_tokens: 256 (req),
                       min_tokens: 256 (req)
16:58:40.551 INFO:     #269 chat/completions (stream): 94 prompt tokens ·
                       temperature: 0, greedy (req), max_tokens: 256 (req),
                       min_tokens: 256 (req)
16:58:40.766 INFO:     #270 chat/completions (stream): 66 prompt tokens ·
                       temperature: 0, greedy (req), max_tokens: 256 (req),
                       min_tokens: 256 (req)
16:58:40.906 INFO:     #262 chat/completions (stream): 256 tokens generated at
                       73.5 T/s · prompt 75 tokens, none cached, 75 new in 0.08
                       s · first token 0.08 s, total 3.57 s · draft 143/226
                       accepted (63%) · max_tokens reached
16:58:40.930 INFO:     #264 chat/completions (stream): 256 tokens generated at
                       81.5 T/s · prompt 81 tokens, none cached, 81 new in 0.08
                       s · first token 0.09 s, total 3.23 s · draft 158/196
                       accepted (81%) · max_tokens reached
16:58:40.974 INFO:     #271 chat/completions (stream): 93 prompt tokens ·
                       temperature: 0, greedy (req), max_tokens: 256 (req),
                       min_tokens: 256 (req)
16:58:41.091 INFO:     #272 chat/completions (stream): 108 prompt tokens ·
                       temperature: 0, greedy (req), max_tokens: 256 (req),
                       min_tokens: 256 (req)
16:58:42.946 INFO:     #265 chat/completions (stream): 256 tokens generated at
                       75.1 T/s · prompt 642 tokens, none cached, 642 new in
                       0.27 s (2,378 T/s) · first token 0.28 s, total 3.69 s ·
                       draft 149/214 accepted (70%) · max_tokens reached
16:58:42.947 INFO:     #266 chat/completions (stream): 256 tokens generated at
                       79.5 T/s · prompt 61 tokens, none cached, 61 new in 0.07
                       s · first token 0.08 s, total 3.29 s · draft 154/204
                       accepted (75%) · max_tokens reached
16:58:43.014 INFO:     #273 chat/completions (stream): 86 prompt tokens ·
                       temperature: 0, greedy (req), max_tokens: 256 (req),
                       min_tokens: 256 (req)
16:58:43.016 INFO:     #274 chat/completions (stream): 93 prompt tokens ·
                       temperature: 0, greedy (req), max_tokens: 256 (req),
                       min_tokens: 256 (req)
16:58:43.453 INFO:     #267 chat/completions (stream): 256 tokens generated at
                       82.9 T/s · prompt 128 tokens, none cached, 128 new in
                       0.10 s · first token 0.11 s, total 3.19 s · draft 162/188
                       accepted (86%) · max_tokens reached
16:58:43.526 INFO:     #275 chat/completions (stream): 87 prompt tokens ·
                       temperature: 0, greedy (req), max_tokens: 256 (req),
                       min_tokens: 256 (req)
16:58:43.952 INFO:     #268 chat/completions (stream): 256 tokens generated at
                       82.2 T/s · prompt 712 tokens, none cached, 712 new in
                       0.37 s (1,924 T/s) · first token 0.38 s, total 3.49 s ·
                       draft 152/208 accepted (73%) · max_tokens reached
16:58:44.017 INFO:     #276 chat/completions (stream): 91 prompt tokens ·
                       temperature: 0, greedy (req), max_tokens: 256 (req),
                       min_tokens: 256 (req)
16:58:44.160 INFO:     #270 chat/completions (stream): 256 tokens generated at
                       81.2 T/s · prompt 66 tokens, none cached, 66 new in 0.07
                       s · first token 0.08 s, total 3.23 s · draft 147/218
                       accepted (67%) · max_tokens reached
16:58:44.161 INFO:     #271 chat/completions (stream): 256 tokens generated at
                       87.4 T/s · prompt 93 tokens, none cached, 93 new in 0.09
                       s · first token 0.10 s, total 3.02 s · draft 153/206
                       accepted (74%) · max_tokens reached
16:58:44.183 INFO:     #272 chat/completions (stream): 256 tokens generated at
                       90.6 T/s · prompt 108 tokens, none cached, 108 new in
                       0.09 s · first token 0.10 s, total 2.92 s · draft 153/206
                       accepted (74%) · max_tokens reached
16:58:44.222 INFO:     #277 chat/completions (stream): 849 prompt tokens ·
                       temperature: 0, greedy (req), max_tokens: 256 (req),
                       min_tokens: 256 (req)
16:58:44.224 INFO:     #278 chat/completions (stream): 82 prompt tokens ·
                       temperature: 0, greedy (req), max_tokens: 256 (req),
                       min_tokens: 256 (req)
16:58:44.562 INFO:     #279 chat/completions (stream): 64 prompt tokens ·
                       temperature: 0, greedy (req), max_tokens: 256 (req),
                       min_tokens: 256 (req)
16:58:44.740 INFO:     #269 chat/completions (stream): 256 tokens generated at
                       74.6 T/s · prompt 94 tokens, none cached, 94 new in 0.09
                       s · queued 0.11 s, first token 0.20 s, total 3.63 s ·
                       draft 141/230 accepted (61%) · max_tokens reached
16:58:44.807 INFO:     #280 chat/completions (stream): 117 prompt tokens ·
                       temperature: 0, greedy (req), max_tokens: 256 (req),
                       min_tokens: 256 (req)
16:58:46.302 INFO:     #274 chat/completions (stream): 256 tokens generated at
                       85.0 T/s · prompt 93 tokens, none cached, 93 new in 0.09
                       s · first token 0.18 s, total 3.19 s · draft 162/190
                       accepted (85%) · max_tokens reached
16:58:46.372 INFO:     #281 chat/completions (stream): 1,307 prompt tokens ·
                       temperature: 0, greedy (req), max_tokens: 256 (req),
                       min_tokens: 256 (req)
16:58:46.373 INFO:     #273 chat/completions (stream): 256 tokens generated at
                       83.0 T/s · prompt 86 tokens, none cached, 86 new in 0.17
                       s · first token 0.18 s, total 3.26 s · draft 159/196
                       accepted (81%) · max_tokens reached
16:58:46.744 INFO:     #282 chat/completions (stream): 93 prompt tokens ·
                       temperature: 0, greedy (req), max_tokens: 256 (req),
                       min_tokens: 256 (req)
16:58:47.575 INFO:     #275 chat/completions (stream): 256 tokens generated at
                       66.2 T/s · prompt 87 tokens, none cached, 87 new in 0.08
                       s · first token 0.09 s, total 3.95 s · draft 139/236
                       accepted (59%) · max_tokens reached
16:58:47.644 INFO:     #284 chat/completions (stream): 108 prompt tokens ·
                       temperature: 0, greedy (req), max_tokens: 256 (req),
                       min_tokens: 256 (req)
16:58:47.791 INFO:     #280 chat/completions (stream): 256 tokens generated at
                       95.3 T/s · prompt 117 tokens, none cached, 117 new in
                       0.10 s · first token 0.11 s, total 2.79 s · draft 162/188
                       accepted (86%) · max_tokens reached
16:58:47.864 INFO:     #285 chat/completions (stream): 97 prompt tokens ·
                       temperature: 0, greedy (req), max_tokens: 256 (req),
                       min_tokens: 256 (req)
16:58:48.031 INFO:     #277 chat/completions (stream): 256 tokens generated at
                       81.4 T/s · prompt 849 tokens, none cached, 849 new in
                       0.48 s (1,769 T/s) · first token 0.49 s, total 3.63 s ·
                       draft 151/210 accepted (72%) · max_tokens reached
16:58:48.032 INFO:     #279 chat/completions (stream): 256 tokens generated at
                       81.4 T/s · prompt 64 tokens, none cached, 64 new in 0.07
                       s · first token 0.16 s, total 3.30 s · draft 151/210
                       accepted (72%) · max_tokens reached
16:58:48.056 INFO:     #276 chat/completions (stream): 256 tokens generated at
                       66.2 T/s · prompt 91 tokens, none cached, 91 new in 0.08
                       s · first token 0.09 s, total 3.96 s · draft 143/228
                       accepted (63%) · max_tokens reached
16:58:48.097 INFO:     #286 chat/completions (stream): 752 prompt tokens ·
                       temperature: 0, greedy (req), max_tokens: 256 (req),
                       min_tokens: 256 (req)
16:58:48.099 INFO:     #287 chat/completions (stream): 772 prompt tokens ·
                       temperature: 0, greedy (req), max_tokens: 256 (req),
                       min_tokens: 256 (req)
16:58:48.100 INFO:     #278 chat/completions (stream): 256 tokens generated at
                       73.8 T/s · prompt 82 tokens, none cached, 82 new in 0.13
                       s · queued 0.19 s, first token 0.32 s, total 3.79 s ·
                       draft 147/218 accepted (67%) · max_tokens reached
16:58:48.465 INFO:     #288 chat/completions (stream): 84 prompt tokens ·
                       temperature: 0, greedy (req), max_tokens: 256 (req),
                       min_tokens: 256 (req)
16:58:48.722 INFO:     #289 chat/completions (stream): 76 prompt tokens ·
                       temperature: 0, greedy (req), max_tokens: 256 (req),
                       min_tokens: 256 (req)
16:58:50.289 INFO:     #281 chat/completions (stream): 256 tokens generated at
                       73.1 T/s · prompt 1,307 tokens, none cached, 1,307 new in
                       0.32 s (4,084 T/s) · first token 0.33 s, total 3.83 s ·
                       draft 150/217 accepted (69%) · max_tokens reached
16:58:50.334 INFO:     #282 chat/completions (stream): 256 tokens generated at
                       75.1 T/s · prompt 93 tokens, none cached, 93 new in 0.09
                       s · first token 0.10 s, total 3.50 s · draft 150/217
                       accepted (69%) · max_tokens reached
16:58:50.358 INFO:     #290 chat/completions (stream): 881 prompt tokens ·
                       temperature: 0, greedy (req), max_tokens: 256 (req),
                       min_tokens: 256 (req)
16:58:50.685 INFO:     #291 chat/completions (stream): 78 prompt tokens ·
                       temperature: 0, greedy (req), max_tokens: 256 (req),
                       min_tokens: 256 (req)
16:58:51.345 INFO:     #285 chat/completions (stream): 256 tokens generated at
                       77.6 T/s · prompt 97 tokens, none cached, 97 new in 0.09
                       s · first token 0.10 s, total 3.39 s · draft 161/195
                       accepted (83%) · max_tokens reached
16:58:51.391 INFO:     #284 chat/completions (stream): 256 tokens generated at
                       72.0 T/s · prompt 108 tokens, none cached, 108 new in
                       0.09 s · first token 0.10 s, total 3.65 s · draft 154/209
                       accepted (74%) · max_tokens reached
16:58:51.413 INFO:     #292 chat/completions (stream): 681 prompt tokens ·
                       temperature: 0, greedy (req), max_tokens: 256 (req),
                       min_tokens: 256 (req)
16:58:51.706 INFO:     #293 chat/completions (stream): 947 prompt tokens ·
                       temperature: 0, greedy (req), max_tokens: 256 (req),
                       min_tokens: 256 (req)
16:58:52.223 INFO:     #287 chat/completions (stream): 256 tokens generated at
                       74.2 T/s · prompt 772 tokens, none cached, 772 new in
                       0.43 s (1,795 T/s) · queued 0.15 s, first token 0.58 s,
                       total 4.03 s · draft 154/204 accepted (75%) · max_tokens
                       reached
16:58:52.290 INFO:     #294 chat/completions (stream): 98 prompt tokens ·
                       temperature: 0, greedy (req), max_tokens: 256 (req),
                       min_tokens: 256 (req)
16:58:52.445 INFO:     #289 chat/completions (stream): 256 tokens generated at
                       74.5 T/s · prompt 76 tokens, none cached, 76 new in 0.08
                       s · first token 0.08 s, total 3.52 s · draft 151/210
                       accepted (72%) · max_tokens reached
16:58:52.511 INFO:     #295 chat/completions (stream): 96 prompt tokens ·
                       temperature: 0, greedy (req), max_tokens: 256 (req),
                       min_tokens: 256 (req)
16:58:52.665 INFO:     #286 chat/completions (stream): 256 tokens generated at
                       67.2 T/s · prompt 752 tokens, none cached, 752 new in
                       0.57 s (1,319 T/s) · first token 0.58 s, total 4.39 s ·
                       draft 143/226 accepted (63%) · max_tokens reached
16:58:52.665 INFO:     #288 chat/completions (stream): 256 tokens generated at
                       67.2 T/s · prompt 84 tokens, none cached, 84 new in 0.08
                       s · queued 0.13 s, first token 0.21 s, total 4.02 s ·
                       draft 143/226 accepted (63%) · max_tokens reached
16:58:52.731 INFO:     #296 chat/completions (stream): 191 prompt tokens ·
                       temperature: 0, greedy (req), max_tokens: 256 (req),
                       min_tokens: 256 (req)
16:58:52.732 INFO:     #297 chat/completions (stream): 166 prompt tokens ·
                       temperature: 0, greedy (req), max_tokens: 256 (req),
                       min_tokens: 256 (req)
16:58:54.084 INFO:     #290 chat/completions (stream): 256 tokens generated at
                       76.9 T/s · prompt 881 tokens, none cached, 881 new in
                       0.30 s (2,937 T/s) · first token 0.31 s, total 3.64 s ·
                       draft 159/194 accepted (82%) · max_tokens reached
16:58:54.156 INFO:     #298 chat/completions (stream): 85 prompt tokens ·
                       temperature: 0, greedy (req), max_tokens: 256 (req),
                       min_tokens: 256 (req)
16:58:54.410 INFO:     #291 chat/completions (stream): 256 tokens generated at
                       72.1 T/s · prompt 78 tokens, none cached, 78 new in 0.08
                       s · first token 0.09 s, total 3.64 s · draft 150/212
                       accepted (71%) · max_tokens reached
16:58:54.500 INFO:     #299 chat/completions (stream): 62 prompt tokens ·
                       temperature: 0, greedy (req), max_tokens: 256 (req),
                       min_tokens: 256 (req)
16:58:55.107 INFO:     #293 chat/completions (stream): 256 tokens generated at
                       85.2 T/s · prompt 947 tokens, none cached, 947 new in
                       0.30 s (3,157 T/s) · first token 0.30 s, total 3.31 s ·
                       draft 155/202 accepted (77%) · max_tokens reached
16:58:55.174 INFO:     #300 chat/completions (stream): 775 prompt tokens ·
                       temperature: 0, greedy (req), max_tokens: 256 (req),
                       min_tokens: 256 (req)
16:58:55.370 INFO:     #292 chat/completions (stream): 256 tokens generated at
                       74.8 T/s · prompt 681 tokens, none cached, 681 new in
                       0.26 s (2,619 T/s) · first token 0.27 s, total 3.69 s ·
                       draft 149/214 accepted (70%) · max_tokens reached
16:58:55.470 INFO:     #301 chat/completions (stream): 63 prompt tokens ·
                       temperature: 0, greedy (req), max_tokens: 256 (req),
                       min_tokens: 256 (req)
16:58:55.876 INFO:     #294 chat/completions (stream): 256 tokens generated at
                       75.2 T/s · prompt 98 tokens, none cached, 98 new in 0.09
                       s · first token 0.10 s, total 3.50 s · draft 146/220
                       accepted (66%) · max_tokens reached
16:58:55.877 INFO:     #297 chat/completions (stream): 256 tokens generated at
                       89.5 T/s · prompt 166 tokens, none cached, 166 new in
                       0.09 s · queued 0.11 s, first token 0.20 s, total 3.06 s
                       · draft 157/198 accepted (79%) · max_tokens reached
16:58:55.937 INFO:     #302 chat/completions (stream): 65 prompt tokens ·
                       temperature: 0, greedy (req), max_tokens: 256 (req),
                       min_tokens: 256 (req)
16:58:55.939 INFO:     #303 chat/completions (stream): 97 prompt tokens ·
                       temperature: 0, greedy (req), max_tokens: 256 (req),
                       min_tokens: 256 (req)
16:58:56.147 INFO:     #295 chat/completions (stream): 256 tokens generated at
                       77.7 T/s · prompt 96 tokens, none cached, 96 new in 0.09
                       s · first token 0.10 s, total 3.39 s · draft 146/220
                       accepted (66%) · max_tokens reached
16:58:56.148 INFO:     #296 chat/completions (stream): 256 tokens generated at
                       86.3 T/s · prompt 191 tokens, none cached, 191 new in
                       0.19 s · first token 0.20 s, total 3.17 s · draft 152/208
                       accepted (73%) · max_tokens reached
16:58:56.218 INFO:     #304 chat/completions (stream): 61 prompt tokens ·
                       temperature: 0, greedy (req), max_tokens: 256 (req),
                       min_tokens: 256 (req)
16:58:56.221 INFO:     #305 chat/completions (stream): 797 prompt tokens ·
                       temperature: 0, greedy (req), max_tokens: 256 (req),
                       min_tokens: 256 (req)
16:58:57.751 INFO:     #298 chat/completions (stream): 256 tokens generated at
                       74.9 T/s · prompt 85 tokens, none cached, 85 new in 0.08
                       s · first token 0.09 s, total 3.50 s · draft 147/220
                       accepted (67%) · max_tokens reached
16:58:57.774 INFO:     #299 chat/completions (stream): 256 tokens generated at
                       82.3 T/s · prompt 62 tokens, none cached, 62 new in 0.07
                       s · first token 0.08 s, total 3.19 s · draft 156/202
                       accepted (77%) · max_tokens reached
16:58:57.817 INFO:     #306 chat/completions (stream): 822 prompt tokens ·
                       temperature: 0, greedy (req), max_tokens: 256 (req),
                       min_tokens: 256 (req)
16:58:58.034 INFO:     #307 chat/completions (stream): 63 prompt tokens ·
                       temperature: 0, greedy (req), max_tokens: 256 (req),
                       min_tokens: 256 (req)
16:58:58.860 INFO:     #300 chat/completions (stream): 256 tokens generated at
                       75.8 T/s · prompt 775 tokens, none cached, 775 new in
                       0.21 s (3,690 T/s) · first token 0.22 s, total 3.59 s ·
                       draft 151/212 accepted (71%) · max_tokens reached
16:58:58.933 INFO:     #308 chat/completions (stream): 94 prompt tokens ·
                       temperature: 0, greedy (req), max_tokens: 256 (req),
                       min_tokens: 256 (req)
16:58:59.253 INFO:     #302 chat/completions (stream): 256 tokens generated at
                       83.7 T/s · prompt 65 tokens, none cached, 65 new in 0.16
                       s · first token 0.17 s, total 3.23 s · draft 158/196
                       accepted (81%) · max_tokens reached
16:58:59.273 INFO:     #305 chat/completions (stream): 256 tokens generated at
                       95.7 T/s · prompt 797 tokens, none cached, 797 new in
                       0.22 s (3,623 T/s) · first token 0.30 s, total 2.97 s ·
                       draft 163/186 accepted (88%) · max_tokens reached
16:58:59.311 INFO:     #309 chat/completions (stream): 104 prompt tokens ·
                       temperature: 0, greedy (req), max_tokens: 256 (req),
                       min_tokens: 256 (req)
16:58:59.311 INFO:     #303 chat/completions (stream): 256 tokens generated at
                       81.9 T/s · prompt 97 tokens, none cached, 97 new in 0.09
                       s · first token 0.17 s, total 3.30 s · draft 155/202
                       accepted (77%) · max_tokens reached
16:58:59.446 INFO:     #310 chat/completions (stream): 470 prompt tokens ·
                       temperature: 0, greedy (req), max_tokens: 256 (req),
                       min_tokens: 256 (req)
16:58:59.718 INFO:     #311 chat/completions (stream): 957 prompt tokens ·
                       temperature: 0, greedy (req), max_tokens: 256 (req),
                       min_tokens: 256 (req)
16:59:00.153 INFO:     #301 chat/completions (stream): 256 tokens generated at
                       56.6 T/s · prompt 63 tokens, none cached, 63 new in 0.07
                       s · first token 0.08 s, total 4.60 s · draft 128/258
                       accepted (50%) · max_tokens reached
16:59:00.221 INFO:     #312 chat/completions (stream): 90 prompt tokens ·
                       temperature: 0, greedy (req), max_tokens: 256 (req),
                       min_tokens: 256 (req)
16:59:00.449 INFO:     #304 chat/completions (stream): 256 tokens generated at
                       65.8 T/s · prompt 61 tokens, none cached, 61 new in 0.23
                       s · first token 0.24 s, total 4.13 s · draft 141/230
                       accepted (61%) · max_tokens reached
16:59:00.519 INFO:     #313 chat/completions (stream): 72 prompt tokens ·
                       temperature: 0, greedy (req), max_tokens: 256 (req),
                       min_tokens: 256 (req)
16:59:01.573 INFO:     #307 chat/completions (stream): 256 tokens generated at
                       77.6 T/s · prompt 63 tokens, none cached, 63 new in 0.07
                       s · first token 0.14 s, total 3.44 s · draft 155/202
                       accepted (77%) · max_tokens reached
16:59:01.645 INFO:     #314 chat/completions (stream): 748 prompt tokens ·
                       temperature: 0, greedy (req), max_tokens: 256 (req),
                       min_tokens: 256 (req)
16:59:01.947 INFO:     #306 chat/completions (stream): 256 tokens generated at
                       74.9 T/s · prompt 822 tokens, none cached, 822 new in
                       0.36 s (2,283 T/s) · first token 0.37 s, total 3.78 s ·
                       draft 150/212 accepted (71%) · max_tokens reached
16:59:02.020 INFO:     #315 chat/completions (stream): 135 prompt tokens ·
                       temperature: 0, greedy (req), max_tokens: 256 (req),
                       min_tokens: 256 (req)
16:59:02.450 INFO:     #308 chat/completions (stream): 256 tokens generated at
                       77.0 T/s · prompt 94 tokens, none cached, 94 new in 0.09
                       s · first token 0.10 s, total 3.42 s · draft 165/182
                       accepted (91%) · max_tokens reached
16:59:02.521 INFO:     #317 chat/completions (stream): 109 prompt tokens ·
                       temperature: 0, greedy (req), max_tokens: 256 (req),
                       min_tokens: 256 (req)
16:59:03.131 INFO:     #309 chat/completions (stream): 256 tokens generated at
                       70.6 T/s · prompt 104 tokens, none cached, 104 new in
                       0.09 s · first token 0.10 s, total 3.72 s · draft 154/204
                       accepted (75%) · max_tokens reached
16:59:03.203 INFO:     #318 chat/completions (stream): 748 prompt tokens ·
                       temperature: 0, greedy (req), max_tokens: 256 (req),
                       min_tokens: 256 (req)
16:59:03.546 INFO:     #310 chat/completions (stream): 256 tokens generated at
                       73.0 T/s · prompt 470 tokens, none cached, 470 new in
                       0.24 s (1,958 T/s) · first token 0.25 s, total 3.75 s ·
                       draft 149/214 accepted (70%) · max_tokens reached
16:59:03.568 INFO:     #312 chat/completions (stream): 256 tokens generated at
                       83.7 T/s · prompt 90 tokens, none cached, 90 new in 0.08
                       s · first token 0.09 s, total 3.15 s · draft 159/194
                       accepted (82%) · max_tokens reached
16:59:03.607 INFO:     #319 chat/completions (stream): 1,170 prompt tokens ·
                       temperature: 0, greedy (req), max_tokens: 256 (req),
                       min_tokens: 256 (req)
16:59:03.840 INFO:     #320 chat/completions (stream): 832 prompt tokens ·
                       temperature: 0, greedy (req), max_tokens: 256 (req),
                       min_tokens: 256 (req)
16:59:03.840 INFO:     #311 chat/completions (stream): 256 tokens generated at
                       72.7 T/s · prompt 957 tokens, none cached, 957 new in
                       0.30 s (3,190 T/s) · first token 0.30 s, total 3.83 s ·
                       draft 147/218 accepted (67%) · max_tokens reached
16:59:04.245 INFO:     #321 chat/completions (stream): 64 prompt tokens ·
                       temperature: 0, greedy (req), max_tokens: 256 (req),
                       min_tokens: 256 (req)
16:59:04.246 INFO:     #313 chat/completions (stream): 256 tokens generated at
                       85.3 T/s · prompt 72 tokens, none cached, 72 new in 0.08
                       s · first token 0.09 s, total 3.09 s · draft 162/188
                       accepted (86%) · max_tokens reached
16:59:04.393 INFO:     #322 chat/completions (stream): 103 prompt tokens ·
                       temperature: 0, greedy (req), max_tokens: 256 (req),
                       min_tokens: 256 (req)
16:59:05.668 INFO:     #315 chat/completions (stream): 256 tokens generated at
                       74.3 T/s · prompt 135 tokens, none cached, 135 new in
                       0.11 s · first token 0.12 s, total 3.56 s · draft 158/197
                       accepted (80%) · max_tokens reached
16:59:05.714 INFO:     #314 chat/completions (stream): 256 tokens generated at
                       69.2 T/s · prompt 748 tokens, none cached, 748 new in
                       0.27 s (2,770 T/s) · first token 0.28 s, total 3.97 s ·
                       draft 152/209 accepted (73%) · max_tokens reached
16:59:05.736 INFO:     #323 chat/completions (stream): 101 prompt tokens ·
                       temperature: 0, greedy (req), max_tokens: 256 (req),
                       min_tokens: 256 (req)
16:59:05.883 INFO:     #324 chat/completions (stream): 63 prompt tokens ·
                       temperature: 0, greedy (req), max_tokens: 256 (req),
                       min_tokens: 256 (req)
16:59:06.123 INFO:     #317 chat/completions (stream): 256 tokens generated at
                       75.1 T/s · prompt 109 tokens, none cached, 109 new in
                       0.09 s · first token 0.10 s, total 3.50 s · draft 162/189
                       accepted (86%) · max_tokens reached
16:59:06.195 INFO:     #325 chat/completions (stream): 63 prompt tokens ·
                       temperature: 0, greedy (req), max_tokens: 256 (req),
                       min_tokens: 256 (req)
16:59:07.062 INFO:     #320 chat/completions (stream): 256 tokens generated at
                       92.4 T/s · prompt 832 tokens, none cached, 832 new in
                       0.27 s (3,081 T/s) · queued 0.10 s, first token 0.37 s,
                       total 3.14 s · draft 160/192 accepted (83%) · max_tokens
                       reached
16:59:07.086 INFO:     #318 chat/completions (stream): 256 tokens generated at
                       72.9 T/s · prompt 748 tokens, none cached, 748 new in
                       0.27 s (2,770 T/s) · first token 0.28 s, total 3.79 s ·
                       draft 151/211 accepted (72%) · max_tokens reached
16:59:07.130 INFO:     #326 chat/completions (stream): 155 prompt tokens ·
                       temperature: 0, greedy (req), max_tokens: 256 (req),
                       min_tokens: 256 (req)
16:59:07.252 INFO:     #327 chat/completions (stream): 71 prompt tokens ·
                       temperature: 0, greedy (req), max_tokens: 256 (req),
                       min_tokens: 256 (req)
16:59:07.467 INFO:     #319 chat/completions (stream): 256 tokens generated at
                       78.8 T/s · prompt 1,170 tokens, none cached, 1,170 new in
                       0.50 s (2,340 T/s) · first token 0.51 s, total 3.75 s ·
                       draft 150/212 accepted (71%) · max_tokens reached
16:59:07.534 INFO:     #328 chat/completions (stream): 102 prompt tokens ·
                       temperature: 0, greedy (req), max_tokens: 256 (req),
                       min_tokens: 256 (req)
16:59:07.676 INFO:     #322 chat/completions (stream): 256 tokens generated at
                       85.4 T/s · prompt 103 tokens, none cached, 103 new in
                       0.09 s · first token 0.10 s, total 3.09 s · draft 151/210
                       accepted (72%) · max_tokens reached
16:59:07.747 INFO:     #329 chat/completions (stream): 91 prompt tokens ·
                       temperature: 0, greedy (req), max_tokens: 256 (req),
                       min_tokens: 256 (req)
16:59:07.976 INFO:     #321 chat/completions (stream): 256 tokens generated at
                       71.9 T/s · prompt 64 tokens, none cached, 64 new in 0.07
                       s · first token 0.08 s, total 3.64 s · draft 139/234
                       accepted (59%) · max_tokens reached
16:59:08.047 INFO:     #330 chat/completions (stream): 788 prompt tokens ·
                       temperature: 0, greedy (req), max_tokens: 256 (req),
                       min_tokens: 256 (req)
16:59:09.261 INFO:     #323 chat/completions (stream): 256 tokens generated at
                       76.9 T/s · prompt 101 tokens, none cached, 101 new in
                       0.09 s · first token 0.10 s, total 3.43 s · draft 149/214
                       accepted (70%) · max_tokens reached
16:59:09.329 INFO:     #331 chat/completions (stream): 809 prompt tokens ·
                       temperature: 0, greedy (req), max_tokens: 256 (req),
                       min_tokens: 256 (req)
16:59:09.617 INFO:     #324 chat/completions (stream): 256 tokens generated at
                       76.9 T/s · prompt 63 tokens, none cached, 63 new in 0.07
                       s · first token 0.07 s, total 3.40 s · draft 146/220
                       accepted (66%) · max_tokens reached
16:59:09.641 INFO:     #325 chat/completions (stream): 256 tokens generated at
                       84.3 T/s · prompt 63 tokens, none cached, 63 new in 0.07
                       s · first token 0.07 s, total 3.11 s · draft 155/202
                       accepted (77%) · max_tokens reached
16:59:09.686 INFO:     #332 chat/completions (stream): 106 prompt tokens ·
                       temperature: 0, greedy (req), max_tokens: 256 (req),
                       min_tokens: 256 (req)
16:59:09.807 INFO:     #333 chat/completions (stream): 87 prompt tokens ·
                       temperature: 0, greedy (req), max_tokens: 256 (req),
                       min_tokens: 256 (req)
16:59:10.691 INFO:     #326 chat/completions (stream): 256 tokens generated at
                       76.0 T/s · prompt 155 tokens, none cached, 155 new in
                       0.09 s · first token 0.10 s, total 3.46 s · draft 155/202
                       accepted (77%) · max_tokens reached
16:59:10.762 INFO:     #334 chat/completions (stream): 95 prompt tokens ·
                       temperature: 0, greedy (req), max_tokens: 256 (req),
                       min_tokens: 256 (req)
16:59:11.168 INFO:     #327 chat/completions (stream): 256 tokens generated at
                       68.5 T/s · prompt 71 tokens, none cached, 71 new in 0.08
                       s · first token 0.08 s, total 3.82 s · draft 140/232
                       accepted (60%) · max_tokens reached
16:59:11.239 INFO:     #335 chat/completions (stream): 133 prompt tokens ·
                       temperature: 0, greedy (req), max_tokens: 256 (req),
                       min_tokens: 256 (req)
16:59:11.451 INFO:     #329 chat/completions (stream): 256 tokens generated at
                       75.3 T/s · prompt 91 tokens, none cached, 91 new in 0.08
                       s · first token 0.09 s, total 3.49 s · draft 146/220
                       accepted (66%) · max_tokens reached
16:59:11.523 INFO:     #336 chat/completions (stream): 125 prompt tokens ·
                       temperature: 0, greedy (req), max_tokens: 256 (req),
                       min_tokens: 256 (req)
16:59:11.720 INFO:     #328 chat/completions (stream): 256 tokens generated at
                       65.8 T/s · prompt 102 tokens, none cached, 102 new in
                       0.09 s · first token 0.10 s, total 3.99 s · draft 134/244
                       accepted (55%) · max_tokens reached
16:59:11.790 INFO:     #337 chat/completions (stream): 92 prompt tokens ·
                       temperature: 0, greedy (req), max_tokens: 256 (req),
                       min_tokens: 256 (req)
16:59:11.927 INFO:     #330 chat/completions (stream): 256 tokens generated at
                       73.8 T/s · prompt 788 tokens, none cached, 788 new in
                       0.22 s (3,582 T/s) · first token 0.23 s, total 3.69 s ·
                       draft 144/224 accepted (64%) · max_tokens reached
16:59:11.996 INFO:     #338 chat/completions (stream): 143 prompt tokens ·
                       temperature: 0, greedy (req), max_tokens: 256 (req),
                       min_tokens: 256 (req)
16:59:12.705 INFO:     #332 chat/completions (stream): 256 tokens generated at
                       90.3 T/s · prompt 106 tokens, none cached, 106 new in
                       0.09 s · first token 0.10 s, total 2.93 s · draft 164/184
                       accepted (89%) · max_tokens reached
16:59:12.728 INFO:     #333 chat/completions (stream): 256 tokens generated at
                       93.3 T/s · prompt 87 tokens, none cached, 87 new in 0.08
                       s · first token 0.08 s, total 2.83 s · draft 164/184
                       accepted (89%) · max_tokens reached
16:59:12.771 INFO:     #339 chat/completions (stream): 832 prompt tokens ·
                       temperature: 0, greedy (req), max_tokens: 256 (req),
                       min_tokens: 256 (req)
16:59:12.981 INFO:     #340 chat/completions (stream): 91 prompt tokens ·
                       temperature: 0, greedy (req), max_tokens: 256 (req),
                       min_tokens: 256 (req)
16:59:13.547 INFO:     #331 chat/completions (stream): 256 tokens generated at
                       66.4 T/s · prompt 809 tokens, none cached, 809 new in
                       0.26 s (3,112 T/s) · first token 0.27 s, total 4.12 s ·
                       draft 140/232 accepted (60%) · max_tokens reached
16:59:13.618 INFO:     #341 chat/completions (stream): 62 prompt tokens ·
                       temperature: 0, greedy (req), max_tokens: 256 (req),
                       min_tokens: 256 (req)
16:59:14.493 INFO:     #334 chat/completions (stream): 256 tokens generated at
                       72.4 T/s · prompt 95 tokens, none cached, 95 new in 0.09
                       s · first token 0.10 s, total 3.63 s · draft 145/222
                       accepted (65%) · max_tokens reached
16:59:14.562 INFO:     #342 chat/completions (stream): 62 prompt tokens ·
                       temperature: 0, greedy (req), max_tokens: 256 (req),
                       min_tokens: 256 (req)
16:59:14.678 INFO:     #335 chat/completions (stream): 256 tokens generated at
                       80.9 T/s · prompt 133 tokens, none cached, 133 new in
                       0.10 s · first token 0.11 s, total 3.27 s · draft 156/200
                       accepted (78%) · max_tokens reached
16:59:14.723 INFO:     #336 chat/completions (stream): 256 tokens generated at
                       87.3 T/s · prompt 125 tokens, none cached, 125 new in
                       0.10 s · first token 0.11 s, total 3.04 s · draft 161/190
                       accepted (85%) · max_tokens reached
16:59:14.745 INFO:     #343 chat/completions (stream): 71 prompt tokens ·
                       temperature: 0, greedy (req), max_tokens: 256 (req),
                       min_tokens: 256 (req)
16:59:14.869 INFO:     #344 chat/completions (stream): 93 prompt tokens ·
                       temperature: 0, greedy (req), max_tokens: 256 (req),
                       min_tokens: 256 (req)
16:59:15.026 INFO:     #337 chat/completions (stream): 256 tokens generated at
                       86.4 T/s · prompt 92 tokens, none cached, 92 new in 0.09
                       s · first token 0.10 s, total 3.06 s · draft 162/188
                       accepted (86%) · max_tokens reached
16:59:15.100 INFO:     #345 chat/completions (stream): 74 prompt tokens ·
                       temperature: 0, greedy (req), max_tokens: 256 (req),
                       min_tokens: 256 (req)
16:59:15.572 INFO:     #338 chat/completions (stream): 256 tokens generated at
                       75.9 T/s · prompt 143 tokens, none cached, 143 new in
                       0.10 s · first token 0.10 s, total 3.48 s · draft 149/214
                       accepted (70%) · max_tokens reached
16:59:15.647 INFO:     #346 chat/completions (stream): 892 prompt tokens ·
                       temperature: 0, greedy (req), max_tokens: 256 (req),
                       min_tokens: 256 (req)
16:59:16.171 INFO:     #340 chat/completions (stream): 256 tokens generated at
                       87.4 T/s · prompt 91 tokens, none cached, 91 new in 0.09
                       s · first token 0.17 s, total 3.10 s · draft 165/182
                       accepted (91%) · max_tokens reached
16:59:16.244 INFO:     #347 chat/completions (stream): 726 prompt tokens ·
                       temperature: 0, greedy (req), max_tokens: 256 (req),
                       min_tokens: 256 (req)
16:59:16.759 INFO:     #339 chat/completions (stream): 256 tokens generated at
                       72.7 T/s · prompt 832 tokens, none cached, 832 new in
                       0.37 s (2,249 T/s) · first token 0.38 s, total 3.90 s ·
                       draft 152/208 accepted (73%) · max_tokens reached
16:59:16.833 INFO:     #348 chat/completions (stream): 433 prompt tokens ·
                       temperature: 0, greedy (req), max_tokens: 256 (req),
                       min_tokens: 256 (req)
16:59:17.692 INFO:     #341 chat/completions (stream): 256 tokens generated at
                       65.6 T/s · prompt 62 tokens, none cached, 62 new in 0.07
                       s · first token 0.08 s, total 3.98 s · draft 142/228
                       accepted (62%) · max_tokens reached
16:59:17.764 INFO:     #350 chat/completions (stream): 116 prompt tokens ·
                       temperature: 0, greedy (req), max_tokens: 256 (req),
                       min_tokens: 256 (req)
16:59:18.234 INFO:     #344 chat/completions (stream): 256 tokens generated at
                       80.5 T/s · prompt 93 tokens, none cached, 93 new in 0.09
                       s · first token 0.09 s, total 3.27 s · draft 166/180
                       accepted (92%) · max_tokens reached
16:59:18.308 INFO:     #351 chat/completions (stream): 81 prompt tokens ·
                       temperature: 0, greedy (req), max_tokens: 256 (req),
                       min_tokens: 256 (req)
16:59:18.519 INFO:     #343 chat/completions (stream): 256 tokens generated at
                       71.3 T/s · prompt 71 tokens, none cached, 71 new in 0.08
                       s · first token 0.09 s, total 3.67 s · draft 156/200
                       accepted (78%) · max_tokens reached
16:59:18.593 INFO:     #352 chat/completions (stream): 634 prompt tokens ·
                       temperature: 0, greedy (req), max_tokens: 256 (req),
                       min_tokens: 256 (req)
16:59:19.028 INFO:     #342 chat/completions (stream): 256 tokens generated at
                       59.5 T/s · prompt 62 tokens, none cached, 62 new in 0.07
                       s · first token 0.08 s, total 4.37 s · draft 140/232
                       accepted (60%) · max_tokens reached
16:59:19.101 INFO:     #353 chat/completions (stream): 71 prompt tokens ·
                       temperature: 0, greedy (req), max_tokens: 256 (req),
                       min_tokens: 256 (req)
16:59:19.382 INFO:     #345 chat/completions (stream): 256 tokens generated at
                       62.5 T/s · prompt 74 tokens, none cached, 74 new in 0.08
                       s · first token 0.08 s, total 4.18 s · draft 142/228
                       accepted (62%) · max_tokens reached
16:59:19.406 INFO:     #346 chat/completions (stream): 256 tokens generated at
                       76.5 T/s · prompt 892 tokens, none cached, 892 new in
                       0.30 s (2,973 T/s) · first token 0.31 s, total 3.65 s ·
                       draft 160/192 accepted (83%) · max_tokens reached
16:59:19.464 INFO:     #354 chat/completions (stream): 100 prompt tokens ·
                       temperature: 0, greedy (req), max_tokens: 256 (req),
                       min_tokens: 256 (req)
16:59:19.585 INFO:     #355 chat/completions (stream): 96 prompt tokens ·
                       temperature: 0, greedy (req), max_tokens: 256 (req),
                       min_tokens: 256 (req)
16:59:20.261 INFO:     #347 chat/completions (stream): 256 tokens generated at
                       70.8 T/s · prompt 726 tokens, none cached, 726 new in
                       0.30 s (2,420 T/s) · first token 0.31 s, total 3.92 s ·
                       draft 146/220 accepted (66%) · max_tokens reached
16:59:20.333 INFO:     #356 chat/completions (stream): 93 prompt tokens ·
                       temperature: 0, greedy (req), max_tokens: 256 (req),
                       min_tokens: 256 (req)
16:59:20.566 INFO:     #348 chat/completions (stream): 256 tokens generated at
                       75.4 T/s · prompt 433 tokens, none cached, 433 new in
                       0.24 s (1,804 T/s) · first token 0.25 s, total 3.64 s ·
                       draft 150/212 accepted (71%) · max_tokens reached
16:59:20.639 INFO:     #357 chat/completions (stream): 804 prompt tokens ·
                       temperature: 0, greedy (req), max_tokens: 256 (req),
                       min_tokens: 256 (req)
16:59:21.245 INFO:     #350 chat/completions (stream): 256 tokens generated at
                       78.0 T/s · prompt 116 tokens, none cached, 116 new in
                       0.10 s · first token 0.11 s, total 3.39 s · draft 160/192
                       accepted (83%) · max_tokens reached
16:59:21.320 INFO:     #358 chat/completions (stream): 745 prompt tokens ·
                       temperature: 0, greedy (req), max_tokens: 256 (req),
                       min_tokens: 256 (req)
16:59:22.139 INFO:     #351 chat/completions (stream): 256 tokens generated at
                       70.1 T/s · prompt 81 tokens, none cached, 81 new in 0.08
                       s · first token 0.09 s, total 3.74 s · draft 152/208
                       accepted (73%) · max_tokens reached
16:59:22.213 INFO:     #359 chat/completions (stream): 740 prompt tokens ·
                       temperature: 0, greedy (req), max_tokens: 256 (req),
                       min_tokens: 256 (req)
16:59:22.655 INFO:     #352 chat/completions (stream): 256 tokens generated at
                       69.2 T/s · prompt 634 tokens, none cached, 634 new in
                       0.27 s (2,348 T/s) · first token 0.28 s, total 3.97 s ·
                       draft 150/212 accepted (71%) · max_tokens reached
16:59:22.726 INFO:     #360 chat/completions (stream): 93 prompt tokens ·
                       temperature: 0, greedy (req), max_tokens: 256 (req),
                       min_tokens: 256 (req)
16:59:22.987 INFO:     #353 chat/completions (stream): 256 tokens generated at
                       69.0 T/s · prompt 71 tokens, none cached, 71 new in 0.08
                       s · first token 0.09 s, total 3.80 s · draft 150/212
                       accepted (71%) · max_tokens reached
16:59:23.052 INFO:     #361 chat/completions (stream): 108 prompt tokens ·
                       temperature: 0, greedy (req), max_tokens: 256 (req),
                       min_tokens: 256 (req)
16:59:23.053 INFO:     #354 chat/completions (stream): 256 tokens generated at
                       75.3 T/s · prompt 100 tokens, none cached, 100 new in
                       0.09 s · first token 0.10 s, total 3.50 s · draft 158/196
                       accepted (81%) · max_tokens reached
16:59:23.221 INFO:     #362 chat/completions (stream): 63 prompt tokens ·
                       temperature: 0, greedy (req), max_tokens: 256 (req),
                       min_tokens: 256 (req)
16:59:23.472 INFO:     #355 chat/completions (stream): 256 tokens generated at
                       69.4 T/s · prompt 96 tokens, none cached, 96 new in 0.09
                       s · first token 0.10 s, total 3.79 s · draft 149/214
                       accepted (70%) · max_tokens reached
16:59:23.544 INFO:     #363 chat/completions (stream): 395 prompt tokens ·
                       temperature: 0, greedy (req), max_tokens: 256 (req),
                       min_tokens: 256 (req)
16:59:24.404 INFO:     #357 chat/completions (stream): 256 tokens generated at
                       75.5 T/s · prompt 804 tokens, none cached, 804 new in
                       0.26 s (3,092 T/s) · first token 0.27 s, total 3.66 s ·
                       draft 158/196 accepted (81%) · max_tokens reached
16:59:24.492 INFO:     #364 chat/completions (stream): 692 prompt tokens ·
                       temperature: 0, greedy (req), max_tokens: 256 (req),
                       min_tokens: 256 (req)
16:59:25.033 INFO:     #356 chat/completions (stream): 256 tokens generated at
                       56.8 T/s · prompt 93 tokens, none cached, 93 new in 0.08
                       s · first token 0.09 s, total 4.59 s · draft 134/244
                       accepted (55%) · max_tokens reached
16:59:25.110 INFO:     #365 chat/completions (stream): 714 prompt tokens ·
                       temperature: 0, greedy (req), max_tokens: 256 (req),
                       min_tokens: 256 (req)
16:59:25.496 INFO:     #358 chat/completions (stream): 256 tokens generated at
                       67.5 T/s · prompt 745 tokens, none cached, 745 new in
                       0.28 s (2,661 T/s) · first token 0.29 s, total 4.08 s ·
                       draft 153/206 accepted (74%) · max_tokens reached
16:59:25.567 INFO:     #366 chat/completions (stream): 79 prompt tokens ·
                       temperature: 0, greedy (req), max_tokens: 256 (req),
                       min_tokens: 256 (req)
16:59:26.364 INFO:     #359 chat/completions (stream): 256 tokens generated at
                       67.7 T/s · prompt 740 tokens, none cached, 740 new in
                       0.27 s (2,741 T/s) · first token 0.28 s, total 4.06 s ·
                       draft 147/218 accepted (67%) · max_tokens reached
16:59:26.389 INFO:     #360 chat/completions (stream): 256 tokens generated at
                       73.6 T/s · prompt 93 tokens, none cached, 93 new in 0.09
                       s · first token 0.10 s, total 3.57 s · draft 156/200
                       accepted (78%) · max_tokens reached
16:59:26.446 INFO:     #367 chat/completions (stream): 587 prompt tokens ·
                       temperature: 0, greedy (req), max_tokens: 256 (req),
                       min_tokens: 256 (req)
16:59:26.622 INFO:     #368 chat/completions (stream): 120 prompt tokens ·
                       temperature: 0, greedy (req), max_tokens: 256 (req),
                       min_tokens: 256 (req)
16:59:26.850 INFO:     #361 chat/completions (stream): 256 tokens generated at
                       78.6 T/s · prompt 108 tokens, none cached, 108 new in
                       0.09 s · first token 0.10 s, total 3.35 s · draft 161/190
                       accepted (85%) · max_tokens reached
16:59:26.921 INFO:     #369 chat/completions (stream): 111 prompt tokens ·
                       temperature: 0, greedy (req), max_tokens: 256 (req),
                       min_tokens: 256 (req)
16:59:27.236 INFO:     #363 chat/completions (stream): 256 tokens generated at
                       76.1 T/s · prompt 395 tokens, none cached, 395 new in
                       0.23 s (1,717 T/s) · first token 0.24 s, total 3.60 s ·
                       draft 163/186 accepted (88%) · max_tokens reached
16:59:27.308 INFO:     #370 chat/completions (stream): 894 prompt tokens ·
                       temperature: 0, greedy (req), max_tokens: 256 (req),
                       min_tokens: 256 (req)
16:59:28.070 INFO:     #362 chat/completions (stream): 256 tokens generated at
                       54.7 T/s · prompt 63 tokens, none cached, 63 new in 0.07
                       s · first token 0.07 s, total 4.75 s · draft 129/254
                       accepted (51%) · max_tokens reached
16:59:28.144 INFO:     #371 chat/completions (stream): 1,157 prompt tokens ·
                       temperature: 0, greedy (req), max_tokens: 256 (req),
                       min_tokens: 256 (req)
16:59:28.947 INFO:     #365 chat/completions (stream): 256 tokens generated at
                       73.7 T/s · prompt 714 tokens, none cached, 714 new in
                       0.26 s (2,746 T/s) · first token 0.27 s, total 3.74 s ·
                       draft 159/194 accepted (82%) · max_tokens reached
16:59:29.019 INFO:     #372 chat/completions (stream): 93 prompt tokens ·
                       temperature: 0, greedy (req), max_tokens: 256 (req),
                       min_tokens: 256 (req)
16:59:29.231 INFO:     #364 chat/completions (stream): 256 tokens generated at
                       58.7 T/s · prompt 692 tokens, none cached, 692 new in
                       0.27 s (2,563 T/s) · first token 0.28 s, total 4.64 s ·
                       draft 137/238 accepted (58%) · max_tokens reached
16:59:29.303 INFO:     #373 chat/completions (stream): 61 prompt tokens ·
                       temperature: 0, greedy (req), max_tokens: 256 (req),
                       min_tokens: 256 (req)
16:59:30.044 INFO:     #366 chat/completions (stream): 256 tokens generated at
                       59.6 T/s · prompt 79 tokens, none cached, 79 new in 0.08
                       s · first token 0.09 s, total 4.38 s · draft 129/254
                       accepted (51%) · max_tokens reached
16:59:30.103 INFO:     #374 chat/completions (stream): 1,540 prompt tokens ·
                       temperature: 0, greedy (req), max_tokens: 256 (req),
                       min_tokens: 256 (req)
16:59:30.386 INFO:     #368 chat/completions (stream): 256 tokens generated at
                       79.1 T/s · prompt 120 tokens, none cached, 120 new in
                       0.10 s · first token 0.18 s, total 3.42 s · draft 158/196
                       accepted (81%) · max_tokens reached
16:59:30.387 INFO:     #369 chat/completions (stream): 256 tokens generated at
                       84.7 T/s · prompt 111 tokens, none cached, 111 new in
                       0.09 s · first token 0.10 s, total 3.12 s · draft 163/186
                       accepted (88%) · max_tokens reached
16:59:30.468 INFO:     #375 chat/completions (stream): 64 prompt tokens ·
                       temperature: 0, greedy (req), max_tokens: 256 (req),
                       min_tokens: 256 (req)
16:59:30.469 INFO:     #376 chat/completions (stream): 123 prompt tokens ·
                       temperature: 0, greedy (req), max_tokens: 256 (req),
                       min_tokens: 256 (req)
16:59:30.900 INFO:     #367 chat/completions (stream): 256 tokens generated at
                       63.9 T/s · prompt 587 tokens, none cached, 587 new in
                       0.35 s (1,677 T/s) · first token 0.36 s, total 4.36 s ·
                       draft 144/224 accepted (64%) · max_tokens reached
16:59:30.964 INFO:     #377 chat/completions (stream): 72 prompt tokens ·
                       temperature: 0, greedy (req), max_tokens: 256 (req),
                       min_tokens: 256 (req)
16:59:31.068 INFO:     #370 chat/completions (stream): 256 tokens generated at
                       77.8 T/s · prompt 894 tokens, none cached, 894 new in
                       0.29 s (3,083 T/s) · first token 0.30 s, total 3.58 s ·
                       draft 158/196 accepted (81%) · max_tokens reached
16:59:31.138 INFO:     #378 chat/completions (stream): 81 prompt tokens ·
                       temperature: 0, greedy (req), max_tokens: 256 (req),
                       min_tokens: 256 (req)
16:59:32.029 INFO:     #371 chat/completions (stream): 256 tokens generated at
                       74.2 T/s · prompt 1,157 tokens, none cached, 1,157 new in
                       0.33 s (3,506 T/s) · first token 0.34 s, total 3.79 s ·
                       draft 145/222 accepted (65%) · max_tokens reached
16:59:32.101 INFO:     #380 chat/completions (stream): 64 prompt tokens ·
                       temperature: 0, greedy (req), max_tokens: 256 (req),
                       min_tokens: 256 (req)
16:59:32.513 INFO:     #372 chat/completions (stream): 256 tokens generated at
                       77.4 T/s · prompt 93 tokens, none cached, 93 new in 0.09
                       s · first token 0.10 s, total 3.40 s · draft 150/212
                       accepted (71%) · max_tokens reached
16:59:32.584 INFO:     #381 chat/completions (stream): 73 prompt tokens ·
                       temperature: 0, greedy (req), max_tokens: 256 (req),
                       min_tokens: 256 (req)
16:59:32.758 INFO:     #373 chat/completions (stream): 256 tokens generated at
                       79.9 T/s · prompt 61 tokens, none cached, 61 new in 0.07
                       s · first token 0.07 s, total 3.28 s · draft 151/210
                       accepted (72%) · max_tokens reached
16:59:32.828 INFO:     #382 chat/completions (stream): 63 prompt tokens ·
                       temperature: 0, greedy (req), max_tokens: 256 (req),
                       min_tokens: 256 (req)
16:59:33.474 INFO:     #376 chat/completions (stream): 256 tokens generated at
                       94.5 T/s · prompt 123 tokens, none cached, 123 new in
                       0.10 s · first token 0.18 s, total 2.89 s · draft 159/194
                       accepted (82%) · max_tokens reached
16:59:33.546 INFO:     #383 chat/completions (stream): 720 prompt tokens ·
                       temperature: 0, greedy (req), max_tokens: 256 (req),
                       min_tokens: 256 (req)
16:59:33.863 INFO:     #375 chat/completions (stream): 256 tokens generated at
                       89.0 T/s · prompt 64 tokens, none cached, 64 new in 0.17
                       s · first token 0.18 s, total 3.06 s · draft 153/206
                       accepted (74%) · max_tokens reached
16:59:33.927 INFO:     #384 chat/completions (stream): 110 prompt tokens ·
                       temperature: 0, greedy (req), max_tokens: 256 (req),
                       min_tokens: 256 (req)
16:59:34.044 INFO:     #374 chat/completions (stream): 256 tokens generated at
                       73.9 T/s · prompt 1,540 tokens, none cached, 1,540 new in
                       0.29 s (5,310 T/s) · first token 0.30 s, total 3.76 s ·
                       draft 146/220 accepted (66%) · max_tokens reached
16:59:34.111 INFO:     #385 chat/completions (stream): 751 prompt tokens ·
                       temperature: 0, greedy (req), max_tokens: 256 (req),
                       min_tokens: 256 (req)
16:59:34.515 INFO:     #378 chat/completions (stream): 256 tokens generated at
                       80.2 T/s · prompt 81 tokens, none cached, 81 new in 0.08
                       s · first token 0.08 s, total 3.28 s · draft 158/196
                       accepted (81%) · max_tokens reached
16:59:34.586 INFO:     #386 chat/completions (stream): 128 prompt tokens ·
                       temperature: 0, greedy (req), max_tokens: 256 (req),
                       min_tokens: 256 (req)
16:59:34.931 INFO:     #377 chat/completions (stream): 256 tokens generated at
                       67.5 T/s · prompt 72 tokens, none cached, 72 new in 0.08
                       s · first token 0.09 s, total 3.88 s · draft 141/230
                       accepted (61%) · max_tokens reached
16:59:35.002 INFO:     #387 chat/completions (stream): 103 prompt tokens ·
                       temperature: 0, greedy (req), max_tokens: 256 (req),
                       min_tokens: 256 (req)
16:59:35.893 INFO:     #380 chat/completions (stream): 256 tokens generated at
                       70.7 T/s · prompt 64 tokens, none cached, 64 new in 0.07
                       s · first token 0.08 s, total 3.70 s · draft 146/220
                       accepted (66%) · max_tokens reached
16:59:35.967 INFO:     #388 chat/completions (stream): 64 prompt tokens ·
                       temperature: 0, greedy (req), max_tokens: 256 (req),
                       min_tokens: 256 (req)
16:59:36.331 INFO:     #381 chat/completions (stream): 256 tokens generated at
                       71.7 T/s · prompt 73 tokens, none cached, 73 new in 0.08
                       s · first token 0.09 s, total 3.66 s · draft 148/216
                       accepted (69%) · max_tokens reached
16:59:36.402 INFO:     #389 chat/completions (stream): 114 prompt tokens ·
                       temperature: 0, greedy (req), max_tokens: 256 (req),
                       min_tokens: 256 (req)
16:59:36.742 INFO:     #382 chat/completions (stream): 256 tokens generated at
                       68.3 T/s · prompt 63 tokens, none cached, 63 new in 0.07
                       s · first token 0.07 s, total 3.82 s · draft 143/226
                       accepted (63%) · max_tokens reached
16:59:36.811 INFO:     #390 chat/completions (stream): 135 prompt tokens ·
                       temperature: 0, greedy (req), max_tokens: 256 (req),
                       min_tokens: 256 (req)
16:59:37.183 INFO:     #384 chat/completions (stream): 256 tokens generated at
                       83.5 T/s · prompt 110 tokens, none cached, 110 new in
                       0.09 s · first token 0.10 s, total 3.16 s · draft 161/190
                       accepted (85%) · max_tokens reached
16:59:37.253 INFO:     #391 chat/completions (stream): 80 prompt tokens ·
                       temperature: 0, greedy (req), max_tokens: 256 (req),
                       min_tokens: 256 (req)
16:59:37.458 INFO:     #383 chat/completions (stream): 256 tokens generated at
                       72.3 T/s · prompt 720 tokens, none cached, 720 new in
                       0.27 s (2,667 T/s) · first token 0.28 s, total 3.82 s ·
                       draft 148/216 accepted (69%) · max_tokens reached
16:59:37.477 INFO:     #386 chat/completions (stream): 256 tokens generated at
                       95.1 T/s · prompt 128 tokens, none cached, 128 new in
                       0.10 s · first token 0.11 s, total 2.80 s · draft 165/182
                       accepted (91%) · max_tokens reached
16:59:37.496 INFO:     #385 chat/completions (stream): 256 tokens generated at
                       85.0 T/s · prompt 751 tokens, none cached, 751 new in
                       0.28 s (2,682 T/s) · first token 0.28 s, total 3.30 s ·
                       draft 156/200 accepted (78%) · max_tokens reached
16:59:37.515 INFO:     #392 chat/completions (stream): 73 prompt tokens ·
                       temperature: 0, greedy (req), max_tokens: 256 (req),
                       min_tokens: 256 (req)
16:59:37.620 INFO:     #393 chat/completions (stream): 62 prompt tokens ·
                       temperature: 0, greedy (req), max_tokens: 256 (req),
                       min_tokens: 256 (req)
16:59:37.718 INFO:     #394 chat/completions (stream): 785 prompt tokens ·
                       temperature: 0, greedy (req), max_tokens: 256 (req),
                       min_tokens: 256 (req)
16:59:38.471 INFO:     #387 chat/completions (stream): 256 tokens generated at
                       78.2 T/s · prompt 103 tokens, none cached, 103 new in
                       0.09 s · first token 0.10 s, total 3.37 s · draft 151/210
                       accepted (72%) · max_tokens reached
16:59:38.545 INFO:     #395 chat/completions (stream): 92 prompt tokens ·
                       temperature: 0, greedy (req), max_tokens: 256 (req),
                       min_tokens: 256 (req)
16:59:39.548 INFO:     #388 chat/completions (stream): 256 tokens generated at
                       75.1 T/s · prompt 64 tokens, none cached, 64 new in 0.07
                       s · first token 0.08 s, total 3.49 s · draft 147/218
                       accepted (67%) · max_tokens reached
16:59:39.621 INFO:     #396 chat/completions (stream): 680 prompt tokens ·
                       temperature: 0, greedy (req), max_tokens: 256 (req),
                       min_tokens: 256 (req)
16:59:39.999 INFO:     #390 chat/completions (stream): 256 tokens generated at
                       85.8 T/s · prompt 135 tokens, none cached, 135 new in
                       0.10 s · first token 0.11 s, total 3.09 s · draft 165/182
                       accepted (91%) · max_tokens reached
16:59:40.072 INFO:     #397 chat/completions (stream): 125 prompt tokens ·
                       temperature: 0, greedy (req), max_tokens: 256 (req),
                       min_tokens: 256 (req)
16:59:40.473 INFO:     #389 chat/completions (stream): 256 tokens generated at
                       66.7 T/s · prompt 114 tokens, none cached, 114 new in
                       0.12 s · first token 0.13 s, total 3.96 s · draft 138/236
                       accepted (58%) · max_tokens reached
16:59:40.545 INFO:     #398 chat/completions (stream): 79 prompt tokens ·
                       temperature: 0, greedy (req), max_tokens: 256 (req),
                       min_tokens: 256 (req)
16:59:40.919 INFO:     #391 chat/completions (stream): 256 tokens generated at
                       73.4 T/s · prompt 80 tokens, none cached, 80 new in 0.08
                       s · first token 0.09 s, total 3.57 s · draft 149/214
                       accepted (70%) · max_tokens reached
16:59:40.989 INFO:     #399 chat/completions (stream): 86 prompt tokens ·
                       temperature: 0, greedy (req), max_tokens: 256 (req),
                       min_tokens: 256 (req)
16:59:41.143 INFO:     #392 chat/completions (stream): 256 tokens generated at
                       76.0 T/s · prompt 73 tokens, none cached, 73 new in 0.07
                       s · first token 0.08 s, total 3.45 s · draft 151/210
                       accepted (72%) · max_tokens reached
16:59:41.206 INFO:     #400 chat/completions (stream): 69 prompt tokens ·
                       temperature: 0, greedy (req), max_tokens: 256 (req),
                       min_tokens: 256 (req)
16:59:41.206 INFO:     #393 chat/completions (stream): 256 tokens generated at
                       74.7 T/s · prompt 62 tokens, none cached, 62 new in 0.07
                       s · first token 0.08 s, total 3.50 s · draft 149/214
                       accepted (70%) · max_tokens reached
16:59:41.357 INFO:     #401 chat/completions (stream): 80 prompt tokens ·
                       temperature: 0, greedy (req), max_tokens: 256 (req),
                       min_tokens: 256 (req)
16:59:41.557 INFO:     #394 chat/completions (stream): 256 tokens generated at
                       72.5 T/s · prompt 785 tokens, none cached, 785 new in
                       0.21 s (3,738 T/s) · first token 0.21 s, total 3.75 s ·
                       draft 143/226 accepted (63%) · max_tokens reached
16:59:41.628 INFO:     #402 chat/completions (stream): 80 prompt tokens ·
                       temperature: 0, greedy (req), max_tokens: 256 (req),
                       min_tokens: 256 (req)
16:59:41.951 INFO:     #395 chat/completions (stream): 256 tokens generated at
                       79.5 T/s · prompt 92 tokens, none cached, 92 new in 0.08
                       s · first token 0.09 s, total 3.31 s · draft 155/202
                       accepted (77%) · max_tokens reached
16:59:42.020 INFO:     #403 chat/completions (stream): 62 prompt tokens ·
                       temperature: 0, greedy (req), max_tokens: 256 (req),
                       min_tokens: 256 (req)
16:59:42.999 INFO:     #396 chat/completions (stream): 256 tokens generated at
                       84.7 T/s · prompt 680 tokens, none cached, 680 new in
                       0.25 s (2,720 T/s) · first token 0.26 s, total 3.28 s ·
                       draft 155/202 accepted (77%) · max_tokens reached
16:59:43.070 INFO:     #404 chat/completions (stream): 635 prompt tokens ·
                       temperature: 0, greedy (req), max_tokens: 256 (req),
                       min_tokens: 256 (req)
16:59:43.562 INFO:     #397 chat/completions (stream): 256 tokens generated at
                       77.7 T/s · prompt 125 tokens, none cached, 125 new in
                       0.10 s · first token 0.11 s, total 3.40 s · draft 150/212
                       accepted (71%) · max_tokens reached
16:59:43.635 INFO:     #405 chat/completions (stream): 828 prompt tokens ·
                       temperature: 0, greedy (req), max_tokens: 256 (req),
                       min_tokens: 256 (req)
16:59:44.239 INFO:     #398 chat/completions (stream): 256 tokens generated at
                       72.8 T/s · prompt 79 tokens, none cached, 79 new in 0.08
                       s · first token 0.09 s, total 3.60 s · draft 147/218
                       accepted (67%) · max_tokens reached
16:59:44.310 INFO:     #406 chat/completions (stream): 62 prompt tokens ·
                       temperature: 0, greedy (req), max_tokens: 256 (req),
                       min_tokens: 256 (req)
16:59:44.537 INFO:     #399 chat/completions (stream): 256 tokens generated at
                       76.1 T/s · prompt 86 tokens, none cached, 86 new in 0.08
                       s · first token 0.09 s, total 3.45 s · draft 153/206
                       accepted (74%) · max_tokens reached
16:59:44.610 INFO:     #407 chat/completions (stream): 79 prompt tokens ·
                       temperature: 0, greedy (req), max_tokens: 256 (req),
                       min_tokens: 256 (req)
16:59:44.833 INFO:     #401 chat/completions (stream): 256 tokens generated at
                       77.6 T/s · prompt 80 tokens, none cached, 80 new in 0.08
                       s · first token 0.08 s, total 3.38 s · draft 153/206
                       accepted (74%) · max_tokens reached
16:59:44.905 INFO:     #408 chat/completions (stream): 492 prompt tokens ·
                       temperature: 0, greedy (req), max_tokens: 256 (req),
                       min_tokens: 256 (req)
16:59:45.277 INFO:     #400 chat/completions (stream): 256 tokens generated at
                       65.6 T/s · prompt 69 tokens, none cached, 69 new in 0.08
                       s · first token 0.09 s, total 3.99 s · draft 141/230
                       accepted (61%) · max_tokens reached
16:59:45.320 INFO:     #402 chat/completions (stream): 256 tokens generated at
                       72.8 T/s · prompt 80 tokens, none cached, 80 new in 0.08
                       s · first token 0.09 s, total 3.60 s · draft 150/212
                       accepted (71%) · max_tokens reached
16:59:45.341 INFO:     #409 chat/completions (stream): 65 prompt tokens ·
                       temperature: 0, greedy (req), max_tokens: 256 (req),
                       min_tokens: 256 (req)
16:59:45.475 INFO:     #410 chat/completions (stream): 63 prompt tokens ·
                       temperature: 0, greedy (req), max_tokens: 256 (req),
                       min_tokens: 256 (req)
16:59:45.985 INFO:     #403 chat/completions (stream): 256 tokens generated at
                       67.4 T/s · prompt 62 tokens, none cached, 62 new in 0.07
                       s · first token 0.08 s, total 3.87 s · draft 142/228
                       accepted (62%) · max_tokens reached
16:59:46.059 INFO:     #411 chat/completions (stream): 724 prompt tokens ·
                       temperature: 0, greedy (req), max_tokens: 256 (req),
                       min_tokens: 256 (req)
16:59:46.994 INFO:     #404 chat/completions (stream): 256 tokens generated at
                       71.9 T/s · prompt 635 tokens, none cached, 635 new in
                       0.26 s (2,442 T/s) · first token 0.27 s, total 3.83 s ·
                       draft 152/208 accepted (73%) · max_tokens reached
16:59:47.068 INFO:     #412 chat/completions (stream): 760 prompt tokens ·
                       temperature: 0, greedy (req), max_tokens: 256 (req),
                       min_tokens: 256 (req)
16:59:47.783 INFO:     #405 chat/completions (stream): 256 tokens generated at
                       67.6 T/s · prompt 828 tokens, none cached, 828 new in
                       0.26 s (3,185 T/s) · first token 0.27 s, total 4.05 s ·
                       draft 143/226 accepted (63%) · max_tokens reached
16:59:47.827 INFO:     #407 chat/completions (stream): 256 tokens generated at
                       84.0 T/s · prompt 79 tokens, none cached, 79 new in 0.08
                       s · first token 0.09 s, total 3.13 s · draft 167/178
                       accepted (94%) · max_tokens reached
16:59:47.849 INFO:     #414 chat/completions (stream): 742 prompt tokens ·
                       temperature: 0, greedy (req), max_tokens: 256 (req),
                       min_tokens: 256 (req)
16:59:48.148 INFO:     #415 chat/completions (stream): 61 prompt tokens ·
                       temperature: 0, greedy (req), max_tokens: 256 (req),
                       min_tokens: 256 (req)
16:59:48.736 INFO:     #406 chat/completions (stream): 256 tokens generated at
                       60.1 T/s · prompt 62 tokens, none cached, 62 new in 0.07
                       s · first token 0.08 s, total 4.33 s · draft 134/244
                       accepted (55%) · max_tokens reached
16:59:48.810 INFO:     #416 chat/completions (stream): 764 prompt tokens ·
                       temperature: 0, greedy (req), max_tokens: 256 (req),
                       min_tokens: 256 (req)
16:59:49.153 INFO:     #410 chat/completions (stream): 256 tokens generated at
                       78.6 T/s · prompt 63 tokens, none cached, 63 new in 0.07
                       s · first token 0.08 s, total 3.33 s · draft 156/200
                       accepted (78%) · max_tokens reached
16:59:49.176 INFO:     #408 chat/completions (stream): 256 tokens generated at
                       67.2 T/s · prompt 492 tokens, none cached, 492 new in
                       0.25 s (1,968 T/s) · first token 0.25 s, total 4.06 s ·
                       draft 145/222 accepted (65%) · max_tokens reached
16:59:49.221 INFO:     #417 chat/completions (stream): 833 prompt tokens ·
                       temperature: 0, greedy (req), max_tokens: 256 (req),
                       min_tokens: 256 (req)
16:59:49.427 INFO:     #418 chat/completions (stream): 71 prompt tokens ·
                       temperature: 0, greedy (req), max_tokens: 256 (req),
                       min_tokens: 256 (req)
16:59:49.718 INFO:     #409 chat/completions (stream): 256 tokens generated at
                       60.9 T/s · prompt 65 tokens, none cached, 65 new in 0.07
                       s · first token 0.08 s, total 4.28 s · draft 145/222
                       accepted (65%) · max_tokens reached
16:59:49.791 INFO:     #419 chat/completions (stream): 798 prompt tokens ·
                       temperature: 0, greedy (req), max_tokens: 256 (req),
                       min_tokens: 256 (req)
16:59:50.371 INFO:     #411 chat/completions (stream): 256 tokens generated at
                       64.9 T/s · prompt 724 tokens, none cached, 724 new in
                       0.27 s (2,681 T/s) · first token 0.28 s, total 4.22 s ·
                       draft 150/212 accepted (71%) · max_tokens reached
16:59:50.450 INFO:     #420 chat/completions (stream): 87 prompt tokens ·
                       temperature: 0, greedy (req), max_tokens: 256 (req),
                       min_tokens: 256 (req)
16:59:51.087 INFO:     #412 chat/completions (stream): 256 tokens generated at
                       70.1 T/s · prompt 760 tokens, none cached, 760 new in
                       0.27 s (2,815 T/s) · first token 0.28 s, total 3.93 s ·
                       draft 155/202 accepted (77%) · max_tokens reached
16:59:51.160 INFO:     #421 chat/completions (stream): 773 prompt tokens ·
                       temperature: 0, greedy (req), max_tokens: 256 (req),
                       min_tokens: 256 (req)
16:59:51.714 INFO:     #414 chat/completions (stream): 256 tokens generated at
                       73.2 T/s · prompt 742 tokens, none cached, 742 new in
                       0.27 s (2,748 T/s) · first token 0.28 s, total 3.77 s ·
                       draft 159/194 accepted (82%) · max_tokens reached
16:59:51.785 INFO:     #422 chat/completions (stream): 114 prompt tokens ·
                       temperature: 0, greedy (req), max_tokens: 256 (req),
                       min_tokens: 256 (req)
16:59:52.447 INFO:     #416 chat/completions (stream): 256 tokens generated at
                       78.5 T/s · prompt 764 tokens, none cached, 764 new in
                       0.27 s (2,830 T/s) · first token 0.28 s, total 3.54 s ·
                       draft 159/194 accepted (82%) · max_tokens reached
16:59:52.517 INFO:     #423 chat/completions (stream): 312 prompt tokens ·
                       temperature: 0, greedy (req), max_tokens: 256 (req),
                       min_tokens: 256 (req)
16:59:52.753 INFO:     #415 chat/completions (stream): 256 tokens generated at
                       60.3 T/s · prompt 61 tokens, none cached, 61 new in 0.07
                       s · first token 0.08 s, total 4.32 s · draft 129/254
                       accepted (51%) · max_tokens reached
16:59:52.817 INFO:     #424 chat/completions (stream): 63 prompt tokens ·
                       temperature: 0, greedy (req), max_tokens: 256 (req),
                       min_tokens: 256 (req)
16:59:52.817 INFO:     #417 chat/completions (stream): 256 tokens generated at
                       83.8 T/s · prompt 833 tokens, none cached, 833 new in
                       0.38 s (2,192 T/s) · first token 0.39 s, total 3.44 s ·
                       draft 158/196 accepted (81%) · max_tokens reached
16:59:52.960 INFO:     #425 chat/completions (stream): 66 prompt tokens ·
                       temperature: 0, greedy (req), max_tokens: 256 (req),
                       min_tokens: 256 (req)
16:59:53.225 INFO:     #419 chat/completions (stream): 256 tokens generated at
                       82.1 T/s · prompt 798 tokens, none cached, 798 new in
                       0.22 s (3,627 T/s) · first token 0.23 s, total 3.34 s ·
                       draft 156/200 accepted (78%) · max_tokens reached
16:59:53.297 INFO:     #426 chat/completions (stream): 912 prompt tokens ·
                       temperature: 0, greedy (req), max_tokens: 256 (req),
                       min_tokens: 256 (req)
16:59:53.800 INFO:     #418 chat/completions (stream): 256 tokens generated at
                       62.4 T/s · prompt 71 tokens, none cached, 71 new in 0.07
                       s · queued 0.10 s, first token 0.17 s, total 4.28 s ·
                       draft 135/242 accepted (56%) · max_tokens reached
16:59:53.869 INFO:     #427 chat/completions (stream): 66 prompt tokens ·
                       temperature: 0, greedy (req), max_tokens: 256 (req),
                       min_tokens: 256 (req)
16:59:54.087 INFO:     #420 chat/completions (stream): 256 tokens generated at
                       74.1 T/s · prompt 87 tokens, none cached, 87 new in 0.08
                       s · first token 0.09 s, total 3.54 s · draft 153/206
                       accepted (74%) · max_tokens reached
16:59:54.158 INFO:     #428 chat/completions (stream): 75 prompt tokens ·
                       temperature: 0, greedy (req), max_tokens: 256 (req),
                       min_tokens: 256 (req)
16:59:54.879 INFO:     #421 chat/completions (stream): 256 tokens generated at
                       74.9 T/s · prompt 773 tokens, none cached, 773 new in
                       0.20 s (3,865 T/s) · first token 0.21 s, total 3.63 s ·
                       draft 151/210 accepted (72%) · max_tokens reached
16:59:54.950 INFO:     #429 chat/completions (stream): 624 prompt tokens ·
                       temperature: 0, greedy (req), max_tokens: 256 (req),
                       min_tokens: 256 (req)
16:59:55.494 INFO:     #422 chat/completions (stream): 256 tokens generated at
                       73.1 T/s · prompt 114 tokens, none cached, 114 new in
                       0.10 s · first token 0.11 s, total 3.61 s · draft 153/206
                       accepted (74%) · max_tokens reached
16:59:55.564 INFO:     #430 chat/completions (stream): 63 prompt tokens ·
                       temperature: 0, greedy (req), max_tokens: 256 (req),
                       min_tokens: 256 (req)
16:59:56.083 INFO:     #424 chat/completions (stream): 256 tokens generated at
                       82.7 T/s · prompt 63 tokens, none cached, 63 new in 0.07
                       s · first token 0.08 s, total 3.17 s · draft 163/186
                       accepted (88%) · max_tokens reached
16:59:56.150 INFO:     #431 chat/completions (stream): 78 prompt tokens ·
                       temperature: 0, greedy (req), max_tokens: 256 (req),
                       min_tokens: 256 (req)
16:59:56.256 INFO:     #423 chat/completions (stream): 256 tokens generated at
                       76.5 T/s · prompt 312 tokens, none cached, 312 new in
                       0.21 s (1,486 T/s) · first token 0.22 s, total 3.56 s ·
                       draft 155/202 accepted (77%) · max_tokens reached
16:59:56.330 INFO:     #432 chat/completions (stream): 136 prompt tokens ·
                       temperature: 0, greedy (req), max_tokens: 256 (req),
                       min_tokens: 256 (req)
16:59:56.758 INFO:     #425 chat/completions (stream): 256 tokens generated at
                       70.6 T/s · prompt 66 tokens, none cached, 66 new in 0.07
                       s · first token 0.07 s, total 3.70 s · draft 146/220
                       accepted (66%) · max_tokens reached
16:59:56.831 INFO:     #433 chat/completions (stream): 87 prompt tokens ·
                       temperature: 0, greedy (req), max_tokens: 256 (req),
                       min_tokens: 256 (req)
16:59:57.179 INFO:     #426 chat/completions (stream): 256 tokens generated at
                       73.5 T/s · prompt 912 tokens, none cached, 912 new in
                       0.31 s (2,942 T/s) · first token 0.32 s, total 3.80 s ·
                       draft 144/224 accepted (64%) · max_tokens reached
16:59:57.179 INFO:     #427 chat/completions (stream): 256 tokens generated at
                       81.4 T/s · prompt 66 tokens, none cached, 66 new in 0.07
                       s · first token 0.08 s, total 3.22 s · draft 155/202
                       accepted (77%) · max_tokens reached
16:59:57.243 INFO:     #434 chat/completions (stream): 63 prompt tokens ·
                       temperature: 0, greedy (req), max_tokens: 256 (req),
                       min_tokens: 256 (req)
16:59:57.245 INFO:     #435 chat/completions (stream): 106 prompt tokens ·
                       temperature: 0, greedy (req), max_tokens: 256 (req),
                       min_tokens: 256 (req)
16:59:57.710 INFO:     #428 chat/completions (stream): 256 tokens generated at
                       75.8 T/s · prompt 75 tokens, none cached, 75 new in 0.08
                       s · first token 0.09 s, total 3.46 s · draft 149/214
                       accepted (70%) · max_tokens reached
16:59:57.780 INFO:     #436 chat/completions (stream): 121 prompt tokens ·
                       temperature: 0, greedy (req), max_tokens: 256 (req),
                       min_tokens: 256 (req)
16:59:58.400 INFO:     #429 chat/completions (stream): 256 tokens generated at
                       83.0 T/s · prompt 624 tokens, none cached, 624 new in
                       0.27 s (2,311 T/s) · first token 0.28 s, total 3.36 s ·
                       draft 155/202 accepted (77%) · max_tokens reached
16:59:58.470 INFO:     #437 chat/completions (stream): 88 prompt tokens ·
                       temperature: 0, greedy (req), max_tokens: 256 (req),
                       min_tokens: 256 (req)
16:59:59.158 INFO:     #430 chat/completions (stream): 256 tokens generated at
                       74.7 T/s · prompt 63 tokens, none cached, 63 new in 0.07
                       s · first token 0.08 s, total 3.50 s · draft 141/230
                       accepted (61%) · max_tokens reached
16:59:59.231 INFO:     #438 chat/completions (stream): 728 prompt tokens ·
                       temperature: 0, greedy (req), max_tokens: 256 (req),
                       min_tokens: 256 (req)
16:59:59.790 INFO:     #432 chat/completions (stream): 256 tokens generated at
                       78.5 T/s · prompt 136 tokens, none cached, 136 new in
                       0.11 s · first token 0.12 s, total 3.38 s · draft 151/210
                       accepted (72%) · max_tokens reached
16:59:59.836 INFO:     #431 chat/completions (stream): 256 tokens generated at
                       72.9 T/s · prompt 78 tokens, none cached, 78 new in 0.08
                       s · first token 0.09 s, total 3.60 s · draft 145/222
                       accepted (65%) · max_tokens reached
16:59:59.859 INFO:     #439 chat/completions (stream): 749 prompt tokens ·
                       temperature: 0, greedy (req), max_tokens: 256 (req),
                       min_tokens: 256 (req)
17:00:00.159 INFO:     #440 chat/completions (stream): 89 prompt tokens ·
                       temperature: 0, greedy (req), max_tokens: 256 (req),
                       min_tokens: 256 (req)
17:00:00.642 INFO:     #433 chat/completions (stream): 256 tokens generated at
                       70.6 T/s · prompt 87 tokens, none cached, 87 new in 0.08
                       s · first token 0.09 s, total 3.71 s · draft 146/220
                       accepted (66%) · max_tokens reached
17:00:00.710 INFO:     #441 chat/completions (stream): 341 prompt tokens ·
                       temperature: 0, greedy (req), max_tokens: 256 (req),
                       min_tokens: 256 (req)
17:00:00.980 INFO:     #434 chat/completions (stream): 256 tokens generated at
                       78.2 T/s · prompt 63 tokens, none cached, 63 new in 0.16
                       s · first token 0.17 s, total 3.44 s · draft 154/204
                       accepted (75%) · max_tokens reached
17:00:00.980 INFO:     #435 chat/completions (stream): 256 tokens generated at
                       78.2 T/s · prompt 106 tokens, none cached, 106 new in
                       0.09 s · first token 0.17 s, total 3.44 s · draft 154/204
                       accepted (75%) · max_tokens reached
17:00:01.046 INFO:     #442 chat/completions (stream): 66 prompt tokens ·
                       temperature: 0, greedy (req), max_tokens: 256 (req),
                       min_tokens: 256 (req)
17:00:01.047 INFO:     #443 chat/completions (stream): 63 prompt tokens ·
                       temperature: 0, greedy (req), max_tokens: 256 (req),
                       min_tokens: 256 (req)
17:00:01.336 INFO:     #436 chat/completions (stream): 256 tokens generated at
                       76.2 T/s · prompt 121 tokens, none cached, 121 new in
                       0.10 s · first token 0.11 s, total 3.46 s · draft 160/192
                       accepted (83%) · max_tokens reached
17:00:01.405 INFO:     #444 chat/completions (stream): 74 prompt tokens ·
                       temperature: 0, greedy (req), max_tokens: 256 (req),
                       min_tokens: 256 (req)
17:00:02.215 INFO:     #437 chat/completions (stream): 256 tokens generated at
                       71.8 T/s · prompt 88 tokens, none cached, 88 new in 0.08
                       s · first token 0.09 s, total 3.65 s · draft 151/210
                       accepted (72%) · max_tokens reached
17:00:02.284 INFO:     #446 chat/completions (stream): 107 prompt tokens ·
                       temperature: 0, greedy (req), max_tokens: 256 (req),
                       min_tokens: 256 (req)
17:00:03.170 INFO:     #438 chat/completions (stream): 256 tokens generated at
                       72.1 T/s · prompt 728 tokens, none cached, 728 new in
                       0.29 s (2,510 T/s) · first token 0.30 s, total 3.85 s ·
                       draft 145/222 accepted (65%) · max_tokens reached
17:00:03.171 INFO:     #439 chat/completions (stream): 256 tokens generated at
                       86.8 T/s · prompt 749 tokens, none cached, 749 new in
                       0.27 s (2,774 T/s) · first token 0.28 s, total 3.23 s ·
                       draft 160/192 accepted (83%) · max_tokens reached
17:00:03.240 INFO:     #447 chat/completions (stream): 165 prompt tokens ·
                       temperature: 0, greedy (req), max_tokens: 256 (req),
                       min_tokens: 256 (req)
17:00:03.243 INFO:     #448 chat/completions (stream): 780 prompt tokens ·
                       temperature: 0, greedy (req), max_tokens: 256 (req),
                       min_tokens: 256 (req)
17:00:03.707 INFO:     #440 chat/completions (stream): 256 tokens generated at
                       76.1 T/s · prompt 89 tokens, none cached, 89 new in 0.09
                       s · first token 0.10 s, total 3.46 s · draft 151/210
                       accepted (72%) · max_tokens reached
17:00:03.779 INFO:     #449 chat/completions (stream): 79 prompt tokens ·
                       temperature: 0, greedy (req), max_tokens: 256 (req),
                       min_tokens: 256 (req)
17:00:04.246 INFO:     #443 chat/completions (stream): 256 tokens generated at
                       86.6 T/s · prompt 63 tokens, none cached, 63 new in 0.07
                       s · first token 0.15 s, total 3.11 s · draft 157/198
                       accepted (79%) · max_tokens reached
17:00:04.316 INFO:     #450 chat/completions (stream): 1,083 prompt tokens ·
                       temperature: 0, greedy (req), max_tokens: 256 (req),
                       min_tokens: 256 (req)
17:00:04.702 INFO:     #441 chat/completions (stream): 256 tokens generated at
                       76.3 T/s · prompt 341 tokens, none cached, 341 new in
                       0.22 s (1,550 T/s) · first token 0.23 s, total 3.58 s ·
                       draft 146/220 accepted (66%) · max_tokens reached
17:00:04.770 INFO:     #451 chat/completions (stream): 82 prompt tokens ·
                       temperature: 0, greedy (req), max_tokens: 256 (req),
                       min_tokens: 256 (req)
17:00:04.973 INFO:     #442 chat/completions (stream): 256 tokens generated at
                       69.5 T/s · prompt 66 tokens, none cached, 66 new in 0.14
                       s · first token 0.15 s, total 3.83 s · draft 143/226
                       accepted (63%) · max_tokens reached
17:00:05.042 INFO:     #452 chat/completions (stream): 91 prompt tokens ·
                       temperature: 0, greedy (req), max_tokens: 256 (req),
                       min_tokens: 256 (req)
17:00:05.222 INFO:     #444 chat/completions (stream): 256 tokens generated at
                       72.4 T/s · prompt 74 tokens, none cached, 74 new in 0.09
                       s · first token 0.10 s, total 3.63 s · draft 145/222
                       accepted (65%) · max_tokens reached
17:00:05.290 INFO:     #453 chat/completions (stream): 82 prompt tokens ·
                       temperature: 0, greedy (req), max_tokens: 256 (req),
                       min_tokens: 256 (req)
17:00:05.643 INFO:     #446 chat/completions (stream): 256 tokens generated at
                       80.8 T/s · prompt 107 tokens, none cached, 107 new in
                       0.09 s · first token 0.10 s, total 3.26 s · draft 164/184
                       accepted (89%) · max_tokens reached
17:00:05.713 INFO:     #454 chat/completions (stream): 70 prompt tokens ·
                       temperature: 0, greedy (req), max_tokens: 256 (req),
                       min_tokens: 256 (req)
17:00:06.711 INFO:     #447 chat/completions (stream): 256 tokens generated at
                       82.7 T/s · prompt 165 tokens, none cached, 165 new in
                       0.27 s · first token 0.28 s, total 3.38 s · draft 158/196
                       accepted (81%) · max_tokens reached
17:00:06.785 INFO:     #455 chat/completions (stream): 816 prompt tokens ·
                       temperature: 0, greedy (req), max_tokens: 256 (req),
                       min_tokens: 256 (req)
17:00:07.106 INFO:     #449 chat/completions (stream): 256 tokens generated at
                       87.8 T/s · prompt 79 tokens, none cached, 79 new in 0.08
                       s · first token 0.09 s, total 3.00 s · draft 161/190
                       accepted (85%) · max_tokens reached
17:00:07.130 INFO:     #448 chat/completions (stream): 256 tokens generated at
                       75.0 T/s · prompt 780 tokens, none cached, 780 new in
                       0.22 s (3,545 T/s) · queued 0.10 s, first token 0.32 s,
                       total 3.73 s · draft 151/210 accepted (72%) · max_tokens
                       reached
17:00:07.174 INFO:     #456 chat/completions (stream): 103 prompt tokens ·
                       temperature: 0, greedy (req), max_tokens: 256 (req),
                       min_tokens: 256 (req)
17:00:07.296 INFO:     #457 chat/completions (stream): 96 prompt tokens ·
                       temperature: 0, greedy (req), max_tokens: 256 (req),
                       min_tokens: 256 (req)
17:00:07.824 INFO:     #451 chat/completions (stream): 256 tokens generated at
                       89.2 T/s · prompt 82 tokens, none cached, 82 new in 0.08
                       s · first token 0.09 s, total 2.95 s · draft 165/182
                       accepted (91%) · max_tokens reached
17:00:07.896 INFO:     #458 chat/completions (stream): 64 prompt tokens ·
                       temperature: 0, greedy (req), max_tokens: 256 (req),
                       min_tokens: 256 (req)
17:00:08.311 INFO:     #450 chat/completions (stream): 256 tokens generated at
                       71.9 T/s · prompt 1,083 tokens, none cached, 1,083 new in
                       0.34 s (3,185 T/s) · first token 0.35 s, total 3.90 s ·
                       draft 143/226 accepted (63%) · max_tokens reached
17:00:08.383 INFO:     #459 chat/completions (stream): 494 prompt tokens ·
                       temperature: 0, greedy (req), max_tokens: 256 (req),
                       min_tokens: 256 (req)
17:00:08.726 INFO:     #452 chat/completions (stream): 256 tokens generated at
                       75.4 T/s · prompt 91 tokens, none cached, 91 new in 0.08
                       s · first token 0.09 s, total 3.48 s · draft 148/216
                       accepted (69%) · max_tokens reached
17:00:08.800 INFO:     #460 chat/completions (stream): 814 prompt tokens ·
                       temperature: 0, greedy (req), max_tokens: 256 (req),
                       min_tokens: 256 (req)
17:00:09.244 INFO:     #454 chat/completions (stream): 256 tokens generated at
                       76.2 T/s · prompt 70 tokens, none cached, 70 new in 0.08
                       s · first token 0.09 s, total 3.44 s · draft 157/198
                       accepted (79%) · max_tokens reached
17:00:09.307 INFO:     #461 chat/completions (stream): 64 prompt tokens ·
                       temperature: 0, greedy (req), max_tokens: 256 (req),
                       min_tokens: 256 (req)
17:00:09.405 INFO:     #453 chat/completions (stream): 256 tokens generated at
                       66.2 T/s · prompt 82 tokens, none cached, 82 new in 0.08
                       s · first token 0.09 s, total 3.95 s · draft 139/234
                       accepted (59%) · max_tokens reached
17:00:09.482 INFO:     #462 chat/completions (stream): 82 prompt tokens ·
                       temperature: 0, greedy (req), max_tokens: 256 (req),
                       min_tokens: 256 (req)
17:00:10.360 INFO:     #456 chat/completions (stream): 256 tokens generated at
                       85.2 T/s · prompt 103 tokens, none cached, 103 new in
                       0.09 s · first token 0.10 s, total 3.10 s · draft 164/184
                       accepted (89%) · max_tokens reached
17:00:10.382 INFO:     #455 chat/completions (stream): 256 tokens generated at
                       78.7 T/s · prompt 816 tokens, none cached, 816 new in
                       0.25 s (3,264 T/s) · first token 0.26 s, total 3.51 s ·
                       draft 157/198 accepted (79%) · max_tokens reached
17:00:10.424 INFO:     #463 chat/completions (stream): 97 prompt tokens ·
                       temperature: 0, greedy (req), max_tokens: 256 (req),
                       min_tokens: 256 (req)
17:00:10.539 INFO:     #464 chat/completions (stream): 64 prompt tokens ·
                       temperature: 0, greedy (req), max_tokens: 256 (req),
                       min_tokens: 256 (req)
17:00:10.872 INFO:     #457 chat/completions (stream): 256 tokens generated at
                       75.4 T/s · prompt 96 tokens, none cached, 96 new in 0.09
                       s · first token 0.10 s, total 3.49 s · draft 150/212
                       accepted (71%) · max_tokens reached
17:00:10.942 INFO:     #465 chat/completions (stream): 684 prompt tokens ·
                       temperature: 0, greedy (req), max_tokens: 256 (req),
                       min_tokens: 256 (req)
17:00:11.584 INFO:     #458 chat/completions (stream): 256 tokens generated at
                       72.7 T/s · prompt 64 tokens, none cached, 64 new in 0.07
                       s · first token 0.08 s, total 3.60 s · draft 150/212
                       accepted (71%) · max_tokens reached
17:00:11.655 INFO:     #466 chat/completions (stream): 704 prompt tokens ·
                       temperature: 0, greedy (req), max_tokens: 256 (req),
                       min_tokens: 256 (req)
17:00:12.282 INFO:     #460 chat/completions (stream): 256 tokens generated at
                       81.8 T/s · prompt 814 tokens, none cached, 814 new in
                       0.25 s (3,256 T/s) · first token 0.26 s, total 3.39 s ·
                       draft 157/198 accepted (79%) · max_tokens reached
17:00:12.351 INFO:     #467 chat/completions (stream): 583 prompt tokens ·
                       temperature: 0, greedy (req), max_tokens: 256 (req),
                       min_tokens: 256 (req)
17:00:12.615 INFO:     #459 chat/completions (stream): 256 tokens generated at
                       69.8 T/s · prompt 494 tokens, none cached, 494 new in
                       0.25 s (1,976 T/s) · first token 0.26 s, total 3.92 s ·
                       draft 144/224 accepted (64%) · max_tokens reached
17:00:12.686 INFO:     #468 chat/completions (stream): 255 prompt tokens ·
                       temperature: 0, greedy (req), max_tokens: 256 (req),
                       min_tokens: 256 (req)
17:00:12.940 INFO:     #461 chat/completions (stream): 256 tokens generated at
                       73.8 T/s · prompt 64 tokens, none cached, 64 new in 0.07
                       s · first token 0.08 s, total 3.54 s · draft 154/204
                       accepted (75%) · max_tokens reached
17:00:13.009 INFO:     #469 chat/completions (stream): 61 prompt tokens ·
                       temperature: 0, greedy (req), max_tokens: 256 (req),
                       min_tokens: 256 (req)
17:00:13.199 INFO:     #462 chat/completions (stream): 256 tokens generated at
                       72.4 T/s · prompt 82 tokens, none cached, 82 new in 0.08
                       s · first token 0.09 s, total 3.62 s · draft 150/212
                       accepted (71%) · max_tokens reached
17:00:13.268 INFO:     #470 chat/completions (stream): 66 prompt tokens ·
                       temperature: 0, greedy (req), max_tokens: 256 (req),
                       min_tokens: 256 (req)
17:00:13.904 INFO:     #463 chat/completions (stream): 256 tokens generated at
                       77.7 T/s · prompt 97 tokens, none cached, 97 new in 0.09
                       s · first token 0.10 s, total 3.39 s · draft 161/190
                       accepted (85%) · max_tokens reached
17:00:13.976 INFO:     #471 chat/completions (stream): 479 prompt tokens ·
                       temperature: 0, greedy (req), max_tokens: 256 (req),
                       min_tokens: 256 (req)
17:00:14.858 INFO:     #464 chat/completions (stream): 256 tokens generated at
                       61.6 T/s · prompt 64 tokens, none cached, 64 new in 0.07
                       s · first token 0.07 s, total 4.23 s · draft 132/248
                       accepted (53%) · max_tokens reached
17:00:14.882 INFO:     #465 chat/completions (stream): 256 tokens generated at
                       71.4 T/s · prompt 684 tokens, none cached, 684 new in
                       0.26 s (2,631 T/s) · first token 0.26 s, total 3.85 s ·
                       draft 146/220 accepted (66%) · max_tokens reached
17:00:14.927 INFO:     #472 chat/completions (stream): 93 prompt tokens ·
                       temperature: 0, greedy (req), max_tokens: 256 (req),
                       min_tokens: 256 (req)
17:00:15.046 INFO:     #473 chat/completions (stream): 743 prompt tokens ·
                       temperature: 0, greedy (req), max_tokens: 256 (req),
                       min_tokens: 256 (req)
17:00:15.738 INFO:     #466 chat/completions (stream): 256 tokens generated at
                       68.9 T/s · prompt 704 tokens, none cached, 704 new in
                       0.27 s (2,607 T/s) · first token 0.28 s, total 3.99 s ·
                       draft 145/222 accepted (65%) · max_tokens reached
17:00:15.808 INFO:     #474 chat/completions (stream): 82 prompt tokens ·
                       temperature: 0, greedy (req), max_tokens: 256 (req),
                       min_tokens: 256 (req)
17:00:16.124 INFO:     #468 chat/completions (stream): 256 tokens generated at
                       79.2 T/s · prompt 255 tokens, none cached, 255 new in
                       0.11 s · first token 0.12 s, total 3.35 s · draft 155/202
                       accepted (77%) · max_tokens reached
17:00:16.188 INFO:     #475 chat/completions (stream): 124 prompt tokens ·
                       temperature: 0, greedy (req), max_tokens: 256 (req),
                       min_tokens: 256 (req)
17:00:16.315 INFO:     #467 chat/completions (stream): 256 tokens generated at
                       72.5 T/s · prompt 583 tokens, none cached, 583 new in
                       0.24 s (2,429 T/s) · first token 0.25 s, total 3.78 s ·
                       draft 147/218 accepted (67%) · max_tokens reached
17:00:16.388 INFO:     #476 chat/completions (stream): 228 prompt tokens ·
                       temperature: 0, greedy (req), max_tokens: 256 (req),
                       min_tokens: 256 (req)
17:00:16.659 INFO:     #470 chat/completions (stream): 256 tokens generated at
                       79.5 T/s · prompt 66 tokens, none cached, 66 new in 0.07
                       s · first token 0.08 s, total 3.30 s · draft 158/196
                       accepted (81%) · max_tokens reached
17:00:16.682 INFO:     #469 chat/completions (stream): 256 tokens generated at
                       73.0 T/s · prompt 61 tokens, none cached, 61 new in 0.07
                       s · first token 0.07 s, total 3.58 s · draft 149/214
                       accepted (70%) · max_tokens reached
17:00:16.725 INFO:     #477 chat/completions (stream): 69 prompt tokens ·
                       temperature: 0, greedy (req), max_tokens: 256 (req),
                       min_tokens: 256 (req)
17:00:16.830 INFO:     #478 chat/completions (stream): 73 prompt tokens ·
                       temperature: 0, greedy (req), max_tokens: 256 (req),
                       min_tokens: 256 (req)
17:00:17.742 INFO:     #471 chat/completions (stream): 256 tokens generated at
                       74.8 T/s · prompt 479 tokens, none cached, 479 new in
                       0.25 s (1,916 T/s) · first token 0.26 s, total 3.68 s ·
                       draft 147/218 accepted (67%) · max_tokens reached
17:00:17.811 INFO:     #480 chat/completions (stream): 66 prompt tokens ·
                       temperature: 0, greedy (req), max_tokens: 256 (req),
                       min_tokens: 256 (req)
17:00:18.448 INFO:     #472 chat/completions (stream): 256 tokens generated at
                       76.8 T/s · prompt 93 tokens, none cached, 93 new in 0.09
                       s · first token 0.10 s, total 3.43 s · draft 150/212
                       accepted (71%) · max_tokens reached
17:00:18.519 INFO:     #481 chat/completions (stream): 736 prompt tokens ·
                       temperature: 0, greedy (req), max_tokens: 256 (req),
                       min_tokens: 256 (req)
17:00:18.834 INFO:     #473 chat/completions (stream): 256 tokens generated at
                       80.6 T/s · prompt 743 tokens, none cached, 743 new in
                       0.27 s (2,752 T/s) · first token 0.27 s, total 3.45 s ·
                       draft 146/220 accepted (66%) · max_tokens reached
17:00:18.905 INFO:     #482 chat/completions (stream): 106 prompt tokens ·
                       temperature: 0, greedy (req), max_tokens: 256 (req),
                       min_tokens: 256 (req)
17:00:19.163 INFO:     #474 chat/completions (stream): 256 tokens generated at
                       80.6 T/s · prompt 82 tokens, none cached, 82 new in 0.08
                       s · first token 0.09 s, total 3.26 s · draft 156/200
                       accepted (78%) · max_tokens reached
17:00:19.234 INFO:     #483 chat/completions (stream): 63 prompt tokens ·
                       temperature: 0, greedy (req), max_tokens: 256 (req),
                       min_tokens: 256 (req)
17:00:19.527 INFO:     #475 chat/completions (stream): 256 tokens generated at
                       81.5 T/s · prompt 124 tokens, none cached, 124 new in
                       0.10 s · first token 0.11 s, total 3.25 s · draft 157/198
                       accepted (79%) · max_tokens reached
17:00:19.599 INFO:     #484 chat/completions (stream): 76 prompt tokens ·
                       temperature: 0, greedy (req), max_tokens: 256 (req),
                       min_tokens: 256 (req)
17:00:19.798 INFO:     #476 chat/completions (stream): 256 tokens generated at
                       79.8 T/s · prompt 228 tokens, none cached, 228 new in
                       0.10 s · first token 0.11 s, total 3.31 s · draft 153/206
                       accepted (74%) · max_tokens reached
17:00:19.869 INFO:     #485 chat/completions (stream): 833 prompt tokens ·
                       temperature: 0, greedy (req), max_tokens: 256 (req),
                       min_tokens: 256 (req)
17:00:20.470 INFO:     #477 chat/completions (stream): 256 tokens generated at
                       71.7 T/s · prompt 69 tokens, none cached, 69 new in 0.08
                       s · first token 0.09 s, total 3.66 s · draft 145/222
                       accepted (65%) · max_tokens reached
17:00:20.537 INFO:     #486 chat/completions (stream): 61 prompt tokens ·
                       temperature: 0, greedy (req), max_tokens: 256 (req),
                       min_tokens: 256 (req)
17:00:20.678 INFO:     #478 chat/completions (stream): 256 tokens generated at
                       71.0 T/s · prompt 73 tokens, none cached, 73 new in 0.08
                       s · first token 0.08 s, total 3.69 s · draft 140/232
                       accepted (60%) · max_tokens reached
17:00:20.747 INFO:     #487 chat/completions (stream): 85 prompt tokens ·
                       temperature: 0, greedy (req), max_tokens: 256 (req),
                       min_tokens: 256 (req)
17:00:21.328 INFO:     #480 chat/completions (stream): 256 tokens generated at
                       76.5 T/s · prompt 66 tokens, none cached, 66 new in 0.07
                       s · first token 0.08 s, total 3.42 s · draft 153/206
                       accepted (74%) · max_tokens reached
17:00:21.396 INFO:     #488 chat/completions (stream): 100 prompt tokens ·
                       temperature: 0, greedy (req), max_tokens: 256 (req),
                       min_tokens: 256 (req)
17:00:22.011 INFO:     #482 chat/completions (stream): 256 tokens generated at
                       87.8 T/s · prompt 106 tokens, none cached, 106 new in
                       0.09 s · first token 0.10 s, total 3.01 s · draft 160/192
                       accepted (83%) · max_tokens reached
17:00:22.080 INFO:     #489 chat/completions (stream): 723 prompt tokens ·
                       temperature: 0, greedy (req), max_tokens: 256 (req),
                       min_tokens: 256 (req)
17:00:22.401 INFO:     #481 chat/completions (stream): 256 tokens generated at
                       78.4 T/s · prompt 736 tokens, none cached, 736 new in
                       0.26 s (2,831 T/s) · first token 0.27 s, total 3.53 s ·
                       draft 149/214 accepted (70%) · max_tokens reached
17:00:22.474 INFO:     #490 chat/completions (stream): 120 prompt tokens ·
                       temperature: 0, greedy (req), max_tokens: 256 (req),
                       min_tokens: 256 (req)
17:00:22.962 INFO:     #483 chat/completions (stream): 256 tokens generated at
                       71.9 T/s · prompt 63 tokens, none cached, 63 new in 0.07
                       s · first token 0.08 s, total 3.64 s · draft 145/222
                       accepted (65%) · max_tokens reached
17:00:23.026 INFO:     #491 chat/completions (stream): 66 prompt tokens ·
                       temperature: 0, greedy (req), max_tokens: 256 (req),
                       min_tokens: 256 (req)
17:00:23.127 INFO:     #484 chat/completions (stream): 256 tokens generated at
                       78.1 T/s · prompt 76 tokens, none cached, 76 new in 0.08
                       s · first token 0.09 s, total 3.36 s · draft 153/206
                       accepted (74%) · max_tokens reached
17:00:23.195 INFO:     #492 chat/completions (stream): 68 prompt tokens ·
                       temperature: 0, greedy (req), max_tokens: 256 (req),
                       min_tokens: 256 (req)
17:00:23.591 INFO:     #485 chat/completions (stream): 256 tokens generated at
                       76.3 T/s · prompt 833 tokens, none cached, 833 new in
                       0.27 s (3,085 T/s) · first token 0.27 s, total 3.63 s ·
                       draft 146/220 accepted (66%) · max_tokens reached
17:00:23.664 INFO:     #493 chat/completions (stream): 70 prompt tokens ·
                       temperature: 0, greedy (req), max_tokens: 256 (req),
                       min_tokens: 256 (req)
17:00:24.085 INFO:     #486 chat/completions (stream): 256 tokens generated at
                       75.9 T/s · prompt 61 tokens, none cached, 61 new in 0.07
                       s · first token 0.08 s, total 3.45 s · draft 146/220
                       accepted (66%) · max_tokens reached
17:00:24.159 INFO:     #494 chat/completions (stream): 737 prompt tokens ·
                       temperature: 0, greedy (req), max_tokens: 256 (req),
                       min_tokens: 256 (req)
17:00:24.336 INFO:     #487 chat/completions (stream): 256 tokens generated at
                       78.8 T/s · prompt 85 tokens, none cached, 85 new in 0.08
                       s · first token 0.08 s, total 3.33 s · draft 148/216
                       accepted (69%) · max_tokens reached
17:00:24.532 INFO:     #495 chat/completions (stream): 61 prompt tokens ·
                       temperature: 0, greedy (req), max_tokens: 256 (req),
                       min_tokens: 256 (req)
17:00:24.818 INFO:     #488 chat/completions (stream): 256 tokens generated at
                       79.4 T/s · prompt 100 tokens, none cached, 100 new in
                       0.09 s · first token 0.10 s, total 3.32 s · draft 161/190
                       accepted (85%) · max_tokens reached
17:00:24.900 INFO:     #496 chat/completions (stream): 1,015 prompt tokens ·
                       temperature: 0, greedy (req), max_tokens: 256 (req),
                       min_tokens: 256 (req)
17:00:25.949 INFO:     #489 chat/completions (stream): 256 tokens generated at
                       73.0 T/s · prompt 723 tokens, none cached, 723 new in
                       0.27 s (2,678 T/s) · first token 0.28 s, total 3.78 s ·
                       draft 152/208 accepted (73%) · max_tokens reached
17:00:25.971 INFO:     #490 chat/completions (stream): 256 tokens generated at
                       77.5 T/s · prompt 120 tokens, none cached, 120 new in
                       0.10 s · first token 0.11 s, total 3.41 s · draft 156/200
                       accepted (78%) · max_tokens reached
17:00:26.014 INFO:     #497 chat/completions (stream): 62 prompt tokens ·
                       temperature: 0, greedy (req), max_tokens: 256 (req),
                       min_tokens: 256 (req)
17:00:26.112 INFO:     #498 chat/completions (stream): 84 prompt tokens ·
                       temperature: 0, greedy (req), max_tokens: 256 (req),
                       min_tokens: 256 (req)
17:00:26.781 INFO:     #492 chat/completions (stream): 256 tokens generated at
                       75.0 T/s · prompt 68 tokens, none cached, 68 new in 0.07
                       s · first token 0.07 s, total 3.49 s · draft 152/208
                       accepted (73%) · max_tokens reached
17:00:26.851 INFO:     #499 chat/completions (stream): 783 prompt tokens ·
                       temperature: 0, greedy (req), max_tokens: 256 (req),
                       min_tokens: 256 (req)
17:00:27.356 INFO:     #491 chat/completions (stream): 256 tokens generated at
                       61.5 T/s · prompt 66 tokens, none cached, 66 new in 0.07
                       s · first token 0.08 s, total 4.24 s · draft 132/248
                       accepted (53%) · max_tokens reached
17:00:27.425 INFO:     #500 chat/completions (stream): 766 prompt tokens ·
                       temperature: 0, greedy (req), max_tokens: 256 (req),
                       min_tokens: 256 (req)
17:00:27.426 INFO:     #493 chat/completions (stream): 256 tokens generated at
                       71.4 T/s · prompt 70 tokens, none cached, 70 new in 0.08
                       s · first token 0.09 s, total 3.67 s · draft 149/214
                       accepted (70%) · max_tokens reached
17:00:27.761 INFO:     #501 chat/completions (stream): 1,490 prompt tokens ·
                       temperature: 0, greedy (req), max_tokens: 256 (req),
                       min_tokens: 256 (req)
17:00:28.506 INFO:     #494 chat/completions (stream): 256 tokens generated at
                       64.7 T/s · prompt 737 tokens, none cached, 737 new in
                       0.28 s (2,632 T/s) · first token 0.29 s, total 4.24 s ·
                       draft 147/218 accepted (67%) · max_tokens reached
17:00:28.576 INFO:     #502 chat/completions (stream): 61 prompt tokens ·
                       temperature: 0, greedy (req), max_tokens: 256 (req),
                       min_tokens: 256 (req)
17:00:28.785 INFO:     #496 chat/completions (stream): 256 tokens generated at
                       73.4 T/s · prompt 1,015 tokens, none cached, 1,015 new in
                       0.30 s (3,383 T/s) · first token 0.31 s, total 3.79 s ·
                       draft 153/206 accepted (74%) · max_tokens reached
17:00:28.807 INFO:     #495 chat/completions (stream): 256 tokens generated at
                       62.4 T/s · prompt 61 tokens, none cached, 61 new in 0.07
                       s · first token 0.08 s, total 4.18 s · draft 140/232
                       accepted (60%) · max_tokens reached
17:00:28.851 INFO:     #503 chat/completions (stream): 65 prompt tokens ·
                       temperature: 0, greedy (req), max_tokens: 256 (req),
                       min_tokens: 256 (req)
17:00:28.949 INFO:     #504 chat/completions (stream): 89 prompt tokens ·
                       temperature: 0, greedy (req), max_tokens: 256 (req),
                       min_tokens: 256 (req)
17:00:29.678 INFO:     #498 chat/completions (stream): 256 tokens generated at
                       75.5 T/s · prompt 84 tokens, none cached, 84 new in 0.08
                       s · first token 0.08 s, total 3.48 s · draft 158/196
                       accepted (81%) · max_tokens reached
17:00:29.721 INFO:     #497 chat/completions (stream): 256 tokens generated at
                       72.2 T/s · prompt 62 tokens, none cached, 62 new in 0.07
                       s · first token 0.08 s, total 3.62 s · draft 155/202
                       accepted (77%) · max_tokens reached
17:00:29.744 INFO:     #505 chat/completions (stream): 90 prompt tokens ·
                       temperature: 0, greedy (req), max_tokens: 256 (req),
                       min_tokens: 256 (req)
17:00:29.884 INFO:     #506 chat/completions (stream): 875 prompt tokens ·
                       temperature: 0, greedy (req), max_tokens: 256 (req),
                       min_tokens: 256 (req)
17:00:30.779 INFO:     #499 chat/completions (stream): 256 tokens generated at
                       70.9 T/s · prompt 783 tokens, none cached, 783 new in
                       0.22 s (3,559 T/s) · first token 0.23 s, total 3.84 s ·
                       draft 155/202 accepted (77%) · max_tokens reached
17:00:30.850 INFO:     #507 chat/completions (stream): 749 prompt tokens ·
                       temperature: 0, greedy (req), max_tokens: 256 (req),
                       min_tokens: 256 (req)
17:00:31.519 INFO:     #500 chat/completions (stream): 256 tokens generated at
                       69.2 T/s · prompt 766 tokens, none cached, 766 new in
                       0.28 s (2,736 T/s) · first token 0.29 s, total 3.98 s ·
                       draft 151/210 accepted (72%) · max_tokens reached
17:00:31.588 INFO:     #508 chat/completions (stream): 94 prompt tokens ·
                       temperature: 0, greedy (req), max_tokens: 256 (req),
                       min_tokens: 256 (req)
17:00:31.869 INFO:     #501 chat/completions (stream): 256 tokens generated at
                       70.1 T/s · prompt 1,490 tokens, none cached, 1,490 new in
                       0.36 s (4,139 T/s) · first token 0.37 s, total 4.02 s ·
                       draft 143/226 accepted (63%) · max_tokens reached
17:00:31.942 INFO:     #509 chat/completions (stream): 1,065 prompt tokens ·
                       temperature: 0, greedy (req), max_tokens: 256 (req),
                       min_tokens: 256 (req)
17:00:32.471 INFO:     #502 chat/completions (stream): 256 tokens generated at
                       68.8 T/s · prompt 61 tokens, none cached, 61 new in 0.07
                       s · first token 0.08 s, total 3.79 s · draft 148/216
                       accepted (69%) · max_tokens reached
17:00:32.540 INFO:     #511 chat/completions (stream): 761 prompt tokens ·
                       temperature: 0, greedy (req), max_tokens: 256 (req),
                       min_tokens: 256 (req)
17:00:32.541 INFO:     #503 chat/completions (stream): 256 tokens generated at
                       72.7 T/s · prompt 65 tokens, none cached, 65 new in 0.07
                       s · first token 0.08 s, total 3.60 s · draft 154/204
                       accepted (75%) · max_tokens reached
17:00:32.932 INFO:     #504 chat/completions (stream): 256 tokens generated at
                       67.3 T/s · prompt 89 tokens, none cached, 89 new in 0.08
                       s · first token 0.09 s, total 3.89 s · draft 149/214
                       accepted (70%) · max_tokens reached
17:00:33.512 INFO:     #506 chat/completions (stream): 256 tokens generated at
                       78.3 T/s · prompt 875 tokens, none cached, 875 new in
                       0.28 s (3,125 T/s) · first token 0.28 s, total 3.55 s ·
                       draft 153/206 accepted (74%) · max_tokens reached
17:00:33.566 INFO:     #505 chat/completions (stream): 256 tokens generated at
                       70.0 T/s · prompt 90 tokens, none cached, 90 new in 0.08
                       s · first token 0.09 s, total 3.75 s · draft 147/218
                       accepted (67%) · max_tokens reached
17:00:33.909 INFO:     #507 chat/completions (stream): 256 tokens generated at
                       93.9 T/s · prompt 749 tokens, none cached, 749 new in
                       0.26 s (2,881 T/s) · first token 0.27 s, total 2.99 s ·
                       draft 159/214 accepted (74%) · max_tokens reached
17:00:34.098 INFO:     #508 chat/completions (stream): 256 tokens generated at
                       108.3 T/s · prompt 94 tokens, none cached, 94 new in 0.09
                       s · first token 0.10 s, total 2.46 s · draft 165/215
                       accepted (77%) · max_tokens reached
17:00:34.262 INFO:     #509 chat/completions (stream): 256 tokens generated at
                       128.2 T/s · prompt 1,065 tokens, none cached, 1,065 new
                       in 0.28 s (3,804 T/s) · first token 0.29 s, total 2.28 s
                       · draft 163/233 accepted (70%) · max_tokens reached
17:00:34.317 INFO:     #511 chat/completions (stream): 256 tokens generated at
                       171.7 T/s · prompt 761 tokens, none cached, 761 new in
                       0.27 s (2,819 T/s) · first token 0.28 s, total 1.77 s ·
                       draft 168/232 accepted (72%) · max_tokens reached
