15:37:49.515 INFO:     Sampler preset "qwen38_thinking": temperature 0.6, top_k
                       20, top_p 0.95
15:37:49.553 INFO:     exllamav3 version: 1.5.2
15:37:50.872 INFO:     Using main model MTP component for drafting
15:37:50.894 INFO:     Context: max_seq_len 262,144 tokens (configured),
                       cache_size 901,120 tokens
15:37:50.942 INFO:     Using tool format: qwen3_coder
15:37:50.942 INFO:     Using template "chat_template" for chat completions.
15:37:53.108 INFO:     Loading model
                       /models/qwen3.8-flash-next-exl3-2.50bpw-r0b0tlab (manual
                       GPU split)
Loading vision modules ━━━━━━━━━━━━━━━━━━━━━━━━━━━━━━━━━━━━━━ 100% 30/30 0:00:00
Loading draft modules  ━━━━━━━━━━━━━━━━━━━━━━━━━━━━━━━━━━━━━━ 100% 3/3   0:00:00
Loading model modules  ━━━━━━━━━━━━━━━━━━━━━━━━━━━━━━━━━━━━━━ 100% 53/53 0:00:00
EXL3_EMBED_GPU_PRUNED=1: embedding mirror 65536 of 248320 rows (320.0 MiB, prefix) on cuda:1
15:38:03.640 INFO:     Model loaded in 12.7 s

15:38:03.641 WARNING:  Disabling authentication makes your instance vulnerable.
                       Set the `disable_auth` flag to False in config.yml if you
                       want to share this instance with others.
15:38:03.641 WARNING:  With authentication disabled and `allowed_origins` left
                       at ["*"], any website open in a browser on this machine
                       can send requests to this instance and read the
                       responses, including admin endpoints. Set
                       `network.allowed_origins` to your own frontends (or [])
                       unless you use a browser-based frontend that needs it.
15:38:03.642 INFO:     Serving OAI API on http://0.0.0.0:8022 (docs at
                       http://0.0.0.0:8022/redoc)
15:38:04.392 INFO:     #3 completions: 3 prompt tokens · temperature: 0, greedy
                       (req), max_tokens: 16 (req)
densegemm lcguard: device 1: dense calls on the QSA side branch use the side scratch (hctr upper half, side slots)
densegemm lcguard: device 0: dense calls on the QSA side branch use the side scratch (hctr upper half, side slots)
15:38:04.748 INFO:     #3 completions: 16 tokens generated at 106.2 T/s · prompt
                       3 tokens, none cached, 3 new in 0.20 s · first token 0.21
                       s, total 0.36 s · draft 7/27 accepted (26%) · max_tokens
                       reached
15:38:05.152 INFO:     #5 chat/completions: 74 prompt tokens · temperature: 0,
                       greedy (req), max_tokens: 64 (req), min_tokens: 64 (req)
15:38:05.153 INFO:     #6 chat/completions: 74 prompt tokens · temperature: 0,
                       greedy (req), max_tokens: 64 (req), min_tokens: 64 (req)
15:38:05.650 INFO:     #5 chat/completions: 64 tokens generated at 236.2 T/s ·
                       prompt 74 tokens, none cached, 74 new in 0.19 s · first
                       token 0.20 s, total 0.47 s · draft 44/60 accepted (73%) ·
                       max_tokens reached
15:38:05.651 INFO:     #6 chat/completions: 64 tokens generated at 219.4 T/s ·
                       prompt 74 tokens, none cached, 74 new in 0.08 s · queued
                       0.13 s, first token 0.21 s, total 0.50 s · draft 42/66
                       accepted (64%) · max_tokens reached
15:38:19.125 INFO:     #10 chat/completions (stream): 737 prompt tokens ·
                       temperature: 0, greedy (req), max_tokens: 49 (req),
                       min_tokens: 49 (req)
15:38:19.323 INFO:     #11 chat/completions (stream): 927 prompt tokens ·
                       temperature: 0, greedy (req), max_tokens: 165 (req),
                       min_tokens: 165 (req)
15:38:20.117 INFO:     #10 chat/completions (stream): 49 tokens generated at
                       152.0 T/s · prompt 737 tokens, none cached, 737 new in
                       0.62 s (1,189 T/s) · first token 0.63 s, total 0.95 s ·
                       draft 33/48 accepted (69%) · max_tokens reached
15:38:20.150 INFO:     #12 chat/completions (stream): 133 prompt tokens ·
                       temperature: 0, greedy (req), max_tokens: 188 (req),
                       min_tokens: 188 (req)
15:38:20.728 INFO:     #11 chat/completions (stream): 165 tokens generated at
                       203.4 T/s · prompt 927 tokens, none cached, 927 new in
                       0.34 s (2,726 T/s) · queued 0.21 s, first token 0.55 s,
                       total 1.36 s · draft 112/159 accepted (70%) · max_tokens
                       reached
15:38:20.762 INFO:     #13 chat/completions (stream): 218 prompt tokens ·
                       temperature: 0, greedy (req), max_tokens: 783 (req),
                       min_tokens: 783 (req)
15:38:21.332 INFO:     #12 chat/completions (stream): 188 tokens generated at
                       183.4 T/s · prompt 133 tokens, none cached, 133 new in
                       0.11 s · first token 0.11 s, total 1.14 s · draft 119/207
                       accepted (57%) · max_tokens reached
15:38:21.366 INFO:     #14 chat/completions (stream): 291 prompt tokens ·
                       temperature: 0, greedy (req), max_tokens: 400 (req),
                       min_tokens: 400 (req)
15:38:23.368 INFO:     #14 chat/completions (stream): 400 tokens generated at
                       230.1 T/s · prompt 291 tokens, none cached, 291 new in
                       0.21 s (1,386 T/s) · first token 0.21 s, total 1.95 s ·
                       draft 269/393 accepted (68%) · max_tokens reached
15:38:23.402 INFO:     #15 chat/completions (stream): 57 prompt tokens ·
                       temperature: 0, greedy (req), max_tokens: 275 (req),
                       min_tokens: 275 (req)
15:38:25.002 INFO:     #15 chat/completions (stream): 275 tokens generated at
                       187.9 T/s · prompt 57 tokens, none cached, 57 new in 0.09
                       s · first token 0.10 s, total 1.56 s · draft 171/312
                       accepted (55%) · max_tokens reached
15:38:25.039 INFO:     #16 chat/completions (stream): 343 prompt tokens ·
                       temperature: 0, greedy (req), max_tokens: 41 (req),
                       min_tokens: 41 (req)
15:38:25.454 INFO:     #13 chat/completions (stream): 783 tokens generated at
                       173.1 T/s · prompt 218 tokens, none cached, 218 new in
                       0.11 s · first token 0.12 s, total 4.64 s · draft 485/894
                       accepted (54%) · max_tokens reached
15:38:25.489 INFO:     #17 chat/completions (stream): 234 prompt tokens ·
                       temperature: 0, greedy (req), max_tokens: 536 (req),
                       min_tokens: 536 (req)
15:38:25.701 INFO:     #16 chat/completions (stream): 41 tokens generated at
                       108.6 T/s · prompt 343 tokens, none cached, 343 new in
                       0.23 s (1,491 T/s) · first token 0.24 s, total 0.61 s ·
                       draft 21/60 accepted (35%) · max_tokens reached
15:38:25.734 INFO:     #18 chat/completions (stream): 75 prompt tokens ·
                       temperature: 0, greedy (req), max_tokens: 234 (req),
                       min_tokens: 234 (req)
15:38:26.990 INFO:     #18 chat/completions (stream): 234 tokens generated at
                       207.1 T/s · prompt 75 tokens, none cached, 75 new in 0.08
                       s · first token 0.08 s, total 1.21 s · draft 150/252
                       accepted (60%) · max_tokens reached
15:38:27.024 INFO:     #19 chat/completions (stream): 256 prompt tokens ·
                       temperature: 0, greedy (req), max_tokens: 85 (req),
                       min_tokens: 85 (req)
15:38:27.548 INFO:     #19 chat/completions (stream): 85 tokens generated at
                       237.9 T/s · prompt 256 tokens, none cached, 256 new in
                       0.12 s (2,133 T/s) · first token 0.13 s, total 0.48 s ·
                       draft 59/78 accepted (76%) · max_tokens reached
15:38:27.581 INFO:     #20 chat/completions (stream): 292 prompt tokens ·
                       temperature: 0, greedy (req), max_tokens: 46 (req),
                       min_tokens: 46 (req)
15:38:28.064 INFO:     #20 chat/completions (stream): 46 tokens generated at
                       193.9 T/s · prompt 292 tokens, none cached, 292 new in
                       0.20 s (1,460 T/s) · first token 0.20 s, total 0.44 s ·
                       draft 28/54 accepted (52%) · max_tokens reached
15:38:28.097 INFO:     #21 chat/completions (stream): 68 prompt tokens ·
                       temperature: 0, greedy (req), max_tokens: 335 (req),
                       min_tokens: 335 (req)
15:38:28.793 INFO:     #17 chat/completions (stream): 536 tokens generated at
                       170.5 T/s · prompt 234 tokens, none cached, 234 new in
                       0.11 s · first token 0.11 s, total 3.26 s · draft 332/612
                       accepted (54%) · max_tokens reached
15:38:28.826 INFO:     #22 chat/completions (stream): 183 prompt tokens ·
                       temperature: 0, greedy (req), max_tokens: 818 (req),
                       min_tokens: 818 (req)
15:38:30.442 INFO:     #21 chat/completions (stream): 335 tokens generated at
                       150.9 T/s · prompt 68 tokens, none cached, 68 new in 0.08
                       s · first token 0.08 s, total 2.30 s · draft 174/483
                       accepted (36%) · max_tokens reached
15:38:30.476 INFO:     #23 chat/completions (stream): 608 prompt tokens ·
                       temperature: 0, greedy (req), max_tokens: 12 (req),
                       min_tokens: 12 (req)
15:38:30.825 INFO:     #23 chat/completions (stream): 12 tokens generated at
                       235.9 T/s · prompt 608 tokens, none cached, 608 new in
                       0.25 s (2,432 T/s) · first token 0.26 s, total 0.31 s ·
                       draft 8/12 accepted (67%) · max_tokens reached
15:38:30.859 INFO:     #24 chat/completions (stream): 423 prompt tokens ·
                       temperature: 0, greedy (req), max_tokens: 72 (req),
                       min_tokens: 72 (req)
15:38:31.526 INFO:     #24 chat/completions (stream): 72 tokens generated at
                       187.3 T/s · prompt 423 tokens, none cached, 423 new in
                       0.24 s (1,762 T/s) · first token 0.24 s, total 0.63 s ·
                       draft 43/87 accepted (49%) · max_tokens reached
15:38:31.560 INFO:     #25 chat/completions (stream): 414 prompt tokens ·
                       temperature: 0, greedy (req), max_tokens: 8 (req),
                       min_tokens: 8 (req)
15:38:31.870 INFO:     #25 chat/completions (stream): 8 tokens generated at
                       315.0 T/s · prompt 414 tokens, none cached, 414 new in
                       0.24 s (1,725 T/s) · first token 0.24 s, total 0.27 s ·
                       draft 6/6 accepted (100%) · max_tokens reached
15:38:31.903 INFO:     #26 chat/completions (stream): 69 prompt tokens ·
                       temperature: 0, greedy (req), max_tokens: 58 (req),
                       min_tokens: 58 (req)
15:38:32.286 INFO:     #26 chat/completions (stream): 58 tokens generated at
                       222.7 T/s · prompt 69 tokens, none cached, 69 new in 0.08
                       s · first token 0.08 s, total 0.35 s · draft 38/60
                       accepted (63%) · max_tokens reached
15:38:32.320 INFO:     #28 chat/completions (stream): 352 prompt tokens ·
                       temperature: 0, greedy (req), max_tokens: 38 (req),
                       min_tokens: 38 (req)
15:38:32.778 INFO:     #28 chat/completions (stream): 38 tokens generated at
                       208.2 T/s · prompt 352 tokens, none cached, 352 new in
                       0.23 s (1,530 T/s) · first token 0.23 s, total 0.42 s ·
                       draft 24/42 accepted (57%) · max_tokens reached
15:38:32.811 INFO:     #29 chat/completions (stream): 58 prompt tokens ·
                       temperature: 0, greedy (req), max_tokens: 306 (req),
                       min_tokens: 306 (req)
15:38:34.098 INFO:     #22 chat/completions (stream): 818 tokens generated at
                       159.6 T/s · prompt 183 tokens, none cached, 183 new in
                       0.10 s · first token 0.11 s, total 5.23 s · draft 503/945
                       accepted (53%) · max_tokens reached
15:38:34.132 INFO:     #30 chat/completions (stream): 63 prompt tokens ·
                       temperature: 0, greedy (req), max_tokens: 286 (req),
                       min_tokens: 286 (req)
15:38:34.549 INFO:     #29 chat/completions (stream): 306 tokens generated at
                       188.6 T/s · prompt 58 tokens, none cached, 58 new in 0.07
                       s · first token 0.07 s, total 1.70 s · draft 189/351
                       accepted (54%) · max_tokens reached
15:38:34.583 INFO:     #31 chat/completions (stream): 498 prompt tokens ·
                       temperature: 0, greedy (req), max_tokens: 30 (req),
                       min_tokens: 30 (req)
15:38:35.029 INFO:     #31 chat/completions (stream): 30 tokens generated at
                       209.8 T/s · prompt 498 tokens, none cached, 498 new in
                       0.25 s (1,992 T/s) · first token 0.25 s, total 0.40 s ·
                       draft 19/33 accepted (58%) · max_tokens reached
15:38:35.062 INFO:     #32 chat/completions (stream): 235 prompt tokens ·
                       temperature: 0, greedy (req), max_tokens: 47 (req),
                       min_tokens: 47 (req)
15:38:35.476 INFO:     #32 chat/completions (stream): 47 tokens generated at
                       183.8 T/s · prompt 235 tokens, none cached, 235 new in
                       0.11 s · first token 0.11 s, total 0.37 s · draft 28/57
                       accepted (49%) · max_tokens reached
15:38:35.511 INFO:     #33 chat/completions (stream): 927 prompt tokens ·
                       temperature: 0, greedy (req), max_tokens: 333 (req),
                       min_tokens: 333 (req)
15:38:36.306 INFO:     #30 chat/completions (stream): 286 tokens generated at
                       139.1 T/s · prompt 63 tokens, none cached, 63 new in 0.07
                       s · first token 0.07 s, total 2.13 s · draft 185/303
                       accepted (61%) · max_tokens reached
15:38:36.341 INFO:     #34 chat/completions (stream): 303 prompt tokens ·
                       temperature: 0, greedy (req), max_tokens: 89 (req),
                       min_tokens: 89 (req)
15:38:37.075 INFO:     #34 chat/completions (stream): 89 tokens generated at
                       185.8 T/s · prompt 303 tokens, none cached, 303 new in
                       0.21 s (1,443 T/s) · first token 0.22 s, total 0.69 s ·
                       draft 53/108 accepted (49%) · max_tokens reached
15:38:37.109 INFO:     #35 chat/completions (stream): 413 prompt tokens ·
                       temperature: 0, greedy (req), max_tokens: 8 (req),
                       min_tokens: 8 (req)
15:38:37.433 INFO:     #35 chat/completions (stream): 8 tokens generated at
                       208.5 T/s · prompt 413 tokens, none cached, 413 new in
                       0.23 s (1,796 T/s) · first token 0.23 s, total 0.27 s ·
                       draft 5/9 accepted (56%) · max_tokens reached
15:38:37.466 INFO:     #36 chat/completions (stream): 206 prompt tokens ·
                       temperature: 0, greedy (req), max_tokens: 271 (req),
                       min_tokens: 271 (req)
15:38:38.144 INFO:     #33 chat/completions (stream): 333 tokens generated at
                       146.3 T/s · prompt 927 tokens, none cached, 927 new in
                       0.31 s (2,990 T/s) · first token 0.31 s, total 2.59 s ·
                       draft 205/384 accepted (53%) · max_tokens reached
15:38:38.177 INFO:     #37 chat/completions (stream): 180 prompt tokens ·
                       temperature: 0, greedy (req), max_tokens: 20 (req),
                       min_tokens: 20 (req)
15:38:38.415 INFO:     #37 chat/completions (stream): 20 tokens generated at
                       221.2 T/s · prompt 180 tokens, none cached, 180 new in
                       0.10 s · first token 0.10 s, total 0.20 s · draft 13/21
                       accepted (62%) · max_tokens reached
15:38:38.459 INFO:     #38 chat/completions (stream): 509 prompt tokens ·
                       temperature: 0, greedy (req), max_tokens: 22 (req),
                       min_tokens: 22 (req)
15:38:38.868 INFO:     #38 chat/completions (stream): 22 tokens generated at
                       215.1 T/s · prompt 509 tokens, none cached, 509 new in
                       0.26 s (1,958 T/s) · first token 0.26 s, total 0.37 s ·
                       draft 14/24 accepted (58%) · max_tokens reached
15:38:38.901 INFO:     #39 chat/completions (stream): 330 prompt tokens ·
                       temperature: 0, greedy (req), max_tokens: 19 (req),
                       min_tokens: 19 (req)
15:38:39.262 INFO:     #39 chat/completions (stream): 19 tokens generated at
                       209.1 T/s · prompt 330 tokens, none cached, 330 new in
                       0.22 s (1,500 T/s) · first token 0.22 s, total 0.32 s ·
                       draft 12/21 accepted (57%) · max_tokens reached
15:38:39.296 INFO:     #40 chat/completions (stream): 386 prompt tokens ·
                       temperature: 0, greedy (req), max_tokens: 26 (req),
                       min_tokens: 26 (req)
15:38:39.718 INFO:     #40 chat/completions (stream): 26 tokens generated at
                       198.3 T/s · prompt 386 tokens, none cached, 386 new in
                       0.24 s (1,608 T/s) · first token 0.24 s, total 0.38 s ·
                       draft 16/30 accepted (53%) · max_tokens reached
15:38:39.752 INFO:     #41 chat/completions (stream): 100 prompt tokens ·
                       temperature: 0, greedy (req), max_tokens: 136 (req),
                       min_tokens: 136 (req)
15:38:39.917 INFO:     #36 chat/completions (stream): 271 tokens generated at
                       118.2 T/s · prompt 206 tokens, none cached, 206 new in
                       0.11 s · first token 0.11 s, total 2.41 s · draft 160/333
                       accepted (48%) · max_tokens reached
15:38:39.950 INFO:     #42 chat/completions (stream): 76 prompt tokens ·
                       temperature: 0, greedy (req), max_tokens: 401 (req),
                       min_tokens: 401 (req)
15:38:40.599 INFO:     #41 chat/completions (stream): 136 tokens generated at
                       192.7 T/s · prompt 100 tokens, none cached, 100 new in
                       0.09 s · first token 0.09 s, total 0.80 s · draft 88/144
                       accepted (61%) · max_tokens reached
15:38:40.633 INFO:     #43 chat/completions (stream): 62 prompt tokens ·
                       temperature: 0, greedy (req), max_tokens: 155 (req),
                       min_tokens: 155 (req)
15:38:41.508 INFO:     #43 chat/completions (stream): 155 tokens generated at
                       205.0 T/s · prompt 62 tokens, none cached, 62 new in 0.07
                       s · first token 0.08 s, total 0.83 s · draft 99/168
                       accepted (59%) · max_tokens reached
15:38:41.542 INFO:     #44 chat/completions (stream): 73 prompt tokens ·
                       temperature: 0, greedy (req), max_tokens: 222 (req),
                       min_tokens: 222 (req)
15:38:42.309 INFO:     #42 chat/completions (stream): 401 tokens generated at
                       179.6 T/s · prompt 76 tokens, none cached, 76 new in 0.08
                       s · first token 0.08 s, total 2.32 s · draft 243/474
                       accepted (51%) · max_tokens reached
15:38:42.344 INFO:     #45 chat/completions (stream): 194 prompt tokens ·
                       temperature: 0, greedy (req), max_tokens: 201 (req),
                       min_tokens: 201 (req)
15:38:42.825 INFO:     #44 chat/completions (stream): 222 tokens generated at
                       191.8 T/s · prompt 73 tokens, none cached, 73 new in 0.08
                       s · first token 0.08 s, total 1.24 s · draft 141/243
                       accepted (58%) · max_tokens reached
15:38:42.860 INFO:     #46 chat/completions (stream): 656 prompt tokens ·
                       temperature: 0, greedy (req), max_tokens: 595 (req),
                       min_tokens: 595 (req)
15:38:43.592 INFO:     #45 chat/completions (stream): 201 tokens generated at
                       183.2 T/s · prompt 194 tokens, none cached, 194 new in
                       0.10 s · first token 0.10 s, total 1.20 s · draft 138/189
                       accepted (73%) · max_tokens reached
15:38:43.626 INFO:     #47 chat/completions (stream): 73 prompt tokens ·
                       temperature: 0, greedy (req), max_tokens: 664 (req),
                       min_tokens: 664 (req)
15:38:45.437 INFO:     #46 chat/completions (stream): 595 tokens generated at
                       265.8 T/s · prompt 656 tokens, none cached, 656 new in
                       0.28 s (2,343 T/s) · first token 0.28 s, total 2.52 s ·
                       draft 432/489 accepted (88%) · max_tokens reached
15:38:45.470 INFO:     #48 chat/completions (stream): 85 prompt tokens ·
                       temperature: 0, greedy (req), max_tokens: 50 (req),
                       min_tokens: 50 (req)
15:38:45.784 INFO:     #48 chat/completions (stream): 50 tokens generated at
                       275.8 T/s · prompt 85 tokens, none cached, 85 new in 0.08
                       s · first token 0.08 s, total 0.27 s · draft 36/42
                       accepted (86%) · max_tokens reached
15:38:45.817 INFO:     #49 chat/completions (stream): 75 prompt tokens ·
                       temperature: 0, greedy (req), max_tokens: 202 (req),
                       min_tokens: 202 (req)
15:38:47.141 INFO:     #49 chat/completions (stream): 202 tokens generated at
                       168.4 T/s · prompt 75 tokens, none cached, 75 new in 0.08
                       s · first token 0.08 s, total 1.28 s · draft 112/270
                       accepted (41%) · max_tokens reached
15:38:47.175 INFO:     #51 chat/completions (stream): 87 prompt tokens ·
                       temperature: 0, greedy (req), max_tokens: 683 (req),
                       min_tokens: 683 (req)
15:38:47.397 INFO:     #47 chat/completions (stream): 664 tokens generated at
                       182.1 T/s · prompt 73 tokens, none cached, 73 new in 0.08
                       s · first token 0.09 s, total 3.73 s · draft 406/774
                       accepted (52%) · max_tokens reached
15:38:47.432 INFO:     #52 chat/completions (stream): 796 prompt tokens ·
                       temperature: 0, greedy (req), max_tokens: 13 (req),
                       min_tokens: 13 (req)
15:38:47.745 INFO:     #52 chat/completions (stream): 13 tokens generated at
                       257.1 T/s · prompt 796 tokens, none cached, 796 new in
                       0.22 s (3,618 T/s) · first token 0.22 s, total 0.28 s ·
                       draft 9/12 accepted (75%) · max_tokens reached
15:38:47.779 INFO:     #53 chat/completions (stream): 349 prompt tokens ·
                       temperature: 0, greedy (req), max_tokens: 70 (req),
                       min_tokens: 70 (req)
15:38:48.366 INFO:     #53 chat/completions (stream): 70 tokens generated at
                       221.7 T/s · prompt 349 tokens, none cached, 349 new in
                       0.22 s (1,586 T/s) · first token 0.23 s, total 0.54 s ·
                       draft 45/75 accepted (60%) · max_tokens reached
15:38:48.400 INFO:     #54 chat/completions (stream): 345 prompt tokens ·
                       temperature: 0, greedy (req), max_tokens: 18 (req),
                       min_tokens: 18 (req)
15:38:48.787 INFO:     #54 chat/completions (stream): 18 tokens generated at
                       203.3 T/s · prompt 345 tokens, none cached, 345 new in
                       0.25 s (1,380 T/s) · first token 0.25 s, total 0.34 s ·
                       draft 11/21 accepted (52%) · max_tokens reached
15:38:48.820 INFO:     #55 chat/completions (stream): 353 prompt tokens ·
                       temperature: 0, greedy (req), max_tokens: 52 (req),
                       min_tokens: 52 (req)
15:38:49.330 INFO:     #55 chat/completions (stream): 52 tokens generated at
                       229.6 T/s · prompt 353 tokens, none cached, 353 new in
                       0.24 s (1,471 T/s) · first token 0.24 s, total 0.47 s ·
                       draft 34/54 accepted (63%) · max_tokens reached
15:38:49.364 INFO:     #56 chat/completions (stream): 75 prompt tokens ·
                       temperature: 0, greedy (req), max_tokens: 218 (req),
                       min_tokens: 218 (req)
15:38:50.352 INFO:     #56 chat/completions (stream): 218 tokens generated at
                       252.7 T/s · prompt 75 tokens, none cached, 75 new in 0.08
                       s · first token 0.08 s, total 0.95 s · draft 150/204
                       accepted (74%) · max_tokens reached
15:38:50.386 INFO:     #57 chat/completions (stream): 786 prompt tokens ·
                       temperature: 0, greedy (req), max_tokens: 792 (req),
                       min_tokens: 792 (req)
15:38:52.053 INFO:     #51 chat/completions (stream): 683 tokens generated at
                       143.9 T/s · prompt 87 tokens, none cached, 87 new in 0.08
                       s · first token 0.09 s, total 4.83 s · draft 401/846
                       accepted (47%) · max_tokens reached
15:38:52.086 INFO:     #58 chat/completions (stream): 95 prompt tokens ·
                       temperature: 0, greedy (req), max_tokens: 25 (req),
                       min_tokens: 25 (req)
15:38:52.309 INFO:     #58 chat/completions (stream): 25 tokens generated at
                       278.9 T/s · prompt 95 tokens, none cached, 95 new in 0.09
                       s · first token 0.10 s, total 0.19 s · draft 18/21
                       accepted (86%) · max_tokens reached
15:38:52.342 INFO:     #59 chat/completions (stream): 477 prompt tokens ·
                       temperature: 0, greedy (req), max_tokens: 7 (req),
                       min_tokens: 7 (req)
15:38:52.665 INFO:     #59 chat/completions (stream): 7 tokens generated at
                       275.4 T/s · prompt 477 tokens, none cached, 477 new in
                       0.25 s (1,908 T/s) · first token 0.25 s, total 0.28 s ·
                       draft 5/6 accepted (83%) · max_tokens reached
15:38:52.698 INFO:     #60 chat/completions (stream): 238 prompt tokens ·
                       temperature: 0, greedy (req), max_tokens: 23 (req),
                       min_tokens: 23 (req)
15:38:52.931 INFO:     #60 chat/completions (stream): 23 tokens generated at
                       303.4 T/s · prompt 238 tokens, none cached, 238 new in
                       0.11 s · first token 0.11 s, total 0.19 s · draft 17/18
                       accepted (94%) · max_tokens reached
15:38:52.963 INFO:     #61 chat/completions (stream): 62 prompt tokens ·
                       temperature: 0, greedy (req), max_tokens: 408 (req),
                       min_tokens: 408 (req)
15:38:54.756 INFO:     #57 chat/completions (stream): 792 tokens generated at
                       194.4 T/s · prompt 786 tokens, none cached, 786 new in
                       0.25 s (3,144 T/s) · first token 0.26 s, total 4.33 s ·
                       draft 513/837 accepted (61%) · max_tokens reached
15:38:54.790 INFO:     #62 chat/completions (stream): 507 prompt tokens ·
                       temperature: 0, greedy (req), max_tokens: 8 (req),
                       min_tokens: 8 (req)
15:38:55.113 INFO:     #62 chat/completions (stream): 8 tokens generated at
                       324.3 T/s · prompt 507 tokens, none cached, 507 new in
                       0.25 s (2,028 T/s) · first token 0.26 s, total 0.28 s ·
                       draft 6/6 accepted (100%) · max_tokens reached
15:38:55.147 INFO:     #63 chat/completions (stream): 151 prompt tokens ·
                       temperature: 0, greedy (req), max_tokens: 7 (req),
                       min_tokens: 7 (req)
15:38:55.307 INFO:     #63 chat/completions (stream): 7 tokens generated at
                       280.5 T/s · prompt 151 tokens, none cached, 151 new in
                       0.09 s · first token 0.10 s, total 0.12 s · draft 5/6
                       accepted (83%) · max_tokens reached
15:38:55.340 INFO:     #64 chat/completions (stream): 92 prompt tokens ·
                       temperature: 0, greedy (req), max_tokens: 171 (req),
                       min_tokens: 171 (req)
15:38:55.473 INFO:     #61 chat/completions (stream): 408 tokens generated at
                       177.2 T/s · prompt 62 tokens, none cached, 62 new in 0.07
                       s · first token 0.07 s, total 2.38 s · draft 253/465
                       accepted (54%) · max_tokens reached
15:38:55.508 INFO:     #65 chat/completions (stream): 534 prompt tokens ·
                       temperature: 0, greedy (req), max_tokens: 59 (req),
                       min_tokens: 59 (req)
15:38:56.040 INFO:     #65 chat/completions (stream): 59 tokens generated at
                       194.1 T/s · prompt 534 tokens, none cached, 534 new in
                       0.18 s (2,967 T/s) · first token 0.18 s, total 0.49 s ·
                       draft 35/72 accepted (49%) · max_tokens reached
15:38:56.072 INFO:     #66 chat/completions (stream): 63 prompt tokens ·
                       temperature: 0, greedy (req), max_tokens: 327 (req),
                       min_tokens: 327 (req)
15:38:56.581 INFO:     #64 chat/completions (stream): 171 tokens generated at
                       154.4 T/s · prompt 92 tokens, none cached, 92 new in 0.09
                       s · first token 0.10 s, total 1.20 s · draft 102/207
                       accepted (49%) · max_tokens reached
15:38:56.614 INFO:     #67 chat/completions (stream): 58 prompt tokens ·
                       temperature: 0, greedy (req), max_tokens: 312 (req),
                       min_tokens: 312 (req)
15:38:57.764 INFO:     #66 chat/completions (stream): 327 tokens generated at
                       207.4 T/s · prompt 63 tokens, none cached, 63 new in 0.07
                       s · first token 0.07 s, total 1.65 s · draft 209/354
                       accepted (59%) · max_tokens reached
15:38:57.797 INFO:     #68 chat/completions (stream): 253 prompt tokens ·
                       temperature: 0, greedy (req), max_tokens: 227 (req),
                       min_tokens: 227 (req)
15:38:58.335 INFO:     #67 chat/completions (stream): 312 tokens generated at
                       194.2 T/s · prompt 58 tokens, none cached, 58 new in 0.07
                       s · first token 0.07 s, total 1.68 s · draft 195/351
                       accepted (56%) · max_tokens reached
15:38:58.368 INFO:     #69 chat/completions (stream): 328 prompt tokens ·
                       temperature: 0, greedy (req), max_tokens: 161 (req),
                       min_tokens: 161 (req)
15:38:59.439 INFO:     #69 chat/completions (stream): 161 tokens generated at
                       202.4 T/s · prompt 328 tokens, none cached, 328 new in
                       0.22 s (1,491 T/s) · first token 0.23 s, total 1.02 s ·
                       draft 98/189 accepted (52%) · max_tokens reached
15:38:59.442 INFO:     #70 chat/completions (stream): 62 prompt tokens ·
                       temperature: 0, greedy (req), max_tokens: 158 (req),
                       min_tokens: 158 (req)
15:38:59.442 INFO:     #68 chat/completions (stream): 227 tokens generated at
                       149.3 T/s · prompt 253 tokens, none cached, 253 new in
                       0.12 s · first token 0.12 s, total 1.64 s · draft 123/312
                       accepted (39%) · max_tokens reached
15:38:59.559 INFO:     #71 chat/completions (stream): 450 prompt tokens ·
                       temperature: 0, greedy (req), max_tokens: 172 (req),
                       min_tokens: 172 (req)
15:39:00.605 INFO:     #70 chat/completions (stream): 158 tokens generated at
                       151.2 T/s · prompt 62 tokens, none cached, 62 new in 0.07
                       s · first token 0.08 s, total 1.12 s · draft 95/189
                       accepted (50%) · max_tokens reached
15:39:00.629 INFO:     #72 chat/completions (stream): 840 prompt tokens ·
                       temperature: 0, greedy (req), max_tokens: 16 (req),
                       min_tokens: 16 (req)
15:39:00.925 INFO:     #71 chat/completions (stream): 172 tokens generated at
                       210.4 T/s · prompt 450 tokens, none cached, 450 new in
                       0.25 s (1,800 T/s) · first token 0.25 s, total 1.07 s ·
                       draft 108/192 accepted (56%) · max_tokens reached
15:39:00.958 INFO:     #73 chat/completions (stream): 63 prompt tokens ·
                       temperature: 0, greedy (req), max_tokens: 373 (req),
                       min_tokens: 373 (req)
15:39:01.122 INFO:     #72 chat/completions (stream): 16 tokens generated at
                       96.5 T/s · prompt 840 tokens, none cached, 840 new in
                       0.28 s (3,000 T/s) · first token 0.29 s, total 0.45 s ·
                       draft 8/24 accepted (33%) · max_tokens reached
15:39:01.153 INFO:     #74 chat/completions (stream): 63 prompt tokens ·
                       temperature: 0, greedy (req), max_tokens: 361 (req),
                       min_tokens: 361 (req)
15:39:02.783 INFO:     #73 chat/completions (stream): 373 tokens generated at
                       218.3 T/s · prompt 63 tokens, none cached, 63 new in 0.07
                       s · first token 0.07 s, total 1.78 s · draft 245/384
                       accepted (64%) · max_tokens reached
15:39:02.815 INFO:     #76 chat/completions (stream): 64 prompt tokens ·
                       temperature: 0, greedy (req), max_tokens: 400 (req),
                       min_tokens: 400 (req)
15:39:03.226 INFO:     #74 chat/completions (stream): 361 tokens generated at
                       184.4 T/s · prompt 63 tokens, none cached, 63 new in 0.07
                       s · first token 0.07 s, total 2.03 s · draft 214/441
                       accepted (49%) · max_tokens reached
15:39:03.260 INFO:     #77 chat/completions (stream): 677 prompt tokens ·
                       temperature: 0, greedy (req), max_tokens: 6 (req),
                       min_tokens: 6 (req)
15:39:03.621 INFO:     #77 chat/completions (stream): 6 tokens generated at
                       241.3 T/s · prompt 677 tokens, none cached, 677 new in
                       0.29 s (2,334 T/s) · first token 0.29 s, total 0.32 s ·
                       draft 4/6 accepted (67%) · max_tokens reached
15:39:03.655 INFO:     #78 chat/completions (stream): 114 prompt tokens ·
                       temperature: 0, greedy (req), max_tokens: 443 (req),
                       min_tokens: 443 (req)
15:39:05.521 INFO:     #76 chat/completions (stream): 400 tokens generated at
                       154.5 T/s · prompt 64 tokens, none cached, 64 new in 0.07
                       s · first token 0.08 s, total 2.66 s · draft 228/516
                       accepted (44%) · max_tokens reached
15:39:05.556 INFO:     #79 chat/completions (stream): 739 prompt tokens ·
                       temperature: 0, greedy (req), max_tokens: 620 (req),
                       min_tokens: 620 (req)
15:39:06.273 INFO:     #78 chat/completions (stream): 443 tokens generated at
                       178.9 T/s · prompt 114 tokens, none cached, 114 new in
                       0.09 s · first token 0.10 s, total 2.57 s · draft 273/510
                       accepted (54%) · max_tokens reached
15:39:06.307 INFO:     #80 chat/completions (stream): 502 prompt tokens ·
                       temperature: 0, greedy (req), max_tokens: 8 (req),
                       min_tokens: 8 (req)
15:39:06.645 INFO:     #80 chat/completions (stream): 8 tokens generated at
                       217.5 T/s · prompt 502 tokens, none cached, 502 new in
                       0.25 s (2,008 T/s) · first token 0.25 s, total 0.29 s ·
                       draft 5/9 accepted (56%) · max_tokens reached
15:39:06.678 INFO:     #81 chat/completions (stream): 67 prompt tokens ·
                       temperature: 0, greedy (req), max_tokens: 309 (req),
                       min_tokens: 309 (req)
15:39:08.342 INFO:     #81 chat/completions (stream): 309 tokens generated at
                       200.4 T/s · prompt 67 tokens, none cached, 67 new in 0.07
                       s · first token 0.07 s, total 1.62 s · draft 190/357
                       accepted (53%) · max_tokens reached
15:39:08.377 INFO:     #82 chat/completions (stream): 684 prompt tokens ·
                       temperature: 0, greedy (req), max_tokens: 19 (req),
                       min_tokens: 19 (req)
15:39:08.781 INFO:     #82 chat/completions (stream): 19 tokens generated at
                       190.2 T/s · prompt 684 tokens, none cached, 684 new in
                       0.26 s (2,631 T/s) · first token 0.26 s, total 0.36 s ·
                       draft 11/24 accepted (46%) · max_tokens reached
15:39:08.814 INFO:     #83 chat/completions (stream): 67 prompt tokens ·
                       temperature: 0, greedy (req), max_tokens: 161 (req),
                       min_tokens: 161 (req)
15:39:09.490 INFO:     #79 chat/completions (stream): 620 tokens generated at
                       172.2 T/s · prompt 739 tokens, none cached, 739 new in
                       0.29 s (2,548 T/s) · first token 0.29 s, total 3.89 s ·
                       draft 388/696 accepted (56%) · max_tokens reached
15:39:09.523 INFO:     #84 chat/completions (stream): 345 prompt tokens ·
                       temperature: 0, greedy (req), max_tokens: 20 (req),
                       min_tokens: 20 (req)
15:39:09.881 INFO:     #84 chat/completions (stream): 20 tokens generated at
                       226.2 T/s · prompt 345 tokens, none cached, 345 new in
                       0.22 s (1,568 T/s) · first token 0.23 s, total 0.31 s ·
                       draft 13/21 accepted (62%) · max_tokens reached
15:39:09.916 INFO:     #85 chat/completions (stream): 870 prompt tokens ·
                       temperature: 0, greedy (req), max_tokens: 44 (req),
                       min_tokens: 44 (req)
15:39:10.276 INFO:     #83 chat/completions (stream): 161 tokens generated at
                       120.1 T/s · prompt 67 tokens, none cached, 67 new in 0.07
                       s · first token 0.07 s, total 1.42 s · draft 94/201
                       accepted (47%) · max_tokens reached
15:39:10.309 INFO:     #86 chat/completions (stream): 77 prompt tokens ·
                       temperature: 0, greedy (req), max_tokens: 142 (req),
                       min_tokens: 142 (req)
15:39:10.511 INFO:     #85 chat/completions (stream): 44 tokens generated at
                       168.6 T/s · prompt 870 tokens, none cached, 870 new in
                       0.29 s (3,000 T/s) · first token 0.29 s, total 0.56 s ·
                       draft 29/45 accepted (64%) · max_tokens reached
15:39:10.543 INFO:     #87 chat/completions (stream): 116 prompt tokens ·
                       temperature: 0, greedy (req), max_tokens: 79 (req),
                       min_tokens: 79 (req)
15:39:10.951 INFO:     #87 chat/completions (stream): 79 tokens generated at
                       298.0 T/s · prompt 116 tokens, none cached, 116 new in
                       0.10 s · first token 0.10 s, total 0.37 s · draft 58/63
                       accepted (92%) · max_tokens reached
15:39:10.983 INFO:     #88 chat/completions (stream): 121 prompt tokens ·
                       temperature: 0, greedy (req), max_tokens: 9 (req),
                       min_tokens: 9 (req)
15:39:11.178 INFO:     #88 chat/completions (stream): 9 tokens generated at
                       182.7 T/s · prompt 121 tokens, none cached, 121 new in
                       0.10 s · first token 0.11 s, total 0.15 s · draft 5/12
                       accepted (42%) · max_tokens reached
15:39:11.210 INFO:     #89 chat/completions (stream): 188 prompt tokens ·
                       temperature: 0, greedy (req), max_tokens: 337 (req),
                       min_tokens: 337 (req)
15:39:11.378 INFO:     #86 chat/completions (stream): 142 tokens generated at
                       150.2 T/s · prompt 77 tokens, none cached, 77 new in 0.08
                       s · first token 0.08 s, total 1.03 s · draft 88/162
                       accepted (54%) · max_tokens reached
15:39:11.412 INFO:     #90 chat/completions (stream): 546 prompt tokens ·
                       temperature: 0, greedy (req), max_tokens: 16 (req),
                       min_tokens: 16 (req)
15:39:11.750 INFO:     #90 chat/completions (stream): 16 tokens generated at
                       253.9 T/s · prompt 546 tokens, none cached, 546 new in
                       0.23 s (2,374 T/s) · first token 0.23 s, total 0.30 s ·
                       draft 11/15 accepted (73%) · max_tokens reached
15:39:11.783 INFO:     #91 chat/completions (stream): 346 prompt tokens ·
                       temperature: 0, greedy (req), max_tokens: 18 (req),
                       min_tokens: 18 (req)
15:39:12.121 INFO:     #91 chat/completions (stream): 18 tokens generated at
                       243.0 T/s · prompt 346 tokens, none cached, 346 new in
                       0.22 s (1,573 T/s) · first token 0.22 s, total 0.30 s ·
                       draft 12/18 accepted (67%) · max_tokens reached
15:39:12.154 INFO:     #92 chat/completions (stream): 399 prompt tokens ·
                       temperature: 0, greedy (req), max_tokens: 350 (req),
                       min_tokens: 350 (req)
15:39:13.543 INFO:     #89 chat/completions (stream): 337 tokens generated at
                       154.0 T/s · prompt 188 tokens, none cached, 188 new in
                       0.10 s · first token 0.10 s, total 2.29 s · draft 218/357
                       accepted (61%) · max_tokens reached
15:39:13.576 INFO:     #93 chat/completions (stream): 832 prompt tokens ·
                       temperature: 0, greedy (req), max_tokens: 25 (req),
                       min_tokens: 25 (req)
15:39:13.997 INFO:     #93 chat/completions (stream): 25 tokens generated at
                       253.2 T/s · prompt 832 tokens, none cached, 832 new in
                       0.28 s (2,971 T/s) · first token 0.28 s, total 0.38 s ·
                       draft 17/24 accepted (71%) · max_tokens reached
15:39:14.030 INFO:     #94 chat/completions (stream): 62 prompt tokens ·
                       temperature: 0, greedy (req), max_tokens: 163 (req),
                       min_tokens: 163 (req)
15:39:14.525 INFO:     #92 chat/completions (stream): 350 tokens generated at
                       168.4 T/s · prompt 399 tokens, none cached, 399 new in
                       0.25 s (1,596 T/s) · first token 0.25 s, total 2.33 s ·
                       draft 216/402 accepted (54%) · max_tokens reached
15:39:14.560 INFO:     #95 chat/completions (stream): 794 prompt tokens ·
                       temperature: 0, greedy (req), max_tokens: 12 (req),
                       min_tokens: 12 (req)
15:39:14.886 INFO:     #95 chat/completions (stream): 12 tokens generated at
                       237.5 T/s · prompt 794 tokens, none cached, 794 new in
                       0.23 s (3,452 T/s) · first token 0.24 s, total 0.29 s ·
                       draft 8/12 accepted (67%) · max_tokens reached
15:39:14.920 INFO:     #96 chat/completions (stream): 489 prompt tokens ·
                       temperature: 0, greedy (req), max_tokens: 32 (req),
                       min_tokens: 32 (req)
15:39:15.354 INFO:     #96 chat/completions (stream): 32 tokens generated at
                       226.3 T/s · prompt 489 tokens, none cached, 489 new in
                       0.24 s (2,038 T/s) · first token 0.25 s, total 0.39 s ·
                       draft 21/33 accepted (64%) · max_tokens reached
15:39:15.387 INFO:     #97 chat/completions (stream): 378 prompt tokens ·
                       temperature: 0, greedy (req), max_tokens: 447 (req),
                       min_tokens: 447 (req)
15:39:15.698 INFO:     #94 chat/completions (stream): 163 tokens generated at
                       112.1 T/s · prompt 62 tokens, none cached, 62 new in 0.07
                       s · first token 0.07 s, total 1.53 s · draft 95/204
                       accepted (47%) · max_tokens reached
15:39:15.731 INFO:     #98 chat/completions (stream): 72 prompt tokens ·
                       temperature: 0, greedy (req), max_tokens: 731 (req),
                       min_tokens: 731 (req)
15:39:17.975 INFO:     #97 chat/completions (stream): 447 tokens generated at
                       196.4 T/s · prompt 378 tokens, none cached, 378 new in
                       0.26 s (1,454 T/s) · first token 0.27 s, total 2.54 s ·
                       draft 276/513 accepted (54%) · max_tokens reached
15:39:18.008 INFO:     #100 chat/completions (stream): 76 prompt tokens ·
                       temperature: 0, greedy (req), max_tokens: 393 (req),
                       min_tokens: 393 (req)
15:39:19.416 INFO:     #98 chat/completions (stream): 731 tokens generated at
                       205.3 T/s · prompt 72 tokens, none cached, 72 new in 0.08
                       s · first token 0.09 s, total 3.65 s · draft 461/810
                       accepted (57%) · max_tokens reached
15:39:19.452 INFO:     #101 chat/completions (stream): 60 prompt tokens ·
                       temperature: 0, greedy (req), max_tokens: 636 (req),
                       min_tokens: 636 (req)
15:39:20.043 INFO:     #100 chat/completions (stream): 393 tokens generated at
                       205.7 T/s · prompt 76 tokens, none cached, 76 new in 0.08
                       s · first token 0.08 s, total 2.00 s · draft 250/429
                       accepted (58%) · max_tokens reached
15:39:20.077 INFO:     #102 chat/completions (stream): 87 prompt tokens ·
                       temperature: 0, greedy (req), max_tokens: 38 (req),
                       min_tokens: 38 (req)
15:39:20.346 INFO:     #102 chat/completions (stream): 38 tokens generated at
                       271.8 T/s · prompt 87 tokens, none cached, 87 new in 0.08
                       s · first token 0.08 s, total 0.22 s · draft 27/33
                       accepted (82%) · max_tokens reached
15:39:20.377 INFO:     #103 chat/completions (stream): 132 prompt tokens ·
                       temperature: 0, greedy (req), max_tokens: 61 (req),
                       min_tokens: 61 (req)
15:39:20.735 INFO:     #103 chat/completions (stream): 61 tokens generated at
                       294.5 T/s · prompt 132 tokens, none cached, 132 new in
                       0.10 s · first token 0.10 s, total 0.31 s · draft 45/48
                       accepted (94%) · max_tokens reached
15:39:20.768 INFO:     #104 chat/completions (stream): 76 prompt tokens ·
                       temperature: 0, greedy (req), max_tokens: 411 (req),
                       min_tokens: 411 (req)
15:39:22.559 INFO:     #101 chat/completions (stream): 636 tokens generated at
                       212.7 T/s · prompt 60 tokens, none cached, 60 new in 0.07
                       s · first token 0.08 s, total 3.07 s · draft 420/648
                       accepted (65%) · max_tokens reached
15:39:22.591 INFO:     #105 chat/completions (stream): 68 prompt tokens ·
                       temperature: 0, greedy (req), max_tokens: 367 (req),
                       min_tokens: 367 (req)
15:39:22.825 INFO:     #104 chat/completions (stream): 411 tokens generated at
                       212.2 T/s · prompt 76 tokens, none cached, 76 new in 0.08
                       s · first token 0.08 s, total 2.02 s · draft 264/441
                       accepted (60%) · max_tokens reached
15:39:22.856 INFO:     #106 chat/completions (stream): 123 prompt tokens ·
                       temperature: 0, greedy (req), max_tokens: 289 (req),
                       min_tokens: 289 (req)
15:39:24.409 INFO:     #106 chat/completions (stream): 289 tokens generated at
                       205.9 T/s · prompt 123 tokens, none cached, 123 new in
                       0.10 s · first token 0.10 s, total 1.51 s · draft 182/321
                       accepted (57%) · max_tokens reached
15:39:24.452 INFO:     #107 chat/completions (stream): 101 prompt tokens ·
                       temperature: 0, greedy (req), max_tokens: 518 (req),
                       min_tokens: 518 (req)
15:39:24.893 INFO:     #105 chat/completions (stream): 367 tokens generated at
                       168.6 T/s · prompt 68 tokens, none cached, 68 new in 0.07
                       s · first token 0.08 s, total 2.25 s · draft 216/453
                       accepted (48%) · max_tokens reached
15:39:24.928 INFO:     #108 chat/completions (stream): 145 prompt tokens ·
                       temperature: 0, greedy (req), max_tokens: 144 (req),
                       min_tokens: 144 (req)
15:39:25.742 INFO:     #108 chat/completions (stream): 144 tokens generated at
                       220.7 T/s · prompt 145 tokens, none cached, 145 new in
                       0.11 s · first token 0.12 s, total 0.77 s · draft 94/150
                       accepted (63%) · max_tokens reached
15:39:25.776 INFO:     #109 chat/completions (stream): 360 prompt tokens ·
                       temperature: 0, greedy (req), max_tokens: 8 (req),
                       min_tokens: 8 (req)
15:39:26.089 INFO:     #109 chat/completions (stream): 8 tokens generated at
                       214.4 T/s · prompt 360 tokens, none cached, 360 new in
                       0.23 s (1,565 T/s) · first token 0.24 s, total 0.27 s ·
                       draft 5/9 accepted (56%) · max_tokens reached
15:39:26.123 INFO:     #110 chat/completions (stream): 469 prompt tokens ·
                       temperature: 0, greedy (req), max_tokens: 465 (req),
                       min_tokens: 465 (req)
15:39:28.205 INFO:     #107 chat/completions (stream): 518 tokens generated at
                       142.9 T/s · prompt 101 tokens, none cached, 101 new in
                       0.10 s · first token 0.11 s, total 3.73 s · draft 281/711
                       accepted (40%) · max_tokens reached
15:39:28.208 INFO:     #110 chat/completions (stream): 465 tokens generated at
                       253.3 T/s · prompt 469 tokens, none cached, 469 new in
                       0.24 s (1,954 T/s) · first token 0.24 s, total 2.08 s ·
                       draft 323/426 accepted (76%) · max_tokens reached
15:39:28.210 INFO:     #111 chat/completions (stream): 327 prompt tokens ·
                       temperature: 0, greedy (req), max_tokens: 420 (req),
                       min_tokens: 420 (req)
15:39:28.212 INFO:     #112 chat/completions (stream): 93 prompt tokens ·
                       temperature: 0, greedy (req), max_tokens: 298 (req),
                       min_tokens: 298 (req)
15:39:29.972 INFO:     #112 chat/completions (stream): 298 tokens generated at
                       198.9 T/s · prompt 93 tokens, none cached, 93 new in 0.09
                       s · queued 0.14 s, first token 0.23 s, total 1.72 s ·
                       draft 187/333 accepted (56%) · max_tokens reached
15:39:30.004 INFO:     #113 chat/completions (stream): 126 prompt tokens ·
                       temperature: 0, greedy (req), max_tokens: 325 (req),
                       min_tokens: 325 (req)
15:39:30.769 INFO:     #111 chat/completions (stream): 420 tokens generated at
                       190.5 T/s · prompt 327 tokens, none cached, 327 new in
                       0.30 s (1,090 T/s) · first token 0.31 s, total 2.52 s ·
                       draft 255/495 accepted (52%) · max_tokens reached
15:39:30.803 INFO:     #114 chat/completions (stream): 487 prompt tokens ·
                       temperature: 0, greedy (req), max_tokens: 7 (req),
                       min_tokens: 7 (req)
15:39:31.122 INFO:     #114 chat/completions (stream): 7 tokens generated at
                       280.3 T/s · prompt 487 tokens, none cached, 487 new in
                       0.25 s (1,948 T/s) · first token 0.26 s, total 0.28 s ·
                       draft 5/6 accepted (83%) · max_tokens reached
15:39:31.155 INFO:     #115 chat/completions (stream): 334 prompt tokens ·
                       temperature: 0, greedy (req), max_tokens: 377 (req),
                       min_tokens: 377 (req)
15:39:32.163 INFO:     #113 chat/completions (stream): 325 tokens generated at
                       161.6 T/s · prompt 126 tokens, none cached, 126 new in
                       0.10 s · first token 0.11 s, total 2.12 s · draft 200/375
                       accepted (53%) · max_tokens reached
15:39:32.197 INFO:     #117 chat/completions (stream): 841 prompt tokens ·
                       temperature: 0, greedy (req), max_tokens: 429 (req),
                       min_tokens: 429 (req)
15:39:33.679 INFO:     #115 chat/completions (stream): 377 tokens generated at
                       166.3 T/s · prompt 334 tokens, none cached, 334 new in
                       0.21 s (1,590 T/s) · first token 0.21 s, total 2.48 s ·
                       draft 225/456 accepted (49%) · max_tokens reached
15:39:33.711 INFO:     #118 chat/completions (stream): 57 prompt tokens ·
                       temperature: 0, greedy (req), max_tokens: 99 (req),
                       min_tokens: 99 (req)
15:39:34.247 INFO:     #118 chat/completions (stream): 99 tokens generated at
                       234.4 T/s · prompt 57 tokens, none cached, 57 new in 0.07
                       s · first token 0.08 s, total 0.50 s · draft 66/99
                       accepted (67%) · max_tokens reached
15:39:34.278 INFO:     #119 chat/completions (stream): 147 prompt tokens ·
                       temperature: 0, greedy (req), max_tokens: 30 (req),
                       min_tokens: 30 (req)
15:39:34.541 INFO:     #119 chat/completions (stream): 30 tokens generated at
                       236.6 T/s · prompt 147 tokens, none cached, 147 new in
                       0.09 s · first token 0.10 s, total 0.22 s · draft 21/27
                       accepted (78%) · max_tokens reached
15:39:34.574 INFO:     #120 chat/completions (stream): 232 prompt tokens ·
                       temperature: 0, greedy (req), max_tokens: 78 (req),
                       min_tokens: 78 (req)
15:39:34.982 INFO:     #120 chat/completions (stream): 78 tokens generated at
                       307.4 T/s · prompt 232 tokens, none cached, 232 new in
                       0.11 s · first token 0.12 s, total 0.37 s · draft 58/60
                       accepted (97%) · max_tokens reached
15:39:35.015 INFO:     #121 chat/completions (stream): 63 prompt tokens ·
                       temperature: 0, greedy (req), max_tokens: 321 (req),
                       min_tokens: 321 (req)
15:39:35.384 INFO:     #117 chat/completions (stream): 429 tokens generated at
                       152.6 T/s · prompt 841 tokens, none cached, 841 new in
                       0.33 s (2,548 T/s) · first token 0.33 s, total 3.15 s ·
                       draft 234/585 accepted (40%) · max_tokens reached
15:39:35.420 INFO:     #122 chat/completions (stream): 78 prompt tokens ·
                       temperature: 0, greedy (req), max_tokens: 254 (req),
                       min_tokens: 254 (req)
15:39:36.745 INFO:     #122 chat/completions (stream): 254 tokens generated at
                       211.8 T/s · prompt 78 tokens, none cached, 78 new in 0.08
                       s · first token 0.08 s, total 1.28 s · draft 161/279
                       accepted (58%) · max_tokens reached
15:39:36.776 INFO:     #123 chat/completions (stream): 63 prompt tokens ·
                       temperature: 0, greedy (req), max_tokens: 194 (req),
                       min_tokens: 194 (req)
15:39:37.046 INFO:     #121 chat/completions (stream): 321 tokens generated at
                       167.6 T/s · prompt 63 tokens, none cached, 63 new in 0.07
                       s · first token 0.07 s, total 1.99 s · draft 182/417
                       accepted (44%) · max_tokens reached
15:39:37.080 INFO:     #124 chat/completions (stream): 629 prompt tokens ·
                       temperature: 0, greedy (req), max_tokens: 9 (req),
                       min_tokens: 9 (req)
15:39:37.432 INFO:     #124 chat/completions (stream): 9 tokens generated at
                       240.4 T/s · prompt 629 tokens, none cached, 629 new in
                       0.26 s (2,419 T/s) · first token 0.26 s, total 0.30 s ·
                       draft 6/9 accepted (67%) · max_tokens reached
15:39:37.465 INFO:     #125 chat/completions (stream): 57 prompt tokens ·
                       temperature: 0, greedy (req), max_tokens: 78 (req),
                       min_tokens: 78 (req)
15:39:37.993 INFO:     #125 chat/completions (stream): 78 tokens generated at
                       187.5 T/s · prompt 57 tokens, none cached, 57 new in 0.07
                       s · first token 0.08 s, total 0.49 s · draft 45/99
                       accepted (45%) · max_tokens reached
15:39:38.026 INFO:     #126 chat/completions (stream): 148 prompt tokens ·
                       temperature: 0, greedy (req), max_tokens: 15 (req),
                       min_tokens: 15 (req)
15:39:38.195 INFO:     #126 chat/completions (stream): 15 tokens generated at
                       236.8 T/s · prompt 148 tokens, none cached, 148 new in
                       0.09 s · first token 0.10 s, total 0.16 s · draft 10/15
                       accepted (67%) · max_tokens reached
15:39:38.195 INFO:     #123 chat/completions (stream): 194 tokens generated at
                       144.5 T/s · prompt 63 tokens, none cached, 63 new in 0.07
                       s · first token 0.08 s, total 1.42 s · draft 118/228
                       accepted (52%) · max_tokens reached
15:39:38.198 INFO:     #127 chat/completions (stream): 346 prompt tokens ·
                       temperature: 0, greedy (req), max_tokens: 11 (req),
                       min_tokens: 11 (req)
15:39:38.200 INFO:     #128 chat/completions (stream): 74 prompt tokens ·
                       temperature: 0, greedy (req), max_tokens: 296 (req),
                       min_tokens: 296 (req)
15:39:38.602 INFO:     #127 chat/completions (stream): 11 tokens generated at
                       225.6 T/s · prompt 346 tokens, none cached, 346 new in
                       0.30 s (1,153 T/s) · first token 0.31 s, total 0.36 s ·
                       draft 7/12 accepted (58%) · max_tokens reached
15:39:38.636 INFO:     #129 chat/completions (stream): 468 prompt tokens ·
                       temperature: 0, greedy (req), max_tokens: 17 (req),
                       min_tokens: 17 (req)
15:39:38.998 INFO:     #129 chat/completions (stream): 17 tokens generated at
                       228.6 T/s · prompt 468 tokens, none cached, 468 new in
                       0.24 s (1,950 T/s) · first token 0.25 s, total 0.32 s ·
                       draft 11/18 accepted (61%) · max_tokens reached
15:39:39.032 INFO:     #130 chat/completions (stream): 400 prompt tokens ·
                       temperature: 0, greedy (req), max_tokens: 4 (req),
                       min_tokens: 4 (req)
15:39:39.333 INFO:     #130 chat/completions (stream): 4 tokens generated at
                       335.1 T/s · prompt 400 tokens, none cached, 400 new in
                       0.24 s (1,667 T/s) · first token 0.24 s, total 0.26 s ·
                       draft 3/3 accepted (100%) · max_tokens reached
15:39:39.365 INFO:     #131 chat/completions (stream): 216 prompt tokens ·
                       temperature: 0, greedy (req), max_tokens: 30 (req),
                       min_tokens: 30 (req)
15:39:39.626 INFO:     #131 chat/completions (stream): 30 tokens generated at
                       260.8 T/s · prompt 216 tokens, none cached, 216 new in
                       0.10 s · first token 0.10 s, total 0.22 s · draft 21/27
                       accepted (78%) · max_tokens reached
15:39:39.658 INFO:     #132 chat/completions (stream): 200 prompt tokens ·
                       temperature: 0, greedy (req), max_tokens: 12 (req),
                       min_tokens: 12 (req)
15:39:39.856 INFO:     #132 chat/completions (stream): 12 tokens generated at
                       243.9 T/s · prompt 200 tokens, none cached, 200 new in
                       0.10 s · first token 0.10 s, total 0.15 s · draft 8/12
                       accepted (67%) · max_tokens reached
15:39:39.888 INFO:     #133 chat/completions (stream): 160 prompt tokens ·
                       temperature: 0, greedy (req), max_tokens: 60 (req),
                       min_tokens: 60 (req)
15:39:40.329 INFO:     #133 chat/completions (stream): 60 tokens generated at
                       197.2 T/s · prompt 160 tokens, none cached, 160 new in
                       0.09 s · first token 0.09 s, total 0.40 s · draft 36/72
                       accepted (50%) · max_tokens reached
15:39:40.363 INFO:     #134 chat/completions (stream): 572 prompt tokens ·
                       temperature: 0, greedy (req), max_tokens: 60 (req),
                       min_tokens: 60 (req)
15:39:40.903 INFO:     #134 chat/completions (stream): 60 tokens generated at
                       207.8 T/s · prompt 572 tokens, none cached, 572 new in
                       0.22 s (2,600 T/s) · first token 0.22 s, total 0.51 s ·
                       draft 37/69 accepted (54%) · max_tokens reached
15:39:40.905 INFO:     #128 chat/completions (stream): 296 tokens generated at
                       118.9 T/s · prompt 74 tokens, none cached, 74 new in 0.08
                       s · queued 0.14 s, first token 0.22 s, total 2.71 s ·
                       draft 177/357 accepted (50%) · max_tokens reached
15:39:40.907 INFO:     #135 chat/completions (stream): 68 prompt tokens ·
                       temperature: 0, greedy (req), max_tokens: 733 (req),
                       min_tokens: 733 (req)
15:39:40.908 INFO:     #136 chat/completions (stream): 59 prompt tokens ·
                       temperature: 0, greedy (req), max_tokens: 81 (req),
                       min_tokens: 81 (req)
15:39:41.549 INFO:     #136 chat/completions (stream): 81 tokens generated at
                       180.4 T/s · prompt 59 tokens, none cached, 59 new in 0.07
                       s · first token 0.15 s, total 0.60 s · draft 46/105
                       accepted (44%) · max_tokens reached
15:39:41.583 INFO:     #137 chat/completions (stream): 694 prompt tokens ·
                       temperature: 0, greedy (req), max_tokens: 34 (req),
                       min_tokens: 34 (req)
15:39:42.013 INFO:     #137 chat/completions (stream): 34 tokens generated at
                       262.5 T/s · prompt 694 tokens, none cached, 694 new in
                       0.25 s (2,776 T/s) · first token 0.26 s, total 0.38 s ·
                       draft 24/30 accepted (80%) · max_tokens reached
15:39:42.045 INFO:     #138 chat/completions (stream): 66 prompt tokens ·
                       temperature: 0, greedy (req), max_tokens: 198 (req),
                       min_tokens: 198 (req)
15:39:42.980 INFO:     #138 chat/completions (stream): 198 tokens generated at
                       242.5 T/s · prompt 66 tokens, none cached, 66 new in 0.07
                       s · first token 0.07 s, total 0.89 s · draft 135/189
                       accepted (71%) · max_tokens reached
15:39:43.013 INFO:     #139 chat/completions (stream): 477 prompt tokens ·
                       temperature: 0, greedy (req), max_tokens: 38 (req),
                       min_tokens: 38 (req)
15:39:43.506 INFO:     #139 chat/completions (stream): 38 tokens generated at
                       188.3 T/s · prompt 477 tokens, none cached, 477 new in
                       0.24 s (1,988 T/s) · first token 0.24 s, total 0.45 s ·
                       draft 23/45 accepted (51%) · max_tokens reached
15:39:43.539 INFO:     #140 chat/completions (stream): 80 prompt tokens ·
                       temperature: 0, greedy (req), max_tokens: 49 (req),
                       min_tokens: 49 (req)
15:39:43.854 INFO:     #140 chat/completions (stream): 49 tokens generated at
                       257.9 T/s · prompt 80 tokens, none cached, 80 new in 0.08
                       s · first token 0.09 s, total 0.28 s · draft 34/45
                       accepted (76%) · max_tokens reached
15:39:43.886 INFO:     #141 chat/completions (stream): 124 prompt tokens ·
                       temperature: 0, greedy (req), max_tokens: 635 (req),
                       min_tokens: 635 (req)
15:39:45.448 INFO:     #135 chat/completions (stream): 733 tokens generated at
                       169.0 T/s · prompt 68 tokens, none cached, 68 new in 0.14
                       s · first token 0.15 s, total 4.49 s · draft 448/855
                       accepted (52%) · max_tokens reached
15:39:45.481 INFO:     #142 chat/completions (stream): 411 prompt tokens ·
                       temperature: 0, greedy (req), max_tokens: 7 (req),
                       min_tokens: 7 (req)
15:39:45.780 INFO:     #142 chat/completions (stream): 7 tokens generated at
                       280.3 T/s · prompt 411 tokens, none cached, 411 new in
                       0.23 s (1,787 T/s) · first token 0.24 s, total 0.26 s ·
                       draft 5/6 accepted (83%) · max_tokens reached
15:39:45.813 INFO:     #143 chat/completions (stream): 315 prompt tokens ·
                       temperature: 0, greedy (req), max_tokens: 707 (req),
                       min_tokens: 707 (req)
15:39:47.210 INFO:     #141 chat/completions (stream): 635 tokens generated at
                       199.7 T/s · prompt 124 tokens, none cached, 124 new in
                       0.10 s · first token 0.10 s, total 3.28 s · draft 419/648
                       accepted (65%) · max_tokens reached
15:39:47.243 INFO:     #145 chat/completions (stream): 77 prompt tokens ·
                       temperature: 0, greedy (req), max_tokens: 380 (req),
                       min_tokens: 380 (req)
15:39:49.252 INFO:     #145 chat/completions (stream): 380 tokens generated at
                       201.5 T/s · prompt 77 tokens, none cached, 77 new in 0.08
                       s · first token 0.09 s, total 1.97 s · draft 232/444
                       accepted (52%) · max_tokens reached
15:39:49.286 INFO:     #146 chat/completions (stream): 266 prompt tokens ·
                       temperature: 0, greedy (req), max_tokens: 147 (req),
                       min_tokens: 147 (req)
15:39:49.869 INFO:     #143 chat/completions (stream): 707 tokens generated at
                       186.0 T/s · prompt 315 tokens, none cached, 315 new in
                       0.21 s (1,500 T/s) · first token 0.21 s, total 4.02 s ·
                       draft 427/840 accepted (51%) · max_tokens reached
15:39:49.903 INFO:     #147 chat/completions (stream): 232 prompt tokens ·
                       temperature: 0, greedy (req), max_tokens: 41 (req),
                       min_tokens: 41 (req)
15:39:50.092 INFO:     #146 chat/completions (stream): 147 tokens generated at
                       247.4 T/s · prompt 266 tokens, none cached, 266 new in
                       0.16 s (1,662 T/s) · first token 0.17 s, total 0.76 s ·
                       draft 108/117 accepted (92%) · max_tokens reached
15:39:50.125 INFO:     #148 chat/completions (stream): 137 prompt tokens ·
                       temperature: 0, greedy (req), max_tokens: 101 (req),
                       min_tokens: 101 (req)
15:39:50.323 INFO:     #147 chat/completions (stream): 41 tokens generated at
                       152.8 T/s · prompt 232 tokens, none cached, 232 new in
                       0.11 s · first token 0.11 s, total 0.38 s · draft 27/42
                       accepted (64%) · max_tokens reached
15:39:50.356 INFO:     #149 chat/completions (stream): 135 prompt tokens ·
                       temperature: 0, greedy (req), max_tokens: 433 (req),
                       min_tokens: 433 (req)
15:39:50.864 INFO:     #148 chat/completions (stream): 101 tokens generated at
                       171.6 T/s · prompt 137 tokens, none cached, 137 new in
                       0.10 s · first token 0.10 s, total 0.69 s · draft 62/117
                       accepted (53%) · max_tokens reached
15:39:50.898 INFO:     #150 chat/completions (stream): 456 prompt tokens ·
                       temperature: 0, greedy (req), max_tokens: 342 (req),
                       min_tokens: 342 (req)
15:39:52.677 INFO:     #149 chat/completions (stream): 433 tokens generated at
                       199.5 T/s · prompt 135 tokens, none cached, 135 new in
                       0.10 s · first token 0.10 s, total 2.27 s · draft 281/456
                       accepted (62%) · max_tokens reached
15:39:52.710 INFO:     #151 chat/completions (stream): 301 prompt tokens ·
                       temperature: 0, greedy (req), max_tokens: 14 (req),
                       min_tokens: 14 (req)
15:39:52.965 INFO:     #150 chat/completions (stream): 342 tokens generated at
                       191.8 T/s · prompt 456 tokens, none cached, 456 new in
                       0.24 s (1,900 T/s) · first token 0.24 s, total 2.03 s ·
                       draft 217/375 accepted (58%) · max_tokens reached
15:39:52.979 INFO:     #152 chat/completions (stream): 823 prompt tokens ·
                       temperature: 0, greedy (req), max_tokens: 11 (req),
                       min_tokens: 11 (req)
15:39:53.160 INFO:     #151 chat/completions (stream): 14 tokens generated at
                       224.0 T/s · prompt 301 tokens, none cached, 301 new in
                       0.20 s (1,505 T/s) · first token 0.21 s, total 0.27 s ·
                       draft 8/18 accepted (44%) · max_tokens reached
15:39:53.266 INFO:     #153 chat/completions (stream): 80 prompt tokens ·
                       temperature: 0, greedy (req), max_tokens: 159 (req),
                       min_tokens: 159 (req)
15:39:53.390 INFO:     #152 chat/completions (stream): 11 tokens generated at
                       353.9 T/s · prompt 823 tokens, none cached, 823 new in
                       0.25 s (3,292 T/s) · first token 0.25 s, total 0.29 s ·
                       draft 8/9 accepted (89%) · max_tokens reached
15:39:53.423 INFO:     #154 chat/completions (stream): 71 prompt tokens ·
                       temperature: 0, greedy (req), max_tokens: 749 (req),
                       min_tokens: 749 (req)
15:39:54.122 INFO:     #153 chat/completions (stream): 159 tokens generated at
                       217.7 T/s · prompt 80 tokens, none cached, 80 new in 0.08
                       s · first token 0.08 s, total 0.82 s · draft 106/159
                       accepted (67%) · max_tokens reached
15:39:54.155 INFO:     #155 chat/completions (stream): 181 prompt tokens ·
                       temperature: 0, greedy (req), max_tokens: 482 (req),
                       min_tokens: 482 (req)
15:39:56.777 INFO:     #155 chat/completions (stream): 482 tokens generated at
                       194.5 T/s · prompt 181 tokens, none cached, 181 new in
                       0.10 s · first token 0.10 s, total 2.58 s · draft 290/576
                       accepted (50%) · max_tokens reached
15:39:56.811 INFO:     #156 chat/completions (stream): 336 prompt tokens ·
                       temperature: 0, greedy (req), max_tokens: 772 (req),
                       min_tokens: 772 (req)
15:39:57.085 INFO:     #154 chat/completions (stream): 749 tokens generated at
                       211.5 T/s · prompt 71 tokens, none cached, 71 new in 0.07
                       s · first token 0.08 s, total 3.62 s · draft 494/765
                       accepted (65%) · max_tokens reached
15:39:57.119 INFO:     #157 chat/completions (stream): 410 prompt tokens ·
                       temperature: 0, greedy (req), max_tokens: 34 (req),
                       min_tokens: 34 (req)
15:39:57.549 INFO:     #157 chat/completions (stream): 34 tokens generated at
                       213.4 T/s · prompt 410 tokens, none cached, 410 new in
                       0.22 s (1,864 T/s) · first token 0.22 s, total 0.38 s ·
                       draft 22/36 accepted (61%) · max_tokens reached
15:39:57.583 INFO:     #158 chat/completions (stream): 241 prompt tokens ·
                       temperature: 0, greedy (req), max_tokens: 9 (req),
                       min_tokens: 9 (req)
15:39:57.799 INFO:     #158 chat/completions (stream): 9 tokens generated at
                       181.8 T/s · prompt 241 tokens, none cached, 241 new in
                       0.12 s · first token 0.12 s, total 0.17 s · draft 5/12
                       accepted (42%) · max_tokens reached
15:39:57.832 INFO:     #159 chat/completions (stream): 68 prompt tokens ·
                       temperature: 0, greedy (req), max_tokens: 539 (req),
                       min_tokens: 539 (req)
15:40:00.600 INFO:     #159 chat/completions (stream): 539 tokens generated at
                       203.6 T/s · prompt 68 tokens, none cached, 68 new in 0.07
                       s · first token 0.07 s, total 2.72 s · draft 333/618
                       accepted (54%) · max_tokens reached
15:40:00.633 INFO:     #160 chat/completions (stream): 59 prompt tokens ·
                       temperature: 0, greedy (req), max_tokens: 82 (req),
                       min_tokens: 82 (req)
15:40:00.937 INFO:     #156 chat/completions (stream): 772 tokens generated at
                       199.2 T/s · prompt 336 tokens, none cached, 336 new in
                       0.20 s (1,680 T/s) · first token 0.21 s, total 4.08 s ·
                       draft 504/804 accepted (63%) · max_tokens reached
15:40:00.969 INFO:     #161 chat/completions (stream): 424 prompt tokens ·
                       temperature: 0, greedy (req), max_tokens: 590 (req),
                       min_tokens: 590 (req)
15:40:01.349 INFO:     #160 chat/completions (stream): 82 tokens generated at
                       136.0 T/s · prompt 59 tokens, none cached, 59 new in 0.07
                       s · first token 0.08 s, total 0.68 s · draft 50/96
                       accepted (52%) · max_tokens reached
15:40:01.381 INFO:     #162 chat/completions (stream): 126 prompt tokens ·
                       temperature: 0, greedy (req), max_tokens: 273 (req),
                       min_tokens: 273 (req)
15:40:02.936 INFO:     #162 chat/completions (stream): 273 tokens generated at
                       193.5 T/s · prompt 126 tokens, none cached, 126 new in
                       0.10 s · first token 0.11 s, total 1.52 s · draft 163/330
                       accepted (49%) · max_tokens reached
15:40:02.969 INFO:     #164 chat/completions (stream): 522 prompt tokens ·
                       temperature: 0, greedy (req), max_tokens: 21 (req),
                       min_tokens: 21 (req)
15:40:03.299 INFO:     #164 chat/completions (stream): 21 tokens generated at
                       209.7 T/s · prompt 522 tokens, none cached, 522 new in
                       0.18 s (2,900 T/s) · first token 0.19 s, total 0.29 s ·
                       draft 13/24 accepted (54%) · max_tokens reached
15:40:03.334 INFO:     #165 chat/completions (stream): 707 prompt tokens ·
                       temperature: 0, greedy (req), max_tokens: 16 (req),
                       min_tokens: 16 (req)
15:40:03.713 INFO:     #165 chat/completions (stream): 16 tokens generated at
                       254.8 T/s · prompt 707 tokens, none cached, 707 new in
                       0.27 s (2,619 T/s) · first token 0.28 s, total 0.34 s ·
                       draft 11/15 accepted (73%) · max_tokens reached
15:40:03.748 INFO:     #166 chat/completions (stream): 853 prompt tokens ·
                       temperature: 0, greedy (req), max_tokens: 6 (req),
                       min_tokens: 6 (req)
15:40:04.101 INFO:     #166 chat/completions (stream): 6 tokens generated at
                       238.8 T/s · prompt 853 tokens, none cached, 853 new in
                       0.28 s (3,046 T/s) · first token 0.29 s, total 0.31 s ·
                       draft 4/6 accepted (67%) · max_tokens reached
15:40:04.133 INFO:     #167 chat/completions (stream): 58 prompt tokens ·
                       temperature: 0, greedy (req), max_tokens: 261 (req),
                       min_tokens: 261 (req)
15:40:04.739 INFO:     #161 chat/completions (stream): 590 tokens generated at
                       168.7 T/s · prompt 424 tokens, none cached, 424 new in
                       0.22 s (1,927 T/s) · first token 0.22 s, total 3.72 s ·
                       draft 382/624 accepted (61%) · max_tokens reached
15:40:04.771 INFO:     #168 chat/completions (stream): 121 prompt tokens ·
                       temperature: 0, greedy (req), max_tokens: 355 (req),
                       min_tokens: 355 (req)
15:40:05.759 INFO:     #167 chat/completions (stream): 261 tokens generated at
                       172.6 T/s · prompt 58 tokens, none cached, 58 new in 0.07
                       s · first token 0.07 s, total 1.59 s · draft 153/324
                       accepted (47%) · max_tokens reached
15:40:05.792 INFO:     #169 chat/completions (stream): 364 prompt tokens ·
                       temperature: 0, greedy (req), max_tokens: 16 (req),
                       min_tokens: 16 (req)
15:40:06.145 INFO:     #169 chat/completions (stream): 16 tokens generated at
                       211.1 T/s · prompt 364 tokens, none cached, 364 new in
                       0.23 s (1,583 T/s) · first token 0.24 s, total 0.31 s ·
                       draft 10/18 accepted (56%) · max_tokens reached
15:40:06.178 INFO:     #170 chat/completions (stream): 100 prompt tokens ·
                       temperature: 0, greedy (req), max_tokens: 152 (req),
                       min_tokens: 152 (req)
15:40:06.912 INFO:     #168 chat/completions (stream): 355 tokens generated at
                       177.9 T/s · prompt 121 tokens, none cached, 121 new in
                       0.10 s · first token 0.11 s, total 2.10 s · draft 223/396
                       accepted (56%) · max_tokens reached
15:40:06.947 INFO:     #171 chat/completions (stream): 648 prompt tokens ·
                       temperature: 0, greedy (req), max_tokens: 16 (req),
                       min_tokens: 16 (req)
15:40:07.274 INFO:     #170 chat/completions (stream): 152 tokens generated at
                       158.1 T/s · prompt 100 tokens, none cached, 100 new in
                       0.09 s · first token 0.09 s, total 1.06 s · draft 97/165
                       accepted (59%) · max_tokens reached
15:40:07.296 INFO:     #172 chat/completions (stream): 86 prompt tokens ·
                       temperature: 0, greedy (req), max_tokens: 442 (req),
                       min_tokens: 442 (req)
15:40:07.403 INFO:     #171 chat/completions (stream): 16 tokens generated at
                       219.0 T/s · prompt 648 tokens, none cached, 648 new in
                       0.27 s (2,400 T/s) · first token 0.28 s, total 0.35 s ·
                       draft 9/21 accepted (43%) · max_tokens reached
15:40:07.441 INFO:     #173 chat/completions (stream): 112 prompt tokens ·
                       temperature: 0, greedy (req), max_tokens: 375 (req),
                       min_tokens: 375 (req)
15:40:09.562 INFO:     #173 chat/completions (stream): 375 tokens generated at
                       189.3 T/s · prompt 112 tokens, none cached, 112 new in
                       0.09 s · first token 0.09 s, total 2.08 s · draft 221/462
                       accepted (48%) · max_tokens reached
15:40:09.564 INFO:     #174 chat/completions (stream): 56 prompt tokens ·
                       temperature: 0, greedy (req), max_tokens: 157 (req),
                       min_tokens: 157 (req)
15:40:09.565 INFO:     #172 chat/completions (stream): 442 tokens generated at
                       203.0 T/s · prompt 86 tokens, none cached, 86 new in 0.08
                       s · first token 0.09 s, total 2.26 s · draft 279/489
                       accepted (57%) · max_tokens reached
15:40:09.679 INFO:     #175 chat/completions (stream): 199 prompt tokens ·
                       temperature: 0, greedy (req), max_tokens: 17 (req),
                       min_tokens: 17 (req)
15:40:09.887 INFO:     #175 chat/completions (stream): 17 tokens generated at
                       272.8 T/s · prompt 199 tokens, none cached, 199 new in
                       0.10 s · first token 0.10 s, total 0.17 s · draft 12/15
                       accepted (80%) · max_tokens reached
15:40:09.920 INFO:     #176 chat/completions (stream): 337 prompt tokens ·
                       temperature: 0, greedy (req), max_tokens: 61 (req),
                       min_tokens: 61 (req)
15:40:10.491 INFO:     #176 chat/completions (stream): 61 tokens generated at
                       194.8 T/s · prompt 337 tokens, none cached, 337 new in
                       0.21 s (1,605 T/s) · first token 0.21 s, total 0.53 s ·
                       draft 37/72 accepted (51%) · max_tokens reached
15:40:10.523 INFO:     #177 chat/completions (stream): 156 prompt tokens ·
                       temperature: 0, greedy (req), max_tokens: 153 (req),
                       min_tokens: 153 (req)
15:40:10.873 INFO:     #174 chat/completions (stream): 157 tokens generated at
                       131.4 T/s · prompt 56 tokens, none cached, 56 new in 0.07
                       s · first token 0.08 s, total 1.27 s · draft 92/195
                       accepted (47%) · max_tokens reached
15:40:10.905 INFO:     #178 chat/completions (stream): 64 prompt tokens ·
                       temperature: 0, greedy (req), max_tokens: 114 (req),
                       min_tokens: 114 (req)
15:40:11.346 INFO:     #177 chat/completions (stream): 153 tokens generated at
                       222.7 T/s · prompt 156 tokens, none cached, 156 new in
                       0.09 s · first token 0.10 s, total 0.78 s · draft 103/150
                       accepted (69%) · max_tokens reached
15:40:11.378 INFO:     #179 chat/completions (stream): 63 prompt tokens ·
                       temperature: 0, greedy (req), max_tokens: 85 (req),
                       min_tokens: 85 (req)
15:40:11.620 INFO:     #178 chat/completions (stream): 114 tokens generated at
                       190.3 T/s · prompt 64 tokens, none cached, 64 new in 0.07
                       s · first token 0.08 s, total 0.67 s · draft 71/129
                       accepted (55%) · max_tokens reached
15:40:11.654 INFO:     #180 chat/completions (stream): 482 prompt tokens ·
                       temperature: 0, greedy (req), max_tokens: 225 (req),
                       min_tokens: 225 (req)
15:40:12.114 INFO:     #179 chat/completions (stream): 85 tokens generated at
                       137.0 T/s · prompt 63 tokens, none cached, 63 new in 0.07
                       s · first token 0.07 s, total 0.70 s · draft 53/96
                       accepted (55%) · max_tokens reached
15:40:12.146 INFO:     #181 chat/completions (stream): 66 prompt tokens ·
                       temperature: 0, greedy (req), max_tokens: 345 (req),
                       min_tokens: 345 (req)
15:40:12.949 INFO:     #180 chat/completions (stream): 225 tokens generated at
                       223.0 T/s · prompt 482 tokens, none cached, 482 new in
                       0.24 s (2,008 T/s) · first token 0.24 s, total 1.25 s ·
                       draft 151/222 accepted (68%) · max_tokens reached
15:40:12.981 INFO:     #182 chat/completions (stream): 76 prompt tokens ·
                       temperature: 0, greedy (req), max_tokens: 139 (req),
                       min_tokens: 139 (req)
15:40:13.752 INFO:     #182 chat/completions (stream): 139 tokens generated at
                       215.0 T/s · prompt 76 tokens, none cached, 76 new in 0.08
                       s · first token 0.08 s, total 0.73 s · draft 89/150
                       accepted (59%) · max_tokens reached
15:40:13.786 INFO:     #183 chat/completions (stream): 389 prompt tokens ·
                       temperature: 0, greedy (req), max_tokens: 13 (req),
                       min_tokens: 13 (req)
15:40:14.131 INFO:     #183 chat/completions (stream): 13 tokens generated at
                       206.7 T/s · prompt 389 tokens, none cached, 389 new in
                       0.23 s (1,691 T/s) · first token 0.24 s, total 0.30 s ·
                       draft 8/15 accepted (53%) · max_tokens reached
15:40:14.164 INFO:     #184 chat/completions (stream): 68 prompt tokens ·
                       temperature: 0, greedy (req), max_tokens: 264 (req),
                       min_tokens: 264 (req)
15:40:14.484 INFO:     #181 chat/completions (stream): 345 tokens generated at
                       155.7 T/s · prompt 66 tokens, none cached, 66 new in 0.07
                       s · first token 0.07 s, total 2.29 s · draft 200/435
                       accepted (46%) · max_tokens reached
15:40:14.517 INFO:     #185 chat/completions (stream): 71 prompt tokens ·
                       temperature: 0, greedy (req), max_tokens: 307 (req),
                       min_tokens: 307 (req)
15:40:15.582 INFO:     #184 chat/completions (stream): 264 tokens generated at
                       203.7 T/s · prompt 68 tokens, none cached, 68 new in 0.08
                       s · first token 0.09 s, total 1.38 s · draft 169/285
                       accepted (59%) · max_tokens reached
15:40:15.614 INFO:     #186 chat/completions (stream): 59 prompt tokens ·
                       temperature: 0, greedy (req), max_tokens: 191 (req),
                       min_tokens: 191 (req)
15:40:16.384 INFO:     #185 chat/completions (stream): 307 tokens generated at
                       176.1 T/s · prompt 71 tokens, none cached, 71 new in 0.08
                       s · first token 0.09 s, total 1.83 s · draft 175/396
                       accepted (44%) · max_tokens reached
15:40:16.421 INFO:     #187 chat/completions (stream): 64 prompt tokens ·
                       temperature: 0, greedy (req), max_tokens: 1181 (req),
                       min_tokens: 1181 (req)
15:40:16.610 INFO:     #186 chat/completions (stream): 191 tokens generated at
                       216.2 T/s · prompt 59 tokens, none cached, 59 new in 0.07
                       s · first token 0.08 s, total 0.96 s · draft 126/195
                       accepted (65%) · max_tokens reached
15:40:16.642 INFO:     #188 chat/completions (stream): 101 prompt tokens ·
                       temperature: 0, greedy (req), max_tokens: 236 (req),
                       min_tokens: 236 (req)
15:40:18.053 INFO:     #188 chat/completions (stream): 236 tokens generated at
                       185.1 T/s · prompt 101 tokens, none cached, 101 new in
                       0.09 s · first token 0.09 s, total 1.37 s · draft 136/300
                       accepted (45%) · max_tokens reached
15:40:18.087 INFO:     #190 chat/completions (stream): 448 prompt tokens ·
                       temperature: 0, greedy (req), max_tokens: 360 (req),
                       min_tokens: 360 (req)
15:40:19.840 INFO:     #190 chat/completions (stream): 360 tokens generated at
                       244.4 T/s · prompt 448 tokens, none cached, 448 new in
                       0.23 s (1,948 T/s) · first token 0.24 s, total 1.71 s ·
                       draft 244/348 accepted (70%) · max_tokens reached
15:40:19.873 INFO:     #191 chat/completions (stream): 72 prompt tokens ·
                       temperature: 0, greedy (req), max_tokens: 294 (req),
                       min_tokens: 294 (req)
15:40:21.361 INFO:     #191 chat/completions (stream): 294 tokens generated at
                       215.4 T/s · prompt 72 tokens, none cached, 72 new in 0.08
                       s · first token 0.09 s, total 1.45 s · draft 186/324
                       accepted (57%) · max_tokens reached
15:40:21.394 INFO:     #192 chat/completions (stream): 276 prompt tokens ·
                       temperature: 0, greedy (req), max_tokens: 6 (req),
                       min_tokens: 6 (req)
15:40:21.642 INFO:     #192 chat/completions (stream): 6 tokens generated at
                       244.1 T/s · prompt 276 tokens, none cached, 276 new in
                       0.18 s (1,533 T/s) · first token 0.19 s, total 0.21 s ·
                       draft 4/6 accepted (67%) · max_tokens reached
15:40:21.675 INFO:     #193 chat/completions (stream): 186 prompt tokens ·
                       temperature: 0, greedy (req), max_tokens: 42 (req),
                       min_tokens: 42 (req)
15:40:22.002 INFO:     #193 chat/completions (stream): 42 tokens generated at
                       208.4 T/s · prompt 186 tokens, none cached, 186 new in
                       0.09 s · first token 0.09 s, total 0.30 s · draft 26/48
                       accepted (54%) · max_tokens reached
15:40:22.004 INFO:     #187 chat/completions (stream): 1,181 tokens generated at
                       214.7 T/s · prompt 64 tokens, none cached, 64 new in 0.07
                       s · first token 0.08 s, total 5.58 s · draft 794/1161
                       accepted (68%) · max_tokens reached
15:40:22.005 INFO:     #194 chat/completions (stream): 219 prompt tokens ·
                       temperature: 0, greedy (req), max_tokens: 11 (req),
                       min_tokens: 11 (req)
15:40:22.007 INFO:     #195 chat/completions (stream): 62 prompt tokens ·
                       temperature: 0, greedy (req), max_tokens: 304 (req),
                       min_tokens: 304 (req)
15:40:22.278 INFO:     #194 chat/completions (stream): 11 tokens generated at
                       226.4 T/s · prompt 219 tokens, none cached, 219 new in
                       0.17 s · first token 0.18 s, total 0.23 s · draft 7/12
                       accepted (58%) · max_tokens reached
15:40:22.310 INFO:     #196 chat/completions (stream): 66 prompt tokens ·
                       temperature: 0, greedy (req), max_tokens: 225 (req),
                       min_tokens: 225 (req)
15:40:23.536 INFO:     #196 chat/completions (stream): 225 tokens generated at
                       203.3 T/s · prompt 66 tokens, none cached, 66 new in 0.07
                       s · first token 0.08 s, total 1.18 s · draft 138/261
                       accepted (53%) · max_tokens reached
15:40:23.570 INFO:     #197 chat/completions (stream): 584 prompt tokens ·
                       temperature: 0, greedy (req), max_tokens: 10 (req),
                       min_tokens: 10 (req)
15:40:23.897 INFO:     #197 chat/completions (stream): 10 tokens generated at
                       270.8 T/s · prompt 584 tokens, none cached, 584 new in
                       0.24 s (2,433 T/s) · first token 0.25 s, total 0.28 s ·
                       draft 7/9 accepted (78%) · max_tokens reached
15:40:23.932 INFO:     #198 chat/completions (stream): 442 prompt tokens ·
                       temperature: 0, greedy (req), max_tokens: 86 (req),
                       min_tokens: 86 (req)
15:40:24.314 INFO:     #195 chat/completions (stream): 304 tokens generated at
                       146.2 T/s · prompt 62 tokens, none cached, 62 new in 0.07
                       s · queued 0.11 s, first token 0.18 s, total 2.26 s ·
                       draft 181/369 accepted (49%) · max_tokens reached
15:40:24.349 INFO:     #199 chat/completions (stream): 78 prompt tokens ·
                       temperature: 0, greedy (req), max_tokens: 147 (req),
                       min_tokens: 147 (req)
15:40:24.784 INFO:     #198 chat/completions (stream): 86 tokens generated at
                       154.3 T/s · prompt 442 tokens, none cached, 442 new in
                       0.24 s (1,842 T/s) · first token 0.24 s, total 0.80 s ·
                       draft 52/102 accepted (51%) · max_tokens reached
15:40:24.818 INFO:     #200 chat/completions (stream): 64 prompt tokens ·
                       temperature: 0, greedy (req), max_tokens: 450 (req),
                       min_tokens: 450 (req)
15:40:25.108 INFO:     #199 chat/completions (stream): 147 tokens generated at
                       235.6 T/s · prompt 78 tokens, none cached, 78 new in 0.08
                       s · first token 0.09 s, total 0.71 s · draft 107/120
                       accepted (89%) · max_tokens reached
15:40:25.141 INFO:     #201 chat/completions (stream): 69 prompt tokens ·
                       temperature: 0, greedy (req), max_tokens: 300 (req),
                       min_tokens: 300 (req)
15:40:26.886 INFO:     #201 chat/completions (stream): 300 tokens generated at
                       184.5 T/s · prompt 69 tokens, none cached, 69 new in 0.07
                       s · first token 0.08 s, total 1.70 s · draft 174/378
                       accepted (46%) · max_tokens reached
15:40:26.918 INFO:     #202 chat/completions (stream): 70 prompt tokens ·
                       temperature: 0, greedy (req), max_tokens: 540 (req),
                       min_tokens: 540 (req)
15:40:27.490 INFO:     #200 chat/completions (stream): 450 tokens generated at
                       176.8 T/s · prompt 64 tokens, none cached, 64 new in 0.08
                       s · first token 0.09 s, total 2.63 s · draft 263/561
                       accepted (47%) · max_tokens reached
15:40:27.523 INFO:     #203 chat/completions (stream): 72 prompt tokens ·
                       temperature: 0, greedy (req), max_tokens: 830 (req),
                       min_tokens: 830 (req)
15:40:29.740 INFO:     #202 chat/completions (stream): 540 tokens generated at
                       199.9 T/s · prompt 70 tokens, none cached, 70 new in 0.07
                       s · first token 0.08 s, total 2.78 s · draft 333/621
                       accepted (54%) · max_tokens reached
15:40:29.771 INFO:     #204 chat/completions (stream): 97 prompt tokens ·
                       temperature: 0, greedy (req), max_tokens: 31 (req),
                       min_tokens: 31 (req)
15:40:30.000 INFO:     #204 chat/completions (stream): 31 tokens generated at
                       310.9 T/s · prompt 97 tokens, none cached, 97 new in 0.08
                       s · first token 0.09 s, total 0.18 s · draft 23/24
                       accepted (96%) · max_tokens reached
15:40:30.033 INFO:     #205 chat/completions (stream): 798 prompt tokens ·
                       temperature: 0, greedy (req), max_tokens: 9 (req),
                       min_tokens: 9 (req)
15:40:30.327 INFO:     #205 chat/completions (stream): 9 tokens generated at
                       250.0 T/s · prompt 798 tokens, none cached, 798 new in
                       0.21 s (3,800 T/s) · first token 0.21 s, total 0.25 s ·
                       draft 6/9 accepted (67%) · max_tokens reached
15:40:30.359 INFO:     #206 chat/completions (stream): 69 prompt tokens ·
                       temperature: 0, greedy (req), max_tokens: 29 (req),
                       min_tokens: 29 (req)
15:40:30.580 INFO:     #206 chat/completions (stream): 29 tokens generated at
                       290.6 T/s · prompt 69 tokens, none cached, 69 new in 0.07
                       s · first token 0.08 s, total 0.17 s · draft 21/24
                       accepted (88%) · max_tokens reached
15:40:30.612 INFO:     #207 chat/completions (stream): 486 prompt tokens ·
                       temperature: 0, greedy (req), max_tokens: 16 (req),
                       min_tokens: 16 (req)
15:40:30.962 INFO:     #207 chat/completions (stream): 16 tokens generated at
                       260.8 T/s · prompt 486 tokens, none cached, 486 new in
                       0.24 s (2,025 T/s) · first token 0.24 s, total 0.31 s ·
                       draft 11/15 accepted (73%) · max_tokens reached
15:40:30.994 INFO:     #208 chat/completions (stream): 254 prompt tokens ·
                       temperature: 0, greedy (req), max_tokens: 10 (req),
                       min_tokens: 10 (req)
15:40:31.203 INFO:     #208 chat/completions (stream): 10 tokens generated at
                       199.0 T/s · prompt 254 tokens, none cached, 254 new in
                       0.11 s · first token 0.11 s, total 0.16 s · draft 6/12
                       accepted (50%) · max_tokens reached
15:40:31.236 INFO:     #209 chat/completions (stream): 626 prompt tokens ·
                       temperature: 0, greedy (req), max_tokens: 59 (req),
                       min_tokens: 59 (req)
15:40:31.759 INFO:     #209 chat/completions (stream): 59 tokens generated at
                       259.9 T/s · prompt 626 tokens, none cached, 626 new in
                       0.25 s (2,504 T/s) · first token 0.25 s, total 0.48 s ·
                       draft 41/54 accepted (76%) · max_tokens reached
15:40:31.794 INFO:     #210 chat/completions (stream): 692 prompt tokens ·
                       temperature: 0, greedy (req), max_tokens: 109 (req),
                       min_tokens: 109 (req)
15:40:32.465 INFO:     #203 chat/completions (stream): 830 tokens generated at
                       172.2 T/s · prompt 72 tokens, none cached, 72 new in 0.07
                       s · first token 0.08 s, total 4.90 s · draft 537/879
                       accepted (61%) · max_tokens reached
15:40:32.497 INFO:     #212 chat/completions (stream): 66 prompt tokens ·
                       temperature: 0, greedy (req), max_tokens: 207 (req),
                       min_tokens: 207 (req)
15:40:32.664 INFO:     #210 chat/completions (stream): 109 tokens generated at
                       193.3 T/s · prompt 692 tokens, none cached, 692 new in
                       0.26 s (2,662 T/s) · first token 0.27 s, total 0.83 s ·
                       draft 69/120 accepted (57%) · max_tokens reached
15:40:32.697 INFO:     #213 chat/completions (stream): 655 prompt tokens ·
                       temperature: 0, greedy (req), max_tokens: 24 (req),
                       min_tokens: 24 (req)
15:40:33.142 INFO:     #213 chat/completions (stream): 24 tokens generated at
                       174.5 T/s · prompt 655 tokens, none cached, 655 new in
                       0.26 s (2,519 T/s) · first token 0.26 s, total 0.40 s ·
                       draft 13/33 accepted (39%) · max_tokens reached
15:40:33.175 INFO:     #214 chat/completions (stream): 87 prompt tokens ·
                       temperature: 0, greedy (req), max_tokens: 385 (req),
                       min_tokens: 385 (req)
15:40:33.913 INFO:     #212 chat/completions (stream): 207 tokens generated at
                       159.8 T/s · prompt 66 tokens, none cached, 66 new in 0.07
                       s · first token 0.08 s, total 1.37 s · draft 129/234
                       accepted (55%) · max_tokens reached
15:40:33.945 INFO:     #215 chat/completions (stream): 190 prompt tokens ·
                       temperature: 0, greedy (req), max_tokens: 51 (req),
                       min_tokens: 51 (req)
15:40:34.291 INFO:     #215 chat/completions (stream): 51 tokens generated at
                       250.0 T/s · prompt 190 tokens, none cached, 190 new in
                       0.10 s · first token 0.11 s, total 0.31 s · draft 35/48
                       accepted (73%) · max_tokens reached
15:40:34.326 INFO:     #216 chat/completions (stream): 350 prompt tokens ·
                       temperature: 0, greedy (req), max_tokens: 47 (req),
                       min_tokens: 47 (req)
15:40:34.853 INFO:     #216 chat/completions (stream): 47 tokens generated at
                       200.2 T/s · prompt 350 tokens, none cached, 350 new in
                       0.25 s (1,400 T/s) · first token 0.26 s, total 0.49 s ·
                       draft 28/57 accepted (49%) · max_tokens reached
15:40:34.885 INFO:     #217 chat/completions (stream): 119 prompt tokens ·
                       temperature: 0, greedy (req), max_tokens: 5 (req),
                       min_tokens: 5 (req)
15:40:35.054 INFO:     #217 chat/completions (stream): 5 tokens generated at
                       203.2 T/s · prompt 119 tokens, none cached, 119 new in
                       0.10 s · first token 0.11 s, total 0.13 s · draft 3/6
                       accepted (50%) · max_tokens reached
15:40:35.087 INFO:     #218 chat/completions (stream): 496 prompt tokens ·
                       temperature: 0, greedy (req), max_tokens: 29 (req),
                       min_tokens: 29 (req)
15:40:35.479 INFO:     #218 chat/completions (stream): 29 tokens generated at
                       259.8 T/s · prompt 496 tokens, none cached, 496 new in
                       0.23 s (2,157 T/s) · first token 0.23 s, total 0.35 s ·
                       draft 20/27 accepted (74%) · max_tokens reached
15:40:35.514 INFO:     #219 chat/completions (stream): 773 prompt tokens ·
                       temperature: 0, greedy (req), max_tokens: 29 (req),
                       min_tokens: 29 (req)
15:40:35.896 INFO:     #219 chat/completions (stream): 29 tokens generated at
                       209.9 T/s · prompt 773 tokens, none cached, 773 new in
                       0.20 s (3,865 T/s) · first token 0.21 s, total 0.34 s ·
                       draft 18/33 accepted (55%) · max_tokens reached
15:40:35.927 INFO:     #220 chat/completions (stream): 59 prompt tokens ·
                       temperature: 0, greedy (req), max_tokens: 300 (req),
                       min_tokens: 300 (req)
15:40:36.215 INFO:     #214 chat/completions (stream): 385 tokens generated at
                       132.3 T/s · prompt 87 tokens, none cached, 87 new in 0.08
                       s · first token 0.08 s, total 3.00 s · draft 221/492
                       accepted (45%) · max_tokens reached
15:40:36.247 INFO:     #221 chat/completions (stream): 84 prompt tokens ·
                       temperature: 0, greedy (req), max_tokens: 308 (req),
                       min_tokens: 308 (req)
15:40:37.708 INFO:     #221 chat/completions (stream): 308 tokens generated at
                       231.3 T/s · prompt 84 tokens, none cached, 84 new in 0.08
                       s · first token 0.08 s, total 1.42 s · draft 206/306
                       accepted (67%) · max_tokens reached
15:40:37.742 INFO:     #222 chat/completions (stream): 309 prompt tokens ·
                       temperature: 0, greedy (req), max_tokens: 12 (req),
                       min_tokens: 12 (req)
15:40:38.045 INFO:     #222 chat/completions (stream): 12 tokens generated at
                       192.2 T/s · prompt 309 tokens, none cached, 309 new in
                       0.19 s (1,626 T/s) · first token 0.20 s, total 0.26 s ·
                       draft 7/15 accepted (47%) · max_tokens reached
15:40:38.077 INFO:     #223 chat/completions (stream): 124 prompt tokens ·
                       temperature: 0, greedy (req), max_tokens: 8 (req),
                       min_tokens: 8 (req)
15:40:38.219 INFO:     #220 chat/completions (stream): 300 tokens generated at
                       136.6 T/s · prompt 59 tokens, none cached, 59 new in 0.07
                       s · first token 0.07 s, total 2.27 s · draft 156/432
                       accepted (36%) · max_tokens reached
15:40:38.221 INFO:     #223 chat/completions (stream): 8 tokens generated at
                       251.2 T/s · prompt 124 tokens, none cached, 124 new in
                       0.10 s · first token 0.11 s, total 0.14 s · draft 5/9
                       accepted (56%) · max_tokens reached
15:40:38.223 INFO:     #224 chat/completions (stream): 217 prompt tokens ·
                       temperature: 0, greedy (req), max_tokens: 607 (req),
                       min_tokens: 607 (req)
15:40:38.225 INFO:     #225 chat/completions (stream): 384 prompt tokens ·
                       temperature: 0, greedy (req), max_tokens: 805 (req),
                       min_tokens: 805 (req)
15:40:41.702 INFO:     #224 chat/completions (stream): 607 tokens generated at
                       189.9 T/s · prompt 217 tokens, none cached, 217 new in
                       0.23 s · first token 0.24 s, total 3.44 s · draft 364/729
                       accepted (50%) · max_tokens reached
15:40:41.734 INFO:     #226 chat/completions (stream): 72 prompt tokens ·
                       temperature: 0, greedy (req), max_tokens: 223 (req),
                       min_tokens: 223 (req)
15:40:42.731 INFO:     #225 chat/completions (stream): 805 tokens generated at
                       195.2 T/s · prompt 384 tokens, none cached, 384 new in
                       0.23 s (1,670 T/s) · queued 0.11 s, first token 0.34 s,
                       total 4.47 s · draft 487/954 accepted (51%) · max_tokens
                       reached
15:40:42.765 INFO:     #227 chat/completions (stream): 268 prompt tokens ·
                       temperature: 0, greedy (req), max_tokens: 21 (req),
                       min_tokens: 21 (req)
15:40:43.071 INFO:     #227 chat/completions (stream): 21 tokens generated at
                       206.5 T/s · prompt 268 tokens, none cached, 268 new in
                       0.16 s (1,675 T/s) · first token 0.17 s, total 0.27 s ·
                       draft 13/24 accepted (54%) · max_tokens reached
15:40:43.105 INFO:     #228 chat/completions (stream): 209 prompt tokens ·
                       temperature: 0, greedy (req), max_tokens: 209 (req),
                       min_tokens: 209 (req)
15:40:43.351 INFO:     #226 chat/completions (stream): 223 tokens generated at
                       149.0 T/s · prompt 72 tokens, none cached, 72 new in 0.07
                       s · first token 0.08 s, total 1.57 s · draft 123/300
                       accepted (41%) · max_tokens reached
15:40:43.384 INFO:     #229 chat/completions (stream): 178 prompt tokens ·
                       temperature: 0, greedy (req), max_tokens: 18 (req),
                       min_tokens: 18 (req)
15:40:43.625 INFO:     #229 chat/completions (stream): 18 tokens generated at
                       178.3 T/s · prompt 178 tokens, none cached, 178 new in
                       0.09 s · first token 0.09 s, total 0.20 s · draft 10/24
                       accepted (42%) · max_tokens reached
15:40:43.657 INFO:     #230 chat/completions (stream): 62 prompt tokens ·
                       temperature: 0, greedy (req), max_tokens: 94 (req),
                       min_tokens: 94 (req)
15:40:44.164 INFO:     #228 chat/completions (stream): 209 tokens generated at
                       228.8 T/s · prompt 209 tokens, none cached, 209 new in
                       0.10 s · first token 0.10 s, total 1.02 s · draft 148/183
                       accepted (81%) · max_tokens reached
15:40:44.196 INFO:     #231 chat/completions (stream): 100 prompt tokens ·
                       temperature: 0, greedy (req), max_tokens: 91 (req),
                       min_tokens: 91 (req)
15:40:44.370 INFO:     #230 chat/completions (stream): 94 tokens generated at
                       157.3 T/s · prompt 62 tokens, none cached, 62 new in 0.07
                       s · first token 0.07 s, total 0.67 s · draft 53/123
                       accepted (43%) · max_tokens reached
15:40:44.402 INFO:     #232 chat/completions (stream): 73 prompt tokens ·
                       temperature: 0, greedy (req), max_tokens: 229 (req),
                       min_tokens: 229 (req)
15:40:44.787 INFO:     #231 chat/completions (stream): 91 tokens generated at
                       200.1 T/s · prompt 100 tokens, none cached, 100 new in
                       0.09 s · first token 0.09 s, total 0.55 s · draft 62/87
                       accepted (71%) · max_tokens reached
15:40:44.819 INFO:     #233 chat/completions (stream): 88 prompt tokens ·
                       temperature: 0, greedy (req), max_tokens: 323 (req),
                       min_tokens: 323 (req)
15:40:45.932 INFO:     #232 chat/completions (stream): 229 tokens generated at
                       165.2 T/s · prompt 73 tokens, none cached, 73 new in 0.10
                       s · first token 0.10 s, total 1.49 s · draft 126/309
                       accepted (41%) · max_tokens reached
15:40:45.965 INFO:     #234 chat/completions (stream): 68 prompt tokens ·
                       temperature: 0, greedy (req), max_tokens: 534 (req),
                       min_tokens: 534 (req)
15:40:46.721 INFO:     #233 chat/completions (stream): 323 tokens generated at
                       182.0 T/s · prompt 88 tokens, none cached, 88 new in 0.08
                       s · first token 0.09 s, total 1.86 s · draft 189/402
                       accepted (47%) · max_tokens reached
15:40:46.753 INFO:     #235 chat/completions (stream): 164 prompt tokens ·
                       temperature: 0, greedy (req), max_tokens: 41 (req),
                       min_tokens: 41 (req)
15:40:47.063 INFO:     #235 chat/completions (stream): 41 tokens generated at
                       233.6 T/s · prompt 164 tokens, none cached, 164 new in
                       0.09 s · first token 0.10 s, total 0.27 s · draft 27/42
                       accepted (64%) · max_tokens reached
15:40:47.096 INFO:     #237 chat/completions (stream): 662 prompt tokens ·
                       temperature: 0, greedy (req), max_tokens: 243 (req),
                       min_tokens: 243 (req)
15:40:48.492 INFO:     #234 chat/completions (stream): 534 tokens generated at
                       222.1 T/s · prompt 68 tokens, none cached, 68 new in 0.08
                       s · first token 0.09 s, total 2.49 s · draft 368/498
                       accepted (74%) · max_tokens reached
15:40:48.525 INFO:     #238 chat/completions (stream): 106 prompt tokens ·
                       temperature: 0, greedy (req), max_tokens: 40 (req),
                       min_tokens: 40 (req)
15:40:48.785 INFO:     #238 chat/completions (stream): 40 tokens generated at
                       286.3 T/s · prompt 106 tokens, none cached, 106 new in
                       0.09 s · first token 0.10 s, total 0.24 s · draft 29/33
                       accepted (88%) · max_tokens reached
15:40:48.788 INFO:     #237 chat/completions (stream): 243 tokens generated at
                       168.7 T/s · prompt 662 tokens, none cached, 662 new in
                       0.24 s (2,758 T/s) · first token 0.24 s, total 1.69 s ·
                       draft 136/321 accepted (42%) · max_tokens reached
15:40:48.791 INFO:     #239 chat/completions (stream): 802 prompt tokens ·
                       temperature: 0, greedy (req), max_tokens: 6 (req),
                       min_tokens: 6 (req)
15:40:48.793 INFO:     #240 chat/completions (stream): 717 prompt tokens ·
                       temperature: 0, greedy (req), max_tokens: 21 (req),
                       min_tokens: 21 (req)
15:40:49.390 INFO:     #239 chat/completions (stream): 6 tokens generated at
                       256.7 T/s · prompt 802 tokens, none cached, 802 new in
                       0.49 s (1,637 T/s) · first token 0.50 s, total 0.52 s ·
                       draft 4/6 accepted (67%) · max_tokens reached
15:40:49.393 INFO:     #241 chat/completions (stream): 114 prompt tokens ·
                       temperature: 0, greedy (req), max_tokens: 93 (req),
                       min_tokens: 93 (req)
15:40:49.394 INFO:     #240 chat/completions (stream): 21 tokens generated at
                       226.4 T/s · prompt 717 tokens, none cached, 717 new in
                       0.30 s (2,390 T/s) · queued 0.20 s, first token 0.50 s,
                       total 0.59 s · draft 15/18 accepted (83%) · max_tokens
                       reached
15:40:49.540 INFO:     #242 chat/completions (stream): 75 prompt tokens ·
                       temperature: 0, greedy (req), max_tokens: 517 (req),
                       min_tokens: 517 (req)
15:40:50.382 INFO:     #241 chat/completions (stream): 93 tokens generated at
                       110.4 T/s · prompt 114 tokens, none cached, 114 new in
                       0.10 s · first token 0.11 s, total 0.95 s · draft 33/180
                       accepted (18%) · max_tokens reached
15:40:50.415 INFO:     #243 chat/completions (stream): 61 prompt tokens ·
                       temperature: 0, greedy (req), max_tokens: 201 (req),
                       min_tokens: 201 (req)
15:40:51.310 INFO:     #243 chat/completions (stream): 201 tokens generated at
                       258.6 T/s · prompt 61 tokens, none cached, 61 new in 0.07
                       s · first token 0.08 s, total 0.85 s · draft 139/186
                       accepted (75%) · max_tokens reached
15:40:51.342 INFO:     #244 chat/completions (stream): 167 prompt tokens ·
                       temperature: 0, greedy (req), max_tokens: 13 (req),
                       min_tokens: 13 (req)
15:40:51.530 INFO:     #244 chat/completions (stream): 13 tokens generated at
                       255.7 T/s · prompt 167 tokens, none cached, 167 new in
                       0.09 s · first token 0.09 s, total 0.15 s · draft 9/12
                       accepted (75%) · max_tokens reached
15:40:51.561 INFO:     #245 chat/completions (stream): 65 prompt tokens ·
                       temperature: 0, greedy (req), max_tokens: 177 (req),
                       min_tokens: 177 (req)
15:40:52.481 INFO:     #245 chat/completions (stream): 177 tokens generated at
                       219.5 T/s · prompt 65 tokens, none cached, 65 new in 0.08
                       s · first token 0.08 s, total 0.89 s · draft 114/189
                       accepted (60%) · max_tokens reached
15:40:52.484 INFO:     #242 chat/completions (stream): 517 tokens generated at
                       181.0 T/s · prompt 75 tokens, none cached, 75 new in 0.08
                       s · first token 0.08 s, total 2.94 s · draft 308/627
                       accepted (49%) · max_tokens reached
15:40:52.486 INFO:     #246 chat/completions (stream): 637 prompt tokens ·
                       temperature: 0, greedy (req), max_tokens: 1147 (req),
                       min_tokens: 1147 (req)
15:40:52.755 INFO:     #247 chat/completions (stream): 690 prompt tokens ·
                       temperature: 0, greedy (req), max_tokens: 10 (req),
                       min_tokens: 10 (req)
15:40:53.091 INFO:     #247 chat/completions (stream): 10 tokens generated at
                       271.6 T/s · prompt 690 tokens, none cached, 690 new in
                       0.25 s (2,760 T/s) · first token 0.25 s, total 0.29 s ·
                       draft 7/9 accepted (78%) · max_tokens reached
15:40:53.123 INFO:     #248 chat/completions (stream): 57 prompt tokens ·
                       temperature: 0, greedy (req), max_tokens: 285 (req),
                       min_tokens: 285 (req)
15:40:54.712 INFO:     #248 chat/completions (stream): 285 tokens generated at
                       193.3 T/s · prompt 57 tokens, none cached, 57 new in 0.07
                       s · first token 0.08 s, total 1.55 s · draft 170/345
                       accepted (49%) · max_tokens reached
15:40:54.744 INFO:     #249 chat/completions (stream): 76 prompt tokens ·
                       temperature: 0, greedy (req), max_tokens: 562 (req),
                       min_tokens: 562 (req)
15:40:58.144 INFO:     #249 chat/completions (stream): 562 tokens generated at
                       171.5 T/s · prompt 76 tokens, none cached, 76 new in 0.08
                       s · first token 0.09 s, total 3.36 s · draft 305/771
                       accepted (40%) · max_tokens reached
15:40:58.177 INFO:     #250 chat/completions (stream): 540 prompt tokens ·
                       temperature: 0, greedy (req), max_tokens: 8 (req),
                       min_tokens: 8 (req)
15:40:58.451 INFO:     #250 chat/completions (stream): 8 tokens generated at
                       211.1 T/s · prompt 540 tokens, none cached, 540 new in
                       0.18 s (3,000 T/s) · first token 0.19 s, total 0.22 s ·
                       draft 5/9 accepted (56%) · max_tokens reached
15:40:58.484 INFO:     #251 chat/completions (stream): 60 prompt tokens ·
                       temperature: 0, greedy (req), max_tokens: 198 (req),
                       min_tokens: 198 (req)
15:40:58.913 INFO:     #246 chat/completions (stream): 1,147 tokens generated at
                       187.2 T/s · prompt 637 tokens, none cached, 637 new in
                       0.25 s (2,548 T/s) · first token 0.26 s, total 6.38 s ·
                       draft 713/1302 accepted (55%) · max_tokens reached
15:40:58.946 INFO:     #252 chat/completions (stream): 58 prompt tokens ·
                       temperature: 0, greedy (req), max_tokens: 31 (req),
                       min_tokens: 31 (req)
15:40:59.173 INFO:     #252 chat/completions (stream): 31 tokens generated at
                       272.9 T/s · prompt 58 tokens, none cached, 58 new in 0.07
                       s · first token 0.07 s, total 0.19 s · draft 22/27
                       accepted (81%) · max_tokens reached
15:40:59.205 INFO:     #253 chat/completions (stream): 449 prompt tokens ·
                       temperature: 0, greedy (req), max_tokens: 25 (req),
                       min_tokens: 25 (req)
15:40:59.601 INFO:     #253 chat/completions (stream): 25 tokens generated at
                       201.7 T/s · prompt 449 tokens, none cached, 449 new in
                       0.23 s (1,952 T/s) · first token 0.23 s, total 0.36 s ·
                       draft 15/30 accepted (50%) · max_tokens reached
15:40:59.634 INFO:     #254 chat/completions (stream): 392 prompt tokens ·
                       temperature: 0, greedy (req), max_tokens: 17 (req),
                       min_tokens: 17 (req)
15:40:59.955 INFO:     #251 chat/completions (stream): 198 tokens generated at
                       145.2 T/s · prompt 60 tokens, none cached, 60 new in 0.07
                       s · first token 0.08 s, total 1.44 s · draft 127/213
                       accepted (60%) · max_tokens reached
15:40:59.957 INFO:     #254 chat/completions (stream): 17 tokens generated at
                       215.0 T/s · prompt 392 tokens, none cached, 392 new in
                       0.23 s (1,704 T/s) · first token 0.23 s, total 0.31 s ·
                       draft 10/21 accepted (48%) · max_tokens reached
15:40:59.958 INFO:     #255 chat/completions (stream): 112 prompt tokens ·
                       temperature: 0, greedy (req), max_tokens: 556 (req),
                       min_tokens: 556 (req)
15:41:00.077 INFO:     #256 chat/completions (stream): 79 prompt tokens ·
                       temperature: 0, greedy (req), max_tokens: 165 (req),
                       min_tokens: 165 (req)
15:41:01.074 INFO:     #256 chat/completions (stream): 165 tokens generated at
                       188.9 T/s · prompt 79 tokens, none cached, 79 new in 0.08
                       s · first token 0.08 s, total 0.96 s · draft 97/204
                       accepted (48%) · max_tokens reached
15:41:01.107 INFO:     #257 chat/completions (stream): 63 prompt tokens ·
                       temperature: 0, greedy (req), max_tokens: 650 (req),
                       min_tokens: 650 (req)
15:41:02.779 INFO:     #255 chat/completions (stream): 556 tokens generated at
                       207.4 T/s · prompt 112 tokens, none cached, 112 new in
                       0.09 s · first token 0.10 s, total 2.78 s · draft 357/597
                       accepted (60%) · max_tokens reached
15:41:02.812 INFO:     #259 chat/completions (stream): 68 prompt tokens ·
                       temperature: 0, greedy (req), max_tokens: 434 (req),
                       min_tokens: 434 (req)
15:41:04.263 INFO:     #257 chat/completions (stream): 650 tokens generated at
                       213.8 T/s · prompt 63 tokens, none cached, 63 new in 0.07
                       s · first token 0.08 s, total 3.12 s · draft 417/699
                       accepted (60%) · max_tokens reached
15:41:04.297 INFO:     #260 chat/completions (stream): 527 prompt tokens ·
                       temperature: 0, greedy (req), max_tokens: 78 (req),
                       min_tokens: 78 (req)
15:41:04.938 INFO:     #260 chat/completions (stream): 78 tokens generated at
                       192.3 T/s · prompt 527 tokens, none cached, 527 new in
                       0.19 s (2,774 T/s) · first token 0.20 s, total 0.60 s ·
                       draft 46/96 accepted (48%) · max_tokens reached
15:41:04.971 INFO:     #261 chat/completions (stream): 65 prompt tokens ·
                       temperature: 0, greedy (req), max_tokens: 352 (req),
                       min_tokens: 352 (req)
15:41:05.326 INFO:     #259 chat/completions (stream): 434 tokens generated at
                       181.4 T/s · prompt 68 tokens, none cached, 68 new in 0.07
                       s · first token 0.08 s, total 2.47 s · draft 264/510
                       accepted (52%) · max_tokens reached
15:41:05.360 INFO:     #262 chat/completions (stream): 342 prompt tokens ·
                       temperature: 0, greedy (req), max_tokens: 44 (req),
                       min_tokens: 44 (req)
15:41:05.833 INFO:     #262 chat/completions (stream): 44 tokens generated at
                       205.9 T/s · prompt 342 tokens, none cached, 342 new in
                       0.21 s (1,629 T/s) · first token 0.22 s, total 0.43 s ·
                       draft 27/51 accepted (53%) · max_tokens reached
15:41:05.867 INFO:     #263 chat/completions (stream): 448 prompt tokens ·
                       temperature: 0, greedy (req), max_tokens: 55 (req),
                       min_tokens: 55 (req)
15:41:06.386 INFO:     #263 chat/completions (stream): 55 tokens generated at
                       217.6 T/s · prompt 448 tokens, none cached, 448 new in
                       0.22 s (2,036 T/s) · first token 0.22 s, total 0.48 s ·
                       draft 35/60 accepted (58%) · max_tokens reached
15:41:06.421 INFO:     #264 chat/completions (stream): 399 prompt tokens ·
                       temperature: 0, greedy (req), max_tokens: 15 (req),
                       min_tokens: 15 (req)
15:41:06.773 INFO:     #264 chat/completions (stream): 15 tokens generated at
                       203.5 T/s · prompt 399 tokens, none cached, 399 new in
                       0.23 s (1,735 T/s) · first token 0.24 s, total 0.31 s ·
                       draft 9/18 accepted (50%) · max_tokens reached
15:41:06.806 INFO:     #265 chat/completions (stream): 72 prompt tokens ·
                       temperature: 0, greedy (req), max_tokens: 279 (req),
                       min_tokens: 279 (req)
15:41:07.145 INFO:     #261 chat/completions (stream): 352 tokens generated at
                       171.0 T/s · prompt 65 tokens, none cached, 65 new in 0.07
                       s · first token 0.08 s, total 2.13 s · draft 242/330
                       accepted (73%) · max_tokens reached
15:41:07.177 INFO:     #266 chat/completions (stream): 64 prompt tokens ·
                       temperature: 0, greedy (req), max_tokens: 150 (req),
                       min_tokens: 150 (req)
15:41:08.061 INFO:     #266 chat/completions (stream): 150 tokens generated at
                       195.8 T/s · prompt 64 tokens, none cached, 64 new in 0.07
                       s · first token 0.08 s, total 0.84 s · draft 90/180
                       accepted (50%) · max_tokens reached
15:41:08.094 INFO:     #267 chat/completions (stream): 340 prompt tokens ·
                       temperature: 0, greedy (req), max_tokens: 26 (req),
                       min_tokens: 26 (req)
15:41:08.450 INFO:     #265 chat/completions (stream): 279 tokens generated at
                       180.4 T/s · prompt 72 tokens, none cached, 72 new in 0.08
                       s · first token 0.08 s, total 1.63 s · draft 178/303
                       accepted (59%) · max_tokens reached
15:41:08.450 INFO:     #267 chat/completions (stream): 26 tokens generated at
                       196.6 T/s · prompt 340 tokens, none cached, 340 new in
                       0.21 s (1,619 T/s) · first token 0.22 s, total 0.35 s ·
                       draft 16/30 accepted (53%) · max_tokens reached
15:41:08.454 INFO:     #268 chat/completions (stream): 66 prompt tokens ·
                       temperature: 0, greedy (req), max_tokens: 12 (req),
                       min_tokens: 12 (req)
15:41:08.456 INFO:     #269 chat/completions (stream): 446 prompt tokens ·
                       temperature: 0, greedy (req), max_tokens: 8 (req),
                       min_tokens: 8 (req)
15:41:08.801 INFO:     #268 chat/completions (stream): 12 tokens generated at
                       92.9 T/s · prompt 66 tokens, none cached, 66 new in 0.19
                       s · first token 0.20 s, total 0.33 s · draft 9/9 accepted
                       (100%) · max_tokens reached
15:41:08.801 INFO:     #269 chat/completions (stream): 8 tokens generated at
                       236.6 T/s · prompt 446 tokens, none cached, 446 new in
                       0.23 s (1,939 T/s) · first token 0.31 s, total 0.35 s ·
                       draft 5/9 accepted (56%) · max_tokens reached
15:41:08.811 INFO:     #270 chat/completions (stream): 99 prompt tokens ·
                       temperature: 0, greedy (req), max_tokens: 429 (req),
                       min_tokens: 429 (req)
15:41:08.812 INFO:     #271 chat/completions (stream): 70 prompt tokens ·
                       temperature: 0, greedy (req), max_tokens: 772 (req),
                       min_tokens: 772 (req)
15:41:11.297 INFO:     #270 chat/completions (stream): 429 tokens generated at
                       189.0 T/s · prompt 99 tokens, none cached, 99 new in 0.16
                       s · first token 0.17 s, total 2.44 s · draft 251/534
                       accepted (47%) · max_tokens reached
15:41:11.330 INFO:     #272 chat/completions (stream): 391 prompt tokens ·
                       temperature: 0, greedy (req), max_tokens: 46 (req),
                       min_tokens: 46 (req)
15:41:11.880 INFO:     #272 chat/completions (stream): 46 tokens generated at
                       170.6 T/s · prompt 391 tokens, none cached, 391 new in
                       0.23 s (1,700 T/s) · first token 0.24 s, total 0.51 s ·
                       draft 25/63 accepted (40%) · max_tokens reached
15:41:11.913 INFO:     #273 chat/completions (stream): 60 prompt tokens ·
                       temperature: 0, greedy (req), max_tokens: 75 (req),
                       min_tokens: 75 (req)
15:41:12.357 INFO:     #273 chat/completions (stream): 75 tokens generated at
                       226.8 T/s · prompt 60 tokens, none cached, 60 new in 0.07
                       s · first token 0.08 s, total 0.41 s · draft 49/78
                       accepted (63%) · max_tokens reached
15:41:12.390 INFO:     #274 chat/completions (stream): 691 prompt tokens ·
                       temperature: 0, greedy (req), max_tokens: 139 (req),
                       min_tokens: 139 (req)
15:41:13.315 INFO:     #274 chat/completions (stream): 139 tokens generated at
                       231.3 T/s · prompt 691 tokens, none cached, 691 new in
                       0.28 s (2,468 T/s) · first token 0.28 s, total 0.89 s ·
                       draft 91/144 accepted (63%) · max_tokens reached
15:41:13.318 INFO:     #275 chat/completions (stream): 68 prompt tokens ·
                       temperature: 0, greedy (req), max_tokens: 282 (req),
                       min_tokens: 282 (req)
15:41:13.318 INFO:     #271 chat/completions (stream): 772 tokens generated at
                       178.5 T/s · prompt 70 tokens, none cached, 70 new in 0.07
                       s · queued 0.10 s, first token 0.17 s, total 4.49 s ·
                       draft 472/900 accepted (52%) · max_tokens reached
15:41:13.438 INFO:     #276 chat/completions (stream): 63 prompt tokens ·
                       temperature: 0, greedy (req), max_tokens: 98 (req),
                       min_tokens: 98 (req)
15:41:13.953 INFO:     #276 chat/completions (stream): 98 tokens generated at
                       244.8 T/s · prompt 63 tokens, none cached, 63 new in 0.07
                       s · first token 0.07 s, total 0.47 s · draft 66/96
                       accepted (69%) · max_tokens reached
15:41:13.987 INFO:     #277 chat/completions (stream): 815 prompt tokens ·
                       temperature: 0, greedy (req), max_tokens: 282 (req),
                       min_tokens: 282 (req)
15:41:15.164 INFO:     #275 chat/completions (stream): 282 tokens generated at
                       163.4 T/s · prompt 68 tokens, none cached, 68 new in 0.07
                       s · first token 0.08 s, total 1.80 s · draft 169/339
                       accepted (50%) · max_tokens reached
15:41:15.196 INFO:     #278 chat/completions (stream): 84 prompt tokens ·
                       temperature: 0, greedy (req), max_tokens: 278 (req),
                       min_tokens: 278 (req)
15:41:15.807 INFO:     #277 chat/completions (stream): 282 tokens generated at
                       185.0 T/s · prompt 815 tokens, none cached, 815 new in
                       0.25 s (3,260 T/s) · first token 0.25 s, total 1.78 s ·
                       draft 169/339 accepted (50%) · max_tokens reached
15:41:15.839 INFO:     #279 chat/completions (stream): 60 prompt tokens ·
                       temperature: 0, greedy (req), max_tokens: 202 (req),
                       min_tokens: 202 (req)
15:41:16.794 INFO:     #278 chat/completions (stream): 278 tokens generated at
                       189.2 T/s · prompt 84 tokens, none cached, 84 new in 0.08
                       s · first token 0.09 s, total 1.55 s · draft 168/330
                       accepted (51%) · max_tokens reached
15:41:16.826 INFO:     #280 chat/completions (stream): 62 prompt tokens ·
                       temperature: 0, greedy (req), max_tokens: 105 (req),
                       min_tokens: 105 (req)
15:41:17.182 INFO:     #279 chat/completions (stream): 202 tokens generated at
                       164.5 T/s · prompt 60 tokens, none cached, 60 new in 0.07
                       s · first token 0.08 s, total 1.30 s · draft 110/276
                       accepted (40%) · max_tokens reached
15:41:17.213 INFO:     #282 chat/completions (stream): 61 prompt tokens ·
                       temperature: 0, greedy (req), max_tokens: 61 (req),
                       min_tokens: 61 (req)
15:41:17.533 INFO:     #280 chat/completions (stream): 105 tokens generated at
                       177.0 T/s · prompt 62 tokens, none cached, 62 new in 0.07
                       s · first token 0.08 s, total 0.67 s · draft 63/126
                       accepted (50%) · max_tokens reached
15:41:17.569 INFO:     #283 chat/completions (stream): 65 prompt tokens ·
                       temperature: 0, greedy (req), max_tokens: 210 (req),
                       min_tokens: 210 (req)
15:41:17.684 INFO:     #282 chat/completions (stream): 61 tokens generated at
                       219.4 T/s · prompt 61 tokens, none cached, 61 new in 0.07
                       s · first token 0.07 s, total 0.35 s · draft 38/69
                       accepted (55%) · max_tokens reached
15:41:17.717 INFO:     #284 chat/completions (stream): 60 prompt tokens ·
                       temperature: 0, greedy (req), max_tokens: 41 (req),
                       min_tokens: 41 (req)
15:41:17.981 INFO:     #284 chat/completions (stream): 41 tokens generated at
                       274.2 T/s · prompt 60 tokens, none cached, 60 new in 0.07
                       s · first token 0.07 s, total 0.22 s · draft 29/36
                       accepted (81%) · max_tokens reached
15:41:18.013 INFO:     #285 chat/completions (stream): 60 prompt tokens ·
                       temperature: 0, greedy (req), max_tokens: 287 (req),
                       min_tokens: 287 (req)
15:41:18.703 INFO:     #283 chat/completions (stream): 210 tokens generated at
                       206.2 T/s · prompt 65 tokens, none cached, 65 new in 0.07
                       s · first token 0.08 s, total 1.09 s · draft 139/213
                       accepted (65%) · max_tokens reached
15:41:18.735 INFO:     #286 chat/completions (stream): 70 prompt tokens ·
                       temperature: 0, greedy (req), max_tokens: 276 (req),
                       min_tokens: 276 (req)
15:41:19.616 INFO:     #285 chat/completions (stream): 287 tokens generated at
                       192.6 T/s · prompt 60 tokens, none cached, 60 new in 0.07
                       s · first token 0.07 s, total 1.56 s · draft 176/333
                       accepted (53%) · max_tokens reached
15:41:19.648 INFO:     #287 chat/completions (stream): 107 prompt tokens ·
                       temperature: 0, greedy (req), max_tokens: 176 (req),
                       min_tokens: 176 (req)
15:41:20.421 INFO:     #286 chat/completions (stream): 276 tokens generated at
                       177.0 T/s · prompt 70 tokens, none cached, 70 new in 0.08
                       s · first token 0.09 s, total 1.64 s · draft 160/348
                       accepted (46%) · max_tokens reached
15:41:20.461 INFO:     #288 chat/completions (stream): 987 prompt tokens ·
                       temperature: 0, greedy (req), max_tokens: 113 (req),
                       min_tokens: 113 (req)
15:41:20.864 INFO:     #287 chat/completions (stream): 176 tokens generated at
                       163.6 T/s · prompt 107 tokens, none cached, 107 new in
                       0.09 s · first token 0.10 s, total 1.17 s · draft 113/189
                       accepted (60%) · max_tokens reached
15:41:20.898 INFO:     #289 chat/completions (stream): 731 prompt tokens ·
                       temperature: 0, greedy (req), max_tokens: 694 (req),
                       min_tokens: 694 (req)
15:41:21.605 INFO:     #288 chat/completions (stream): 113 tokens generated at
                       140.7 T/s · prompt 987 tokens, none cached, 987 new in
                       0.29 s (3,403 T/s) · first token 0.30 s, total 1.10 s ·
                       draft 68/135 accepted (50%) · max_tokens reached
15:41:21.637 INFO:     #290 chat/completions (stream): 67 prompt tokens ·
                       temperature: 0, greedy (req), max_tokens: 84 (req),
                       min_tokens: 84 (req)
15:41:22.140 INFO:     #290 chat/completions (stream): 84 tokens generated at
                       220.3 T/s · prompt 67 tokens, none cached, 67 new in 0.07
                       s · first token 0.08 s, total 0.46 s · draft 54/90
                       accepted (60%) · max_tokens reached
15:41:22.171 INFO:     #291 chat/completions (stream): 91 prompt tokens ·
                       temperature: 0, greedy (req), max_tokens: 464 (req),
                       min_tokens: 464 (req)
15:41:24.820 INFO:     #289 chat/completions (stream): 694 tokens generated at
                       192.0 T/s · prompt 731 tokens, none cached, 731 new in
                       0.25 s (2,924 T/s) · first token 0.25 s, total 3.87 s ·
                       draft 427/801 accepted (53%) · max_tokens reached
15:41:24.824 INFO:     #292 chat/completions (stream): 114 prompt tokens ·
                       temperature: 0, greedy (req), max_tokens: 425 (req),
                       min_tokens: 425 (req)
15:41:24.825 INFO:     #291 chat/completions (stream): 464 tokens generated at
                       181.6 T/s · prompt 91 tokens, none cached, 91 new in 0.08
                       s · first token 0.08 s, total 2.64 s · draft 269/585
                       accepted (46%) · max_tokens reached
15:41:24.982 INFO:     #293 chat/completions (stream): 60 prompt tokens ·
                       temperature: 0, greedy (req), max_tokens: 64 (req),
                       min_tokens: 64 (req)
15:41:25.382 INFO:     #293 chat/completions (stream): 64 tokens generated at
                       229.3 T/s · prompt 60 tokens, none cached, 60 new in 0.07
                       s · first token 0.08 s, total 0.36 s · draft 42/66
                       accepted (64%) · max_tokens reached
15:41:25.414 INFO:     #294 chat/completions (stream): 89 prompt tokens ·
                       temperature: 0, greedy (req), max_tokens: 609 (req),
                       min_tokens: 609 (req)
15:41:27.292 INFO:     #292 chat/completions (stream): 425 tokens generated at
                       183.5 T/s · prompt 114 tokens, none cached, 114 new in
                       0.10 s · first token 0.11 s, total 2.42 s · draft 254/513
                       accepted (50%) · max_tokens reached
15:41:27.325 INFO:     #295 chat/completions (stream): 648 prompt tokens ·
                       temperature: 0, greedy (req), max_tokens: 6 (req),
                       min_tokens: 6 (req)
15:41:27.660 INFO:     #295 chat/completions (stream): 6 tokens generated at
                       239.1 T/s · prompt 648 tokens, none cached, 648 new in
                       0.26 s (2,492 T/s) · first token 0.27 s, total 0.29 s ·
                       draft 4/6 accepted (67%) · max_tokens reached
15:41:27.693 INFO:     #296 chat/completions (stream): 113 prompt tokens ·
                       temperature: 0, greedy (req), max_tokens: 71 (req),
                       min_tokens: 71 (req)
15:41:28.085 INFO:     #296 chat/completions (stream): 71 tokens generated at
                       281.7 T/s · prompt 113 tokens, none cached, 113 new in
                       0.09 s · first token 0.10 s, total 0.35 s · draft 51/60
                       accepted (85%) · max_tokens reached
15:41:28.117 INFO:     #297 chat/completions (stream): 68 prompt tokens ·
                       temperature: 0, greedy (req), max_tokens: 169 (req),
                       min_tokens: 169 (req)
15:41:28.992 INFO:     #294 chat/completions (stream): 609 tokens generated at
                       176.7 T/s · prompt 89 tokens, none cached, 89 new in 0.09
                       s · first token 0.10 s, total 3.54 s · draft 367/726
                       accepted (51%) · max_tokens reached
15:41:29.026 INFO:     #298 chat/completions (stream): 164 prompt tokens ·
                       temperature: 0, greedy (req), max_tokens: 302 (req),
                       min_tokens: 302 (req)
15:41:29.200 INFO:     #297 chat/completions (stream): 169 tokens generated at
                       175.3 T/s · prompt 68 tokens, none cached, 68 new in 0.07
                       s · first token 0.07 s, total 1.04 s · draft 99/210
                       accepted (47%) · max_tokens reached
15:41:29.232 INFO:     #299 chat/completions (stream): 75 prompt tokens ·
                       temperature: 0, greedy (req), max_tokens: 306 (req),
                       min_tokens: 306 (req)
15:41:30.847 INFO:     #299 chat/completions (stream): 306 tokens generated at
                       204.9 T/s · prompt 75 tokens, none cached, 75 new in 0.08
                       s · first token 0.08 s, total 1.58 s · draft 190/348
                       accepted (55%) · max_tokens reached
15:41:30.881 INFO:     #300 chat/completions (stream): 256 prompt tokens ·
                       temperature: 0, greedy (req), max_tokens: 28 (req),
                       min_tokens: 28 (req)
15:41:31.074 INFO:     #298 chat/completions (stream): 302 tokens generated at
                       158.1 T/s · prompt 164 tokens, none cached, 164 new in
                       0.09 s · first token 0.10 s, total 2.01 s · draft 166/408
                       accepted (41%) · max_tokens reached
15:41:31.106 INFO:     #301 chat/completions (stream): 137 prompt tokens ·
                       temperature: 0, greedy (req), max_tokens: 52 (req),
                       min_tokens: 52 (req)
15:41:31.282 INFO:     #300 chat/completions (stream): 28 tokens generated at
                       114.5 T/s · prompt 256 tokens, none cached, 256 new in
                       0.11 s (2,327 T/s) · first token 0.12 s, total 0.36 s ·
                       draft 16/36 accepted (44%) · max_tokens reached
15:41:31.316 INFO:     #302 chat/completions (stream): 840 prompt tokens ·
                       temperature: 0, greedy (req), max_tokens: 11 (req),
                       min_tokens: 11 (req)
15:41:31.659 INFO:     #301 chat/completions (stream): 52 tokens generated at
                       118.8 T/s · prompt 137 tokens, none cached, 137 new in
                       0.11 s · first token 0.11 s, total 0.55 s · draft 37/45
                       accepted (82%) · max_tokens reached
15:41:31.659 INFO:     #302 chat/completions (stream): 11 tokens generated at
                       175.6 T/s · prompt 840 tokens, none cached, 840 new in
                       0.27 s (3,111 T/s) · first token 0.27 s, total 0.34 s ·
                       draft 6/15 accepted (40%) · max_tokens reached
15:41:31.663 INFO:     #303 chat/completions (stream): 77 prompt tokens ·
                       temperature: 0, greedy (req), max_tokens: 259 (req),
                       min_tokens: 259 (req)
15:41:31.665 INFO:     #304 chat/completions (stream): 434 prompt tokens ·
                       temperature: 0, greedy (req), max_tokens: 25 (req),
                       min_tokens: 25 (req)
15:41:32.113 INFO:     #304 chat/completions (stream): 25 tokens generated at
                       253.6 T/s · prompt 434 tokens, none cached, 434 new in
                       0.22 s (1,973 T/s) · first token 0.31 s, total 0.41 s ·
                       draft 17/24 accepted (71%) · max_tokens reached
15:41:32.145 INFO:     #306 chat/completions (stream): 136 prompt tokens ·
                       temperature: 0, greedy (req), max_tokens: 292 (req),
                       min_tokens: 292 (req)
15:41:33.387 INFO:     #303 chat/completions (stream): 259 tokens generated at
                       175.9 T/s · prompt 77 tokens, none cached, 77 new in 0.20
                       s · first token 0.21 s, total 1.68 s · draft 158/303
                       accepted (52%) · max_tokens reached
15:41:33.423 INFO:     #307 chat/completions (stream): 151 prompt tokens ·
                       temperature: 0, greedy (req), max_tokens: 435 (req),
                       min_tokens: 435 (req)
15:41:33.643 INFO:     #306 chat/completions (stream): 292 tokens generated at
                       217.2 T/s · prompt 136 tokens, none cached, 136 new in
                       0.11 s · first token 0.11 s, total 1.46 s · draft 193/297
                       accepted (65%) · max_tokens reached
15:41:33.678 INFO:     #308 chat/completions (stream): 884 prompt tokens ·
                       temperature: 0, greedy (req), max_tokens: 18 (req),
                       min_tokens: 18 (req)
15:41:34.090 INFO:     #308 chat/completions (stream): 18 tokens generated at
                       232.9 T/s · prompt 884 tokens, none cached, 884 new in
                       0.29 s (3,048 T/s) · first token 0.29 s, total 0.37 s ·
                       draft 12/18 accepted (67%) · max_tokens reached
15:41:34.124 INFO:     #309 chat/completions (stream): 311 prompt tokens ·
                       temperature: 0, greedy (req), max_tokens: 195 (req),
                       min_tokens: 195 (req)
15:41:35.193 INFO:     #309 chat/completions (stream): 195 tokens generated at
                       237.5 T/s · prompt 311 tokens, none cached, 311 new in
                       0.20 s (1,555 T/s) · first token 0.21 s, total 1.03 s ·
                       draft 131/192 accepted (68%) · max_tokens reached
15:41:35.226 INFO:     #310 chat/completions (stream): 425 prompt tokens ·
                       temperature: 0, greedy (req), max_tokens: 28 (req),
                       min_tokens: 28 (req)
15:41:35.639 INFO:     #310 chat/completions (stream): 28 tokens generated at
                       185.0 T/s · prompt 425 tokens, none cached, 425 new in
                       0.22 s (1,932 T/s) · first token 0.23 s, total 0.38 s ·
                       draft 16/36 accepted (44%) · max_tokens reached
15:41:35.673 INFO:     #311 chat/completions (stream): 804 prompt tokens ·
                       temperature: 0, greedy (req), max_tokens: 15 (req),
                       min_tokens: 15 (req)
15:41:36.027 INFO:     #311 chat/completions (stream): 15 tokens generated at
                       239.7 T/s · prompt 804 tokens, none cached, 804 new in
                       0.24 s (3,350 T/s) · first token 0.25 s, total 0.31 s ·
                       draft 10/15 accepted (67%) · max_tokens reached
15:41:36.059 INFO:     #312 chat/completions (stream): 614 prompt tokens ·
                       temperature: 0, greedy (req), max_tokens: 11 (req),
                       min_tokens: 11 (req)
15:41:36.394 INFO:     #312 chat/completions (stream): 11 tokens generated at
                       221.0 T/s · prompt 614 tokens, none cached, 614 new in
                       0.24 s (2,558 T/s) · first token 0.24 s, total 0.29 s ·
                       draft 7/12 accepted (58%) · max_tokens reached
15:41:36.431 INFO:     #313 chat/completions (stream): 289 prompt tokens ·
                       temperature: 0, greedy (req), max_tokens: 22 (req),
                       min_tokens: 22 (req)
15:41:36.708 INFO:     #313 chat/completions (stream): 22 tokens generated at
                       285.3 T/s · prompt 289 tokens, none cached, 289 new in
                       0.15 s (1,927 T/s) · first token 0.16 s, total 0.23 s ·
                       draft 16/18 accepted (89%) · max_tokens reached
15:41:36.740 INFO:     #314 chat/completions (stream): 63 prompt tokens ·
                       temperature: 0, greedy (req), max_tokens: 193 (req),
                       min_tokens: 193 (req)
15:41:36.990 INFO:     #307 chat/completions (stream): 435 tokens generated at
                       126.6 T/s · prompt 151 tokens, none cached, 151 new in
                       0.08 s · first token 0.09 s, total 3.52 s · draft 265/510
                       accepted (52%) · max_tokens reached
15:41:37.022 INFO:     #315 chat/completions (stream): 225 prompt tokens ·
                       temperature: 0, greedy (req), max_tokens: 242 (req),
                       min_tokens: 242 (req)
15:41:37.984 INFO:     #314 chat/completions (stream): 193 tokens generated at
                       171.0 T/s · prompt 63 tokens, none cached, 63 new in 0.07
                       s · first token 0.07 s, total 1.20 s · draft 111/246
                       accepted (45%) · max_tokens reached
15:41:38.017 INFO:     #316 chat/completions (stream): 70 prompt tokens ·
                       temperature: 0, greedy (req), max_tokens: 102 (req),
                       min_tokens: 102 (req)
15:41:38.175 INFO:     #315 chat/completions (stream): 242 tokens generated at
                       241.1 T/s · prompt 225 tokens, none cached, 225 new in
                       0.10 s · first token 0.10 s, total 1.11 s · draft 168/222
                       accepted (76%) · max_tokens reached
15:41:38.208 INFO:     #317 chat/completions (stream): 248 prompt tokens ·
                       temperature: 0, greedy (req), max_tokens: 8 (req),
                       min_tokens: 8 (req)
15:41:38.400 INFO:     #317 chat/completions (stream): 8 tokens generated at
                       213.8 T/s · prompt 248 tokens, none cached, 248 new in
                       0.11 s · first token 0.11 s, total 0.15 s · draft 5/9
                       accepted (56%) · max_tokens reached
15:41:38.438 INFO:     #318 chat/completions (stream): 91 prompt tokens ·
                       temperature: 0, greedy (req), max_tokens: 333 (req),
                       min_tokens: 333 (req)
15:41:38.732 INFO:     #316 chat/completions (stream): 102 tokens generated at
                       171.9 T/s · prompt 70 tokens, none cached, 70 new in 0.08
                       s · first token 0.09 s, total 0.68 s · draft 69/99
                       accepted (70%) · max_tokens reached
15:41:38.765 INFO:     #319 chat/completions (stream): 86 prompt tokens ·
                       temperature: 0, greedy (req), max_tokens: 334 (req),
                       min_tokens: 334 (req)
15:41:40.400 INFO:     #318 chat/completions (stream): 333 tokens generated at
                       181.8 T/s · prompt 91 tokens, none cached, 91 new in 0.08
                       s · first token 0.09 s, total 1.92 s · draft 195/414
                       accepted (47%) · max_tokens reached
15:41:40.444 INFO:     #320 chat/completions (stream): 322 prompt tokens ·
                       temperature: 0, greedy (req), max_tokens: 326 (req),
                       min_tokens: 326 (req)
15:41:40.739 INFO:     #319 chat/completions (stream): 334 tokens generated at
                       181.2 T/s · prompt 86 tokens, none cached, 86 new in 0.08
                       s · first token 0.09 s, total 1.93 s · draft 204/390
                       accepted (52%) · max_tokens reached
15:41:40.771 INFO:     #321 chat/completions (stream): 81 prompt tokens ·
                       temperature: 0, greedy (req), max_tokens: 353 (req),
                       min_tokens: 353 (req)
15:41:42.434 INFO:     #320 chat/completions (stream): 326 tokens generated at
                       187.5 T/s · prompt 322 tokens, none cached, 322 new in
                       0.20 s (1,610 T/s) · first token 0.21 s, total 1.94 s ·
                       draft 194/396 accepted (49%) · max_tokens reached
15:41:42.466 INFO:     #322 chat/completions (stream): 218 prompt tokens ·
                       temperature: 0, greedy (req), max_tokens: 599 (req),
                       min_tokens: 599 (req)
15:41:42.909 INFO:     #321 chat/completions (stream): 353 tokens generated at
                       175.4 T/s · prompt 81 tokens, none cached, 81 new in 0.08
                       s · first token 0.09 s, total 2.10 s · draft 202/453
                       accepted (45%) · max_tokens reached
15:41:42.942 INFO:     #323 chat/completions (stream): 274 prompt tokens ·
                       temperature: 0, greedy (req), max_tokens: 94 (req),
                       min_tokens: 94 (req)
15:41:43.592 INFO:     #323 chat/completions (stream): 94 tokens generated at
                       209.1 T/s · prompt 274 tokens, none cached, 274 new in
                       0.15 s (1,827 T/s) · first token 0.15 s, total 0.60 s ·
                       draft 59/105 accepted (56%) · max_tokens reached
15:41:43.625 INFO:     #324 chat/completions (stream): 90 prompt tokens ·
                       temperature: 0, greedy (req), max_tokens: 1439 (req),
                       min_tokens: 1439 (req)
15:41:45.667 INFO:     #322 chat/completions (stream): 599 tokens generated at
                       196.4 T/s · prompt 218 tokens, none cached, 218 new in
                       0.10 s · first token 0.11 s, total 3.15 s · draft 375/672
                       accepted (56%) · max_tokens reached
15:41:45.699 INFO:     #325 chat/completions (stream): 322 prompt tokens ·
                       temperature: 0, greedy (req), max_tokens: 23 (req),
                       min_tokens: 23 (req)
15:41:46.041 INFO:     #325 chat/completions (stream): 23 tokens generated at
                       229.6 T/s · prompt 322 tokens, none cached, 322 new in
                       0.19 s (1,695 T/s) · first token 0.20 s, total 0.30 s ·
                       draft 15/24 accepted (62%) · max_tokens reached
15:41:46.075 INFO:     #326 chat/completions (stream): 628 prompt tokens ·
                       temperature: 0, greedy (req), max_tokens: 93 (req),
                       min_tokens: 93 (req)
15:41:46.839 INFO:     #326 chat/completions (stream): 93 tokens generated at
                       196.2 T/s · prompt 628 tokens, none cached, 628 new in
                       0.24 s (2,617 T/s) · first token 0.25 s, total 0.72 s ·
                       draft 56/111 accepted (50%) · max_tokens reached
15:41:46.872 INFO:     #327 chat/completions (stream): 73 prompt tokens ·
                       temperature: 0, greedy (req), max_tokens: 327 (req),
                       min_tokens: 327 (req)
15:41:48.527 INFO:     #327 chat/completions (stream): 327 tokens generated at
                       213.2 T/s · prompt 73 tokens, none cached, 73 new in 0.08
                       s · first token 0.09 s, total 1.62 s · draft 206/363
                       accepted (57%) · max_tokens reached
15:41:48.559 INFO:     #329 chat/completions (stream): 90 prompt tokens ·
                       temperature: 0, greedy (req), max_tokens: 131 (req),
                       min_tokens: 131 (req)
15:41:49.317 INFO:     #329 chat/completions (stream): 131 tokens generated at
                       209.2 T/s · prompt 90 tokens, none cached, 90 new in 0.09
                       s · first token 0.10 s, total 0.72 s · draft 81/150
                       accepted (54%) · max_tokens reached
15:41:49.359 INFO:     #330 chat/completions (stream): 828 prompt tokens ·
                       temperature: 0, greedy (req), max_tokens: 39 (req),
                       min_tokens: 39 (req)
15:41:49.824 INFO:     #330 chat/completions (stream): 39 tokens generated at
                       223.9 T/s · prompt 828 tokens, none cached, 828 new in
                       0.24 s (3,450 T/s) · first token 0.25 s, total 0.42 s ·
                       draft 25/42 accepted (60%) · max_tokens reached
15:41:49.858 INFO:     #331 chat/completions (stream): 579 prompt tokens ·
                       temperature: 0, greedy (req), max_tokens: 213 (req),
                       min_tokens: 213 (req)
15:41:50.543 INFO:     #324 chat/completions (stream): 1,439 tokens generated at
                       211.9 T/s · prompt 90 tokens, none cached, 90 new in 0.08
                       s · first token 0.09 s, total 6.88 s · draft 980/1377
                       accepted (71%) · max_tokens reached
15:41:50.575 INFO:     #332 chat/completions (stream): 57 prompt tokens ·
                       temperature: 0, greedy (req), max_tokens: 56 (req),
                       min_tokens: 56 (req)
15:41:50.986 INFO:     #332 chat/completions (stream): 56 tokens generated at
                       187.9 T/s · prompt 57 tokens, none cached, 57 new in 0.07
                       s · first token 0.08 s, total 0.37 s · draft 32/72
                       accepted (44%) · max_tokens reached
15:41:51.018 INFO:     #333 chat/completions (stream): 56 prompt tokens ·
                       temperature: 0, greedy (req), max_tokens: 277 (req),
                       min_tokens: 277 (req)
15:41:51.396 INFO:     #331 chat/completions (stream): 213 tokens generated at
                       168.7 T/s · prompt 579 tokens, none cached, 579 new in
                       0.23 s (2,517 T/s) · first token 0.24 s, total 1.50 s ·
                       draft 122/273 accepted (45%) · max_tokens reached
15:41:51.438 INFO:     #334 chat/completions (stream): 196 prompt tokens ·
                       temperature: 0, greedy (req), max_tokens: 362 (req),
                       min_tokens: 362 (req)
15:41:52.518 INFO:     #333 chat/completions (stream): 277 tokens generated at
                       199.8 T/s · prompt 56 tokens, none cached, 56 new in 0.07
                       s · first token 0.07 s, total 1.46 s · draft 175/306
                       accepted (57%) · max_tokens reached
15:41:52.551 INFO:     #335 chat/completions (stream): 81 prompt tokens ·
                       temperature: 0, greedy (req), max_tokens: 1003 (req),
                       min_tokens: 1003 (req)
15:41:53.447 INFO:     #334 chat/completions (stream): 362 tokens generated at
                       194.5 T/s · prompt 196 tokens, none cached, 196 new in
                       0.10 s · first token 0.10 s, total 1.97 s · draft 220/426
                       accepted (52%) · max_tokens reached
15:41:53.481 INFO:     #336 chat/completions (stream): 255 prompt tokens ·
                       temperature: 0, greedy (req), max_tokens: 819 (req),
                       min_tokens: 819 (req)
15:41:56.489 INFO:     #335 chat/completions (stream): 1,003 tokens generated at
                       263.2 T/s · prompt 81 tokens, none cached, 81 new in 0.08
                       s · first token 0.09 s, total 3.90 s · draft 712/873
                       accepted (82%) · max_tokens reached
15:41:56.524 INFO:     #337 chat/completions (stream): 891 prompt tokens ·
                       temperature: 0, greedy (req), max_tokens: 37 (req),
                       min_tokens: 37 (req)
15:41:56.994 INFO:     #337 chat/completions (stream): 37 tokens generated at
                       243.0 T/s · prompt 891 tokens, none cached, 891 new in
                       0.27 s (3,300 T/s) · first token 0.28 s, total 0.43 s ·
                       draft 25/36 accepted (69%) · max_tokens reached
15:41:57.028 INFO:     #338 chat/completions (stream): 442 prompt tokens ·
                       temperature: 0, greedy (req), max_tokens: 43 (req),
                       min_tokens: 43 (req)
15:41:57.528 INFO:     #338 chat/completions (stream): 43 tokens generated at
                       183.4 T/s · prompt 442 tokens, none cached, 442 new in
                       0.22 s (2,009 T/s) · first token 0.23 s, total 0.46 s ·
                       draft 25/54 accepted (46%) · max_tokens reached
15:41:57.561 INFO:     #339 chat/completions (stream): 63 prompt tokens ·
                       temperature: 0, greedy (req), max_tokens: 241 (req),
                       min_tokens: 241 (req)
15:41:57.838 INFO:     #336 chat/completions (stream): 819 tokens generated at
                       195.0 T/s · prompt 255 tokens, none cached, 255 new in
                       0.11 s · first token 0.12 s, total 4.32 s · draft 530/867
                       accepted (61%) · max_tokens reached
15:41:57.871 INFO:     #340 chat/completions (stream): 155 prompt tokens ·
                       temperature: 0, greedy (req), max_tokens: 692 (req),
                       min_tokens: 692 (req)
15:41:59.048 INFO:     #339 chat/completions (stream): 241 tokens generated at
                       175.9 T/s · prompt 63 tokens, none cached, 63 new in 0.07
                       s · first token 0.08 s, total 1.45 s · draft 139/306
                       accepted (45%) · max_tokens reached
15:41:59.081 INFO:     #341 chat/completions (stream): 340 prompt tokens ·
                       temperature: 0, greedy (req), max_tokens: 14 (req),
                       min_tokens: 14 (req)
15:41:59.385 INFO:     #341 chat/completions (stream): 14 tokens generated at
                       280.6 T/s · prompt 340 tokens, none cached, 340 new in
                       0.21 s (1,619 T/s) · first token 0.22 s, total 0.27 s ·
                       draft 10/12 accepted (83%) · max_tokens reached
15:41:59.420 INFO:     #342 chat/completions (stream): 59 prompt tokens ·
                       temperature: 0, greedy (req), max_tokens: 35 (req),
                       min_tokens: 35 (req)
15:41:59.698 INFO:     #342 chat/completions (stream): 35 tokens generated at
                       214.4 T/s · prompt 59 tokens, none cached, 59 new in 0.07
                       s · first token 0.08 s, total 0.24 s · draft 22/39
                       accepted (56%) · max_tokens reached
15:41:59.729 INFO:     #343 chat/completions (stream): 71 prompt tokens ·
                       temperature: 0, greedy (req), max_tokens: 88 (req),
                       min_tokens: 88 (req)
15:42:00.246 INFO:     #343 chat/completions (stream): 88 tokens generated at
                       221.6 T/s · prompt 71 tokens, none cached, 71 new in 0.07
                       s · first token 0.07 s, total 0.47 s · draft 56/96
                       accepted (58%) · max_tokens reached
15:42:00.279 INFO:     #344 chat/completions (stream): 282 prompt tokens ·
                       temperature: 0, greedy (req), max_tokens: 6 (req),
                       min_tokens: 6 (req)
15:42:00.541 INFO:     #344 chat/completions (stream): 6 tokens generated at
                       245.8 T/s · prompt 282 tokens, none cached, 282 new in
                       0.19 s (1,484 T/s) · first token 0.20 s, total 0.22 s ·
                       draft 4/6 accepted (67%) · max_tokens reached
15:42:00.574 INFO:     #345 chat/completions (stream): 94 prompt tokens ·
                       temperature: 0, greedy (req), max_tokens: 262 (req),
                       min_tokens: 262 (req)
15:42:01.835 INFO:     #345 chat/completions (stream): 262 tokens generated at
                       232.2 T/s · prompt 94 tokens, none cached, 94 new in 0.09
                       s · first token 0.09 s, total 1.22 s · draft 173/267
                       accepted (65%) · max_tokens reached
15:42:01.869 INFO:     #346 chat/completions (stream): 491 prompt tokens ·
                       temperature: 0, greedy (req), max_tokens: 604 (req),
                       min_tokens: 604 (req)
15:42:02.635 INFO:     #340 chat/completions (stream): 692 tokens generated at
                       149.5 T/s · prompt 155 tokens, none cached, 155 new in
                       0.09 s · first token 0.09 s, total 4.72 s · draft 387/915
                       accepted (42%) · max_tokens reached
15:42:02.668 INFO:     #348 chat/completions (stream): 334 prompt tokens ·
                       temperature: 0, greedy (req), max_tokens: 28 (req),
                       min_tokens: 28 (req)
15:42:03.050 INFO:     #348 chat/completions (stream): 28 tokens generated at
                       224.9 T/s · prompt 334 tokens, none cached, 334 new in
                       0.21 s (1,590 T/s) · first token 0.22 s, total 0.34 s ·
                       draft 18/30 accepted (60%) · max_tokens reached
15:42:03.082 INFO:     #349 chat/completions (stream): 528 prompt tokens ·
                       temperature: 0, greedy (req), max_tokens: 15 (req),
                       min_tokens: 15 (req)
15:42:03.365 INFO:     #349 chat/completions (stream): 15 tokens generated at
                       240.6 T/s · prompt 528 tokens, none cached, 528 new in
                       0.17 s (3,106 T/s) · first token 0.17 s, total 0.24 s ·
                       draft 10/15 accepted (67%) · max_tokens reached
15:42:03.397 INFO:     #350 chat/completions (stream): 67 prompt tokens ·
                       temperature: 0, greedy (req), max_tokens: 318 (req),
                       min_tokens: 318 (req)
15:42:05.242 INFO:     #350 chat/completions (stream): 318 tokens generated at
                       184.5 T/s · prompt 67 tokens, none cached, 67 new in 0.07
                       s · first token 0.08 s, total 1.80 s · draft 184/402
                       accepted (46%) · max_tokens reached
15:42:05.276 INFO:     #351 chat/completions (stream): 416 prompt tokens ·
                       temperature: 0, greedy (req), max_tokens: 10 (req),
                       min_tokens: 10 (req)
15:42:05.627 INFO:     #351 chat/completions (stream): 10 tokens generated at
                       271.9 T/s · prompt 416 tokens, none cached, 416 new in
                       0.27 s (1,541 T/s) · first token 0.28 s, total 0.31 s ·
                       draft 7/9 accepted (78%) · max_tokens reached
15:42:05.659 INFO:     #352 chat/completions (stream): 118 prompt tokens ·
                       temperature: 0, greedy (req), max_tokens: 345 (req),
                       min_tokens: 345 (req)
15:42:06.004 INFO:     #346 chat/completions (stream): 604 tokens generated at
                       156.4 T/s · prompt 491 tokens, none cached, 491 new in
                       0.23 s (2,135 T/s) · first token 0.24 s, total 4.10 s ·
                       draft 360/732 accepted (49%) · max_tokens reached
15:42:06.039 INFO:     #353 chat/completions (stream): 697 prompt tokens ·
                       temperature: 0, greedy (req), max_tokens: 1321 (req),
                       min_tokens: 1321 (req)
15:42:07.563 INFO:     #352 chat/completions (stream): 345 tokens generated at
                       195.9 T/s · prompt 118 tokens, none cached, 118 new in
                       0.10 s · first token 0.11 s, total 1.87 s · draft 226/357
                       accepted (63%) · max_tokens reached
15:42:07.597 INFO:     #354 chat/completions (stream): 683 prompt tokens ·
                       temperature: 0, greedy (req), max_tokens: 9 (req),
                       min_tokens: 9 (req)
15:42:07.927 INFO:     #354 chat/completions (stream): 9 tokens generated at
                       242.3 T/s · prompt 683 tokens, none cached, 683 new in
                       0.25 s (2,732 T/s) · first token 0.26 s, total 0.29 s ·
                       draft 6/9 accepted (67%) · max_tokens reached
15:42:07.961 INFO:     #355 chat/completions (stream): 763 prompt tokens ·
                       temperature: 0, greedy (req), max_tokens: 35 (req),
                       min_tokens: 35 (req)
15:42:08.422 INFO:     #355 chat/completions (stream): 35 tokens generated at
                       232.6 T/s · prompt 763 tokens, none cached, 763 new in
                       0.26 s (2,935 T/s) · first token 0.26 s, total 0.42 s ·
                       draft 23/36 accepted (64%) · max_tokens reached
15:42:08.460 INFO:     #356 chat/completions (stream): 596 prompt tokens ·
                       temperature: 0, greedy (req), max_tokens: 11 (req),
                       min_tokens: 11 (req)
15:42:08.787 INFO:     #356 chat/completions (stream): 11 tokens generated at
                       222.5 T/s · prompt 596 tokens, none cached, 596 new in
                       0.23 s (2,591 T/s) · first token 0.24 s, total 0.28 s ·
                       draft 7/12 accepted (58%) · max_tokens reached
15:42:08.819 INFO:     #357 chat/completions (stream): 67 prompt tokens ·
                       temperature: 0, greedy (req), max_tokens: 72 (req),
                       min_tokens: 72 (req)
15:42:09.278 INFO:     #357 chat/completions (stream): 72 tokens generated at
                       211.4 T/s · prompt 67 tokens, none cached, 67 new in 0.07
                       s · first token 0.07 s, total 0.42 s · draft 45/81
                       accepted (56%) · max_tokens reached
15:42:09.311 INFO:     #358 chat/completions (stream): 266 prompt tokens ·
                       temperature: 0, greedy (req), max_tokens: 6 (req),
                       min_tokens: 6 (req)
15:42:09.519 INFO:     #358 chat/completions (stream): 6 tokens generated at
                       251.2 T/s · prompt 266 tokens, none cached, 266 new in
                       0.14 s (1,900 T/s) · first token 0.14 s, total 0.17 s ·
                       draft 4/6 accepted (67%) · max_tokens reached
15:42:09.553 INFO:     #359 chat/completions (stream): 104 prompt tokens ·
                       temperature: 0, greedy (req), max_tokens: 354 (req),
                       min_tokens: 354 (req)
15:42:11.735 INFO:     #359 chat/completions (stream): 354 tokens generated at
                       173.1 T/s · prompt 104 tokens, none cached, 104 new in
                       0.09 s · first token 0.09 s, total 2.14 s · draft 194/480
                       accepted (40%) · max_tokens reached
15:42:11.768 INFO:     #360 chat/completions (stream): 65 prompt tokens ·
                       temperature: 0, greedy (req), max_tokens: 243 (req),
                       min_tokens: 243 (req)
15:42:13.084 INFO:     #360 chat/completions (stream): 243 tokens generated at
                       202.5 T/s · prompt 65 tokens, none cached, 65 new in 0.07
                       s · first token 0.08 s, total 1.27 s · draft 149/282
                       accepted (53%) · max_tokens reached
15:42:13.117 INFO:     #361 chat/completions (stream): 62 prompt tokens ·
                       temperature: 0, greedy (req), max_tokens: 242 (req),
                       min_tokens: 242 (req)
15:42:13.420 INFO:     #353 chat/completions (stream): 1,321 tokens generated at
                       186.4 T/s · prompt 697 tokens, none cached, 697 new in
                       0.25 s (2,788 T/s) · first token 0.26 s, total 7.34 s ·
                       draft 849/1416 accepted (60%) · max_tokens reached
15:42:13.456 INFO:     #362 chat/completions (stream): 74 prompt tokens ·
                       temperature: 0, greedy (req), max_tokens: 19 (req),
                       min_tokens: 19 (req)
15:42:13.652 INFO:     #362 chat/completions (stream): 19 tokens generated at
                       257.3 T/s · prompt 74 tokens, none cached, 74 new in 0.08
                       s · first token 0.08 s, total 0.16 s · draft 13/18
                       accepted (72%) · max_tokens reached
15:42:13.687 INFO:     #363 chat/completions (stream): 871 prompt tokens ·
                       temperature: 0, greedy (req), max_tokens: 110 (req),
                       min_tokens: 110 (req)
15:42:14.514 INFO:     #363 chat/completions (stream): 110 tokens generated at
                       207.7 T/s · prompt 871 tokens, none cached, 871 new in
                       0.25 s (3,484 T/s) · first token 0.25 s, total 0.78 s ·
                       draft 68/126 accepted (54%) · max_tokens reached
15:42:14.548 INFO:     #364 chat/completions (stream): 386 prompt tokens ·
                       temperature: 0, greedy (req), max_tokens: 37 (req),
                       min_tokens: 37 (req)
15:42:14.978 INFO:     #364 chat/completions (stream): 37 tokens generated at
                       245.5 T/s · prompt 386 tokens, none cached, 386 new in
                       0.23 s (1,678 T/s) · first token 0.24 s, total 0.39 s ·
                       draft 25/36 accepted (69%) · max_tokens reached
15:42:15.011 INFO:     #365 chat/completions (stream): 365 prompt tokens ·
                       temperature: 0, greedy (req), max_tokens: 10 (req),
                       min_tokens: 10 (req)
15:42:15.268 INFO:     #361 chat/completions (stream): 242 tokens generated at
                       124.0 T/s · prompt 62 tokens, none cached, 62 new in 0.07
                       s · first token 0.08 s, total 2.03 s · draft 136/318
                       accepted (43%) · max_tokens reached
15:42:15.271 INFO:     #365 chat/completions (stream): 10 tokens generated at
                       342.9 T/s · prompt 365 tokens, none cached, 365 new in
                       0.22 s (1,659 T/s) · first token 0.23 s, total 0.25 s ·
                       draft 7/9 accepted (78%) · max_tokens reached
15:42:15.272 INFO:     #366 chat/completions (stream): 125 prompt tokens ·
                       temperature: 0, greedy (req), max_tokens: 236 (req),
                       min_tokens: 236 (req)
15:42:15.400 INFO:     #367 chat/completions (stream): 68 prompt tokens ·
                       temperature: 0, greedy (req), max_tokens: 212 (req),
                       min_tokens: 212 (req)
15:42:16.553 INFO:     #366 chat/completions (stream): 236 tokens generated at
                       208.2 T/s · prompt 125 tokens, none cached, 125 new in
                       0.10 s · first token 0.11 s, total 1.24 s · draft 157/237
                       accepted (66%) · max_tokens reached
15:42:16.587 INFO:     #368 chat/completions (stream): 604 prompt tokens ·
                       temperature: 0, greedy (req), max_tokens: 103 (req),
                       min_tokens: 103 (req)
15:42:16.965 INFO:     #367 chat/completions (stream): 212 tokens generated at
                       152.5 T/s · prompt 68 tokens, none cached, 68 new in 0.13
                       s · first token 0.13 s, total 1.52 s · draft 120/276
                       accepted (43%) · max_tokens reached
15:42:16.999 INFO:     #369 chat/completions (stream): 62 prompt tokens ·
                       temperature: 0, greedy (req), max_tokens: 76 (req),
                       min_tokens: 76 (req)
15:42:17.460 INFO:     #368 chat/completions (stream): 103 tokens generated at
                       178.2 T/s · prompt 604 tokens, none cached, 604 new in
                       0.24 s (2,517 T/s) · first token 0.25 s, total 0.82 s ·
                       draft 62/123 accepted (50%) · max_tokens reached
15:42:17.493 INFO:     #371 chat/completions (stream): 87 prompt tokens ·
                       temperature: 0, greedy (req), max_tokens: 22 (req),
                       min_tokens: 22 (req)
15:42:17.658 INFO:     #369 chat/completions (stream): 76 tokens generated at
                       133.0 T/s · prompt 62 tokens, none cached, 62 new in 0.07
                       s · first token 0.07 s, total 0.65 s · draft 37/117
                       accepted (32%) · max_tokens reached
15:42:17.659 INFO:     #371 chat/completions (stream): 22 tokens generated at
                       303.1 T/s · prompt 87 tokens, none cached, 87 new in 0.08
                       s · first token 0.09 s, total 0.16 s · draft 16/18
                       accepted (89%) · max_tokens reached
15:42:17.662 INFO:     #372 chat/completions (stream): 62 prompt tokens ·
                       temperature: 0, greedy (req), max_tokens: 160 (req),
                       min_tokens: 160 (req)
15:42:17.663 INFO:     #373 chat/completions (stream): 103 prompt tokens ·
                       temperature: 0, greedy (req), max_tokens: 483 (req),
                       min_tokens: 483 (req)
15:42:18.619 INFO:     #372 chat/completions (stream): 160 tokens generated at
                       214.3 T/s · prompt 62 tokens, none cached, 62 new in 0.16
                       s · first token 0.17 s, total 0.92 s · draft 101/177
                       accepted (57%) · max_tokens reached
15:42:18.651 INFO:     #374 chat/completions (stream): 58 prompt tokens ·
                       temperature: 0, greedy (req), max_tokens: 30 (req),
                       min_tokens: 30 (req)
15:42:18.889 INFO:     #374 chat/completions (stream): 30 tokens generated at
                       242.9 T/s · prompt 58 tokens, none cached, 58 new in 0.07
                       s · first token 0.08 s, total 0.20 s · draft 20/30
                       accepted (67%) · max_tokens reached
15:42:18.920 INFO:     #375 chat/completions (stream): 71 prompt tokens ·
                       temperature: 0, greedy (req), max_tokens: 68 (req),
                       min_tokens: 68 (req)
15:42:19.409 INFO:     #375 chat/completions (stream): 68 tokens generated at
                       184.5 T/s · prompt 71 tokens, none cached, 71 new in 0.07
                       s · first token 0.07 s, total 0.44 s · draft 39/87
                       accepted (45%) · max_tokens reached
15:42:19.447 INFO:     #376 chat/completions (stream): 828 prompt tokens ·
                       temperature: 0, greedy (req), max_tokens: 6 (req),
                       min_tokens: 6 (req)
15:42:19.759 INFO:     #376 chat/completions (stream): 6 tokens generated at
                       249.6 T/s · prompt 828 tokens, none cached, 828 new in
                       0.24 s (3,450 T/s) · first token 0.25 s, total 0.27 s ·
                       draft 4/6 accepted (67%) · max_tokens reached
15:42:19.792 INFO:     #377 chat/completions (stream): 93 prompt tokens ·
                       temperature: 0, greedy (req), max_tokens: 257 (req),
                       min_tokens: 257 (req)
15:42:20.794 INFO:     #373 chat/completions (stream): 483 tokens generated at
                       165.3 T/s · prompt 103 tokens, none cached, 103 new in
                       0.09 s · first token 0.17 s, total 3.09 s · draft 286/591
                       accepted (48%) · max_tokens reached
15:42:20.826 INFO:     #378 chat/completions (stream): 223 prompt tokens ·
                       temperature: 0, greedy (req), max_tokens: 96 (req),
                       min_tokens: 96 (req)
15:42:21.289 INFO:     #377 chat/completions (stream): 257 tokens generated at
                       188.0 T/s · prompt 93 tokens, none cached, 93 new in 0.08
                       s · first token 0.09 s, total 1.45 s · draft 157/300
                       accepted (52%) · max_tokens reached
15:42:21.323 INFO:     #379 chat/completions (stream): 542 prompt tokens ·
                       temperature: 0, greedy (req), max_tokens: 91 (req),
                       min_tokens: 91 (req)
15:42:21.632 INFO:     #378 chat/completions (stream): 96 tokens generated at
                       146.3 T/s · prompt 223 tokens, none cached, 223 new in
                       0.10 s · first token 0.11 s, total 0.76 s · draft 56/120
                       accepted (47%) · max_tokens reached
15:42:21.664 INFO:     #380 chat/completions (stream): 99 prompt tokens ·
                       temperature: 0, greedy (req), max_tokens: 413 (req),
                       min_tokens: 413 (req)
15:42:22.163 INFO:     #379 chat/completions (stream): 91 tokens generated at
                       147.8 T/s · prompt 542 tokens, none cached, 542 new in
                       0.18 s (3,011 T/s) · first token 0.18 s, total 0.80 s ·
                       draft 48/129 accepted (37%) · max_tokens reached
15:42:22.196 INFO:     #381 chat/completions (stream): 382 prompt tokens ·
                       temperature: 0, greedy (req), max_tokens: 794 (req),
                       min_tokens: 794 (req)
15:42:23.967 INFO:     #380 chat/completions (stream): 413 tokens generated at
                       190.5 T/s · prompt 99 tokens, none cached, 99 new in 0.09
                       s · first token 0.09 s, total 2.26 s · draft 258/465
                       accepted (55%) · max_tokens reached
15:42:24.001 INFO:     #382 chat/completions (stream): 470 prompt tokens ·
                       temperature: 0, greedy (req), max_tokens: 7 (req),
                       min_tokens: 7 (req)
15:42:24.327 INFO:     #382 chat/completions (stream): 7 tokens generated at
                       263.9 T/s · prompt 470 tokens, none cached, 470 new in
                       0.25 s (1,880 T/s) · first token 0.26 s, total 0.28 s ·
                       draft 5/6 accepted (83%) · max_tokens reached
15:42:24.364 INFO:     #383 chat/completions (stream): 74 prompt tokens ·
                       temperature: 0, greedy (req), max_tokens: 535 (req),
                       min_tokens: 535 (req)
15:42:26.532 INFO:     #381 chat/completions (stream): 794 tokens generated at
                       195.5 T/s · prompt 382 tokens, none cached, 382 new in
                       0.23 s (1,661 T/s) · first token 0.23 s, total 4.30 s ·
                       draft 505/867 accepted (58%) · max_tokens reached
15:42:26.566 INFO:     #384 chat/completions (stream): 787 prompt tokens ·
                       temperature: 0, greedy (req), max_tokens: 9 (req),
                       min_tokens: 9 (req)
15:42:26.859 INFO:     #384 chat/completions (stream): 9 tokens generated at
                       241.1 T/s · prompt 787 tokens, none cached, 787 new in
                       0.21 s (3,748 T/s) · first token 0.22 s, total 0.25 s ·
                       draft 6/9 accepted (67%) · max_tokens reached
15:42:26.891 INFO:     #385 chat/completions (stream): 87 prompt tokens ·
                       temperature: 0, greedy (req), max_tokens: 696 (req),
                       min_tokens: 696 (req)
15:42:27.645 INFO:     #383 chat/completions (stream): 535 tokens generated at
                       169.7 T/s · prompt 74 tokens, none cached, 74 new in 0.08
                       s · first token 0.09 s, total 3.24 s · draft 315/660
                       accepted (48%) · max_tokens reached
15:42:27.680 INFO:     #386 chat/completions (stream): 307 prompt tokens ·
                       temperature: 0, greedy (req), max_tokens: 204 (req),
                       min_tokens: 204 (req)
15:42:28.765 INFO:     #386 chat/completions (stream): 204 tokens generated at
                       241.4 T/s · prompt 307 tokens, none cached, 307 new in
                       0.19 s (1,616 T/s) · first token 0.20 s, total 1.04 s ·
                       draft 138/198 accepted (70%) · max_tokens reached
15:42:28.797 INFO:     #387 chat/completions (stream): 68 prompt tokens ·
                       temperature: 0, greedy (req), max_tokens: 367 (req),
                       min_tokens: 367 (req)
15:42:30.801 INFO:     #387 chat/completions (stream): 367 tokens generated at
                       194.8 T/s · prompt 68 tokens, none cached, 68 new in 0.07
                       s · first token 0.08 s, total 1.96 s · draft 219/444
                       accepted (49%) · max_tokens reached
15:42:30.834 INFO:     #388 chat/completions (stream): 245 prompt tokens ·
                       temperature: 0, greedy (req), max_tokens: 9 (req),
                       min_tokens: 9 (req)
15:42:31.027 INFO:     #388 chat/completions (stream): 9 tokens generated at
                       244.4 T/s · prompt 245 tokens, none cached, 245 new in
                       0.11 s · first token 0.12 s, total 0.15 s · draft 6/9
                       accepted (67%) · max_tokens reached
15:42:31.059 INFO:     #389 chat/completions (stream): 330 prompt tokens ·
                       temperature: 0, greedy (req), max_tokens: 8 (req),
                       min_tokens: 8 (req)
15:42:31.348 INFO:     #389 chat/completions (stream): 8 tokens generated at
                       160.5 T/s · prompt 330 tokens, none cached, 330 new in
                       0.21 s (1,571 T/s) · first token 0.21 s, total 0.26 s ·
                       draft 4/12 accepted (33%) · max_tokens reached
15:42:31.350 INFO:     #385 chat/completions (stream): 696 tokens generated at
                       159.6 T/s · prompt 87 tokens, none cached, 87 new in 0.08
                       s · first token 0.09 s, total 4.45 s · draft 395/903
                       accepted (44%) · max_tokens reached
15:42:31.352 INFO:     #390 chat/completions (stream): 64 prompt tokens ·
                       temperature: 0, greedy (req), max_tokens: 10 (req),
                       min_tokens: 10 (req)
15:42:31.354 INFO:     #391 chat/completions (stream): 436 prompt tokens ·
                       temperature: 0, greedy (req), max_tokens: 44 (req),
                       min_tokens: 44 (req)
15:42:31.726 INFO:     #390 chat/completions (stream): 10 tokens generated at
                       77.4 T/s · prompt 64 tokens, none cached, 64 new in 0.19
                       s · first token 0.20 s, total 0.33 s · draft 7/9 accepted
                       (78%) · max_tokens reached
15:42:31.759 INFO:     #392 chat/completions (stream): 435 prompt tokens ·
                       temperature: 0, greedy (req), max_tokens: 79 (req),
                       min_tokens: 79 (req)
15:42:32.130 INFO:     #391 chat/completions (stream): 44 tokens generated at
                       102.8 T/s · prompt 436 tokens, none cached, 436 new in
                       0.23 s (1,896 T/s) · first token 0.31 s, total 0.74 s ·
                       draft 26/54 accepted (48%) · max_tokens reached
15:42:32.163 INFO:     #394 chat/completions (stream): 94 prompt tokens ·
                       temperature: 0, greedy (req), max_tokens: 246 (req),
                       min_tokens: 246 (req)
15:42:32.424 INFO:     #392 chat/completions (stream): 79 tokens generated at
                       200.3 T/s · prompt 435 tokens, none cached, 435 new in
                       0.22 s (1,977 T/s) · first token 0.23 s, total 0.62 s ·
                       draft 54/75 accepted (72%) · max_tokens reached
15:42:32.456 INFO:     #395 chat/completions (stream): 63 prompt tokens ·
                       temperature: 0, greedy (req), max_tokens: 265 (req),
                       min_tokens: 265 (req)
15:42:33.565 INFO:     #394 chat/completions (stream): 246 tokens generated at
                       193.8 T/s · prompt 94 tokens, none cached, 94 new in 0.09
                       s · first token 0.09 s, total 1.36 s · draft 152/282
                       accepted (54%) · max_tokens reached
15:42:33.597 INFO:     #396 chat/completions (stream): 154 prompt tokens ·
                       temperature: 0, greedy (req), max_tokens: 385 (req),
                       min_tokens: 385 (req)
15:42:34.173 INFO:     #395 chat/completions (stream): 265 tokens generated at
                       165.6 T/s · prompt 63 tokens, none cached, 63 new in 0.07
                       s · first token 0.07 s, total 1.68 s · draft 146/357
                       accepted (41%) · max_tokens reached
15:42:34.205 INFO:     #397 chat/completions (stream): 61 prompt tokens ·
                       temperature: 0, greedy (req), max_tokens: 128 (req),
                       min_tokens: 128 (req)
15:42:34.924 INFO:     #397 chat/completions (stream): 128 tokens generated at
                       211.6 T/s · prompt 61 tokens, none cached, 61 new in 0.07
                       s · first token 0.08 s, total 0.68 s · draft 82/138
                       accepted (59%) · max_tokens reached
15:42:34.958 INFO:     #398 chat/completions (stream): 442 prompt tokens ·
                       temperature: 0, greedy (req), max_tokens: 153 (req),
                       min_tokens: 153 (req)
15:42:36.002 INFO:     #398 chat/completions (stream): 153 tokens generated at
                       196.1 T/s · prompt 442 tokens, none cached, 442 new in
                       0.21 s (2,105 T/s) · first token 0.22 s, total 1.00 s ·
                       draft 92/183 accepted (50%) · max_tokens reached
15:42:36.005 INFO:     #399 chat/completions (stream): 116 prompt tokens ·
                       temperature: 0, greedy (req), max_tokens: 276 (req),
                       min_tokens: 276 (req)
15:42:36.005 INFO:     #396 chat/completions (stream): 385 tokens generated at
                       166.8 T/s · prompt 154 tokens, none cached, 154 new in
                       0.09 s · first token 0.10 s, total 2.40 s · draft 224/483
                       accepted (46%) · max_tokens reached
15:42:36.148 INFO:     #400 chat/completions (stream): 213 prompt tokens ·
                       temperature: 0, greedy (req), max_tokens: 7 (req),
                       min_tokens: 7 (req)
15:42:36.317 INFO:     #400 chat/completions (stream): 7 tokens generated at
                       285.6 T/s · prompt 213 tokens, none cached, 213 new in
                       0.10 s · first token 0.10 s, total 0.13 s · draft 5/6
                       accepted (83%) · max_tokens reached
15:42:36.348 INFO:     #401 chat/completions (stream): 62 prompt tokens ·
                       temperature: 0, greedy (req), max_tokens: 342 (req),
                       min_tokens: 342 (req)
15:42:37.572 INFO:     #399 chat/completions (stream): 276 tokens generated at
                       193.7 T/s · prompt 116 tokens, none cached, 116 new in
                       0.09 s · first token 0.10 s, total 1.52 s · draft 177/297
                       accepted (60%) · max_tokens reached
15:42:37.606 INFO:     #402 chat/completions (stream): 457 prompt tokens ·
                       temperature: 0, greedy (req), max_tokens: 24 (req),
                       min_tokens: 24 (req)
15:42:37.907 INFO:     #401 chat/completions (stream): 342 tokens generated at
                       237.0 T/s · prompt 62 tokens, none cached, 62 new in 0.07
                       s · first token 0.07 s, total 1.52 s · draft 246/288
                       accepted (85%) · max_tokens reached
15:42:37.933 INFO:     #403 chat/completions (stream): 145 prompt tokens ·
                       temperature: 0, greedy (req), max_tokens: 9 (req),
                       min_tokens: 9 (req)
15:42:38.062 INFO:     #402 chat/completions (stream): 24 tokens generated at
                       273.8 T/s · prompt 457 tokens, none cached, 457 new in
                       0.23 s (1,987 T/s) · first token 0.24 s, total 0.32 s ·
                       draft 16/24 accepted (67%) · max_tokens reached
15:42:38.076 INFO:     #404 chat/completions (stream): 90 prompt tokens ·
                       temperature: 0, greedy (req), max_tokens: 196 (req),
                       min_tokens: 196 (req)
15:42:38.176 INFO:     #403 chat/completions (stream): 9 tokens generated at
                       298.7 T/s · prompt 145 tokens, none cached, 145 new in
                       0.10 s · first token 0.11 s, total 0.14 s · draft 6/9
                       accepted (67%) · max_tokens reached
15:42:38.210 INFO:     #405 chat/completions (stream): 73 prompt tokens ·
                       temperature: 0, greedy (req), max_tokens: 491 (req),
                       min_tokens: 491 (req)
15:42:39.244 INFO:     #404 chat/completions (stream): 196 tokens generated at
                       189.1 T/s · prompt 90 tokens, none cached, 90 new in 0.09
                       s · first token 0.09 s, total 1.13 s · draft 120/228
                       accepted (53%) · max_tokens reached
15:42:39.276 INFO:     #406 chat/completions (stream): 59 prompt tokens ·
                       temperature: 0, greedy (req), max_tokens: 169 (req),
                       min_tokens: 169 (req)
15:42:40.039 INFO:     #406 chat/completions (stream): 169 tokens generated at
                       261.2 T/s · prompt 59 tokens, none cached, 59 new in 0.07
                       s · first token 0.08 s, total 0.72 s · draft 119/150
                       accepted (79%) · max_tokens reached
15:42:40.073 INFO:     #407 chat/completions (stream): 566 prompt tokens ·
                       temperature: 0, greedy (req), max_tokens: 21 (req),
                       min_tokens: 21 (req)
15:42:40.449 INFO:     #407 chat/completions (stream): 21 tokens generated at
                       209.8 T/s · prompt 566 tokens, none cached, 566 new in
                       0.22 s (2,573 T/s) · first token 0.23 s, total 0.33 s ·
                       draft 13/24 accepted (54%) · max_tokens reached
15:42:40.482 INFO:     #408 chat/completions (stream): 179 prompt tokens ·
                       temperature: 0, greedy (req), max_tokens: 263 (req),
                       min_tokens: 263 (req)
15:42:41.000 INFO:     #405 chat/completions (stream): 491 tokens generated at
                       183.8 T/s · prompt 73 tokens, none cached, 73 new in 0.07
                       s · first token 0.07 s, total 2.75 s · draft 309/546
                       accepted (57%) · max_tokens reached
15:42:41.035 INFO:     #409 chat/completions (stream): 1,070 prompt tokens ·
                       temperature: 0, greedy (req), max_tokens: 168 (req),
                       min_tokens: 168 (req)
15:42:42.033 INFO:     #408 chat/completions (stream): 263 tokens generated at
                       186.5 T/s · prompt 179 tokens, none cached, 179 new in
                       0.09 s · first token 0.10 s, total 1.51 s · draft 171/276
                       accepted (62%) · max_tokens reached
15:42:42.066 INFO:     #410 chat/completions (stream): 225 prompt tokens ·
                       temperature: 0, greedy (req), max_tokens: 232 (req),
                       min_tokens: 232 (req)
15:42:42.242 INFO:     #409 chat/completions (stream): 168 tokens generated at
                       187.1 T/s · prompt 1,070 tokens, none cached, 1,070 new
                       in 0.26 s (4,115 T/s) · first token 0.26 s, total 1.16 s
                       · draft 105/189 accepted (56%) · max_tokens reached
15:42:42.275 INFO:     #411 chat/completions (stream): 489 prompt tokens ·
                       temperature: 0, greedy (req), max_tokens: 205 (req),
                       min_tokens: 205 (req)
15:42:43.588 INFO:     #410 chat/completions (stream): 232 tokens generated at
                       169.5 T/s · prompt 225 tokens, none cached, 225 new in
                       0.11 s · first token 0.12 s, total 1.48 s · draft 143/267
                       accepted (54%) · max_tokens reached
15:42:43.621 INFO:     #412 chat/completions (stream): 64 prompt tokens ·
                       temperature: 0, greedy (req), max_tokens: 66 (req),
                       min_tokens: 66 (req)
15:42:43.750 INFO:     #411 chat/completions (stream): 205 tokens generated at
                       177.1 T/s · prompt 489 tokens, none cached, 489 new in
                       0.27 s (1,811 T/s) · first token 0.27 s, total 1.43 s ·
                       draft 118/261 accepted (45%) · max_tokens reached
15:42:43.783 INFO:     #413 chat/completions (stream): 113 prompt tokens ·
                       temperature: 0, greedy (req), max_tokens: 352 (req),
                       min_tokens: 352 (req)
15:42:44.108 INFO:     #412 chat/completions (stream): 66 tokens generated at
                       178.6 T/s · prompt 64 tokens, none cached, 64 new in 0.07
                       s · first token 0.08 s, total 0.45 s · draft 43/69
                       accepted (62%) · max_tokens reached
15:42:44.142 INFO:     #414 chat/completions (stream): 447 prompt tokens ·
                       temperature: 0, greedy (req), max_tokens: 792 (req),
                       min_tokens: 792 (req)
15:42:45.935 INFO:     #413 chat/completions (stream): 352 tokens generated at
                       174.8 T/s · prompt 113 tokens, none cached, 113 new in
                       0.09 s · first token 0.09 s, total 2.11 s · draft 209/429
                       accepted (49%) · max_tokens reached
15:42:45.967 INFO:     #415 chat/completions (stream): 397 prompt tokens ·
                       temperature: 0, greedy (req), max_tokens: 5 (req),
                       min_tokens: 5 (req)
15:42:46.267 INFO:     #415 chat/completions (stream): 5 tokens generated at
                       202.8 T/s · prompt 397 tokens, none cached, 397 new in
                       0.23 s (1,726 T/s) · first token 0.24 s, total 0.26 s ·
                       draft 3/6 accepted (50%) · max_tokens reached
15:42:46.299 INFO:     #416 chat/completions (stream): 64 prompt tokens ·
                       temperature: 0, greedy (req), max_tokens: 34 (req),
                       min_tokens: 34 (req)
15:42:46.565 INFO:     #416 chat/completions (stream): 34 tokens generated at
                       227.8 T/s · prompt 64 tokens, none cached, 64 new in 0.07
                       s · first token 0.07 s, total 0.22 s · draft 22/36
                       accepted (61%) · max_tokens reached
15:42:46.599 INFO:     #417 chat/completions (stream): 746 prompt tokens ·
                       temperature: 0, greedy (req), max_tokens: 9 (req),
                       min_tokens: 9 (req)
15:42:46.934 INFO:     #417 chat/completions (stream): 9 tokens generated at
                       243.6 T/s · prompt 746 tokens, none cached, 746 new in
                       0.25 s (2,984 T/s) · first token 0.25 s, total 0.29 s ·
                       draft 6/9 accepted (67%) · max_tokens reached
15:42:46.966 INFO:     #418 chat/completions (stream): 123 prompt tokens ·
                       temperature: 0, greedy (req), max_tokens: 129 (req),
                       min_tokens: 129 (req)
15:42:47.653 INFO:     #418 chat/completions (stream): 129 tokens generated at
                       236.8 T/s · prompt 123 tokens, none cached, 123 new in
                       0.10 s · first token 0.10 s, total 0.65 s · draft 87/126
                       accepted (69%) · max_tokens reached
15:42:47.685 INFO:     #420 chat/completions (stream): 159 prompt tokens ·
                       temperature: 0, greedy (req), max_tokens: 67 (req),
                       min_tokens: 67 (req)
15:42:48.127 INFO:     #420 chat/completions (stream): 67 tokens generated at
                       219.5 T/s · prompt 159 tokens, none cached, 159 new in
                       0.09 s · first token 0.10 s, total 0.40 s · draft 43/72
                       accepted (60%) · max_tokens reached
15:42:48.160 INFO:     #421 chat/completions (stream): 207 prompt tokens ·
                       temperature: 0, greedy (req), max_tokens: 123 (req),
                       min_tokens: 123 (req)
15:42:48.658 INFO:     #414 chat/completions (stream): 792 tokens generated at
                       186.4 T/s · prompt 447 tokens, none cached, 447 new in
                       0.22 s (2,032 T/s) · first token 0.23 s, total 4.47 s ·
                       draft 517/825 accepted (63%) · max_tokens reached
15:42:48.692 INFO:     #422 chat/completions (stream): 516 prompt tokens ·
                       temperature: 0, greedy (req), max_tokens: 39 (req),
                       min_tokens: 39 (req)
15:42:49.073 INFO:     #422 chat/completions (stream): 39 tokens generated at
                       222.4 T/s · prompt 516 tokens, none cached, 516 new in
                       0.16 s (3,225 T/s) · first token 0.17 s, total 0.34 s ·
                       draft 25/42 accepted (60%) · max_tokens reached
15:42:49.093 INFO:     #423 chat/completions (stream): 726 prompt tokens ·
                       temperature: 0, greedy (req), max_tokens: 98 (req),
                       min_tokens: 98 (req)
15:42:49.242 INFO:     #421 chat/completions (stream): 123 tokens generated at
                       150.8 T/s · prompt 207 tokens, none cached, 207 new in
                       0.10 s · first token 0.10 s, total 0.92 s · draft 68/165
                       accepted (41%) · max_tokens reached
15:42:49.384 INFO:     #424 chat/completions (stream): 536 prompt tokens ·
                       temperature: 0, greedy (req), max_tokens: 8 (req),
                       min_tokens: 8 (req)
15:42:49.674 INFO:     #424 chat/completions (stream): 8 tokens generated at
                       215.2 T/s · prompt 536 tokens, none cached, 536 new in
                       0.21 s (2,552 T/s) · first token 0.22 s, total 0.25 s ·
                       draft 5/9 accepted (56%) · max_tokens reached
15:42:49.706 INFO:     #425 chat/completions (stream): 102 prompt tokens ·
                       temperature: 0, greedy (req), max_tokens: 222 (req),
                       min_tokens: 222 (req)
15:42:50.144 INFO:     #423 chat/completions (stream): 98 tokens generated at
                       129.9 T/s · prompt 726 tokens, none cached, 726 new in
                       0.25 s (2,904 T/s) · first token 0.26 s, total 1.01 s ·
                       draft 60/114 accepted (53%) · max_tokens reached
15:42:50.176 INFO:     #426 chat/completions (stream): 67 prompt tokens ·
                       temperature: 0, greedy (req), max_tokens: 425 (req),
                       min_tokens: 425 (req)
15:42:50.913 INFO:     #425 chat/completions (stream): 222 tokens generated at
                       207.7 T/s · prompt 102 tokens, none cached, 102 new in
                       0.09 s · first token 0.09 s, total 1.16 s · draft 143/237
                       accepted (60%) · max_tokens reached
15:42:50.947 INFO:     #427 chat/completions (stream): 677 prompt tokens ·
                       temperature: 0, greedy (req), max_tokens: 420 (req),
                       min_tokens: 420 (req)
15:42:53.063 INFO:     #426 chat/completions (stream): 425 tokens generated at
                       153.6 T/s · prompt 67 tokens, none cached, 67 new in 0.07
                       s · first token 0.07 s, total 2.84 s · draft 227/594
                       accepted (38%) · max_tokens reached
15:42:53.240 INFO:     #427 chat/completions (stream): 420 tokens generated at
                       205.6 T/s · prompt 677 tokens, none cached, 677 new in
                       0.24 s (2,821 T/s) · first token 0.25 s, total 2.29 s ·
                       draft 257/489 accepted (53%) · max_tokens reached
