16:15:48.097 INFO:     Sampler preset "qwen38_thinking": temperature 0.6, top_k
                       20, top_p 0.95
16:15:48.136 INFO:     exllamav3 version: 1.5.2
16:15:49.479 INFO:     Using main model MTP component for drafting
16:15:49.500 INFO:     Context: max_seq_len 262,144 tokens (configured),
                       cache_size 901,120 tokens
16:15:49.547 INFO:     Using tool format: qwen3_coder
16:15:49.547 INFO:     Using template "chat_template" for chat completions.
16:15:51.751 INFO:     Loading model
                       /models/qwen3.8-flash-next-exl3-2.50bpw-r0b0tlab (manual
                       GPU split)
Loading vision modules ━━━━━━━━━━━━━━━━━━━━━━━━━━━━━━━━━━━━━━ 100% 30/30 0:00:00
Loading draft modules  ━━━━━━━━━━━━━━━━━━━━━━━━━━━━━━━━━━━━━━ 100% 3/3   0:00:00
Loading model modules  ━━━━━━━━━━━━━━━━━━━━━━━━━━━━━━━━━━━━━━ 100% 53/53 0:00:00
EXL3_EMBED_GPU_PRUNED=1: embedding mirror 65536 of 248320 rows (320.0 MiB, prefix) on cuda:1
16:16:02.401 INFO:     Model loaded in 12.9 s

16:16:02.401 WARNING:  Disabling authentication makes your instance vulnerable.
                       Set the `disable_auth` flag to False in config.yml if you
                       want to share this instance with others.
16:16:02.401 WARNING:  With authentication disabled and `allowed_origins` left
                       at ["*"], any website open in a browser on this machine
                       can send requests to this instance and read the
                       responses, including admin endpoints. Set
                       `network.allowed_origins` to your own frontends (or [])
                       unless you use a browser-based frontend that needs it.
16:16:02.402 INFO:     Serving OAI API on http://0.0.0.0:8022 (docs at
                       http://0.0.0.0:8022/redoc)
16:16:02.985 INFO:     #3 completions: 3 prompt tokens · temperature: 0, greedy
                       (req), max_tokens: 16 (req)
densegemm lcguard: device 1: dense calls on the QSA side branch use the side scratch (hctr upper half, side slots)
densegemm lcguard: device 0: dense calls on the QSA side branch use the side scratch (hctr upper half, side slots)
16:16:03.336 INFO:     #3 completions: 16 tokens generated at 107.4 T/s · prompt
                       3 tokens, none cached, 3 new in 0.19 s · first token 0.20
                       s, total 0.35 s · draft 7/27 accepted (26%) · max_tokens
                       reached
16:16:03.731 INFO:     #5 chat/completions: 74 prompt tokens · temperature: 0,
                       greedy (req), max_tokens: 64 (req), min_tokens: 64 (req)
16:16:04.099 INFO:     #5 chat/completions: 64 tokens generated at 265.4 T/s ·
                       prompt 74 tokens, none cached, 74 new in 0.12 s · first
                       token 0.12 s, total 0.37 s · draft 41/69 accepted (59%) ·
                       max_tokens reached
16:16:17.444 INFO:     #9 chat/completions (stream): 737 prompt tokens ·
                       temperature: 0, greedy (req), max_tokens: 49 (req),
                       min_tokens: 49 (req)
16:16:17.945 INFO:     #9 chat/completions (stream): 49 tokens generated at
                       260.5 T/s · prompt 737 tokens, none cached, 737 new in
                       0.31 s (2,377 T/s) · first token 0.32 s, total 0.50 s ·
                       draft 31/54 accepted (57%) · max_tokens reached
16:16:17.949 INFO:     #10 chat/completions (stream): 927 prompt tokens ·
                       temperature: 0, greedy (req), max_tokens: 165 (req),
                       min_tokens: 165 (req)
16:16:18.829 INFO:     #10 chat/completions (stream): 165 tokens generated at
                       297.2 T/s · prompt 927 tokens, none cached, 927 new in
                       0.32 s (2,897 T/s) · first token 0.32 s, total 0.88 s ·
                       draft 112/159 accepted (70%) · max_tokens reached
16:16:18.831 INFO:     #11 chat/completions (stream): 133 prompt tokens ·
                       temperature: 0, greedy (req), max_tokens: 188 (req),
                       min_tokens: 188 (req)
16:16:19.678 INFO:     #11 chat/completions (stream): 188 tokens generated at
                       256.6 T/s · prompt 133 tokens, none cached, 133 new in
                       0.11 s · first token 0.11 s, total 0.85 s · draft 119/207
                       accepted (57%) · max_tokens reached
16:16:19.680 INFO:     #12 chat/completions (stream): 218 prompt tokens ·
                       temperature: 0, greedy (req), max_tokens: 783 (req),
                       min_tokens: 783 (req)
16:16:22.932 INFO:     #12 chat/completions (stream): 783 tokens generated at
                       249.5 T/s · prompt 218 tokens, none cached, 218 new in
                       0.11 s · first token 0.11 s, total 3.25 s · draft 482/903
                       accepted (53%) · max_tokens reached
16:16:22.935 INFO:     #13 chat/completions (stream): 291 prompt tokens ·
                       temperature: 0, greedy (req), max_tokens: 400 (req),
                       min_tokens: 400 (req)
16:16:24.599 INFO:     #13 chat/completions (stream): 400 tokens generated at
                       274.8 T/s · prompt 291 tokens, none cached, 291 new in
                       0.20 s (1,455 T/s) · first token 0.20 s, total 1.66 s ·
                       draft 266/402 accepted (66%) · max_tokens reached
16:16:24.602 INFO:     #14 chat/completions (stream): 57 prompt tokens ·
                       temperature: 0, greedy (req), max_tokens: 275 (req),
                       min_tokens: 275 (req)
16:16:25.765 INFO:     #14 chat/completions (stream): 275 tokens generated at
                       254.0 T/s · prompt 57 tokens, none cached, 57 new in 0.07
                       s · first token 0.08 s, total 1.16 s · draft 174/303
                       accepted (57%) · max_tokens reached
16:16:25.768 INFO:     #15 chat/completions (stream): 343 prompt tokens ·
                       temperature: 0, greedy (req), max_tokens: 41 (req),
                       min_tokens: 41 (req)
16:16:26.188 INFO:     #15 chat/completions (stream): 41 tokens generated at
                       211.5 T/s · prompt 343 tokens, none cached, 343 new in
                       0.22 s (1,559 T/s) · first token 0.22 s, total 0.42 s ·
                       draft 22/57 accepted (39%) · max_tokens reached
16:16:26.191 INFO:     #16 chat/completions (stream): 234 prompt tokens ·
                       temperature: 0, greedy (req), max_tokens: 536 (req),
                       min_tokens: 536 (req)
16:16:28.396 INFO:     #16 chat/completions (stream): 536 tokens generated at
                       256.7 T/s · prompt 234 tokens, none cached, 234 new in
                       0.11 s · first token 0.11 s, total 2.20 s · draft 335/603
                       accepted (56%) · max_tokens reached
16:16:28.398 INFO:     #17 chat/completions (stream): 75 prompt tokens ·
                       temperature: 0, greedy (req), max_tokens: 234 (req),
                       min_tokens: 234 (req)
16:16:29.362 INFO:     #17 chat/completions (stream): 234 tokens generated at
                       273.1 T/s · prompt 75 tokens, none cached, 75 new in 0.10
                       s · first token 0.10 s, total 0.96 s · draft 151/249
                       accepted (61%) · max_tokens reached
16:16:29.365 INFO:     #18 chat/completions (stream): 256 prompt tokens ·
                       temperature: 0, greedy (req), max_tokens: 85 (req),
                       min_tokens: 85 (req)
16:16:29.767 INFO:     #18 chat/completions (stream): 85 tokens generated at
                       306.0 T/s · prompt 256 tokens, none cached, 256 new in
                       0.12 s (2,133 T/s) · first token 0.12 s, total 0.40 s ·
                       draft 58/81 accepted (72%) · max_tokens reached
16:16:29.769 INFO:     #19 chat/completions (stream): 292 prompt tokens ·
                       temperature: 0, greedy (req), max_tokens: 46 (req),
                       min_tokens: 46 (req)
16:16:30.144 INFO:     #19 chat/completions (stream): 46 tokens generated at
                       248.2 T/s · prompt 292 tokens, none cached, 292 new in
                       0.18 s (1,622 T/s) · first token 0.18 s, total 0.37 s ·
                       draft 28/54 accepted (52%) · max_tokens reached
16:16:30.146 INFO:     #20 chat/completions (stream): 68 prompt tokens ·
                       temperature: 0, greedy (req), max_tokens: 335 (req),
                       min_tokens: 335 (req)
16:16:31.825 INFO:     #20 chat/completions (stream): 335 tokens generated at
                       209.7 T/s · prompt 68 tokens, none cached, 68 new in 0.08
                       s · first token 0.08 s, total 1.68 s · draft 181/462
                       accepted (39%) · max_tokens reached
16:16:31.828 INFO:     #21 chat/completions (stream): 183 prompt tokens ·
                       temperature: 0, greedy (req), max_tokens: 818 (req),
                       min_tokens: 818 (req)
16:16:35.304 INFO:     #21 chat/completions (stream): 818 tokens generated at
                       242.5 T/s · prompt 183 tokens, none cached, 183 new in
                       0.10 s · first token 0.10 s, total 3.48 s · draft 493/975
                       accepted (51%) · max_tokens reached
16:16:35.307 INFO:     #23 chat/completions (stream): 608 prompt tokens ·
                       temperature: 0, greedy (req), max_tokens: 12 (req),
                       min_tokens: 12 (req)
16:16:35.592 INFO:     #23 chat/completions (stream): 12 tokens generated at
                       290.5 T/s · prompt 608 tokens, none cached, 608 new in
                       0.24 s (2,533 T/s) · first token 0.25 s, total 0.29 s ·
                       draft 8/12 accepted (67%) · max_tokens reached
16:16:35.595 INFO:     #24 chat/completions (stream): 423 prompt tokens ·
                       temperature: 0, greedy (req), max_tokens: 72 (req),
                       min_tokens: 72 (req)
16:16:36.124 INFO:     #24 chat/completions (stream): 72 tokens generated at
                       239.6 T/s · prompt 423 tokens, none cached, 423 new in
                       0.22 s (1,923 T/s) · first token 0.22 s, total 0.53 s ·
                       draft 43/87 accepted (49%) · max_tokens reached
16:16:36.127 INFO:     #25 chat/completions (stream): 414 prompt tokens ·
                       temperature: 0, greedy (req), max_tokens: 8 (req),
                       min_tokens: 8 (req)
16:16:36.376 INFO:     #25 chat/completions (stream): 8 tokens generated at
                       403.8 T/s · prompt 414 tokens, none cached, 414 new in
                       0.22 s (1,882 T/s) · first token 0.22 s, total 0.24 s ·
                       draft 6/6 accepted (100%) · max_tokens reached
16:16:36.378 INFO:     #26 chat/completions (stream): 69 prompt tokens ·
                       temperature: 0, greedy (req), max_tokens: 58 (req),
                       min_tokens: 58 (req)
16:16:36.666 INFO:     #26 chat/completions (stream): 58 tokens generated at
                       283.1 T/s · prompt 69 tokens, none cached, 69 new in 0.08
                       s · first token 0.08 s, total 0.29 s · draft 38/60
                       accepted (63%) · max_tokens reached
16:16:36.668 INFO:     #27 chat/completions (stream): 352 prompt tokens ·
                       temperature: 0, greedy (req), max_tokens: 38 (req),
                       min_tokens: 38 (req)
16:16:37.036 INFO:     #27 chat/completions (stream): 38 tokens generated at
                       263.8 T/s · prompt 352 tokens, none cached, 352 new in
                       0.22 s (1,600 T/s) · first token 0.22 s, total 0.37 s ·
                       draft 24/42 accepted (57%) · max_tokens reached
16:16:37.038 INFO:     #28 chat/completions (stream): 58 prompt tokens ·
                       temperature: 0, greedy (req), max_tokens: 306 (req),
                       min_tokens: 306 (req)
16:16:38.542 INFO:     #28 chat/completions (stream): 306 tokens generated at
                       213.9 T/s · prompt 58 tokens, none cached, 58 new in 0.07
                       s · first token 0.07 s, total 1.50 s · draft 167/417
                       accepted (40%) · max_tokens reached
16:16:38.544 INFO:     #29 chat/completions (stream): 63 prompt tokens ·
                       temperature: 0, greedy (req), max_tokens: 286 (req),
                       min_tokens: 286 (req)
16:16:39.665 INFO:     #29 chat/completions (stream): 286 tokens generated at
                       273.6 T/s · prompt 63 tokens, none cached, 63 new in 0.07
                       s · first token 0.07 s, total 1.12 s · draft 185/303
                       accepted (61%) · max_tokens reached
16:16:39.669 INFO:     #30 chat/completions (stream): 498 prompt tokens ·
                       temperature: 0, greedy (req), max_tokens: 30 (req),
                       min_tokens: 30 (req)
16:16:40.031 INFO:     #30 chat/completions (stream): 30 tokens generated at
                       261.5 T/s · prompt 498 tokens, none cached, 498 new in
                       0.24 s (2,075 T/s) · first token 0.24 s, total 0.36 s ·
                       draft 19/33 accepted (58%) · max_tokens reached
16:16:40.034 INFO:     #31 chat/completions (stream): 235 prompt tokens ·
                       temperature: 0, greedy (req), max_tokens: 47 (req),
                       min_tokens: 47 (req)
16:16:40.359 INFO:     #31 chat/completions (stream): 47 tokens generated at
                       224.8 T/s · prompt 235 tokens, none cached, 235 new in
                       0.11 s · first token 0.11 s, total 0.32 s · draft 27/60
                       accepted (45%) · max_tokens reached
16:16:40.364 INFO:     #32 chat/completions (stream): 927 prompt tokens ·
                       temperature: 0, greedy (req), max_tokens: 333 (req),
                       min_tokens: 333 (req)
16:16:42.012 INFO:     #32 chat/completions (stream): 333 tokens generated at
                       252.2 T/s · prompt 927 tokens, none cached, 927 new in
                       0.32 s (2,897 T/s) · first token 0.32 s, total 1.64 s ·
                       draft 206/381 accepted (54%) · max_tokens reached
16:16:42.015 INFO:     #33 chat/completions (stream): 303 prompt tokens ·
                       temperature: 0, greedy (req), max_tokens: 89 (req),
                       min_tokens: 89 (req)
16:16:42.589 INFO:     #33 chat/completions (stream): 89 tokens generated at
                       238.5 T/s · prompt 303 tokens, none cached, 303 new in
                       0.19 s (1,595 T/s) · first token 0.19 s, total 0.57 s ·
                       draft 54/105 accepted (51%) · max_tokens reached
16:16:42.592 INFO:     #34 chat/completions (stream): 413 prompt tokens ·
                       temperature: 0, greedy (req), max_tokens: 8 (req),
                       min_tokens: 8 (req)
16:16:42.844 INFO:     #34 chat/completions (stream): 8 tokens generated at
                       257.9 T/s · prompt 413 tokens, none cached, 413 new in
                       0.21 s (1,967 T/s) · first token 0.22 s, total 0.25 s ·
                       draft 5/9 accepted (56%) · max_tokens reached
16:16:42.846 INFO:     #35 chat/completions (stream): 206 prompt tokens ·
                       temperature: 0, greedy (req), max_tokens: 271 (req),
                       min_tokens: 271 (req)
16:16:43.980 INFO:     #35 chat/completions (stream): 271 tokens generated at
                       266.6 T/s · prompt 206 tokens, none cached, 206 new in
                       0.11 s · first token 0.11 s, total 1.13 s · draft 174/291
                       accepted (60%) · max_tokens reached
16:16:43.982 INFO:     #36 chat/completions (stream): 180 prompt tokens ·
                       temperature: 0, greedy (req), max_tokens: 20 (req),
                       min_tokens: 20 (req)
16:16:44.161 INFO:     #36 chat/completions (stream): 20 tokens generated at
                       275.4 T/s · prompt 180 tokens, none cached, 180 new in
                       0.10 s · first token 0.10 s, total 0.18 s · draft 13/21
                       accepted (62%) · max_tokens reached
16:16:44.165 INFO:     #37 chat/completions (stream): 509 prompt tokens ·
                       temperature: 0, greedy (req), max_tokens: 22 (req),
                       min_tokens: 22 (req)
16:16:44.497 INFO:     #37 chat/completions (stream): 22 tokens generated at
                       265.2 T/s · prompt 509 tokens, none cached, 509 new in
                       0.24 s (2,121 T/s) · first token 0.24 s, total 0.33 s ·
                       draft 14/24 accepted (58%) · max_tokens reached
16:16:44.500 INFO:     #38 chat/completions (stream): 330 prompt tokens ·
                       temperature: 0, greedy (req), max_tokens: 19 (req),
                       min_tokens: 19 (req)
16:16:44.789 INFO:     #38 chat/completions (stream): 19 tokens generated at
                       262.3 T/s · prompt 330 tokens, none cached, 330 new in
                       0.21 s (1,571 T/s) · first token 0.21 s, total 0.29 s ·
                       draft 12/21 accepted (57%) · max_tokens reached
16:16:44.792 INFO:     #39 chat/completions (stream): 386 prompt tokens ·
                       temperature: 0, greedy (req), max_tokens: 26 (req),
                       min_tokens: 26 (req)
16:16:45.135 INFO:     #39 chat/completions (stream): 26 tokens generated at
                       250.1 T/s · prompt 386 tokens, none cached, 386 new in
                       0.23 s (1,678 T/s) · first token 0.23 s, total 0.34 s ·
                       draft 16/30 accepted (53%) · max_tokens reached
16:16:45.137 INFO:     #40 chat/completions (stream): 100 prompt tokens ·
                       temperature: 0, greedy (req), max_tokens: 136 (req),
                       min_tokens: 136 (req)
16:16:45.738 INFO:     #40 chat/completions (stream): 136 tokens generated at
                       270.7 T/s · prompt 100 tokens, none cached, 100 new in
                       0.09 s · first token 0.09 s, total 0.60 s · draft 88/144
                       accepted (61%) · max_tokens reached
16:16:45.740 INFO:     #41 chat/completions (stream): 76 prompt tokens ·
                       temperature: 0, greedy (req), max_tokens: 401 (req),
                       min_tokens: 401 (req)
16:16:47.470 INFO:     #41 chat/completions (stream): 401 tokens generated at
                       243.8 T/s · prompt 76 tokens, none cached, 76 new in 0.08
                       s · first token 0.08 s, total 1.73 s · draft 242/477
                       accepted (51%) · max_tokens reached
16:16:47.473 INFO:     #43 chat/completions (stream): 62 prompt tokens ·
                       temperature: 0, greedy (req), max_tokens: 155 (req),
                       min_tokens: 155 (req)
16:16:48.105 INFO:     #43 chat/completions (stream): 155 tokens generated at
                       279.0 T/s · prompt 62 tokens, none cached, 62 new in 0.07
                       s · first token 0.07 s, total 0.63 s · draft 101/162
                       accepted (62%) · max_tokens reached
16:16:48.107 INFO:     #44 chat/completions (stream): 73 prompt tokens ·
                       temperature: 0, greedy (req), max_tokens: 222 (req),
                       min_tokens: 222 (req)
16:16:49.078 INFO:     #44 chat/completions (stream): 222 tokens generated at
                       250.4 T/s · prompt 73 tokens, none cached, 73 new in 0.08
                       s · first token 0.08 s, total 0.97 s · draft 137/255
                       accepted (54%) · max_tokens reached
16:16:49.081 INFO:     #45 chat/completions (stream): 194 prompt tokens ·
                       temperature: 0, greedy (req), max_tokens: 201 (req),
                       min_tokens: 201 (req)
16:16:49.853 INFO:     #45 chat/completions (stream): 201 tokens generated at
                       302.7 T/s · prompt 194 tokens, none cached, 194 new in
                       0.10 s · first token 0.10 s, total 0.77 s · draft 137/192
                       accepted (71%) · max_tokens reached
16:16:49.856 INFO:     #46 chat/completions (stream): 656 prompt tokens ·
                       temperature: 0, greedy (req), max_tokens: 595 (req),
                       min_tokens: 595 (req)
16:16:51.820 INFO:     #46 chat/completions (stream): 595 tokens generated at
                       352.4 T/s · prompt 656 tokens, none cached, 656 new in
                       0.27 s (2,430 T/s) · first token 0.27 s, total 1.96 s ·
                       draft 432/489 accepted (88%) · max_tokens reached
16:16:51.823 INFO:     #47 chat/completions (stream): 73 prompt tokens ·
                       temperature: 0, greedy (req), max_tokens: 664 (req),
                       min_tokens: 664 (req)
16:16:54.606 INFO:     #47 chat/completions (stream): 664 tokens generated at
                       246.1 T/s · prompt 73 tokens, none cached, 73 new in 0.08
                       s · first token 0.09 s, total 2.78 s · draft 403/783
                       accepted (51%) · max_tokens reached
16:16:54.609 INFO:     #48 chat/completions (stream): 85 prompt tokens ·
                       temperature: 0, greedy (req), max_tokens: 50 (req),
                       min_tokens: 50 (req)
16:16:54.844 INFO:     #48 chat/completions (stream): 50 tokens generated at
                       348.3 T/s · prompt 85 tokens, none cached, 85 new in 0.08
                       s · first token 0.09 s, total 0.23 s · draft 36/42
                       accepted (86%) · max_tokens reached
16:16:54.846 INFO:     #49 chat/completions (stream): 75 prompt tokens ·
                       temperature: 0, greedy (req), max_tokens: 202 (req),
                       min_tokens: 202 (req)
16:16:55.840 INFO:     #49 chat/completions (stream): 202 tokens generated at
                       221.5 T/s · prompt 75 tokens, none cached, 75 new in 0.08
                       s · first token 0.08 s, total 1.00 s · draft 114/264
                       accepted (43%) · max_tokens reached
16:16:55.842 INFO:     #50 chat/completions (stream): 87 prompt tokens ·
                       temperature: 0, greedy (req), max_tokens: 683 (req),
                       min_tokens: 683 (req)
16:16:58.863 INFO:     #50 chat/completions (stream): 683 tokens generated at
                       233.1 T/s · prompt 87 tokens, none cached, 87 new in 0.08
                       s · first token 0.08 s, total 3.01 s · draft 401/846
                       accepted (47%) · max_tokens reached
16:16:58.867 INFO:     #51 chat/completions (stream): 796 prompt tokens ·
                       temperature: 0, greedy (req), max_tokens: 13 (req),
                       min_tokens: 13 (req)
16:16:59.119 INFO:     #51 chat/completions (stream): 13 tokens generated at
                       312.0 T/s · prompt 796 tokens, none cached, 796 new in
                       0.20 s (3,980 T/s) · first token 0.20 s, total 0.25 s ·
                       draft 9/12 accepted (75%) · max_tokens reached
16:16:59.122 INFO:     #52 chat/completions (stream): 349 prompt tokens ·
                       temperature: 0, greedy (req), max_tokens: 70 (req),
                       min_tokens: 70 (req)
16:16:59.601 INFO:     #52 chat/completions (stream): 70 tokens generated at
                       271.7 T/s · prompt 349 tokens, none cached, 349 new in
                       0.21 s (1,662 T/s) · first token 0.22 s, total 0.47 s ·
                       draft 45/75 accepted (60%) · max_tokens reached
16:16:59.604 INFO:     #53 chat/completions (stream): 345 prompt tokens ·
                       temperature: 0, greedy (req), max_tokens: 18 (req),
                       min_tokens: 18 (req)
16:16:59.901 INFO:     #53 chat/completions (stream): 18 tokens generated at
                       249.1 T/s · prompt 345 tokens, none cached, 345 new in
                       0.22 s (1,568 T/s) · first token 0.22 s, total 0.30 s ·
                       draft 11/21 accepted (52%) · max_tokens reached
16:16:59.903 INFO:     #54 chat/completions (stream): 353 prompt tokens ·
                       temperature: 0, greedy (req), max_tokens: 52 (req),
                       min_tokens: 52 (req)
16:17:00.306 INFO:     #54 chat/completions (stream): 52 tokens generated at
                       295.6 T/s · prompt 353 tokens, none cached, 353 new in
                       0.22 s (1,605 T/s) · first token 0.22 s, total 0.40 s ·
                       draft 35/51 accepted (69%) · max_tokens reached
16:17:00.308 INFO:     #55 chat/completions (stream): 75 prompt tokens ·
                       temperature: 0, greedy (req), max_tokens: 218 (req),
                       min_tokens: 218 (req)
16:17:01.090 INFO:     #55 chat/completions (stream): 218 tokens generated at
                       312.4 T/s · prompt 75 tokens, none cached, 75 new in 0.08
                       s · first token 0.08 s, total 0.78 s · draft 150/204
                       accepted (74%) · max_tokens reached
16:17:01.094 INFO:     #56 chat/completions (stream): 786 prompt tokens ·
                       temperature: 0, greedy (req), max_tokens: 792 (req),
                       min_tokens: 792 (req)
16:17:04.287 INFO:     #56 chat/completions (stream): 792 tokens generated at
                       266.4 T/s · prompt 786 tokens, none cached, 786 new in
                       0.21 s (3,743 T/s) · first token 0.21 s, total 3.19 s ·
                       draft 499/879 accepted (57%) · max_tokens reached
16:17:04.289 INFO:     #58 chat/completions (stream): 95 prompt tokens ·
                       temperature: 0, greedy (req), max_tokens: 25 (req),
                       min_tokens: 25 (req)
16:17:04.451 INFO:     #58 chat/completions (stream): 25 tokens generated at
                       361.8 T/s · prompt 95 tokens, none cached, 95 new in 0.09
                       s · first token 0.09 s, total 0.16 s · draft 18/21
                       accepted (86%) · max_tokens reached
16:17:04.454 INFO:     #59 chat/completions (stream): 477 prompt tokens ·
                       temperature: 0, greedy (req), max_tokens: 7 (req),
                       min_tokens: 7 (req)
16:17:04.720 INFO:     #59 chat/completions (stream): 7 tokens generated at
                       351.7 T/s · prompt 477 tokens, none cached, 477 new in
                       0.24 s (1,988 T/s) · first token 0.24 s, total 0.26 s ·
                       draft 5/6 accepted (83%) · max_tokens reached
16:17:04.723 INFO:     #60 chat/completions (stream): 238 prompt tokens ·
                       temperature: 0, greedy (req), max_tokens: 23 (req),
                       min_tokens: 23 (req)
16:17:04.900 INFO:     #60 chat/completions (stream): 23 tokens generated at
                       387.9 T/s · prompt 238 tokens, none cached, 238 new in
                       0.11 s · first token 0.11 s, total 0.17 s · draft 17/18
                       accepted (94%) · max_tokens reached
16:17:04.902 INFO:     #61 chat/completions (stream): 62 prompt tokens ·
                       temperature: 0, greedy (req), max_tokens: 408 (req),
                       min_tokens: 408 (req)
16:17:06.575 INFO:     #61 chat/completions (stream): 408 tokens generated at
                       255.3 T/s · prompt 62 tokens, none cached, 62 new in 0.07
                       s · first token 0.07 s, total 1.67 s · draft 251/471
                       accepted (53%) · max_tokens reached
16:17:06.578 INFO:     #62 chat/completions (stream): 507 prompt tokens ·
                       temperature: 0, greedy (req), max_tokens: 8 (req),
                       min_tokens: 8 (req)
16:17:06.854 INFO:     #62 chat/completions (stream): 8 tokens generated at
                       259.1 T/s · prompt 507 tokens, none cached, 507 new in
                       0.24 s (2,112 T/s) · first token 0.24 s, total 0.28 s ·
                       draft 5/9 accepted (56%) · max_tokens reached
16:17:06.856 INFO:     #63 chat/completions (stream): 151 prompt tokens ·
                       temperature: 0, greedy (req), max_tokens: 7 (req),
                       min_tokens: 7 (req)
16:17:06.969 INFO:     #63 chat/completions (stream): 7 tokens generated at
                       367.1 T/s · prompt 151 tokens, none cached, 151 new in
                       0.09 s · first token 0.09 s, total 0.11 s · draft 5/6
                       accepted (83%) · max_tokens reached
16:17:06.971 INFO:     #64 chat/completions (stream): 92 prompt tokens ·
                       temperature: 0, greedy (req), max_tokens: 171 (req),
                       min_tokens: 171 (req)
16:17:07.726 INFO:     #64 chat/completions (stream): 171 tokens generated at
                       258.0 T/s · prompt 92 tokens, none cached, 92 new in 0.09
                       s · first token 0.09 s, total 0.76 s · draft 105/198
                       accepted (53%) · max_tokens reached
16:17:07.729 INFO:     #65 chat/completions (stream): 534 prompt tokens ·
                       temperature: 0, greedy (req), max_tokens: 59 (req),
                       min_tokens: 59 (req)
16:17:08.135 INFO:     #65 chat/completions (stream): 59 tokens generated at
                       261.1 T/s · prompt 534 tokens, none cached, 534 new in
                       0.17 s (3,141 T/s) · first token 0.18 s, total 0.40 s ·
                       draft 36/69 accepted (52%) · max_tokens reached
16:17:08.137 INFO:     #66 chat/completions (stream): 63 prompt tokens ·
                       temperature: 0, greedy (req), max_tokens: 327 (req),
                       min_tokens: 327 (req)
16:17:09.332 INFO:     #66 chat/completions (stream): 327 tokens generated at
                       291.9 T/s · prompt 63 tokens, none cached, 63 new in 0.07
                       s · first token 0.07 s, total 1.19 s · draft 215/336
                       accepted (64%) · max_tokens reached
16:17:09.334 INFO:     #67 chat/completions (stream): 58 prompt tokens ·
                       temperature: 0, greedy (req), max_tokens: 312 (req),
                       min_tokens: 312 (req)
16:17:10.502 INFO:     #67 chat/completions (stream): 312 tokens generated at
                       285.4 T/s · prompt 58 tokens, none cached, 58 new in 0.07
                       s · first token 0.07 s, total 1.17 s · draft 204/324
                       accepted (63%) · max_tokens reached
16:17:10.504 INFO:     #68 chat/completions (stream): 253 prompt tokens ·
                       temperature: 0, greedy (req), max_tokens: 227 (req),
                       min_tokens: 227 (req)
16:17:11.660 INFO:     #68 chat/completions (stream): 227 tokens generated at
                       219.2 T/s · prompt 253 tokens, none cached, 253 new in
                       0.11 s · first token 0.11 s, total 1.15 s · draft 124/309
                       accepted (40%) · max_tokens reached
16:17:11.663 INFO:     #69 chat/completions (stream): 328 prompt tokens ·
                       temperature: 0, greedy (req), max_tokens: 161 (req),
                       min_tokens: 161 (req)
16:17:12.550 INFO:     #69 chat/completions (stream): 161 tokens generated at
                       238.2 T/s · prompt 328 tokens, none cached, 328 new in
                       0.20 s (1,640 T/s) · first token 0.20 s, total 0.88 s ·
                       draft 94/201 accepted (47%) · max_tokens reached
16:17:12.552 INFO:     #70 chat/completions (stream): 62 prompt tokens ·
                       temperature: 0, greedy (req), max_tokens: 158 (req),
                       min_tokens: 158 (req)
16:17:13.250 INFO:     #70 chat/completions (stream): 158 tokens generated at
                       253.6 T/s · prompt 62 tokens, none cached, 62 new in 0.07
                       s · first token 0.08 s, total 0.70 s · draft 96/186
                       accepted (52%) · max_tokens reached
16:17:13.253 INFO:     #71 chat/completions (stream): 450 prompt tokens ·
                       temperature: 0, greedy (req), max_tokens: 172 (req),
                       min_tokens: 172 (req)
16:17:14.102 INFO:     #71 chat/completions (stream): 172 tokens generated at
                       283.5 T/s · prompt 450 tokens, none cached, 450 new in
                       0.24 s (1,875 T/s) · first token 0.24 s, total 0.85 s ·
                       draft 112/180 accepted (62%) · max_tokens reached
16:17:14.106 INFO:     #72 chat/completions (stream): 840 prompt tokens ·
                       temperature: 0, greedy (req), max_tokens: 16 (req),
                       min_tokens: 16 (req)
16:17:14.476 INFO:     #72 chat/completions (stream): 16 tokens generated at
                       185.6 T/s · prompt 840 tokens, none cached, 840 new in
                       0.28 s (3,000 T/s) · first token 0.28 s, total 0.37 s ·
                       draft 8/24 accepted (33%) · max_tokens reached
16:17:14.478 INFO:     #73 chat/completions (stream): 63 prompt tokens ·
                       temperature: 0, greedy (req), max_tokens: 373 (req),
                       min_tokens: 373 (req)
16:17:15.878 INFO:     #73 chat/completions (stream): 373 tokens generated at
                       281.6 T/s · prompt 63 tokens, none cached, 63 new in 0.07
                       s · first token 0.07 s, total 1.40 s · draft 240/399
                       accepted (60%) · max_tokens reached
16:17:15.880 INFO:     #74 chat/completions (stream): 63 prompt tokens ·
                       temperature: 0, greedy (req), max_tokens: 361 (req),
                       min_tokens: 361 (req)
16:17:17.395 INFO:     #74 chat/completions (stream): 361 tokens generated at
                       250.9 T/s · prompt 63 tokens, none cached, 63 new in 0.07
                       s · first token 0.08 s, total 1.51 s · draft 219/426
                       accepted (51%) · max_tokens reached
16:17:17.398 INFO:     #76 chat/completions (stream): 64 prompt tokens ·
                       temperature: 0, greedy (req), max_tokens: 400 (req),
                       min_tokens: 400 (req)
16:17:19.157 INFO:     #76 chat/completions (stream): 400 tokens generated at
                       237.6 T/s · prompt 64 tokens, none cached, 64 new in 0.07
                       s · first token 0.07 s, total 1.76 s · draft 232/504
                       accepted (46%) · max_tokens reached
16:17:19.161 INFO:     #77 chat/completions (stream): 677 prompt tokens ·
                       temperature: 0, greedy (req), max_tokens: 6 (req),
                       min_tokens: 6 (req)
16:17:19.442 INFO:     #77 chat/completions (stream): 6 tokens generated at
                       307.3 T/s · prompt 677 tokens, none cached, 677 new in
                       0.25 s (2,708 T/s) · first token 0.25 s, total 0.27 s ·
                       draft 4/6 accepted (67%) · max_tokens reached
16:17:19.445 INFO:     #78 chat/completions (stream): 114 prompt tokens ·
                       temperature: 0, greedy (req), max_tokens: 443 (req),
                       min_tokens: 443 (req)
16:17:21.296 INFO:     #78 chat/completions (stream): 443 tokens generated at
                       253.2 T/s · prompt 114 tokens, none cached, 114 new in
                       0.10 s · first token 0.10 s, total 1.85 s · draft 269/522
                       accepted (52%) · max_tokens reached
16:17:21.301 INFO:     #79 chat/completions (stream): 739 prompt tokens ·
                       temperature: 0, greedy (req), max_tokens: 620 (req),
                       min_tokens: 620 (req)
16:17:23.874 INFO:     #79 chat/completions (stream): 620 tokens generated at
                       270.4 T/s · prompt 739 tokens, none cached, 739 new in
                       0.27 s (2,737 T/s) · first token 0.28 s, total 2.57 s ·
                       draft 392/684 accepted (57%) · max_tokens reached
16:17:23.878 INFO:     #80 chat/completions (stream): 502 prompt tokens ·
                       temperature: 0, greedy (req), max_tokens: 8 (req),
                       min_tokens: 8 (req)
16:17:24.169 INFO:     #80 chat/completions (stream): 8 tokens generated at
                       254.3 T/s · prompt 502 tokens, none cached, 502 new in
                       0.25 s (2,008 T/s) · first token 0.26 s, total 0.29 s ·
                       draft 5/9 accepted (56%) · max_tokens reached
16:17:24.172 INFO:     #81 chat/completions (stream): 67 prompt tokens ·
                       temperature: 0, greedy (req), max_tokens: 309 (req),
                       min_tokens: 309 (req)
16:17:25.460 INFO:     #81 chat/completions (stream): 309 tokens generated at
                       257.7 T/s · prompt 67 tokens, none cached, 67 new in 0.08
                       s · first token 0.09 s, total 1.29 s · draft 197/336
                       accepted (59%) · max_tokens reached
16:17:25.463 INFO:     #82 chat/completions (stream): 684 prompt tokens ·
                       temperature: 0, greedy (req), max_tokens: 19 (req),
                       min_tokens: 19 (req)
16:17:25.793 INFO:     #82 chat/completions (stream): 19 tokens generated at
                       241.1 T/s · prompt 684 tokens, none cached, 684 new in
                       0.24 s (2,850 T/s) · first token 0.25 s, total 0.32 s ·
                       draft 11/24 accepted (46%) · max_tokens reached
16:17:25.795 INFO:     #83 chat/completions (stream): 67 prompt tokens ·
                       temperature: 0, greedy (req), max_tokens: 161 (req),
                       min_tokens: 161 (req)
16:17:26.584 INFO:     #83 chat/completions (stream): 161 tokens generated at
                       227.0 T/s · prompt 67 tokens, none cached, 67 new in 0.07
                       s · first token 0.07 s, total 0.78 s · draft 91/210
                       accepted (43%) · max_tokens reached
16:17:26.587 INFO:     #84 chat/completions (stream): 345 prompt tokens ·
                       temperature: 0, greedy (req), max_tokens: 20 (req),
                       min_tokens: 20 (req)
16:17:26.877 INFO:     #84 chat/completions (stream): 20 tokens generated at
                       285.2 T/s · prompt 345 tokens, none cached, 345 new in
                       0.21 s (1,643 T/s) · first token 0.21 s, total 0.29 s ·
                       draft 13/21 accepted (62%) · max_tokens reached
16:17:26.880 INFO:     #85 chat/completions (stream): 870 prompt tokens ·
                       temperature: 0, greedy (req), max_tokens: 44 (req),
                       min_tokens: 44 (req)
16:17:27.331 INFO:     #85 chat/completions (stream): 44 tokens generated at
                       259.3 T/s · prompt 870 tokens, none cached, 870 new in
                       0.27 s (3,222 T/s) · first token 0.27 s, total 0.44 s ·
                       draft 27/51 accepted (53%) · max_tokens reached
16:17:27.334 INFO:     #86 chat/completions (stream): 77 prompt tokens ·
                       temperature: 0, greedy (req), max_tokens: 142 (req),
                       min_tokens: 142 (req)
16:17:27.966 INFO:     #86 chat/completions (stream): 142 tokens generated at
                       258.9 T/s · prompt 77 tokens, none cached, 77 new in 0.08
                       s · first token 0.08 s, total 0.63 s · draft 87/165
                       accepted (53%) · max_tokens reached
16:17:27.968 INFO:     #87 chat/completions (stream): 116 prompt tokens ·
                       temperature: 0, greedy (req), max_tokens: 79 (req),
                       min_tokens: 79 (req)
16:17:28.282 INFO:     #87 chat/completions (stream): 79 tokens generated at
                       374.6 T/s · prompt 116 tokens, none cached, 116 new in
                       0.10 s · first token 0.10 s, total 0.32 s · draft 58/63
                       accepted (92%) · max_tokens reached
16:17:28.285 INFO:     #88 chat/completions (stream): 121 prompt tokens ·
                       temperature: 0, greedy (req), max_tokens: 9 (req),
                       min_tokens: 9 (req)
16:17:28.458 INFO:     #88 chat/completions (stream): 9 tokens generated at
                       131.2 T/s · prompt 121 tokens, none cached, 121 new in
                       0.10 s · first token 0.10 s, total 0.17 s · draft 5/12
                       accepted (42%) · max_tokens reached
16:17:28.460 INFO:     #89 chat/completions (stream): 188 prompt tokens ·
                       temperature: 0, greedy (req), max_tokens: 337 (req),
                       min_tokens: 337 (req)
16:17:29.789 INFO:     #89 chat/completions (stream): 337 tokens generated at
                       275.3 T/s · prompt 188 tokens, none cached, 188 new in
                       0.10 s · first token 0.10 s, total 1.33 s · draft 215/366
                       accepted (59%) · max_tokens reached
16:17:29.792 INFO:     #90 chat/completions (stream): 546 prompt tokens ·
                       temperature: 0, greedy (req), max_tokens: 16 (req),
                       min_tokens: 16 (req)
16:17:30.056 INFO:     #90 chat/completions (stream): 16 tokens generated at
                       318.5 T/s · prompt 546 tokens, none cached, 546 new in
                       0.21 s (2,600 T/s) · first token 0.22 s, total 0.27 s ·
                       draft 11/15 accepted (73%) · max_tokens reached
16:17:30.059 INFO:     #91 chat/completions (stream): 346 prompt tokens ·
                       temperature: 0, greedy (req), max_tokens: 18 (req),
                       min_tokens: 18 (req)
16:17:30.332 INFO:     #91 chat/completions (stream): 18 tokens generated at
                       304.2 T/s · prompt 346 tokens, none cached, 346 new in
                       0.21 s (1,648 T/s) · first token 0.21 s, total 0.27 s ·
                       draft 12/18 accepted (67%) · max_tokens reached
16:17:30.336 INFO:     #92 chat/completions (stream): 399 prompt tokens ·
                       temperature: 0, greedy (req), max_tokens: 350 (req),
                       min_tokens: 350 (req)
16:17:31.908 INFO:     #92 chat/completions (stream): 350 tokens generated at
                       262.8 T/s · prompt 399 tokens, none cached, 399 new in
                       0.23 s (1,735 T/s) · first token 0.23 s, total 1.57 s ·
                       draft 217/399 accepted (54%) · max_tokens reached
16:17:31.912 INFO:     #93 chat/completions (stream): 832 prompt tokens ·
                       temperature: 0, greedy (req), max_tokens: 25 (req),
                       min_tokens: 25 (req)
16:17:32.271 INFO:     #93 chat/completions (stream): 25 tokens generated at
                       279.1 T/s · prompt 832 tokens, none cached, 832 new in
                       0.26 s (3,200 T/s) · first token 0.26 s, total 0.35 s ·
                       draft 16/27 accepted (59%) · max_tokens reached
16:17:32.273 INFO:     #95 chat/completions (stream): 62 prompt tokens ·
                       temperature: 0, greedy (req), max_tokens: 163 (req),
                       min_tokens: 163 (req)
16:17:32.990 INFO:     #95 chat/completions (stream): 163 tokens generated at
                       254.2 T/s · prompt 62 tokens, none cached, 62 new in 0.07
                       s · first token 0.07 s, total 0.72 s · draft 100/189
                       accepted (53%) · max_tokens reached
16:17:32.993 INFO:     #96 chat/completions (stream): 794 prompt tokens ·
                       temperature: 0, greedy (req), max_tokens: 12 (req),
                       min_tokens: 12 (req)
16:17:33.255 INFO:     #96 chat/completions (stream): 12 tokens generated at
                       303.2 T/s · prompt 794 tokens, none cached, 794 new in
                       0.22 s (3,609 T/s) · first token 0.22 s, total 0.26 s ·
                       draft 8/12 accepted (67%) · max_tokens reached
16:17:33.258 INFO:     #97 chat/completions (stream): 489 prompt tokens ·
                       temperature: 0, greedy (req), max_tokens: 32 (req),
                       min_tokens: 32 (req)
16:17:33.608 INFO:     #97 chat/completions (stream): 32 tokens generated at
                       292.8 T/s · prompt 489 tokens, none cached, 489 new in
                       0.23 s (2,126 T/s) · first token 0.23 s, total 0.34 s ·
                       draft 21/33 accepted (64%) · max_tokens reached
16:17:33.611 INFO:     #98 chat/completions (stream): 378 prompt tokens ·
                       temperature: 0, greedy (req), max_tokens: 447 (req),
                       min_tokens: 447 (req)
16:17:35.607 INFO:     #98 chat/completions (stream): 447 tokens generated at
                       253.8 T/s · prompt 378 tokens, none cached, 378 new in
                       0.23 s (1,643 T/s) · first token 0.23 s, total 2.00 s ·
                       draft 274/519 accepted (53%) · max_tokens reached
16:17:35.610 INFO:     #99 chat/completions (stream): 72 prompt tokens ·
                       temperature: 0, greedy (req), max_tokens: 731 (req),
                       min_tokens: 731 (req)
16:17:38.583 INFO:     #99 chat/completions (stream): 731 tokens generated at
                       252.9 T/s · prompt 72 tokens, none cached, 72 new in 0.08
                       s · first token 0.09 s, total 2.98 s · draft 450/843
                       accepted (53%) · max_tokens reached
16:17:38.585 INFO:     #100 chat/completions (stream): 76 prompt tokens ·
                       temperature: 0, greedy (req), max_tokens: 393 (req),
                       min_tokens: 393 (req)
16:17:40.189 INFO:     #100 chat/completions (stream): 393 tokens generated at
                       259.5 T/s · prompt 76 tokens, none cached, 76 new in 0.08
                       s · first token 0.09 s, total 1.60 s · draft 242/453
                       accepted (53%) · max_tokens reached
16:17:40.191 INFO:     #101 chat/completions (stream): 60 prompt tokens ·
                       temperature: 0, greedy (req), max_tokens: 636 (req),
                       min_tokens: 636 (req)
16:17:42.527 INFO:     #101 chat/completions (stream): 636 tokens generated at
                       281.3 T/s · prompt 60 tokens, none cached, 60 new in 0.07
                       s · first token 0.08 s, total 2.34 s · draft 411/675
                       accepted (61%) · max_tokens reached
16:17:42.529 INFO:     #102 chat/completions (stream): 87 prompt tokens ·
                       temperature: 0, greedy (req), max_tokens: 38 (req),
                       min_tokens: 38 (req)
16:17:42.728 INFO:     #102 chat/completions (stream): 38 tokens generated at
                       353.1 T/s · prompt 87 tokens, none cached, 87 new in 0.08
                       s · first token 0.08 s, total 0.19 s · draft 27/33
                       accepted (82%) · max_tokens reached
16:17:42.730 INFO:     #103 chat/completions (stream): 132 prompt tokens ·
                       temperature: 0, greedy (req), max_tokens: 61 (req),
                       min_tokens: 61 (req)
16:17:43.001 INFO:     #103 chat/completions (stream): 61 tokens generated at
                       378.0 T/s · prompt 132 tokens, none cached, 132 new in
                       0.10 s · first token 0.10 s, total 0.27 s · draft 45/48
                       accepted (94%) · max_tokens reached
16:17:43.003 INFO:     #104 chat/completions (stream): 76 prompt tokens ·
                       temperature: 0, greedy (req), max_tokens: 411 (req),
                       min_tokens: 411 (req)
16:17:44.598 INFO:     #104 chat/completions (stream): 411 tokens generated at
                       271.6 T/s · prompt 76 tokens, none cached, 76 new in 0.08
                       s · first token 0.08 s, total 1.60 s · draft 261/450
                       accepted (58%) · max_tokens reached
16:17:44.600 INFO:     #105 chat/completions (stream): 68 prompt tokens ·
                       temperature: 0, greedy (req), max_tokens: 367 (req),
                       min_tokens: 367 (req)
16:17:46.147 INFO:     #105 chat/completions (stream): 367 tokens generated at
                       250.2 T/s · prompt 68 tokens, none cached, 68 new in 0.07
                       s · first token 0.08 s, total 1.54 s · draft 221/438
                       accepted (50%) · max_tokens reached
16:17:46.149 INFO:     #106 chat/completions (stream): 123 prompt tokens ·
                       temperature: 0, greedy (req), max_tokens: 289 (req),
                       min_tokens: 289 (req)
16:17:47.377 INFO:     #106 chat/completions (stream): 289 tokens generated at
                       257.7 T/s · prompt 123 tokens, none cached, 123 new in
                       0.10 s · first token 0.10 s, total 1.23 s · draft 177/336
                       accepted (53%) · max_tokens reached
16:17:47.379 INFO:     #108 chat/completions (stream): 101 prompt tokens ·
                       temperature: 0, greedy (req), max_tokens: 518 (req),
                       min_tokens: 518 (req)
16:17:49.764 INFO:     #108 chat/completions (stream): 518 tokens generated at
                       226.6 T/s · prompt 101 tokens, none cached, 101 new in
                       0.09 s · first token 0.10 s, total 2.38 s · draft 291/681
                       accepted (43%) · max_tokens reached
16:17:49.767 INFO:     #109 chat/completions (stream): 145 prompt tokens ·
                       temperature: 0, greedy (req), max_tokens: 144 (req),
                       min_tokens: 144 (req)
16:17:50.447 INFO:     #109 chat/completions (stream): 144 tokens generated at
                       254.3 T/s · prompt 145 tokens, none cached, 145 new in
                       0.11 s · first token 0.11 s, total 0.68 s · draft 88/168
                       accepted (52%) · max_tokens reached
16:17:50.450 INFO:     #110 chat/completions (stream): 360 prompt tokens ·
                       temperature: 0, greedy (req), max_tokens: 8 (req),
                       min_tokens: 8 (req)
16:17:50.703 INFO:     #110 chat/completions (stream): 8 tokens generated at
                       268.9 T/s · prompt 360 tokens, none cached, 360 new in
                       0.22 s (1,636 T/s) · first token 0.23 s, total 0.25 s ·
                       draft 5/9 accepted (56%) · max_tokens reached
16:17:50.706 INFO:     #111 chat/completions (stream): 469 prompt tokens ·
                       temperature: 0, greedy (req), max_tokens: 465 (req),
                       min_tokens: 465 (req)
16:17:52.384 INFO:     #111 chat/completions (stream): 465 tokens generated at
                       322.3 T/s · prompt 469 tokens, none cached, 469 new in
                       0.23 s (2,039 T/s) · first token 0.23 s, total 1.68 s ·
                       draft 322/429 accepted (75%) · max_tokens reached
16:17:52.388 INFO:     #112 chat/completions (stream): 327 prompt tokens ·
                       temperature: 0, greedy (req), max_tokens: 420 (req),
                       min_tokens: 420 (req)
16:17:54.358 INFO:     #112 chat/completions (stream): 420 tokens generated at
                       242.5 T/s · prompt 327 tokens, none cached, 327 new in
                       0.23 s (1,422 T/s) · first token 0.24 s, total 1.97 s ·
                       draft 248/516 accepted (48%) · max_tokens reached
16:17:54.361 INFO:     #113 chat/completions (stream): 93 prompt tokens ·
                       temperature: 0, greedy (req), max_tokens: 298 (req),
                       min_tokens: 298 (req)
16:17:55.646 INFO:     #113 chat/completions (stream): 298 tokens generated at
                       249.6 T/s · prompt 93 tokens, none cached, 93 new in 0.09
                       s · first token 0.09 s, total 1.29 s · draft 179/357
                       accepted (50%) · max_tokens reached
16:17:55.648 INFO:     #114 chat/completions (stream): 126 prompt tokens ·
                       temperature: 0, greedy (req), max_tokens: 325 (req),
                       min_tokens: 325 (req)
16:17:57.065 INFO:     #114 chat/completions (stream): 325 tokens generated at
                       248.2 T/s · prompt 126 tokens, none cached, 126 new in
                       0.10 s · first token 0.11 s, total 1.41 s · draft 194/393
                       accepted (49%) · max_tokens reached
16:17:57.068 INFO:     #115 chat/completions (stream): 487 prompt tokens ·
                       temperature: 0, greedy (req), max_tokens: 7 (req),
                       min_tokens: 7 (req)
16:17:57.327 INFO:     #115 chat/completions (stream): 7 tokens generated at
                       343.9 T/s · prompt 487 tokens, none cached, 487 new in
                       0.23 s (2,117 T/s) · first token 0.23 s, total 0.26 s ·
                       draft 5/6 accepted (83%) · max_tokens reached
16:17:57.330 INFO:     #116 chat/completions (stream): 334 prompt tokens ·
                       temperature: 0, greedy (req), max_tokens: 377 (req),
                       min_tokens: 377 (req)
16:17:58.925 INFO:     #116 chat/completions (stream): 377 tokens generated at
                       272.0 T/s · prompt 334 tokens, none cached, 334 new in
                       0.20 s (1,670 T/s) · first token 0.20 s, total 1.59 s ·
                       draft 239/414 accepted (58%) · max_tokens reached
16:17:58.929 INFO:     #117 chat/completions (stream): 841 prompt tokens ·
                       temperature: 0, greedy (req), max_tokens: 429 (req),
                       min_tokens: 429 (req)
16:18:01.188 INFO:     #117 chat/completions (stream): 429 tokens generated at
                       216.6 T/s · prompt 841 tokens, none cached, 841 new in
                       0.27 s (3,115 T/s) · first token 0.28 s, total 2.26 s ·
                       draft 232/591 accepted (39%) · max_tokens reached
16:18:01.191 INFO:     #118 chat/completions (stream): 57 prompt tokens ·
                       temperature: 0, greedy (req), max_tokens: 99 (req),
                       min_tokens: 99 (req)
16:18:01.590 INFO:     #118 chat/completions (stream): 99 tokens generated at
                       303.1 T/s · prompt 57 tokens, none cached, 57 new in 0.07
                       s · first token 0.07 s, total 0.40 s · draft 67/96
                       accepted (70%) · max_tokens reached
16:18:01.593 INFO:     #119 chat/completions (stream): 147 prompt tokens ·
                       temperature: 0, greedy (req), max_tokens: 30 (req),
                       min_tokens: 30 (req)
16:18:01.778 INFO:     #119 chat/completions (stream): 30 tokens generated at
                       333.0 T/s · prompt 147 tokens, none cached, 147 new in
                       0.09 s · first token 0.09 s, total 0.18 s · draft 21/27
                       accepted (78%) · max_tokens reached
16:18:01.780 INFO:     #120 chat/completions (stream): 232 prompt tokens ·
                       temperature: 0, greedy (req), max_tokens: 78 (req),
                       min_tokens: 78 (req)
16:18:02.092 INFO:     #120 chat/completions (stream): 78 tokens generated at
                       391.7 T/s · prompt 232 tokens, none cached, 232 new in
                       0.11 s · first token 0.11 s, total 0.31 s · draft 58/60
                       accepted (97%) · max_tokens reached
16:18:02.094 INFO:     #122 chat/completions (stream): 63 prompt tokens ·
                       temperature: 0, greedy (req), max_tokens: 321 (req),
                       min_tokens: 321 (req)
16:18:03.626 INFO:     #122 chat/completions (stream): 321 tokens generated at
                       220.4 T/s · prompt 63 tokens, none cached, 63 new in 0.07
                       s · first token 0.07 s, total 1.53 s · draft 177/432
                       accepted (41%) · max_tokens reached
16:18:03.629 INFO:     #123 chat/completions (stream): 78 prompt tokens ·
                       temperature: 0, greedy (req), max_tokens: 254 (req),
                       min_tokens: 254 (req)
16:18:04.600 INFO:     #123 chat/completions (stream): 254 tokens generated at
                       286.4 T/s · prompt 78 tokens, none cached, 78 new in 0.08
                       s · first token 0.09 s, total 0.97 s · draft 166/264
                       accepted (63%) · max_tokens reached
16:18:04.602 INFO:     #124 chat/completions (stream): 63 prompt tokens ·
                       temperature: 0, greedy (req), max_tokens: 194 (req),
                       min_tokens: 194 (req)
16:18:05.400 INFO:     #124 chat/completions (stream): 194 tokens generated at
                       268.5 T/s · prompt 63 tokens, none cached, 63 new in 0.07
                       s · first token 0.08 s, total 0.80 s · draft 122/216
                       accepted (56%) · max_tokens reached
16:18:05.404 INFO:     #125 chat/completions (stream): 629 prompt tokens ·
                       temperature: 0, greedy (req), max_tokens: 9 (req),
                       min_tokens: 9 (req)
16:18:05.711 INFO:     #125 chat/completions (stream): 9 tokens generated at
                       307.9 T/s · prompt 629 tokens, none cached, 629 new in
                       0.27 s (2,330 T/s) · first token 0.28 s, total 0.30 s ·
                       draft 6/9 accepted (67%) · max_tokens reached
16:18:05.713 INFO:     #126 chat/completions (stream): 57 prompt tokens ·
                       temperature: 0, greedy (req), max_tokens: 78 (req),
                       min_tokens: 78 (req)
16:18:06.105 INFO:     #126 chat/completions (stream): 78 tokens generated at
                       243.8 T/s · prompt 57 tokens, none cached, 57 new in 0.07
                       s · first token 0.07 s, total 0.39 s · draft 46/96
                       accepted (48%) · max_tokens reached
16:18:06.108 INFO:     #127 chat/completions (stream): 148 prompt tokens ·
                       temperature: 0, greedy (req), max_tokens: 15 (req),
                       min_tokens: 15 (req)
16:18:06.251 INFO:     #127 chat/completions (stream): 15 tokens generated at
                       300.1 T/s · prompt 148 tokens, none cached, 148 new in
                       0.09 s · first token 0.09 s, total 0.14 s · draft 10/15
                       accepted (67%) · max_tokens reached
16:18:06.253 INFO:     #128 chat/completions (stream): 346 prompt tokens ·
                       temperature: 0, greedy (req), max_tokens: 11 (req),
                       min_tokens: 11 (req)
16:18:06.516 INFO:     #128 chat/completions (stream): 11 tokens generated at
                       268.2 T/s · prompt 346 tokens, none cached, 346 new in
                       0.22 s (1,573 T/s) · first token 0.22 s, total 0.27 s ·
                       draft 7/12 accepted (58%) · max_tokens reached
16:18:06.518 INFO:     #129 chat/completions (stream): 74 prompt tokens ·
                       temperature: 0, greedy (req), max_tokens: 296 (req),
                       min_tokens: 296 (req)
16:18:07.867 INFO:     #129 chat/completions (stream): 296 tokens generated at
                       233.8 T/s · prompt 74 tokens, none cached, 74 new in 0.08
                       s · first token 0.09 s, total 1.35 s · draft 171/375
                       accepted (46%) · max_tokens reached
16:18:07.871 INFO:     #130 chat/completions (stream): 468 prompt tokens ·
                       temperature: 0, greedy (req), max_tokens: 17 (req),
                       min_tokens: 17 (req)
16:18:08.170 INFO:     #130 chat/completions (stream): 17 tokens generated at
                       280.7 T/s · prompt 468 tokens, none cached, 468 new in
                       0.23 s (2,035 T/s) · first token 0.24 s, total 0.30 s ·
                       draft 11/18 accepted (61%) · max_tokens reached
16:18:08.174 INFO:     #131 chat/completions (stream): 400 prompt tokens ·
                       temperature: 0, greedy (req), max_tokens: 4 (req),
                       min_tokens: 4 (req)
16:18:08.421 INFO:     #131 chat/completions (stream): 4 tokens generated at
                       431.6 T/s · prompt 400 tokens, none cached, 400 new in
                       0.23 s (1,739 T/s) · first token 0.23 s, total 0.24 s ·
                       draft 3/3 accepted (100%) · max_tokens reached
16:18:08.424 INFO:     #132 chat/completions (stream): 216 prompt tokens ·
                       temperature: 0, greedy (req), max_tokens: 30 (req),
                       min_tokens: 30 (req)
16:18:08.620 INFO:     #132 chat/completions (stream): 30 tokens generated at
                       330.5 T/s · prompt 216 tokens, none cached, 216 new in
                       0.10 s · first token 0.10 s, total 0.20 s · draft 21/27
                       accepted (78%) · max_tokens reached
16:18:08.623 INFO:     #133 chat/completions (stream): 200 prompt tokens ·
                       temperature: 0, greedy (req), max_tokens: 12 (req),
                       min_tokens: 12 (req)
16:18:08.771 INFO:     #133 chat/completions (stream): 12 tokens generated at
                       301.1 T/s · prompt 200 tokens, none cached, 200 new in
                       0.10 s · first token 0.10 s, total 0.14 s · draft 8/12
                       accepted (67%) · max_tokens reached
16:18:08.773 INFO:     #134 chat/completions (stream): 160 prompt tokens ·
                       temperature: 0, greedy (req), max_tokens: 60 (req),
                       min_tokens: 60 (req)
16:18:09.119 INFO:     #134 chat/completions (stream): 60 tokens generated at
                       247.5 T/s · prompt 160 tokens, none cached, 160 new in
                       0.09 s · first token 0.09 s, total 0.34 s · draft 36/72
                       accepted (50%) · max_tokens reached
16:18:09.123 INFO:     #135 chat/completions (stream): 572 prompt tokens ·
                       temperature: 0, greedy (req), max_tokens: 60 (req),
                       min_tokens: 60 (req)
16:18:09.539 INFO:     #135 chat/completions (stream): 60 tokens generated at
                       305.5 T/s · prompt 572 tokens, none cached, 572 new in
                       0.21 s (2,724 T/s) · first token 0.21 s, total 0.41 s ·
                       draft 41/57 accepted (72%) · max_tokens reached
16:18:09.542 INFO:     #136 chat/completions (stream): 68 prompt tokens ·
                       temperature: 0, greedy (req), max_tokens: 733 (req),
                       min_tokens: 733 (req)
16:18:12.514 INFO:     #136 chat/completions (stream): 733 tokens generated at
                       253.5 T/s · prompt 68 tokens, none cached, 68 new in 0.07
                       s · first token 0.07 s, total 2.97 s · draft 445/864
                       accepted (52%) · max_tokens reached
16:18:12.517 INFO:     #137 chat/completions (stream): 59 prompt tokens ·
                       temperature: 0, greedy (req), max_tokens: 81 (req),
                       min_tokens: 81 (req)
16:18:12.959 INFO:     #137 chat/completions (stream): 81 tokens generated at
                       220.2 T/s · prompt 59 tokens, none cached, 59 new in 0.07
                       s · first token 0.08 s, total 0.44 s · draft 44/111
                       accepted (40%) · max_tokens reached
16:18:12.962 INFO:     #138 chat/completions (stream): 694 prompt tokens ·
                       temperature: 0, greedy (req), max_tokens: 34 (req),
                       min_tokens: 34 (req)
16:18:13.313 INFO:     #138 chat/completions (stream): 34 tokens generated at
                       339.2 T/s · prompt 694 tokens, none cached, 694 new in
                       0.24 s (2,892 T/s) · first token 0.24 s, total 0.34 s ·
                       draft 24/30 accepted (80%) · max_tokens reached
16:18:13.315 INFO:     #139 chat/completions (stream): 66 prompt tokens ·
                       temperature: 0, greedy (req), max_tokens: 198 (req),
                       min_tokens: 198 (req)
16:18:14.031 INFO:     #139 chat/completions (stream): 198 tokens generated at
                       310.7 T/s · prompt 66 tokens, none cached, 66 new in 0.07
                       s · first token 0.07 s, total 0.71 s · draft 134/192
                       accepted (70%) · max_tokens reached
16:18:14.035 INFO:     #140 chat/completions (stream): 477 prompt tokens ·
                       temperature: 0, greedy (req), max_tokens: 38 (req),
                       min_tokens: 38 (req)
16:18:14.432 INFO:     #140 chat/completions (stream): 38 tokens generated at
                       241.1 T/s · prompt 477 tokens, none cached, 477 new in
                       0.23 s (2,074 T/s) · first token 0.23 s, total 0.39 s ·
                       draft 23/45 accepted (51%) · max_tokens reached
16:18:14.434 INFO:     #141 chat/completions (stream): 80 prompt tokens ·
                       temperature: 0, greedy (req), max_tokens: 49 (req),
                       min_tokens: 49 (req)
16:18:14.667 INFO:     #141 chat/completions (stream): 49 tokens generated at
                       330.1 T/s · prompt 80 tokens, none cached, 80 new in 0.08
                       s · first token 0.09 s, total 0.23 s · draft 34/45
                       accepted (76%) · max_tokens reached
16:18:14.669 INFO:     #142 chat/completions (stream): 124 prompt tokens ·
                       temperature: 0, greedy (req), max_tokens: 635 (req),
                       min_tokens: 635 (req)
16:18:16.856 INFO:     #142 chat/completions (stream): 635 tokens generated at
                       305.0 T/s · prompt 124 tokens, none cached, 124 new in
                       0.10 s · first token 0.10 s, total 2.19 s · draft 428/621
                       accepted (69%) · max_tokens reached
16:18:16.860 INFO:     #143 chat/completions (stream): 411 prompt tokens ·
                       temperature: 0, greedy (req), max_tokens: 7 (req),
                       min_tokens: 7 (req)
16:18:17.105 INFO:     #143 chat/completions (stream): 7 tokens generated at
                       357.6 T/s · prompt 411 tokens, none cached, 411 new in
                       0.22 s (1,868 T/s) · first token 0.23 s, total 0.24 s ·
                       draft 5/6 accepted (83%) · max_tokens reached
16:18:17.108 INFO:     #145 chat/completions (stream): 315 prompt tokens ·
                       temperature: 0, greedy (req), max_tokens: 707 (req),
                       min_tokens: 707 (req)
16:18:20.204 INFO:     #145 chat/completions (stream): 707 tokens generated at
                       244.5 T/s · prompt 315 tokens, none cached, 315 new in
                       0.20 s (1,575 T/s) · first token 0.20 s, total 3.10 s ·
                       draft 420/861 accepted (49%) · max_tokens reached
16:18:20.206 INFO:     #146 chat/completions (stream): 77 prompt tokens ·
                       temperature: 0, greedy (req), max_tokens: 380 (req),
                       min_tokens: 380 (req)
16:18:21.631 INFO:     #146 chat/completions (stream): 380 tokens generated at
                       283.0 T/s · prompt 77 tokens, none cached, 77 new in 0.08
                       s · first token 0.09 s, total 1.43 s · draft 247/399
                       accepted (62%) · max_tokens reached
16:18:21.633 INFO:     #147 chat/completions (stream): 266 prompt tokens ·
                       temperature: 0, greedy (req), max_tokens: 147 (req),
                       min_tokens: 147 (req)
16:18:22.191 INFO:     #147 chat/completions (stream): 147 tokens generated at
                       374.1 T/s · prompt 266 tokens, none cached, 266 new in
                       0.16 s (1,662 T/s) · first token 0.17 s, total 0.56 s ·
                       draft 108/117 accepted (92%) · max_tokens reached
16:18:22.193 INFO:     #148 chat/completions (stream): 232 prompt tokens ·
                       temperature: 0, greedy (req), max_tokens: 41 (req),
                       min_tokens: 41 (req)
16:18:22.441 INFO:     #148 chat/completions (stream): 41 tokens generated at
                       302.2 T/s · prompt 232 tokens, none cached, 232 new in
                       0.11 s · first token 0.11 s, total 0.25 s · draft 28/39
                       accepted (72%) · max_tokens reached
16:18:22.443 INFO:     #149 chat/completions (stream): 137 prompt tokens ·
                       temperature: 0, greedy (req), max_tokens: 101 (req),
                       min_tokens: 101 (req)
16:18:22.894 INFO:     #149 chat/completions (stream): 101 tokens generated at
                       296.0 T/s · prompt 137 tokens, none cached, 137 new in
                       0.10 s · first token 0.10 s, total 0.45 s · draft 67/102
                       accepted (66%) · max_tokens reached
16:18:22.896 INFO:     #150 chat/completions (stream): 135 prompt tokens ·
                       temperature: 0, greedy (req), max_tokens: 433 (req),
                       min_tokens: 433 (req)
16:18:24.475 INFO:     #150 chat/completions (stream): 433 tokens generated at
                       295.0 T/s · prompt 135 tokens, none cached, 135 new in
                       0.10 s · first token 0.10 s, total 1.57 s · draft 291/426
                       accepted (68%) · max_tokens reached
16:18:24.479 INFO:     #151 chat/completions (stream): 456 prompt tokens ·
                       temperature: 0, greedy (req), max_tokens: 342 (req),
                       min_tokens: 342 (req)
16:18:26.013 INFO:     #151 chat/completions (stream): 342 tokens generated at
                       267.9 T/s · prompt 456 tokens, none cached, 456 new in
                       0.25 s (1,824 T/s) · first token 0.26 s, total 1.53 s ·
                       draft 218/372 accepted (59%) · max_tokens reached
16:18:26.016 INFO:     #152 chat/completions (stream): 301 prompt tokens ·
                       temperature: 0, greedy (req), max_tokens: 14 (req),
                       min_tokens: 14 (req)
16:18:26.268 INFO:     #152 chat/completions (stream): 14 tokens generated at
                       233.2 T/s · prompt 301 tokens, none cached, 301 new in
                       0.19 s (1,584 T/s) · first token 0.19 s, total 0.26 s ·
                       draft 8/18 accepted (44%) · max_tokens reached
16:18:26.272 INFO:     #153 chat/completions (stream): 823 prompt tokens ·
                       temperature: 0, greedy (req), max_tokens: 11 (req),
                       min_tokens: 11 (req)
16:18:26.557 INFO:     #153 chat/completions (stream): 11 tokens generated at
                       377.8 T/s · prompt 823 tokens, none cached, 823 new in
                       0.25 s (3,292 T/s) · first token 0.25 s, total 0.28 s ·
                       draft 8/9 accepted (89%) · max_tokens reached
16:18:26.560 INFO:     #154 chat/completions (stream): 80 prompt tokens ·
                       temperature: 0, greedy (req), max_tokens: 159 (req),
                       min_tokens: 159 (req)
16:18:27.155 INFO:     #154 chat/completions (stream): 159 tokens generated at
                       312.1 T/s · prompt 80 tokens, none cached, 80 new in 0.08
                       s · first token 0.08 s, total 0.59 s · draft 108/153
                       accepted (71%) · max_tokens reached
16:18:27.157 INFO:     #155 chat/completions (stream): 71 prompt tokens ·
                       temperature: 0, greedy (req), max_tokens: 749 (req),
                       min_tokens: 749 (req)
16:18:29.962 INFO:     #155 chat/completions (stream): 749 tokens generated at
                       275.0 T/s · prompt 71 tokens, none cached, 71 new in 0.07
                       s · first token 0.08 s, total 2.80 s · draft 477/816
                       accepted (58%) · max_tokens reached
16:18:29.964 INFO:     #156 chat/completions (stream): 181 prompt tokens ·
                       temperature: 0, greedy (req), max_tokens: 482 (req),
                       min_tokens: 482 (req)
16:18:31.967 INFO:     #156 chat/completions (stream): 482 tokens generated at
                       253.7 T/s · prompt 181 tokens, none cached, 181 new in
                       0.10 s · first token 0.10 s, total 2.01 s · draft 293/567
                       accepted (52%) · max_tokens reached
16:18:31.970 INFO:     #158 chat/completions (stream): 336 prompt tokens ·
                       temperature: 0, greedy (req), max_tokens: 772 (req),
                       min_tokens: 772 (req)
16:18:34.961 INFO:     #158 chat/completions (stream): 772 tokens generated at
                       276.6 T/s · prompt 336 tokens, none cached, 336 new in
                       0.19 s (1,768 T/s) · first token 0.20 s, total 2.99 s ·
                       draft 495/831 accepted (60%) · max_tokens reached
16:18:34.964 INFO:     #159 chat/completions (stream): 410 prompt tokens ·
                       temperature: 0, greedy (req), max_tokens: 34 (req),
                       min_tokens: 34 (req)
16:18:35.305 INFO:     #159 chat/completions (stream): 34 tokens generated at
                       283.9 T/s · prompt 410 tokens, none cached, 410 new in
                       0.21 s (1,952 T/s) · first token 0.22 s, total 0.34 s ·
                       draft 22/36 accepted (61%) · max_tokens reached
16:18:35.308 INFO:     #160 chat/completions (stream): 241 prompt tokens ·
                       temperature: 0, greedy (req), max_tokens: 9 (req),
                       min_tokens: 9 (req)
16:18:35.473 INFO:     #160 chat/completions (stream): 9 tokens generated at
                       228.6 T/s · prompt 241 tokens, none cached, 241 new in
                       0.12 s · first token 0.12 s, total 0.16 s · draft 5/12
                       accepted (42%) · max_tokens reached
16:18:35.475 INFO:     #161 chat/completions (stream): 68 prompt tokens ·
                       temperature: 0, greedy (req), max_tokens: 539 (req),
                       min_tokens: 539 (req)
16:18:37.944 INFO:     #161 chat/completions (stream): 539 tokens generated at
                       225.8 T/s · prompt 68 tokens, none cached, 68 new in 0.07
                       s · first token 0.07 s, total 2.46 s · draft 300/717
                       accepted (42%) · max_tokens reached
16:18:37.946 INFO:     #162 chat/completions (stream): 59 prompt tokens ·
                       temperature: 0, greedy (req), max_tokens: 82 (req),
                       min_tokens: 82 (req)
16:18:38.338 INFO:     #162 chat/completions (stream): 82 tokens generated at
                       258.5 T/s · prompt 59 tokens, none cached, 59 new in 0.07
                       s · first token 0.07 s, total 0.39 s · draft 50/96
                       accepted (52%) · max_tokens reached
16:18:38.341 INFO:     #163 chat/completions (stream): 424 prompt tokens ·
                       temperature: 0, greedy (req), max_tokens: 590 (req),
                       min_tokens: 590 (req)
16:18:40.581 INFO:     #163 chat/completions (stream): 590 tokens generated at
                       291.8 T/s · prompt 424 tokens, none cached, 424 new in
                       0.21 s (2,019 T/s) · first token 0.21 s, total 2.24 s ·
                       draft 388/606 accepted (64%) · max_tokens reached
16:18:40.584 INFO:     #164 chat/completions (stream): 126 prompt tokens ·
                       temperature: 0, greedy (req), max_tokens: 273 (req),
                       min_tokens: 273 (req)
16:18:41.847 INFO:     #164 chat/completions (stream): 273 tokens generated at
                       235.5 T/s · prompt 126 tokens, none cached, 126 new in
                       0.10 s · first token 0.10 s, total 1.26 s · draft 156/351
                       accepted (44%) · max_tokens reached
16:18:41.850 INFO:     #165 chat/completions (stream): 522 prompt tokens ·
                       temperature: 0, greedy (req), max_tokens: 21 (req),
                       min_tokens: 21 (req)
16:18:42.104 INFO:     #165 chat/completions (stream): 21 tokens generated at
                       272.0 T/s · prompt 522 tokens, none cached, 522 new in
                       0.17 s (3,071 T/s) · first token 0.18 s, total 0.25 s ·
                       draft 13/24 accepted (54%) · max_tokens reached
16:18:42.108 INFO:     #166 chat/completions (stream): 707 prompt tokens ·
                       temperature: 0, greedy (req), max_tokens: 16 (req),
                       min_tokens: 16 (req)
16:18:42.423 INFO:     #166 chat/completions (stream): 16 tokens generated at
                       319.8 T/s · prompt 707 tokens, none cached, 707 new in
                       0.26 s (2,719 T/s) · first token 0.26 s, total 0.31 s ·
                       draft 11/15 accepted (73%) · max_tokens reached
16:18:42.427 INFO:     #167 chat/completions (stream): 853 prompt tokens ·
                       temperature: 0, greedy (req), max_tokens: 6 (req),
                       min_tokens: 6 (req)
16:18:42.735 INFO:     #167 chat/completions (stream): 6 tokens generated at
                       311.3 T/s · prompt 853 tokens, none cached, 853 new in
                       0.28 s (3,046 T/s) · first token 0.28 s, total 0.30 s ·
                       draft 4/6 accepted (67%) · max_tokens reached
16:18:42.737 INFO:     #168 chat/completions (stream): 58 prompt tokens ·
                       temperature: 0, greedy (req), max_tokens: 261 (req),
                       min_tokens: 261 (req)
16:18:43.971 INFO:     #168 chat/completions (stream): 261 tokens generated at
                       225.2 T/s · prompt 58 tokens, none cached, 58 new in 0.07
                       s · first token 0.07 s, total 1.23 s · draft 145/348
                       accepted (42%) · max_tokens reached
16:18:43.973 INFO:     #169 chat/completions (stream): 121 prompt tokens ·
                       temperature: 0, greedy (req), max_tokens: 355 (req),
                       min_tokens: 355 (req)
16:18:45.398 INFO:     #169 chat/completions (stream): 355 tokens generated at
                       268.8 T/s · prompt 121 tokens, none cached, 121 new in
                       0.10 s · first token 0.11 s, total 1.43 s · draft 224/393
                       accepted (57%) · max_tokens reached
16:18:45.401 INFO:     #170 chat/completions (stream): 364 prompt tokens ·
                       temperature: 0, greedy (req), max_tokens: 16 (req),
                       min_tokens: 16 (req)
16:18:45.710 INFO:     #170 chat/completions (stream): 16 tokens generated at
                       266.8 T/s · prompt 364 tokens, none cached, 364 new in
                       0.24 s (1,517 T/s) · first token 0.25 s, total 0.31 s ·
                       draft 10/18 accepted (56%) · max_tokens reached
16:18:45.713 INFO:     #171 chat/completions (stream): 100 prompt tokens ·
                       temperature: 0, greedy (req), max_tokens: 152 (req),
                       min_tokens: 152 (req)
16:18:46.362 INFO:     #171 chat/completions (stream): 152 tokens generated at
                       274.9 T/s · prompt 100 tokens, none cached, 100 new in
                       0.09 s · first token 0.09 s, total 0.65 s · draft 97/165
                       accepted (59%) · max_tokens reached
16:18:46.366 INFO:     #172 chat/completions (stream): 648 prompt tokens ·
                       temperature: 0, greedy (req), max_tokens: 16 (req),
                       min_tokens: 16 (req)
16:18:46.699 INFO:     #172 chat/completions (stream): 16 tokens generated at
                       227.7 T/s · prompt 648 tokens, none cached, 648 new in
                       0.26 s (2,492 T/s) · first token 0.27 s, total 0.34 s ·
                       draft 9/21 accepted (43%) · max_tokens reached
16:18:46.701 INFO:     #173 chat/completions (stream): 86 prompt tokens ·
                       temperature: 0, greedy (req), max_tokens: 442 (req),
                       min_tokens: 442 (req)
16:18:48.459 INFO:     #173 chat/completions (stream): 442 tokens generated at
                       264.9 T/s · prompt 86 tokens, none cached, 86 new in 0.08
                       s · first token 0.09 s, total 1.75 s · draft 276/498
                       accepted (55%) · max_tokens reached
16:18:48.461 INFO:     #175 chat/completions (stream): 112 prompt tokens ·
                       temperature: 0, greedy (req), max_tokens: 375 (req),
                       min_tokens: 375 (req)
16:18:49.946 INFO:     #175 chat/completions (stream): 375 tokens generated at
                       271.1 T/s · prompt 112 tokens, none cached, 112 new in
                       0.09 s · first token 0.10 s, total 1.48 s · draft 239/408
                       accepted (59%) · max_tokens reached
16:18:49.948 INFO:     #176 chat/completions (stream): 56 prompt tokens ·
                       temperature: 0, greedy (req), max_tokens: 157 (req),
                       min_tokens: 157 (req)
16:18:50.649 INFO:     #176 chat/completions (stream): 157 tokens generated at
                       249.9 T/s · prompt 56 tokens, none cached, 56 new in 0.07
                       s · first token 0.08 s, total 0.70 s · draft 95/186
                       accepted (51%) · max_tokens reached
16:18:50.651 INFO:     #177 chat/completions (stream): 199 prompt tokens ·
                       temperature: 0, greedy (req), max_tokens: 17 (req),
                       min_tokens: 17 (req)
16:18:50.808 INFO:     #177 chat/completions (stream): 17 tokens generated at
                       346.1 T/s · prompt 199 tokens, none cached, 199 new in
                       0.10 s · first token 0.11 s, total 0.15 s · draft 12/15
                       accepted (80%) · max_tokens reached
16:18:50.810 INFO:     #178 chat/completions (stream): 337 prompt tokens ·
                       temperature: 0, greedy (req), max_tokens: 61 (req),
                       min_tokens: 61 (req)
16:18:51.248 INFO:     #178 chat/completions (stream): 61 tokens generated at
                       265.5 T/s · prompt 337 tokens, none cached, 337 new in
                       0.20 s (1,685 T/s) · first token 0.20 s, total 0.43 s ·
                       draft 38/69 accepted (55%) · max_tokens reached
16:18:51.251 INFO:     #179 chat/completions (stream): 156 prompt tokens ·
                       temperature: 0, greedy (req), max_tokens: 153 (req),
                       min_tokens: 153 (req)
16:18:51.849 INFO:     #179 chat/completions (stream): 153 tokens generated at
                       304.5 T/s · prompt 156 tokens, none cached, 156 new in
                       0.09 s · first token 0.09 s, total 0.60 s · draft 103/150
                       accepted (69%) · max_tokens reached
16:18:51.851 INFO:     #180 chat/completions (stream): 64 prompt tokens ·
                       temperature: 0, greedy (req), max_tokens: 114 (req),
                       min_tokens: 114 (req)
16:18:52.357 INFO:     #180 chat/completions (stream): 114 tokens generated at
                       265.0 T/s · prompt 64 tokens, none cached, 64 new in 0.07
                       s · first token 0.07 s, total 0.51 s · draft 71/129
                       accepted (55%) · max_tokens reached
16:18:52.359 INFO:     #181 chat/completions (stream): 63 prompt tokens ·
                       temperature: 0, greedy (req), max_tokens: 85 (req),
                       min_tokens: 85 (req)
16:18:52.750 INFO:     #181 chat/completions (stream): 85 tokens generated at
                       268.4 T/s · prompt 63 tokens, none cached, 63 new in 0.07
                       s · first token 0.07 s, total 0.39 s · draft 53/96
                       accepted (55%) · max_tokens reached
16:18:52.753 INFO:     #182 chat/completions (stream): 482 prompt tokens ·
                       temperature: 0, greedy (req), max_tokens: 225 (req),
                       min_tokens: 225 (req)
16:18:53.710 INFO:     #182 chat/completions (stream): 225 tokens generated at
                       311.5 T/s · prompt 482 tokens, none cached, 482 new in
                       0.23 s (2,096 T/s) · first token 0.23 s, total 0.96 s ·
                       draft 154/213 accepted (72%) · max_tokens reached
16:18:53.712 INFO:     #183 chat/completions (stream): 66 prompt tokens ·
                       temperature: 0, greedy (req), max_tokens: 345 (req),
                       min_tokens: 345 (req)
16:18:55.201 INFO:     #183 chat/completions (stream): 345 tokens generated at
                       245.1 T/s · prompt 66 tokens, none cached, 66 new in 0.07
                       s · first token 0.08 s, total 1.48 s · draft 205/420
                       accepted (49%) · max_tokens reached
16:18:55.203 INFO:     #184 chat/completions (stream): 76 prompt tokens ·
                       temperature: 0, greedy (req), max_tokens: 139 (req),
                       min_tokens: 139 (req)
16:18:55.796 INFO:     #184 chat/completions (stream): 139 tokens generated at
                       273.7 T/s · prompt 76 tokens, none cached, 76 new in 0.08
                       s · first token 0.08 s, total 0.59 s · draft 89/150
                       accepted (59%) · max_tokens reached
16:18:55.798 INFO:     #185 chat/completions (stream): 389 prompt tokens ·
                       temperature: 0, greedy (req), max_tokens: 13 (req),
                       min_tokens: 13 (req)
16:18:56.068 INFO:     #185 chat/completions (stream): 13 tokens generated at
                       330.3 T/s · prompt 389 tokens, none cached, 389 new in
                       0.22 s (1,768 T/s) · first token 0.22 s, total 0.26 s ·
                       draft 9/12 accepted (75%) · max_tokens reached
16:18:56.070 INFO:     #186 chat/completions (stream): 68 prompt tokens ·
                       temperature: 0, greedy (req), max_tokens: 264 (req),
                       min_tokens: 264 (req)
16:18:57.103 INFO:     #186 chat/completions (stream): 264 tokens generated at
                       277.4 T/s · prompt 68 tokens, none cached, 68 new in 0.07
                       s · first token 0.07 s, total 1.03 s · draft 169/285
                       accepted (59%) · max_tokens reached
16:18:57.105 INFO:     #187 chat/completions (stream): 71 prompt tokens ·
                       temperature: 0, greedy (req), max_tokens: 307 (req),
                       min_tokens: 307 (req)
16:18:58.570 INFO:     #187 chat/completions (stream): 307 tokens generated at
                       222.1 T/s · prompt 71 tokens, none cached, 71 new in 0.08
                       s · first token 0.09 s, total 1.47 s · draft 169/414
                       accepted (41%) · max_tokens reached
16:18:58.572 INFO:     #188 chat/completions (stream): 59 prompt tokens ·
                       temperature: 0, greedy (req), max_tokens: 191 (req),
                       min_tokens: 191 (req)
16:18:59.289 INFO:     #188 chat/completions (stream): 191 tokens generated at
                       297.5 T/s · prompt 59 tokens, none cached, 59 new in 0.07
                       s · first token 0.08 s, total 0.72 s · draft 127/192
                       accepted (66%) · max_tokens reached
16:18:59.291 INFO:     #189 chat/completions (stream): 64 prompt tokens ·
                       temperature: 0, greedy (req), max_tokens: 1181 (req),
                       min_tokens: 1181 (req)
16:19:03.754 INFO:     #189 chat/completions (stream): 1,181 tokens generated at
                       269.1 T/s · prompt 64 tokens, none cached, 64 new in 0.07
                       s · first token 0.07 s, total 4.46 s · draft 743/1314
                       accepted (57%) · max_tokens reached
16:19:03.757 INFO:     #191 chat/completions (stream): 101 prompt tokens ·
                       temperature: 0, greedy (req), max_tokens: 236 (req),
                       min_tokens: 236 (req)
16:19:04.818 INFO:     #191 chat/completions (stream): 236 tokens generated at
                       245.1 T/s · prompt 101 tokens, none cached, 101 new in
                       0.09 s · first token 0.09 s, total 1.06 s · draft 142/282
                       accepted (50%) · max_tokens reached
16:19:04.821 INFO:     #192 chat/completions (stream): 448 prompt tokens ·
                       temperature: 0, greedy (req), max_tokens: 360 (req),
                       min_tokens: 360 (req)
16:19:06.237 INFO:     #192 chat/completions (stream): 360 tokens generated at
                       303.6 T/s · prompt 448 tokens, none cached, 448 new in
                       0.22 s (2,036 T/s) · first token 0.23 s, total 1.41 s ·
                       draft 243/351 accepted (69%) · max_tokens reached
16:19:06.239 INFO:     #193 chat/completions (stream): 72 prompt tokens ·
                       temperature: 0, greedy (req), max_tokens: 294 (req),
                       min_tokens: 294 (req)
16:19:07.398 INFO:     #193 chat/completions (stream): 294 tokens generated at
                       273.3 T/s · prompt 72 tokens, none cached, 72 new in 0.08
                       s · first token 0.09 s, total 1.16 s · draft 187/321
                       accepted (58%) · max_tokens reached
16:19:07.401 INFO:     #194 chat/completions (stream): 276 prompt tokens ·
                       temperature: 0, greedy (req), max_tokens: 6 (req),
                       min_tokens: 6 (req)
16:19:07.596 INFO:     #194 chat/completions (stream): 6 tokens generated at
                       314.7 T/s · prompt 276 tokens, none cached, 276 new in
                       0.17 s (1,624 T/s) · first token 0.18 s, total 0.19 s ·
                       draft 4/6 accepted (67%) · max_tokens reached
16:19:07.598 INFO:     #195 chat/completions (stream): 186 prompt tokens ·
                       temperature: 0, greedy (req), max_tokens: 42 (req),
                       min_tokens: 42 (req)
16:19:07.876 INFO:     #195 chat/completions (stream): 42 tokens generated at
                       235.3 T/s · prompt 186 tokens, none cached, 186 new in
                       0.09 s · first token 0.09 s, total 0.27 s · draft 24/54
                       accepted (44%) · max_tokens reached
16:19:07.878 INFO:     #196 chat/completions (stream): 219 prompt tokens ·
                       temperature: 0, greedy (req), max_tokens: 11 (req),
                       min_tokens: 11 (req)
16:19:08.037 INFO:     #196 chat/completions (stream): 11 tokens generated at
                       223.1 T/s · prompt 219 tokens, none cached, 219 new in
                       0.10 s · first token 0.10 s, total 0.15 s · draft 6/15
                       accepted (40%) · max_tokens reached
16:19:08.039 INFO:     #197 chat/completions (stream): 62 prompt tokens ·
                       temperature: 0, greedy (req), max_tokens: 304 (req),
                       min_tokens: 304 (req)
16:19:09.373 INFO:     #197 chat/completions (stream): 304 tokens generated at
                       241.6 T/s · prompt 62 tokens, none cached, 62 new in 0.07
                       s · first token 0.07 s, total 1.33 s · draft 177/381
                       accepted (46%) · max_tokens reached
16:19:09.375 INFO:     #198 chat/completions (stream): 66 prompt tokens ·
                       temperature: 0, greedy (req), max_tokens: 225 (req),
                       min_tokens: 225 (req)
16:19:10.227 INFO:     #198 chat/completions (stream): 225 tokens generated at
                       291.5 T/s · prompt 66 tokens, none cached, 66 new in 0.07
                       s · first token 0.08 s, total 0.85 s · draft 147/234
                       accepted (63%) · max_tokens reached
16:19:10.231 INFO:     #199 chat/completions (stream): 584 prompt tokens ·
                       temperature: 0, greedy (req), max_tokens: 10 (req),
                       min_tokens: 10 (req)
16:19:10.501 INFO:     #199 chat/completions (stream): 10 tokens generated at
                       338.9 T/s · prompt 584 tokens, none cached, 584 new in
                       0.23 s (2,539 T/s) · first token 0.23 s, total 0.26 s ·
                       draft 7/9 accepted (78%) · max_tokens reached
16:19:10.504 INFO:     #200 chat/completions (stream): 442 prompt tokens ·
                       temperature: 0, greedy (req), max_tokens: 86 (req),
                       min_tokens: 86 (req)
16:19:11.069 INFO:     #200 chat/completions (stream): 86 tokens generated at
                       255.4 T/s · prompt 442 tokens, none cached, 442 new in
                       0.22 s (2,009 T/s) · first token 0.23 s, total 0.56 s ·
                       draft 52/102 accepted (51%) · max_tokens reached
16:19:11.071 INFO:     #201 chat/completions (stream): 78 prompt tokens ·
                       temperature: 0, greedy (req), max_tokens: 147 (req),
                       min_tokens: 147 (req)
16:19:11.548 INFO:     #201 chat/completions (stream): 147 tokens generated at
                       373.7 T/s · prompt 78 tokens, none cached, 78 new in 0.08
                       s · first token 0.08 s, total 0.48 s · draft 107/120
                       accepted (89%) · max_tokens reached
16:19:11.550 INFO:     #202 chat/completions (stream): 64 prompt tokens ·
                       temperature: 0, greedy (req), max_tokens: 450 (req),
                       min_tokens: 450 (req)
16:19:13.422 INFO:     #202 chat/completions (stream): 450 tokens generated at
                       250.5 T/s · prompt 64 tokens, none cached, 64 new in 0.07
                       s · first token 0.07 s, total 1.87 s · draft 268/546
                       accepted (49%) · max_tokens reached
16:19:13.424 INFO:     #203 chat/completions (stream): 69 prompt tokens ·
                       temperature: 0, greedy (req), max_tokens: 300 (req),
                       min_tokens: 300 (req)
16:19:14.725 INFO:     #203 chat/completions (stream): 300 tokens generated at
                       246.0 T/s · prompt 69 tokens, none cached, 69 new in 0.07
                       s · first token 0.08 s, total 1.29 s · draft 178/366
                       accepted (49%) · max_tokens reached
16:19:14.727 INFO:     #204 chat/completions (stream): 70 prompt tokens ·
                       temperature: 0, greedy (req), max_tokens: 540 (req),
                       min_tokens: 540 (req)
16:19:16.928 INFO:     #204 chat/completions (stream): 540 tokens generated at
                       254.7 T/s · prompt 70 tokens, none cached, 70 new in 0.07
                       s · first token 0.08 s, total 2.20 s · draft 329/633
                       accepted (52%) · max_tokens reached
16:19:16.930 INFO:     #205 chat/completions (stream): 72 prompt tokens ·
                       temperature: 0, greedy (req), max_tokens: 830 (req),
                       min_tokens: 830 (req)
16:19:19.907 INFO:     #205 chat/completions (stream): 830 tokens generated at
                       286.6 T/s · prompt 72 tokens, none cached, 72 new in 0.07
                       s · first token 0.08 s, total 2.97 s · draft 542/864
                       accepted (63%) · max_tokens reached
16:19:19.910 INFO:     #207 chat/completions (stream): 97 prompt tokens ·
                       temperature: 0, greedy (req), max_tokens: 31 (req),
                       min_tokens: 31 (req)
16:19:20.078 INFO:     #207 chat/completions (stream): 31 tokens generated at
                       394.7 T/s · prompt 97 tokens, none cached, 97 new in 0.08
                       s · first token 0.09 s, total 0.16 s · draft 23/24
                       accepted (96%) · max_tokens reached
16:19:20.082 INFO:     #208 chat/completions (stream): 798 prompt tokens ·
                       temperature: 0, greedy (req), max_tokens: 9 (req),
                       min_tokens: 9 (req)
16:19:20.324 INFO:     #208 chat/completions (stream): 9 tokens generated at
                       312.5 T/s · prompt 798 tokens, none cached, 798 new in
                       0.20 s (3,990 T/s) · first token 0.20 s, total 0.23 s ·
                       draft 6/9 accepted (67%) · max_tokens reached
16:19:20.326 INFO:     #209 chat/completions (stream): 69 prompt tokens ·
                       temperature: 0, greedy (req), max_tokens: 29 (req),
                       min_tokens: 29 (req)
16:19:20.487 INFO:     #209 chat/completions (stream): 29 tokens generated at
                       359.9 T/s · prompt 69 tokens, none cached, 69 new in 0.07
                       s · first token 0.08 s, total 0.16 s · draft 21/24
                       accepted (88%) · max_tokens reached
16:19:20.490 INFO:     #210 chat/completions (stream): 486 prompt tokens ·
                       temperature: 0, greedy (req), max_tokens: 16 (req),
                       min_tokens: 16 (req)
16:19:20.786 INFO:     #210 chat/completions (stream): 16 tokens generated at
                       320.9 T/s · prompt 486 tokens, none cached, 486 new in
                       0.24 s (2,025 T/s) · first token 0.24 s, total 0.29 s ·
                       draft 11/15 accepted (73%) · max_tokens reached
16:19:20.789 INFO:     #211 chat/completions (stream): 254 prompt tokens ·
                       temperature: 0, greedy (req), max_tokens: 10 (req),
                       min_tokens: 10 (req)
16:19:20.947 INFO:     #211 chat/completions (stream): 10 tokens generated at
                       253.6 T/s · prompt 254 tokens, none cached, 254 new in
                       0.11 s · first token 0.12 s, total 0.15 s · draft 6/12
                       accepted (50%) · max_tokens reached
16:19:20.950 INFO:     #212 chat/completions (stream): 626 prompt tokens ·
                       temperature: 0, greedy (req), max_tokens: 59 (req),
                       min_tokens: 59 (req)
16:19:21.392 INFO:     #212 chat/completions (stream): 59 tokens generated at
                       308.9 T/s · prompt 626 tokens, none cached, 626 new in
                       0.24 s (2,608 T/s) · first token 0.24 s, total 0.44 s ·
                       draft 40/57 accepted (70%) · max_tokens reached
16:19:21.396 INFO:     #213 chat/completions (stream): 692 prompt tokens ·
                       temperature: 0, greedy (req), max_tokens: 109 (req),
                       min_tokens: 109 (req)
16:19:22.071 INFO:     #213 chat/completions (stream): 109 tokens generated at
                       281.5 T/s · prompt 692 tokens, none cached, 692 new in
                       0.28 s (2,471 T/s) · first token 0.29 s, total 0.67 s ·
                       draft 70/117 accepted (60%) · max_tokens reached
16:19:22.073 INFO:     #214 chat/completions (stream): 66 prompt tokens ·
                       temperature: 0, greedy (req), max_tokens: 207 (req),
                       min_tokens: 207 (req)
16:19:22.947 INFO:     #214 chat/completions (stream): 207 tokens generated at
                       260.5 T/s · prompt 66 tokens, none cached, 66 new in 0.07
                       s · first token 0.08 s, total 0.87 s · draft 128/237
                       accepted (54%) · max_tokens reached
16:19:22.950 INFO:     #215 chat/completions (stream): 655 prompt tokens ·
                       temperature: 0, greedy (req), max_tokens: 24 (req),
                       min_tokens: 24 (req)
16:19:23.315 INFO:     #215 chat/completions (stream): 24 tokens generated at
                       241.1 T/s · prompt 655 tokens, none cached, 655 new in
                       0.26 s (2,519 T/s) · first token 0.26 s, total 0.36 s ·
                       draft 14/30 accepted (47%) · max_tokens reached
16:19:23.317 INFO:     #216 chat/completions (stream): 87 prompt tokens ·
                       temperature: 0, greedy (req), max_tokens: 385 (req),
                       min_tokens: 385 (req)
16:19:25.028 INFO:     #216 chat/completions (stream): 385 tokens generated at
                       237.7 T/s · prompt 87 tokens, none cached, 87 new in 0.08
                       s · first token 0.09 s, total 1.70 s · draft 231/462
                       accepted (50%) · max_tokens reached
16:19:25.031 INFO:     #217 chat/completions (stream): 190 prompt tokens ·
                       temperature: 0, greedy (req), max_tokens: 51 (req),
                       min_tokens: 51 (req)
16:19:25.297 INFO:     #217 chat/completions (stream): 51 tokens generated at
                       321.6 T/s · prompt 190 tokens, none cached, 190 new in
                       0.10 s · first token 0.11 s, total 0.27 s · draft 35/48
                       accepted (73%) · max_tokens reached
16:19:25.300 INFO:     #218 chat/completions (stream): 350 prompt tokens ·
                       temperature: 0, greedy (req), max_tokens: 47 (req),
                       min_tokens: 47 (req)
16:19:25.716 INFO:     #218 chat/completions (stream): 47 tokens generated at
                       237.2 T/s · prompt 350 tokens, none cached, 350 new in
                       0.21 s (1,667 T/s) · first token 0.22 s, total 0.41 s ·
                       draft 27/60 accepted (45%) · max_tokens reached
16:19:25.718 INFO:     #219 chat/completions (stream): 119 prompt tokens ·
                       temperature: 0, greedy (req), max_tokens: 5 (req),
                       min_tokens: 5 (req)
16:19:25.842 INFO:     #219 chat/completions (stream): 5 tokens generated at
                       257.9 T/s · prompt 119 tokens, none cached, 119 new in
                       0.10 s · first token 0.11 s, total 0.12 s · draft 3/6
                       accepted (50%) · max_tokens reached
16:19:25.846 INFO:     #220 chat/completions (stream): 496 prompt tokens ·
                       temperature: 0, greedy (req), max_tokens: 29 (req),
                       min_tokens: 29 (req)
16:19:26.185 INFO:     #220 chat/completions (stream): 29 tokens generated at
                       288.4 T/s · prompt 496 tokens, none cached, 496 new in
                       0.23 s (2,157 T/s) · first token 0.23 s, total 0.34 s ·
                       draft 19/30 accepted (63%) · max_tokens reached
16:19:26.189 INFO:     #221 chat/completions (stream): 773 prompt tokens ·
                       temperature: 0, greedy (req), max_tokens: 29 (req),
                       min_tokens: 29 (req)
16:19:26.515 INFO:     #221 chat/completions (stream): 29 tokens generated at
                       234.1 T/s · prompt 773 tokens, none cached, 773 new in
                       0.19 s (4,068 T/s) · first token 0.19 s, total 0.32 s ·
                       draft 19/30 accepted (63%) · max_tokens reached
16:19:26.517 INFO:     #222 chat/completions (stream): 59 prompt tokens ·
                       temperature: 0, greedy (req), max_tokens: 300 (req),
                       min_tokens: 300 (req)
16:19:27.651 INFO:     #222 chat/completions (stream): 300 tokens generated at
                       283.1 T/s · prompt 59 tokens, none cached, 59 new in 0.07
                       s · first token 0.08 s, total 1.13 s · draft 194/318
                       accepted (61%) · max_tokens reached
16:19:27.653 INFO:     #223 chat/completions (stream): 84 prompt tokens ·
                       temperature: 0, greedy (req), max_tokens: 308 (req),
                       min_tokens: 308 (req)
16:19:28.893 INFO:     #223 chat/completions (stream): 308 tokens generated at
                       268.2 T/s · prompt 84 tokens, none cached, 84 new in 0.08
                       s · first token 0.09 s, total 1.23 s · draft 193/345
                       accepted (56%) · max_tokens reached
16:19:28.896 INFO:     #224 chat/completions (stream): 309 prompt tokens ·
                       temperature: 0, greedy (req), max_tokens: 12 (req),
                       min_tokens: 12 (req)
16:19:29.136 INFO:     #224 chat/completions (stream): 12 tokens generated at
                       295.1 T/s · prompt 309 tokens, none cached, 309 new in
                       0.19 s (1,626 T/s) · first token 0.20 s, total 0.24 s ·
                       draft 8/12 accepted (67%) · max_tokens reached
16:19:29.138 INFO:     #225 chat/completions (stream): 124 prompt tokens ·
                       temperature: 0, greedy (req), max_tokens: 8 (req),
                       min_tokens: 8 (req)
16:19:29.273 INFO:     #225 chat/completions (stream): 8 tokens generated at
                       274.1 T/s · prompt 124 tokens, none cached, 124 new in
                       0.10 s · first token 0.11 s, total 0.13 s · draft 5/9
                       accepted (56%) · max_tokens reached
16:19:29.275 INFO:     #226 chat/completions (stream): 217 prompt tokens ·
                       temperature: 0, greedy (req), max_tokens: 607 (req),
                       min_tokens: 607 (req)
16:19:31.882 INFO:     #226 chat/completions (stream): 607 tokens generated at
                       243.2 T/s · prompt 217 tokens, none cached, 217 new in
                       0.10 s · first token 0.10 s, total 2.60 s · draft 360/741
                       accepted (49%) · max_tokens reached
16:19:31.885 INFO:     #227 chat/completions (stream): 384 prompt tokens ·
                       temperature: 0, greedy (req), max_tokens: 805 (req),
                       min_tokens: 805 (req)
16:19:35.211 INFO:     #227 chat/completions (stream): 805 tokens generated at
                       259.5 T/s · prompt 384 tokens, none cached, 384 new in
                       0.22 s (1,745 T/s) · first token 0.23 s, total 3.33 s ·
                       draft 497/924 accepted (54%) · max_tokens reached
16:19:35.213 INFO:     #229 chat/completions (stream): 72 prompt tokens ·
                       temperature: 0, greedy (req), max_tokens: 223 (req),
                       min_tokens: 223 (req)
16:19:36.266 INFO:     #229 chat/completions (stream): 223 tokens generated at
                       229.7 T/s · prompt 72 tokens, none cached, 72 new in 0.07
                       s · first token 0.08 s, total 1.05 s · draft 126/291
                       accepted (43%) · max_tokens reached
16:19:36.268 INFO:     #230 chat/completions (stream): 268 prompt tokens ·
                       temperature: 0, greedy (req), max_tokens: 21 (req),
                       min_tokens: 21 (req)
16:19:36.508 INFO:     #230 chat/completions (stream): 21 tokens generated at
                       262.6 T/s · prompt 268 tokens, none cached, 268 new in
                       0.15 s (1,787 T/s) · first token 0.16 s, total 0.23 s ·
                       draft 13/24 accepted (54%) · max_tokens reached
16:19:36.510 INFO:     #231 chat/completions (stream): 209 prompt tokens ·
                       temperature: 0, greedy (req), max_tokens: 209 (req),
                       min_tokens: 209 (req)
16:19:37.220 INFO:     #231 chat/completions (stream): 209 tokens generated at
                       347.1 T/s · prompt 209 tokens, none cached, 209 new in
                       0.10 s · first token 0.11 s, total 0.71 s · draft 149/180
                       accepted (83%) · max_tokens reached
16:19:37.222 INFO:     #232 chat/completions (stream): 178 prompt tokens ·
                       temperature: 0, greedy (req), max_tokens: 18 (req),
                       min_tokens: 18 (req)
16:19:37.403 INFO:     #232 chat/completions (stream): 18 tokens generated at
                       226.4 T/s · prompt 178 tokens, none cached, 178 new in
                       0.09 s · first token 0.10 s, total 0.17 s · draft 10/24
                       accepted (42%) · max_tokens reached
16:19:37.405 INFO:     #233 chat/completions (stream): 62 prompt tokens ·
                       temperature: 0, greedy (req), max_tokens: 94 (req),
                       min_tokens: 94 (req)
16:19:37.889 INFO:     #233 chat/completions (stream): 94 tokens generated at
                       242.3 T/s · prompt 62 tokens, none cached, 62 new in 0.09
                       s · first token 0.09 s, total 0.48 s · draft 55/117
                       accepted (47%) · max_tokens reached
16:19:37.891 INFO:     #234 chat/completions (stream): 100 prompt tokens ·
                       temperature: 0, greedy (req), max_tokens: 91 (req),
                       min_tokens: 91 (req)
16:19:38.276 INFO:     #234 chat/completions (stream): 91 tokens generated at
                       314.2 T/s · prompt 100 tokens, none cached, 100 new in
                       0.09 s · first token 0.09 s, total 0.38 s · draft 62/87
                       accepted (71%) · max_tokens reached
16:19:38.278 INFO:     #235 chat/completions (stream): 73 prompt tokens ·
                       temperature: 0, greedy (req), max_tokens: 229 (req),
                       min_tokens: 229 (req)
16:19:39.346 INFO:     #235 chat/completions (stream): 229 tokens generated at
                       232.3 T/s · prompt 73 tokens, none cached, 73 new in 0.08
                       s · first token 0.08 s, total 1.07 s · draft 131/294
                       accepted (45%) · max_tokens reached
16:19:39.349 INFO:     #236 chat/completions (stream): 88 prompt tokens ·
                       temperature: 0, greedy (req), max_tokens: 323 (req),
                       min_tokens: 323 (req)
16:19:40.796 INFO:     #236 chat/completions (stream): 323 tokens generated at
                       237.8 T/s · prompt 88 tokens, none cached, 88 new in 0.08
                       s · first token 0.09 s, total 1.44 s · draft 187/408
                       accepted (46%) · max_tokens reached
16:19:40.798 INFO:     #237 chat/completions (stream): 68 prompt tokens ·
                       temperature: 0, greedy (req), max_tokens: 534 (req),
                       min_tokens: 534 (req)
16:19:42.500 INFO:     #237 chat/completions (stream): 534 tokens generated at
                       329.7 T/s · prompt 68 tokens, none cached, 68 new in 0.08
                       s · first token 0.09 s, total 1.70 s · draft 370/492
                       accepted (75%) · max_tokens reached
16:19:42.503 INFO:     #238 chat/completions (stream): 164 prompt tokens ·
                       temperature: 0, greedy (req), max_tokens: 41 (req),
                       min_tokens: 41 (req)
16:19:42.741 INFO:     #238 chat/completions (stream): 41 tokens generated at
                       289.9 T/s · prompt 164 tokens, none cached, 164 new in
                       0.09 s · first token 0.10 s, total 0.24 s · draft 27/42
                       accepted (64%) · max_tokens reached
16:19:42.744 INFO:     #239 chat/completions (stream): 662 prompt tokens ·
                       temperature: 0, greedy (req), max_tokens: 243 (req),
                       min_tokens: 243 (req)
16:19:43.998 INFO:     #239 chat/completions (stream): 243 tokens generated at
                       240.2 T/s · prompt 662 tokens, none cached, 662 new in
                       0.23 s (2,878 T/s) · first token 0.23 s, total 1.25 s ·
                       draft 142/303 accepted (47%) · max_tokens reached
16:19:44.000 INFO:     #240 chat/completions (stream): 106 prompt tokens ·
                       temperature: 0, greedy (req), max_tokens: 40 (req),
                       min_tokens: 40 (req)
16:19:44.209 INFO:     #240 chat/completions (stream): 40 tokens generated at
                       363.6 T/s · prompt 106 tokens, none cached, 106 new in
                       0.09 s · first token 0.10 s, total 0.21 s · draft 29/33
                       accepted (88%) · max_tokens reached
16:19:44.212 INFO:     #241 chat/completions (stream): 802 prompt tokens ·
                       temperature: 0, greedy (req), max_tokens: 6 (req),
                       min_tokens: 6 (req)
16:19:44.481 INFO:     #241 chat/completions (stream): 6 tokens generated at
                       308.9 T/s · prompt 802 tokens, none cached, 802 new in
                       0.24 s (3,342 T/s) · first token 0.24 s, total 0.26 s ·
                       draft 4/6 accepted (67%) · max_tokens reached
16:19:44.484 INFO:     #242 chat/completions (stream): 717 prompt tokens ·
                       temperature: 0, greedy (req), max_tokens: 21 (req),
                       min_tokens: 21 (req)
16:19:44.803 INFO:     #242 chat/completions (stream): 21 tokens generated at
                       352.3 T/s · prompt 717 tokens, none cached, 717 new in
                       0.25 s (2,868 T/s) · first token 0.26 s, total 0.31 s ·
                       draft 15/18 accepted (83%) · max_tokens reached
16:19:44.805 INFO:     #243 chat/completions (stream): 114 prompt tokens ·
                       temperature: 0, greedy (req), max_tokens: 93 (req),
                       min_tokens: 93 (req)
16:19:45.511 INFO:     #243 chat/completions (stream): 93 tokens generated at
                       154.8 T/s · prompt 114 tokens, none cached, 114 new in
                       0.10 s · first token 0.10 s, total 0.71 s · draft 33/180
                       accepted (18%) · max_tokens reached
16:19:45.514 INFO:     #244 chat/completions (stream): 75 prompt tokens ·
                       temperature: 0, greedy (req), max_tokens: 517 (req),
                       min_tokens: 517 (req)
16:19:47.663 INFO:     #244 chat/completions (stream): 517 tokens generated at
                       250.4 T/s · prompt 75 tokens, none cached, 75 new in 0.08
                       s · first token 0.09 s, total 2.15 s · draft 310/621
                       accepted (50%) · max_tokens reached
16:19:47.665 INFO:     #246 chat/completions (stream): 61 prompt tokens ·
                       temperature: 0, greedy (req), max_tokens: 201 (req),
                       min_tokens: 201 (req)
16:19:48.363 INFO:     #246 chat/completions (stream): 201 tokens generated at
                       323.3 T/s · prompt 61 tokens, none cached, 61 new in 0.07
                       s · first token 0.07 s, total 0.70 s · draft 138/189
                       accepted (73%) · max_tokens reached
16:19:48.366 INFO:     #247 chat/completions (stream): 167 prompt tokens ·
                       temperature: 0, greedy (req), max_tokens: 13 (req),
                       min_tokens: 13 (req)
16:19:48.503 INFO:     #247 chat/completions (stream): 13 tokens generated at
                       328.7 T/s · prompt 167 tokens, none cached, 167 new in
                       0.09 s · first token 0.10 s, total 0.13 s · draft 9/12
                       accepted (75%) · max_tokens reached
16:19:48.505 INFO:     #248 chat/completions (stream): 65 prompt tokens ·
                       temperature: 0, greedy (req), max_tokens: 177 (req),
                       min_tokens: 177 (req)
16:19:49.232 INFO:     #248 chat/completions (stream): 177 tokens generated at
                       272.9 T/s · prompt 65 tokens, none cached, 65 new in 0.07
                       s · first token 0.07 s, total 0.72 s · draft 112/195
                       accepted (57%) · max_tokens reached
16:19:49.236 INFO:     #249 chat/completions (stream): 637 prompt tokens ·
                       temperature: 0, greedy (req), max_tokens: 1147 (req),
                       min_tokens: 1147 (req)
16:19:53.749 INFO:     #249 chat/completions (stream): 1,147 tokens generated at
                       269.7 T/s · prompt 637 tokens, none cached, 637 new in
                       0.25 s (2,548 T/s) · first token 0.25 s, total 4.51 s ·
                       draft 720/1281 accepted (56%) · max_tokens reached
16:19:53.753 INFO:     #250 chat/completions (stream): 690 prompt tokens ·
                       temperature: 0, greedy (req), max_tokens: 10 (req),
                       min_tokens: 10 (req)
16:19:54.036 INFO:     #250 chat/completions (stream): 10 tokens generated at
                       339.5 T/s · prompt 690 tokens, none cached, 690 new in
                       0.24 s (2,875 T/s) · first token 0.25 s, total 0.27 s ·
                       draft 7/9 accepted (78%) · max_tokens reached
16:19:54.038 INFO:     #251 chat/completions (stream): 57 prompt tokens ·
                       temperature: 0, greedy (req), max_tokens: 285 (req),
                       min_tokens: 285 (req)
16:19:55.253 INFO:     #251 chat/completions (stream): 285 tokens generated at
                       251.1 T/s · prompt 57 tokens, none cached, 57 new in 0.07
                       s · first token 0.07 s, total 1.21 s · draft 170/345
                       accepted (49%) · max_tokens reached
16:19:55.255 INFO:     #252 chat/completions (stream): 76 prompt tokens ·
                       temperature: 0, greedy (req), max_tokens: 562 (req),
                       min_tokens: 562 (req)
16:19:57.710 INFO:     #252 chat/completions (stream): 562 tokens generated at
                       237.0 T/s · prompt 76 tokens, none cached, 76 new in 0.08
                       s · first token 0.09 s, total 2.46 s · draft 324/714
                       accepted (45%) · max_tokens reached
16:19:57.713 INFO:     #253 chat/completions (stream): 540 prompt tokens ·
                       temperature: 0, greedy (req), max_tokens: 8 (req),
                       min_tokens: 8 (req)
16:19:57.928 INFO:     #253 chat/completions (stream): 8 tokens generated at
                       273.5 T/s · prompt 540 tokens, none cached, 540 new in
                       0.18 s (3,000 T/s) · first token 0.19 s, total 0.21 s ·
                       draft 5/9 accepted (56%) · max_tokens reached
16:19:57.930 INFO:     #254 chat/completions (stream): 60 prompt tokens ·
                       temperature: 0, greedy (req), max_tokens: 198 (req),
                       min_tokens: 198 (req)
16:19:58.872 INFO:     #254 chat/completions (stream): 198 tokens generated at
                       228.1 T/s · prompt 60 tokens, none cached, 60 new in 0.07
                       s · first token 0.07 s, total 0.94 s · draft 111/261
                       accepted (43%) · max_tokens reached
16:19:58.874 INFO:     #255 chat/completions (stream): 58 prompt tokens ·
                       temperature: 0, greedy (req), max_tokens: 31 (req),
                       min_tokens: 31 (req)
16:19:59.039 INFO:     #255 chat/completions (stream): 31 tokens generated at
                       342.4 T/s · prompt 58 tokens, none cached, 58 new in 0.07
                       s · first token 0.08 s, total 0.17 s · draft 22/27
                       accepted (81%) · max_tokens reached
16:19:59.042 INFO:     #256 chat/completions (stream): 449 prompt tokens ·
                       temperature: 0, greedy (req), max_tokens: 25 (req),
                       min_tokens: 25 (req)
16:19:59.372 INFO:     #256 chat/completions (stream): 25 tokens generated at
                       250.7 T/s · prompt 449 tokens, none cached, 449 new in
                       0.22 s (2,041 T/s) · first token 0.22 s, total 0.32 s ·
                       draft 15/30 accepted (50%) · max_tokens reached
16:19:59.375 INFO:     #257 chat/completions (stream): 392 prompt tokens ·
                       temperature: 0, greedy (req), max_tokens: 17 (req),
                       min_tokens: 17 (req)
16:19:59.667 INFO:     #257 chat/completions (stream): 17 tokens generated at
                       284.0 T/s · prompt 392 tokens, none cached, 392 new in
                       0.22 s (1,782 T/s) · first token 0.23 s, total 0.29 s ·
                       draft 11/18 accepted (61%) · max_tokens reached
16:19:59.670 INFO:     #258 chat/completions (stream): 112 prompt tokens ·
                       temperature: 0, greedy (req), max_tokens: 556 (req),
                       min_tokens: 556 (req)
16:20:01.766 INFO:     #258 chat/completions (stream): 556 tokens generated at
                       278.4 T/s · prompt 112 tokens, none cached, 112 new in
                       0.09 s · first token 0.09 s, total 2.09 s · draft 356/600
                       accepted (59%) · max_tokens reached
16:20:01.769 INFO:     #259 chat/completions (stream): 79 prompt tokens ·
                       temperature: 0, greedy (req), max_tokens: 165 (req),
                       min_tokens: 165 (req)
16:20:02.507 INFO:     #259 chat/completions (stream): 165 tokens generated at
                       252.5 T/s · prompt 79 tokens, none cached, 79 new in 0.08
                       s · first token 0.09 s, total 0.74 s · draft 100/195
                       accepted (51%) · max_tokens reached
16:20:02.509 INFO:     #261 chat/completions (stream): 63 prompt tokens ·
                       temperature: 0, greedy (req), max_tokens: 650 (req),
                       min_tokens: 650 (req)
16:20:04.875 INFO:     #261 chat/completions (stream): 650 tokens generated at
                       283.9 T/s · prompt 63 tokens, none cached, 63 new in 0.07
                       s · first token 0.07 s, total 2.36 s · draft 422/684
                       accepted (62%) · max_tokens reached
16:20:04.877 INFO:     #262 chat/completions (stream): 68 prompt tokens ·
                       temperature: 0, greedy (req), max_tokens: 434 (req),
                       min_tokens: 434 (req)
16:20:06.667 INFO:     #262 chat/completions (stream): 434 tokens generated at
                       254.0 T/s · prompt 68 tokens, none cached, 68 new in 0.07
                       s · first token 0.08 s, total 1.78 s · draft 264/510
                       accepted (52%) · max_tokens reached
16:20:06.671 INFO:     #263 chat/completions (stream): 527 prompt tokens ·
                       temperature: 0, greedy (req), max_tokens: 78 (req),
                       min_tokens: 78 (req)
16:20:07.171 INFO:     #263 chat/completions (stream): 78 tokens generated at
                       246.8 T/s · prompt 527 tokens, none cached, 527 new in
                       0.18 s (2,928 T/s) · first token 0.19 s, total 0.50 s ·
                       draft 46/96 accepted (48%) · max_tokens reached
16:20:07.173 INFO:     #264 chat/completions (stream): 65 prompt tokens ·
                       temperature: 0, greedy (req), max_tokens: 352 (req),
                       min_tokens: 352 (req)
16:20:08.657 INFO:     #264 chat/completions (stream): 352 tokens generated at
                       250.0 T/s · prompt 65 tokens, none cached, 65 new in 0.07
                       s · first token 0.07 s, total 1.48 s · draft 212/420
                       accepted (50%) · max_tokens reached
16:20:08.660 INFO:     #265 chat/completions (stream): 342 prompt tokens ·
                       temperature: 0, greedy (req), max_tokens: 44 (req),
                       min_tokens: 44 (req)
16:20:09.045 INFO:     #265 chat/completions (stream): 44 tokens generated at
                       259.1 T/s · prompt 342 tokens, none cached, 342 new in
                       0.21 s (1,629 T/s) · first token 0.22 s, total 0.38 s ·
                       draft 27/51 accepted (53%) · max_tokens reached
16:20:09.048 INFO:     #266 chat/completions (stream): 448 prompt tokens ·
                       temperature: 0, greedy (req), max_tokens: 55 (req),
                       min_tokens: 55 (req)
16:20:09.478 INFO:     #266 chat/completions (stream): 55 tokens generated at
                       267.6 T/s · prompt 448 tokens, none cached, 448 new in
                       0.21 s (2,133 T/s) · first token 0.21 s, total 0.42 s ·
                       draft 35/60 accepted (58%) · max_tokens reached
16:20:09.481 INFO:     #267 chat/completions (stream): 399 prompt tokens ·
                       temperature: 0, greedy (req), max_tokens: 15 (req),
                       min_tokens: 15 (req)
16:20:09.775 INFO:     #267 chat/completions (stream): 15 tokens generated at
                       258.4 T/s · prompt 399 tokens, none cached, 399 new in
                       0.23 s (1,735 T/s) · first token 0.24 s, total 0.29 s ·
                       draft 9/18 accepted (50%) · max_tokens reached
16:20:09.777 INFO:     #268 chat/completions (stream): 72 prompt tokens ·
                       temperature: 0, greedy (req), max_tokens: 279 (req),
                       min_tokens: 279 (req)
16:20:10.866 INFO:     #268 chat/completions (stream): 279 tokens generated at
                       277.6 T/s · prompt 72 tokens, none cached, 72 new in 0.08
                       s · first token 0.08 s, total 1.09 s · draft 179/300
                       accepted (60%) · max_tokens reached
16:20:10.868 INFO:     #269 chat/completions (stream): 64 prompt tokens ·
                       temperature: 0, greedy (req), max_tokens: 150 (req),
                       min_tokens: 150 (req)
16:20:11.542 INFO:     #269 chat/completions (stream): 150 tokens generated at
                       251.7 T/s · prompt 64 tokens, none cached, 64 new in 0.07
                       s · first token 0.08 s, total 0.67 s · draft 91/177
                       accepted (51%) · max_tokens reached
16:20:11.545 INFO:     #270 chat/completions (stream): 340 prompt tokens ·
                       temperature: 0, greedy (req), max_tokens: 26 (req),
                       min_tokens: 26 (req)
16:20:11.861 INFO:     #270 chat/completions (stream): 26 tokens generated at
                       257.0 T/s · prompt 340 tokens, none cached, 340 new in
                       0.21 s (1,619 T/s) · first token 0.22 s, total 0.32 s ·
                       draft 16/30 accepted (53%) · max_tokens reached
16:20:11.864 INFO:     #271 chat/completions (stream): 66 prompt tokens ·
                       temperature: 0, greedy (req), max_tokens: 12 (req),
                       min_tokens: 12 (req)
16:20:11.973 INFO:     #271 chat/completions (stream): 12 tokens generated at
                       414.5 T/s · prompt 66 tokens, none cached, 66 new in 0.07
                       s · first token 0.07 s, total 0.10 s · draft 9/9 accepted
                       (100%) · max_tokens reached
16:20:11.975 INFO:     #272 chat/completions (stream): 446 prompt tokens ·
                       temperature: 0, greedy (req), max_tokens: 8 (req),
                       min_tokens: 8 (req)
16:20:12.229 INFO:     #272 chat/completions (stream): 8 tokens generated at
                       272.3 T/s · prompt 446 tokens, none cached, 446 new in
                       0.22 s (2,027 T/s) · first token 0.22 s, total 0.25 s ·
                       draft 5/9 accepted (56%) · max_tokens reached
16:20:12.231 INFO:     #273 chat/completions (stream): 99 prompt tokens ·
                       temperature: 0, greedy (req), max_tokens: 429 (req),
                       min_tokens: 429 (req)
16:20:13.993 INFO:     #273 chat/completions (stream): 429 tokens generated at
                       257.5 T/s · prompt 99 tokens, none cached, 99 new in 0.09
                       s · first token 0.09 s, total 1.76 s · draft 262/501
                       accepted (52%) · max_tokens reached
16:20:13.995 INFO:     #274 chat/completions (stream): 70 prompt tokens ·
                       temperature: 0, greedy (req), max_tokens: 772 (req),
                       min_tokens: 772 (req)
16:20:17.228 INFO:     #274 chat/completions (stream): 772 tokens generated at
                       245.1 T/s · prompt 70 tokens, none cached, 70 new in 0.08
                       s · first token 0.09 s, total 3.23 s · draft 456/948
                       accepted (48%) · max_tokens reached
16:20:17.231 INFO:     #276 chat/completions (stream): 391 prompt tokens ·
                       temperature: 0, greedy (req), max_tokens: 46 (req),
                       min_tokens: 46 (req)
16:20:17.672 INFO:     #276 chat/completions (stream): 46 tokens generated at
                       218.8 T/s · prompt 391 tokens, none cached, 391 new in
                       0.22 s (1,777 T/s) · first token 0.23 s, total 0.44 s ·
                       draft 25/63 accepted (40%) · max_tokens reached
16:20:17.675 INFO:     #277 chat/completions (stream): 60 prompt tokens ·
                       temperature: 0, greedy (req), max_tokens: 75 (req),
                       min_tokens: 75 (req)
16:20:17.997 INFO:     #277 chat/completions (stream): 75 tokens generated at
                       303.4 T/s · prompt 60 tokens, none cached, 60 new in 0.07
                       s · first token 0.08 s, total 0.32 s · draft 50/75
                       accepted (67%) · max_tokens reached
16:20:18.001 INFO:     #278 chat/completions (stream): 691 prompt tokens ·
                       temperature: 0, greedy (req), max_tokens: 139 (req),
                       min_tokens: 139 (req)
16:20:18.757 INFO:     #278 chat/completions (stream): 139 tokens generated at
                       275.4 T/s · prompt 691 tokens, none cached, 691 new in
                       0.24 s (2,879 T/s) · first token 0.24 s, total 0.75 s ·
                       draft 88/153 accepted (58%) · max_tokens reached
16:20:18.760 INFO:     #279 chat/completions (stream): 68 prompt tokens ·
                       temperature: 0, greedy (req), max_tokens: 282 (req),
                       min_tokens: 282 (req)
16:20:19.924 INFO:     #279 chat/completions (stream): 282 tokens generated at
                       260.5 T/s · prompt 68 tokens, none cached, 68 new in 0.07
                       s · first token 0.08 s, total 1.16 s · draft 174/324
                       accepted (54%) · max_tokens reached
16:20:19.926 INFO:     #280 chat/completions (stream): 63 prompt tokens ·
                       temperature: 0, greedy (req), max_tokens: 98 (req),
                       min_tokens: 98 (req)
16:20:20.321 INFO:     #280 chat/completions (stream): 98 tokens generated at
                       306.7 T/s · prompt 63 tokens, none cached, 63 new in 0.07
                       s · first token 0.08 s, total 0.39 s · draft 66/96
                       accepted (69%) · max_tokens reached
16:20:20.324 INFO:     #281 chat/completions (stream): 815 prompt tokens ·
                       temperature: 0, greedy (req), max_tokens: 282 (req),
                       min_tokens: 282 (req)
16:20:21.574 INFO:     #281 chat/completions (stream): 282 tokens generated at
                       281.6 T/s · prompt 815 tokens, none cached, 815 new in
                       0.24 s (3,396 T/s) · first token 0.24 s, total 1.25 s ·
                       draft 181/303 accepted (60%) · max_tokens reached
16:20:21.577 INFO:     #282 chat/completions (stream): 84 prompt tokens ·
                       temperature: 0, greedy (req), max_tokens: 278 (req),
                       min_tokens: 278 (req)
16:20:22.717 INFO:     #282 chat/completions (stream): 278 tokens generated at
                       264.3 T/s · prompt 84 tokens, none cached, 84 new in 0.08
                       s · first token 0.09 s, total 1.14 s · draft 173/315
                       accepted (55%) · max_tokens reached
16:20:22.720 INFO:     #283 chat/completions (stream): 60 prompt tokens ·
                       temperature: 0, greedy (req), max_tokens: 202 (req),
                       min_tokens: 202 (req)
16:20:23.694 INFO:     #283 chat/completions (stream): 202 tokens generated at
                       224.7 T/s · prompt 60 tokens, none cached, 60 new in 0.07
                       s · first token 0.08 s, total 0.97 s · draft 112/270
                       accepted (41%) · max_tokens reached
16:20:23.696 INFO:     #284 chat/completions (stream): 62 prompt tokens ·
                       temperature: 0, greedy (req), max_tokens: 105 (req),
                       min_tokens: 105 (req)
16:20:24.154 INFO:     #284 chat/completions (stream): 105 tokens generated at
                       274.6 T/s · prompt 62 tokens, none cached, 62 new in 0.07
                       s · first token 0.08 s, total 0.46 s · draft 68/111
                       accepted (61%) · max_tokens reached
16:20:24.157 INFO:     #285 chat/completions (stream): 61 prompt tokens ·
                       temperature: 0, greedy (req), max_tokens: 61 (req),
                       min_tokens: 61 (req)
16:20:24.503 INFO:     #285 chat/completions (stream): 61 tokens generated at
                       237.2 T/s · prompt 61 tokens, none cached, 61 new in 0.07
                       s · first token 0.08 s, total 0.33 s · draft 38/69
                       accepted (55%) · max_tokens reached
16:20:24.506 INFO:     #286 chat/completions (stream): 65 prompt tokens ·
                       temperature: 0, greedy (req), max_tokens: 210 (req),
                       min_tokens: 210 (req)
16:20:25.366 INFO:     #286 chat/completions (stream): 210 tokens generated at
                       270.7 T/s · prompt 65 tokens, none cached, 65 new in 0.08
                       s · first token 0.09 s, total 0.86 s · draft 136/222
                       accepted (61%) · max_tokens reached
16:20:25.368 INFO:     #287 chat/completions (stream): 60 prompt tokens ·
                       temperature: 0, greedy (req), max_tokens: 41 (req),
                       min_tokens: 41 (req)
16:20:25.561 INFO:     #287 chat/completions (stream): 41 tokens generated at
                       346.7 T/s · prompt 60 tokens, none cached, 60 new in 0.07
                       s · first token 0.08 s, total 0.19 s · draft 29/36
                       accepted (81%) · max_tokens reached
16:20:25.563 INFO:     #288 chat/completions (stream): 60 prompt tokens ·
                       temperature: 0, greedy (req), max_tokens: 287 (req),
                       min_tokens: 287 (req)
16:20:26.842 INFO:     #288 chat/completions (stream): 287 tokens generated at
                       238.4 T/s · prompt 60 tokens, none cached, 60 new in 0.07
                       s · first token 0.07 s, total 1.28 s · draft 165/366
                       accepted (45%) · max_tokens reached
16:20:26.844 INFO:     #289 chat/completions (stream): 70 prompt tokens ·
                       temperature: 0, greedy (req), max_tokens: 276 (req),
                       min_tokens: 276 (req)
16:20:28.092 INFO:     #289 chat/completions (stream): 276 tokens generated at
                       236.7 T/s · prompt 70 tokens, none cached, 70 new in 0.08
                       s · first token 0.09 s, total 1.25 s · draft 159/351
                       accepted (45%) · max_tokens reached
16:20:28.095 INFO:     #290 chat/completions (stream): 107 prompt tokens ·
                       temperature: 0, greedy (req), max_tokens: 176 (req),
                       min_tokens: 176 (req)
16:20:28.745 INFO:     #290 chat/completions (stream): 176 tokens generated at
                       320.3 T/s · prompt 107 tokens, none cached, 107 new in
                       0.09 s · first token 0.10 s, total 0.64 s · draft 121/165
                       accepted (73%) · max_tokens reached
16:20:28.749 INFO:     #291 chat/completions (stream): 987 prompt tokens ·
                       temperature: 0, greedy (req), max_tokens: 113 (req),
                       min_tokens: 113 (req)
16:20:29.487 INFO:     #291 chat/completions (stream): 113 tokens generated at
                       252.2 T/s · prompt 987 tokens, none cached, 987 new in
                       0.28 s (3,525 T/s) · first token 0.29 s, total 0.73 s ·
                       draft 69/132 accepted (52%) · max_tokens reached
16:20:29.491 INFO:     #292 chat/completions (stream): 731 prompt tokens ·
                       temperature: 0, greedy (req), max_tokens: 694 (req),
                       min_tokens: 694 (req)
16:20:32.462 INFO:     #292 chat/completions (stream): 694 tokens generated at
                       255.6 T/s · prompt 731 tokens, none cached, 731 new in
                       0.25 s (2,924 T/s) · first token 0.26 s, total 2.97 s ·
                       draft 422/816 accepted (52%) · max_tokens reached
16:20:32.465 INFO:     #294 chat/completions (stream): 67 prompt tokens ·
                       temperature: 0, greedy (req), max_tokens: 84 (req),
                       min_tokens: 84 (req)
16:20:32.847 INFO:     #294 chat/completions (stream): 84 tokens generated at
                       279.3 T/s · prompt 67 tokens, none cached, 67 new in 0.07
                       s · first token 0.08 s, total 0.38 s · draft 54/90
                       accepted (60%) · max_tokens reached
16:20:32.849 INFO:     #295 chat/completions (stream): 91 prompt tokens ·
                       temperature: 0, greedy (req), max_tokens: 464 (req),
                       min_tokens: 464 (req)
16:20:34.800 INFO:     #295 chat/completions (stream): 464 tokens generated at
                       249.3 T/s · prompt 91 tokens, none cached, 91 new in 0.08
                       s · first token 0.08 s, total 1.95 s · draft 278/558
                       accepted (50%) · max_tokens reached
16:20:34.803 INFO:     #296 chat/completions (stream): 114 prompt tokens ·
                       temperature: 0, greedy (req), max_tokens: 425 (req),
                       min_tokens: 425 (req)
16:20:36.669 INFO:     #296 chat/completions (stream): 425 tokens generated at
                       240.9 T/s · prompt 114 tokens, none cached, 114 new in
                       0.10 s · first token 0.11 s, total 1.87 s · draft 249/528
                       accepted (47%) · max_tokens reached
16:20:36.672 INFO:     #297 chat/completions (stream): 60 prompt tokens ·
                       temperature: 0, greedy (req), max_tokens: 64 (req),
                       min_tokens: 64 (req)
16:20:36.965 INFO:     #297 chat/completions (stream): 64 tokens generated at
                       293.8 T/s · prompt 60 tokens, none cached, 60 new in 0.07
                       s · first token 0.08 s, total 0.29 s · draft 42/66
                       accepted (64%) · max_tokens reached
16:20:36.966 INFO:     #298 chat/completions (stream): 89 prompt tokens ·
                       temperature: 0, greedy (req), max_tokens: 609 (req),
                       min_tokens: 609 (req)
16:20:39.265 INFO:     #298 chat/completions (stream): 609 tokens generated at
                       275.5 T/s · prompt 89 tokens, none cached, 89 new in 0.08
                       s · first token 0.08 s, total 2.29 s · draft 388/663
                       accepted (59%) · max_tokens reached
16:20:39.269 INFO:     #299 chat/completions (stream): 648 prompt tokens ·
                       temperature: 0, greedy (req), max_tokens: 6 (req),
                       min_tokens: 6 (req)
16:20:39.586 INFO:     #299 chat/completions (stream): 6 tokens generated at
                       308.7 T/s · prompt 648 tokens, none cached, 648 new in
                       0.29 s (2,234 T/s) · first token 0.30 s, total 0.31 s ·
                       draft 4/6 accepted (67%) · max_tokens reached
16:20:39.589 INFO:     #300 chat/completions (stream): 113 prompt tokens ·
                       temperature: 0, greedy (req), max_tokens: 71 (req),
                       min_tokens: 71 (req)
16:20:39.888 INFO:     #300 chat/completions (stream): 71 tokens generated at
                       358.0 T/s · prompt 113 tokens, none cached, 113 new in
                       0.09 s · first token 0.09 s, total 0.29 s · draft 51/60
                       accepted (85%) · max_tokens reached
16:20:39.890 INFO:     #301 chat/completions (stream): 68 prompt tokens ·
                       temperature: 0, greedy (req), max_tokens: 169 (req),
                       min_tokens: 169 (req)
16:20:40.678 INFO:     #301 chat/completions (stream): 169 tokens generated at
                       239.0 T/s · prompt 68 tokens, none cached, 68 new in 0.07
                       s · first token 0.07 s, total 0.78 s · draft 99/210
                       accepted (47%) · max_tokens reached
16:20:40.681 INFO:     #302 chat/completions (stream): 164 prompt tokens ·
                       temperature: 0, greedy (req), max_tokens: 302 (req),
                       min_tokens: 302 (req)
16:20:42.031 INFO:     #302 chat/completions (stream): 302 tokens generated at
                       241.2 T/s · prompt 164 tokens, none cached, 164 new in
                       0.09 s · first token 0.10 s, total 1.35 s · draft 177/375
                       accepted (47%) · max_tokens reached
16:20:42.033 INFO:     #303 chat/completions (stream): 75 prompt tokens ·
                       temperature: 0, greedy (req), max_tokens: 306 (req),
                       min_tokens: 306 (req)
16:20:43.263 INFO:     #303 chat/completions (stream): 306 tokens generated at
                       267.4 T/s · prompt 75 tokens, none cached, 75 new in 0.08
                       s · first token 0.09 s, total 1.23 s · draft 192/342
                       accepted (56%) · max_tokens reached
16:20:43.265 INFO:     #304 chat/completions (stream): 256 prompt tokens ·
                       temperature: 0, greedy (req), max_tokens: 28 (req),
                       min_tokens: 28 (req)
16:20:43.532 INFO:     #304 chat/completions (stream): 28 tokens generated at
                       186.8 T/s · prompt 256 tokens, none cached, 256 new in
                       0.11 s (2,327 T/s) · first token 0.12 s, total 0.27 s ·
                       draft 16/36 accepted (44%) · max_tokens reached
16:20:43.534 INFO:     #305 chat/completions (stream): 137 prompt tokens ·
                       temperature: 0, greedy (req), max_tokens: 52 (req),
                       min_tokens: 52 (req)
16:20:43.799 INFO:     #305 chat/completions (stream): 52 tokens generated at
                       344.5 T/s · prompt 137 tokens, none cached, 137 new in
                       0.11 s · first token 0.11 s, total 0.27 s · draft 37/45
                       accepted (82%) · max_tokens reached
16:20:43.802 INFO:     #306 chat/completions (stream): 840 prompt tokens ·
                       temperature: 0, greedy (req), max_tokens: 11 (req),
                       min_tokens: 11 (req)
16:20:44.123 INFO:     #306 chat/completions (stream): 11 tokens generated at
                       215.6 T/s · prompt 840 tokens, none cached, 840 new in
                       0.26 s (3,231 T/s) · first token 0.26 s, total 0.32 s ·
                       draft 6/15 accepted (40%) · max_tokens reached
16:20:44.125 INFO:     #307 chat/completions (stream): 77 prompt tokens ·
                       temperature: 0, greedy (req), max_tokens: 259 (req),
                       min_tokens: 259 (req)
16:20:45.235 INFO:     #307 chat/completions (stream): 259 tokens generated at
                       253.1 T/s · prompt 77 tokens, none cached, 77 new in 0.08
                       s · first token 0.09 s, total 1.11 s · draft 157/306
                       accepted (51%) · max_tokens reached
16:20:45.239 INFO:     #308 chat/completions (stream): 434 prompt tokens ·
                       temperature: 0, greedy (req), max_tokens: 25 (req),
                       min_tokens: 25 (req)
16:20:45.542 INFO:     #308 chat/completions (stream): 25 tokens generated at
                       312.8 T/s · prompt 434 tokens, none cached, 434 new in
                       0.21 s (2,067 T/s) · first token 0.22 s, total 0.30 s ·
                       draft 17/24 accepted (71%) · max_tokens reached
16:20:45.544 INFO:     #309 chat/completions (stream): 136 prompt tokens ·
                       temperature: 0, greedy (req), max_tokens: 292 (req),
                       min_tokens: 292 (req)
16:20:46.591 INFO:     #309 chat/completions (stream): 292 tokens generated at
                       313.1 T/s · prompt 136 tokens, none cached, 136 new in
                       0.11 s · first token 0.12 s, total 1.05 s · draft 199/279
                       accepted (71%) · max_tokens reached
16:20:46.593 INFO:     #310 chat/completions (stream): 151 prompt tokens ·
                       temperature: 0, greedy (req), max_tokens: 435 (req),
                       min_tokens: 435 (req)
16:20:48.472 INFO:     #310 chat/completions (stream): 435 tokens generated at
                       243.5 T/s · prompt 151 tokens, none cached, 151 new in
                       0.08 s · first token 0.09 s, total 1.87 s · draft 258/531
                       accepted (49%) · max_tokens reached
16:20:48.477 INFO:     #312 chat/completions (stream): 884 prompt tokens ·
                       temperature: 0, greedy (req), max_tokens: 18 (req),
                       min_tokens: 18 (req)
16:20:48.830 INFO:     #312 chat/completions (stream): 18 tokens generated at
                       296.2 T/s · prompt 884 tokens, none cached, 884 new in
                       0.28 s (3,157 T/s) · first token 0.29 s, total 0.35 s ·
                       draft 12/18 accepted (67%) · max_tokens reached
16:20:48.833 INFO:     #313 chat/completions (stream): 311 prompt tokens ·
                       temperature: 0, greedy (req), max_tokens: 195 (req),
                       min_tokens: 195 (req)
16:20:49.782 INFO:     #313 chat/completions (stream): 195 tokens generated at
                       261.5 T/s · prompt 311 tokens, none cached, 311 new in
                       0.19 s (1,637 T/s) · first token 0.19 s, total 0.94 s ·
                       draft 121/222 accepted (55%) · max_tokens reached
16:20:49.785 INFO:     #314 chat/completions (stream): 425 prompt tokens ·
                       temperature: 0, greedy (req), max_tokens: 28 (req),
                       min_tokens: 28 (req)
16:20:50.124 INFO:     #314 chat/completions (stream): 28 tokens generated at
                       232.3 T/s · prompt 425 tokens, none cached, 425 new in
                       0.21 s (2,024 T/s) · first token 0.22 s, total 0.34 s ·
                       draft 16/36 accepted (44%) · max_tokens reached
16:20:50.127 INFO:     #315 chat/completions (stream): 804 prompt tokens ·
                       temperature: 0, greedy (req), max_tokens: 15 (req),
                       min_tokens: 15 (req)
16:20:50.442 INFO:     #315 chat/completions (stream): 15 tokens generated at
                       225.5 T/s · prompt 804 tokens, none cached, 804 new in
                       0.24 s (3,350 T/s) · first token 0.24 s, total 0.31 s ·
                       draft 9/18 accepted (50%) · max_tokens reached
16:20:50.445 INFO:     #316 chat/completions (stream): 614 prompt tokens ·
                       temperature: 0, greedy (req), max_tokens: 11 (req),
                       min_tokens: 11 (req)
16:20:50.729 INFO:     #316 chat/completions (stream): 11 tokens generated at
                       278.6 T/s · prompt 614 tokens, none cached, 614 new in
                       0.23 s (2,670 T/s) · first token 0.24 s, total 0.27 s ·
                       draft 7/12 accepted (58%) · max_tokens reached
16:20:50.732 INFO:     #317 chat/completions (stream): 289 prompt tokens ·
                       temperature: 0, greedy (req), max_tokens: 22 (req),
                       min_tokens: 22 (req)
16:20:50.949 INFO:     #317 chat/completions (stream): 22 tokens generated at
                       372.1 T/s · prompt 289 tokens, none cached, 289 new in
                       0.15 s (1,927 T/s) · first token 0.15 s, total 0.21 s ·
                       draft 16/18 accepted (89%) · max_tokens reached
16:20:50.951 INFO:     #318 chat/completions (stream): 63 prompt tokens ·
                       temperature: 0, greedy (req), max_tokens: 193 (req),
                       min_tokens: 193 (req)
16:20:51.815 INFO:     #318 chat/completions (stream): 193 tokens generated at
                       244.9 T/s · prompt 63 tokens, none cached, 63 new in 0.07
                       s · first token 0.07 s, total 0.86 s · draft 115/234
                       accepted (49%) · max_tokens reached
16:20:51.817 INFO:     #319 chat/completions (stream): 225 prompt tokens ·
                       temperature: 0, greedy (req), max_tokens: 242 (req),
                       min_tokens: 242 (req)
16:20:52.735 INFO:     #319 chat/completions (stream): 242 tokens generated at
                       300.0 T/s · prompt 225 tokens, none cached, 225 new in
                       0.10 s · first token 0.11 s, total 0.91 s · draft 162/240
                       accepted (68%) · max_tokens reached
16:20:52.737 INFO:     #320 chat/completions (stream): 70 prompt tokens ·
                       temperature: 0, greedy (req), max_tokens: 102 (req),
                       min_tokens: 102 (req)
16:20:53.148 INFO:     #320 chat/completions (stream): 102 tokens generated at
                       310.3 T/s · prompt 70 tokens, none cached, 70 new in 0.08
                       s · first token 0.09 s, total 0.41 s · draft 69/99
                       accepted (70%) · max_tokens reached
16:20:53.151 INFO:     #321 chat/completions (stream): 248 prompt tokens ·
                       temperature: 0, greedy (req), max_tokens: 8 (req),
                       min_tokens: 8 (req)
16:20:53.296 INFO:     #321 chat/completions (stream): 8 tokens generated at
                       262.8 T/s · prompt 248 tokens, none cached, 248 new in
                       0.11 s · first token 0.11 s, total 0.14 s · draft 5/9
                       accepted (56%) · max_tokens reached
16:20:53.298 INFO:     #322 chat/completions (stream): 91 prompt tokens ·
                       temperature: 0, greedy (req), max_tokens: 333 (req),
                       min_tokens: 333 (req)
16:20:54.803 INFO:     #322 chat/completions (stream): 333 tokens generated at
                       235.2 T/s · prompt 91 tokens, none cached, 91 new in 0.08
                       s · first token 0.08 s, total 1.50 s · draft 192/423
                       accepted (45%) · max_tokens reached
16:20:54.806 INFO:     #323 chat/completions (stream): 86 prompt tokens ·
                       temperature: 0, greedy (req), max_tokens: 334 (req),
                       min_tokens: 334 (req)
16:20:56.177 INFO:     #323 chat/completions (stream): 334 tokens generated at
                       261.2 T/s · prompt 86 tokens, none cached, 86 new in 0.08
                       s · first token 0.09 s, total 1.36 s · draft 206/384
                       accepted (54%) · max_tokens reached
16:20:56.180 INFO:     #324 chat/completions (stream): 322 prompt tokens ·
                       temperature: 0, greedy (req), max_tokens: 326 (req),
                       min_tokens: 326 (req)
16:20:57.580 INFO:     #324 chat/completions (stream): 326 tokens generated at
                       272.3 T/s · prompt 322 tokens, none cached, 322 new in
                       0.19 s (1,695 T/s) · first token 0.20 s, total 1.39 s ·
                       draft 207/357 accepted (58%) · max_tokens reached
16:20:57.582 INFO:     #325 chat/completions (stream): 81 prompt tokens ·
                       temperature: 0, greedy (req), max_tokens: 353 (req),
                       min_tokens: 353 (req)
16:20:59.111 INFO:     #325 chat/completions (stream): 353 tokens generated at
                       244.7 T/s · prompt 81 tokens, none cached, 81 new in 0.08
                       s · first token 0.09 s, total 1.53 s · draft 207/438
                       accepted (47%) · max_tokens reached
16:20:59.114 INFO:     #326 chat/completions (stream): 218 prompt tokens ·
                       temperature: 0, greedy (req), max_tokens: 599 (req),
                       min_tokens: 599 (req)
16:21:01.535 INFO:     #326 chat/completions (stream): 599 tokens generated at
                       259.4 T/s · prompt 218 tokens, none cached, 218 new in
                       0.10 s · first token 0.11 s, total 2.41 s · draft 369/690
                       accepted (53%) · max_tokens reached
16:21:01.538 INFO:     #327 chat/completions (stream): 274 prompt tokens ·
                       temperature: 0, greedy (req), max_tokens: 94 (req),
                       min_tokens: 94 (req)
16:21:01.994 INFO:     #327 chat/completions (stream): 94 tokens generated at
                       314.6 T/s · prompt 274 tokens, none cached, 274 new in
                       0.15 s (1,827 T/s) · first token 0.16 s, total 0.45 s ·
                       draft 64/90 accepted (71%) · max_tokens reached
16:21:01.997 INFO:     #329 chat/completions (stream): 90 prompt tokens ·
                       temperature: 0, greedy (req), max_tokens: 1439 (req),
                       min_tokens: 1439 (req)
16:21:06.161 INFO:     #329 chat/completions (stream): 1,439 tokens generated at
                       353.1 T/s · prompt 90 tokens, none cached, 90 new in 0.08
                       s · first token 0.08 s, total 4.16 s · draft 1030/1227
                       accepted (84%) · max_tokens reached
16:21:06.164 INFO:     #330 chat/completions (stream): 322 prompt tokens ·
                       temperature: 0, greedy (req), max_tokens: 23 (req),
                       min_tokens: 23 (req)
16:21:06.487 INFO:     #330 chat/completions (stream): 23 tokens generated at
                       286.4 T/s · prompt 322 tokens, none cached, 322 new in
                       0.23 s (1,400 T/s) · first token 0.24 s, total 0.32 s ·
                       draft 15/24 accepted (62%) · max_tokens reached
16:21:06.491 INFO:     #331 chat/completions (stream): 628 prompt tokens ·
                       temperature: 0, greedy (req), max_tokens: 93 (req),
                       min_tokens: 93 (req)
16:21:07.112 INFO:     #331 chat/completions (stream): 93 tokens generated at
                       258.1 T/s · prompt 628 tokens, none cached, 628 new in
                       0.25 s (2,512 T/s) · first token 0.26 s, total 0.62 s ·
                       draft 57/108 accepted (53%) · max_tokens reached
16:21:07.114 INFO:     #332 chat/completions (stream): 73 prompt tokens ·
                       temperature: 0, greedy (req), max_tokens: 327 (req),
                       min_tokens: 327 (req)
16:21:08.423 INFO:     #332 chat/completions (stream): 327 tokens generated at
                       266.7 T/s · prompt 73 tokens, none cached, 73 new in 0.08
                       s · first token 0.09 s, total 1.31 s · draft 205/366
                       accepted (56%) · max_tokens reached
16:21:08.427 INFO:     #333 chat/completions (stream): 90 prompt tokens ·
                       temperature: 0, greedy (req), max_tokens: 131 (req),
                       min_tokens: 131 (req)
16:21:08.946 INFO:     #333 chat/completions (stream): 131 tokens generated at
                       306.6 T/s · prompt 90 tokens, none cached, 90 new in 0.09
                       s · first token 0.09 s, total 0.52 s · draft 88/129
                       accepted (68%) · max_tokens reached
16:21:08.949 INFO:     #334 chat/completions (stream): 828 prompt tokens ·
                       temperature: 0, greedy (req), max_tokens: 39 (req),
                       min_tokens: 39 (req)
16:21:09.330 INFO:     #334 chat/completions (stream): 39 tokens generated at
                       302.9 T/s · prompt 828 tokens, none cached, 828 new in
                       0.24 s (3,450 T/s) · first token 0.24 s, total 0.37 s ·
                       draft 26/39 accepted (67%) · max_tokens reached
16:21:09.334 INFO:     #335 chat/completions (stream): 579 prompt tokens ·
                       temperature: 0, greedy (req), max_tokens: 213 (req),
                       min_tokens: 213 (req)
16:21:10.386 INFO:     #335 chat/completions (stream): 213 tokens generated at
                       259.1 T/s · prompt 579 tokens, none cached, 579 new in
                       0.22 s (2,632 T/s) · first token 0.23 s, total 1.05 s ·
                       draft 130/249 accepted (52%) · max_tokens reached
16:21:10.388 INFO:     #336 chat/completions (stream): 57 prompt tokens ·
                       temperature: 0, greedy (req), max_tokens: 56 (req),
                       min_tokens: 56 (req)
16:21:10.702 INFO:     #336 chat/completions (stream): 56 tokens generated at
                       234.7 T/s · prompt 57 tokens, none cached, 57 new in 0.07
                       s · first token 0.08 s, total 0.31 s · draft 32/72
                       accepted (44%) · max_tokens reached
16:21:10.704 INFO:     #337 chat/completions (stream): 56 prompt tokens ·
                       temperature: 0, greedy (req), max_tokens: 277 (req),
                       min_tokens: 277 (req)
16:21:11.808 INFO:     #337 chat/completions (stream): 277 tokens generated at
                       268.8 T/s · prompt 56 tokens, none cached, 56 new in 0.07
                       s · first token 0.07 s, total 1.11 s · draft 174/309
                       accepted (56%) · max_tokens reached
16:21:11.810 INFO:     #338 chat/completions (stream): 196 prompt tokens ·
                       temperature: 0, greedy (req), max_tokens: 362 (req),
                       min_tokens: 362 (req)
16:21:13.238 INFO:     #338 chat/completions (stream): 362 tokens generated at
                       274.0 T/s · prompt 196 tokens, none cached, 196 new in
                       0.10 s · first token 0.11 s, total 1.43 s · draft 231/393
                       accepted (59%) · max_tokens reached
16:21:13.241 INFO:     #339 chat/completions (stream): 81 prompt tokens ·
                       temperature: 0, greedy (req), max_tokens: 1003 (req),
                       min_tokens: 1003 (req)
16:21:16.168 INFO:     #339 chat/completions (stream): 1,003 tokens generated at
                       353.1 T/s · prompt 81 tokens, none cached, 81 new in 0.08
                       s · first token 0.09 s, total 2.93 s · draft 717/858
                       accepted (84%) · max_tokens reached
16:21:16.171 INFO:     #340 chat/completions (stream): 255 prompt tokens ·
                       temperature: 0, greedy (req), max_tokens: 819 (req),
                       min_tokens: 819 (req)
16:21:19.269 INFO:     #340 chat/completions (stream): 819 tokens generated at
                       274.9 T/s · prompt 255 tokens, none cached, 255 new in
                       0.11 s · first token 0.12 s, total 3.09 s · draft 522/891
                       accepted (59%) · max_tokens reached
16:21:19.273 INFO:     #342 chat/completions (stream): 891 prompt tokens ·
                       temperature: 0, greedy (req), max_tokens: 37 (req),
                       min_tokens: 37 (req)
16:21:19.665 INFO:     #342 chat/completions (stream): 37 tokens generated at
                       306.3 T/s · prompt 891 tokens, none cached, 891 new in
                       0.26 s (3,427 T/s) · first token 0.26 s, total 0.39 s ·
                       draft 25/36 accepted (69%) · max_tokens reached
16:21:19.668 INFO:     #343 chat/completions (stream): 442 prompt tokens ·
                       temperature: 0, greedy (req), max_tokens: 43 (req),
                       min_tokens: 43 (req)
16:21:20.071 INFO:     #343 chat/completions (stream): 43 tokens generated at
                       242.1 T/s · prompt 442 tokens, none cached, 442 new in
                       0.22 s (2,009 T/s) · first token 0.23 s, total 0.40 s ·
                       draft 25/54 accepted (46%) · max_tokens reached
16:21:20.073 INFO:     #344 chat/completions (stream): 63 prompt tokens ·
                       temperature: 0, greedy (req), max_tokens: 241 (req),
                       min_tokens: 241 (req)
16:21:21.233 INFO:     #344 chat/completions (stream): 241 tokens generated at
                       222.4 T/s · prompt 63 tokens, none cached, 63 new in 0.07
                       s · first token 0.07 s, total 1.16 s · draft 133/324
                       accepted (41%) · max_tokens reached
16:21:21.236 INFO:     #345 chat/completions (stream): 155 prompt tokens ·
                       temperature: 0, greedy (req), max_tokens: 692 (req),
                       min_tokens: 692 (req)
16:21:24.261 INFO:     #345 chat/completions (stream): 692 tokens generated at
                       236.4 T/s · prompt 155 tokens, none cached, 155 new in
                       0.09 s · first token 0.10 s, total 3.02 s · draft 399/879
                       accepted (45%) · max_tokens reached
16:21:24.266 INFO:     #346 chat/completions (stream): 340 prompt tokens ·
                       temperature: 0, greedy (req), max_tokens: 14 (req),
                       min_tokens: 14 (req)
16:21:24.538 INFO:     #346 chat/completions (stream): 14 tokens generated at
                       328.8 T/s · prompt 340 tokens, none cached, 340 new in
                       0.22 s (1,545 T/s) · first token 0.23 s, total 0.27 s ·
                       draft 10/12 accepted (83%) · max_tokens reached
16:21:24.542 INFO:     #347 chat/completions (stream): 59 prompt tokens ·
                       temperature: 0, greedy (req), max_tokens: 35 (req),
                       min_tokens: 35 (req)
16:21:24.766 INFO:     #347 chat/completions (stream): 35 tokens generated at
                       250.0 T/s · prompt 59 tokens, none cached, 59 new in 0.07
                       s · first token 0.08 s, total 0.22 s · draft 22/39
                       accepted (56%) · max_tokens reached
16:21:24.770 INFO:     #348 chat/completions (stream): 71 prompt tokens ·
                       temperature: 0, greedy (req), max_tokens: 88 (req),
                       min_tokens: 88 (req)
16:21:25.192 INFO:     #348 chat/completions (stream): 88 tokens generated at
                       266.0 T/s · prompt 71 tokens, none cached, 71 new in 0.08
                       s · first token 0.09 s, total 0.42 s · draft 56/96
                       accepted (58%) · max_tokens reached
16:21:25.195 INFO:     #349 chat/completions (stream): 282 prompt tokens ·
                       temperature: 0, greedy (req), max_tokens: 6 (req),
                       min_tokens: 6 (req)
16:21:25.369 INFO:     #349 chat/completions (stream): 6 tokens generated at
                       311.6 T/s · prompt 282 tokens, none cached, 282 new in
                       0.14 s (2,014 T/s) · first token 0.15 s, total 0.16 s ·
                       draft 4/6 accepted (67%) · max_tokens reached
16:21:25.371 INFO:     #350 chat/completions (stream): 94 prompt tokens ·
                       temperature: 0, greedy (req), max_tokens: 262 (req),
                       min_tokens: 262 (req)
16:21:26.319 INFO:     #350 chat/completions (stream): 262 tokens generated at
                       306.9 T/s · prompt 94 tokens, none cached, 94 new in 0.09
                       s · first token 0.09 s, total 0.95 s · draft 176/258
                       accepted (68%) · max_tokens reached
16:21:26.322 INFO:     #351 chat/completions (stream): 491 prompt tokens ·
                       temperature: 0, greedy (req), max_tokens: 604 (req),
                       min_tokens: 604 (req)
16:21:28.960 INFO:     #351 chat/completions (stream): 604 tokens generated at
                       251.2 T/s · prompt 491 tokens, none cached, 491 new in
                       0.22 s (2,232 T/s) · first token 0.22 s, total 2.63 s ·
                       draft 364/720 accepted (51%) · max_tokens reached
16:21:28.963 INFO:     #352 chat/completions (stream): 334 prompt tokens ·
                       temperature: 0, greedy (req), max_tokens: 28 (req),
                       min_tokens: 28 (req)
16:21:29.275 INFO:     #352 chat/completions (stream): 28 tokens generated at
                       279.9 T/s · prompt 334 tokens, none cached, 334 new in
                       0.20 s (1,670 T/s) · first token 0.20 s, total 0.31 s ·
                       draft 18/30 accepted (60%) · max_tokens reached
16:21:29.278 INFO:     #353 chat/completions (stream): 528 prompt tokens ·
                       temperature: 0, greedy (req), max_tokens: 15 (req),
                       min_tokens: 15 (req)
16:21:29.541 INFO:     #353 chat/completions (stream): 15 tokens generated at
                       254.7 T/s · prompt 528 tokens, none cached, 528 new in
                       0.20 s (2,640 T/s) · first token 0.20 s, total 0.26 s ·
                       draft 9/18 accepted (50%) · max_tokens reached
16:21:29.543 INFO:     #354 chat/completions (stream): 67 prompt tokens ·
                       temperature: 0, greedy (req), max_tokens: 318 (req),
                       min_tokens: 318 (req)
16:21:30.968 INFO:     #354 chat/completions (stream): 318 tokens generated at
                       236.8 T/s · prompt 67 tokens, none cached, 67 new in 0.07
                       s · first token 0.07 s, total 1.42 s · draft 184/402
                       accepted (46%) · max_tokens reached
16:21:30.971 INFO:     #355 chat/completions (stream): 416 prompt tokens ·
                       temperature: 0, greedy (req), max_tokens: 10 (req),
                       min_tokens: 10 (req)
16:21:31.230 INFO:     #355 chat/completions (stream): 10 tokens generated at
                       335.6 T/s · prompt 416 tokens, none cached, 416 new in
                       0.22 s (1,891 T/s) · first token 0.23 s, total 0.26 s ·
                       draft 7/9 accepted (78%) · max_tokens reached
16:21:31.232 INFO:     #356 chat/completions (stream): 118 prompt tokens ·
                       temperature: 0, greedy (req), max_tokens: 345 (req),
                       min_tokens: 345 (req)
16:21:32.502 INFO:     #356 chat/completions (stream): 345 tokens generated at
                       296.1 T/s · prompt 118 tokens, none cached, 118 new in
                       0.10 s · first token 0.10 s, total 1.27 s · draft 229/348
                       accepted (66%) · max_tokens reached
16:21:32.506 INFO:     #358 chat/completions (stream): 697 prompt tokens ·
                       temperature: 0, greedy (req), max_tokens: 1321 (req),
                       min_tokens: 1321 (req)
16:21:37.607 INFO:     #358 chat/completions (stream): 1,321 tokens generated at
                       272.4 T/s · prompt 697 tokens, none cached, 697 new in
                       0.24 s (2,904 T/s) · first token 0.25 s, total 5.09 s ·
                       draft 837/1452 accepted (58%) · max_tokens reached
16:21:37.611 INFO:     #359 chat/completions (stream): 683 prompt tokens ·
                       temperature: 0, greedy (req), max_tokens: 9 (req),
                       min_tokens: 9 (req)
16:21:37.889 INFO:     #359 chat/completions (stream): 9 tokens generated at
                       311.3 T/s · prompt 683 tokens, none cached, 683 new in
                       0.24 s (2,846 T/s) · first token 0.25 s, total 0.27 s ·
                       draft 6/9 accepted (67%) · max_tokens reached
16:21:37.893 INFO:     #360 chat/completions (stream): 763 prompt tokens ·
                       temperature: 0, greedy (req), max_tokens: 35 (req),
                       min_tokens: 35 (req)
16:21:38.283 INFO:     #360 chat/completions (stream): 35 tokens generated at
                       273.8 T/s · prompt 763 tokens, none cached, 763 new in
                       0.25 s (3,052 T/s) · first token 0.25 s, total 0.38 s ·
                       draft 22/39 accepted (56%) · max_tokens reached
16:21:38.286 INFO:     #361 chat/completions (stream): 596 prompt tokens ·
                       temperature: 0, greedy (req), max_tokens: 11 (req),
                       min_tokens: 11 (req)
16:21:38.560 INFO:     #361 chat/completions (stream): 11 tokens generated at
                       278.0 T/s · prompt 596 tokens, none cached, 596 new in
                       0.23 s (2,591 T/s) · first token 0.23 s, total 0.27 s ·
                       draft 7/12 accepted (58%) · max_tokens reached
16:21:38.563 INFO:     #362 chat/completions (stream): 67 prompt tokens ·
                       temperature: 0, greedy (req), max_tokens: 72 (req),
                       min_tokens: 72 (req)
16:21:38.917 INFO:     #362 chat/completions (stream): 72 tokens generated at
                       264.6 T/s · prompt 67 tokens, none cached, 67 new in 0.07
                       s · first token 0.08 s, total 0.35 s · draft 45/81
                       accepted (56%) · max_tokens reached
16:21:38.919 INFO:     #363 chat/completions (stream): 266 prompt tokens ·
                       temperature: 0, greedy (req), max_tokens: 6 (req),
                       min_tokens: 6 (req)
16:21:39.081 INFO:     #363 chat/completions (stream): 6 tokens generated at
                       310.1 T/s · prompt 266 tokens, none cached, 266 new in
                       0.13 s (2,046 T/s) · first token 0.13 s, total 0.15 s ·
                       draft 4/6 accepted (67%) · max_tokens reached
16:21:39.083 INFO:     #364 chat/completions (stream): 104 prompt tokens ·
                       temperature: 0, greedy (req), max_tokens: 354 (req),
                       min_tokens: 354 (req)
16:21:40.732 INFO:     #364 chat/completions (stream): 354 tokens generated at
                       228.5 T/s · prompt 104 tokens, none cached, 104 new in
                       0.09 s · first token 0.10 s, total 1.64 s · draft 199/465
                       accepted (43%) · max_tokens reached
16:21:40.734 INFO:     #365 chat/completions (stream): 65 prompt tokens ·
                       temperature: 0, greedy (req), max_tokens: 243 (req),
                       min_tokens: 243 (req)
16:21:41.726 INFO:     #365 chat/completions (stream): 243 tokens generated at
                       265.4 T/s · prompt 65 tokens, none cached, 65 new in 0.07
                       s · first token 0.08 s, total 0.99 s · draft 152/273
                       accepted (56%) · max_tokens reached
16:21:41.729 INFO:     #366 chat/completions (stream): 62 prompt tokens ·
                       temperature: 0, greedy (req), max_tokens: 242 (req),
                       min_tokens: 242 (req)
16:21:42.755 INFO:     #366 chat/completions (stream): 242 tokens generated at
                       254.8 T/s · prompt 62 tokens, none cached, 62 new in 0.07
                       s · first token 0.08 s, total 1.02 s · draft 147/285
                       accepted (52%) · max_tokens reached
16:21:42.757 INFO:     #367 chat/completions (stream): 74 prompt tokens ·
                       temperature: 0, greedy (req), max_tokens: 19 (req),
                       min_tokens: 19 (req)
16:21:42.901 INFO:     #367 chat/completions (stream): 19 tokens generated at
                       321.7 T/s · prompt 74 tokens, none cached, 74 new in 0.08
                       s · first token 0.09 s, total 0.14 s · draft 13/18
                       accepted (72%) · max_tokens reached
16:21:42.904 INFO:     #368 chat/completions (stream): 871 prompt tokens ·
                       temperature: 0, greedy (req), max_tokens: 110 (req),
                       min_tokens: 110 (req)
16:21:43.588 INFO:     #368 chat/completions (stream): 110 tokens generated at
                       257.5 T/s · prompt 871 tokens, none cached, 871 new in
                       0.25 s (3,484 T/s) · first token 0.25 s, total 0.68 s ·
                       draft 68/126 accepted (54%) · max_tokens reached
16:21:43.592 INFO:     #369 chat/completions (stream): 386 prompt tokens ·
                       temperature: 0, greedy (req), max_tokens: 37 (req),
                       min_tokens: 37 (req)
16:21:43.951 INFO:     #369 chat/completions (stream): 37 tokens generated at
                       310.0 T/s · prompt 386 tokens, none cached, 386 new in
                       0.23 s (1,678 T/s) · first token 0.24 s, total 0.35 s ·
                       draft 25/36 accepted (69%) · max_tokens reached
16:21:43.954 INFO:     #370 chat/completions (stream): 365 prompt tokens ·
                       temperature: 0, greedy (req), max_tokens: 10 (req),
                       min_tokens: 10 (req)
16:21:44.205 INFO:     #370 chat/completions (stream): 10 tokens generated at
                       339.5 T/s · prompt 365 tokens, none cached, 365 new in
                       0.21 s (1,738 T/s) · first token 0.21 s, total 0.24 s ·
                       draft 7/9 accepted (78%) · max_tokens reached
16:21:44.207 INFO:     #371 chat/completions (stream): 125 prompt tokens ·
                       temperature: 0, greedy (req), max_tokens: 236 (req),
                       min_tokens: 236 (req)
16:21:45.099 INFO:     #371 chat/completions (stream): 236 tokens generated at
                       301.1 T/s · prompt 125 tokens, none cached, 125 new in
                       0.10 s · first token 0.11 s, total 0.89 s · draft 157/237
                       accepted (66%) · max_tokens reached
16:21:45.102 INFO:     #372 chat/completions (stream): 68 prompt tokens ·
                       temperature: 0, greedy (req), max_tokens: 212 (req),
                       min_tokens: 212 (req)
16:21:46.167 INFO:     #372 chat/completions (stream): 212 tokens generated at
                       215.7 T/s · prompt 68 tokens, none cached, 68 new in 0.07
                       s · first token 0.08 s, total 1.06 s · draft 113/297
                       accepted (38%) · max_tokens reached
16:21:46.171 INFO:     #373 chat/completions (stream): 604 prompt tokens ·
                       temperature: 0, greedy (req), max_tokens: 103 (req),
                       min_tokens: 103 (req)
16:21:46.828 INFO:     #373 chat/completions (stream): 103 tokens generated at
                       250.8 T/s · prompt 604 tokens, none cached, 604 new in
                       0.24 s (2,517 T/s) · first token 0.25 s, total 0.66 s ·
                       draft 62/123 accepted (50%) · max_tokens reached
16:21:46.830 INFO:     #374 chat/completions (stream): 62 prompt tokens ·
                       temperature: 0, greedy (req), max_tokens: 76 (req),
                       min_tokens: 76 (req)
16:21:47.214 INFO:     #374 chat/completions (stream): 76 tokens generated at
                       247.0 T/s · prompt 62 tokens, none cached, 62 new in 0.07
                       s · first token 0.08 s, total 0.38 s · draft 45/93
                       accepted (48%) · max_tokens reached
16:21:47.216 INFO:     #376 chat/completions (stream): 87 prompt tokens ·
                       temperature: 0, greedy (req), max_tokens: 22 (req),
                       min_tokens: 22 (req)
16:21:47.366 INFO:     #376 chat/completions (stream): 22 tokens generated at
                       369.9 T/s · prompt 87 tokens, none cached, 87 new in 0.08
                       s · first token 0.08 s, total 0.14 s · draft 16/18
                       accepted (89%) · max_tokens reached
16:21:47.368 INFO:     #377 chat/completions (stream): 62 prompt tokens ·
                       temperature: 0, greedy (req), max_tokens: 160 (req),
                       min_tokens: 160 (req)
16:21:48.051 INFO:     #377 chat/completions (stream): 160 tokens generated at
                       263.4 T/s · prompt 62 tokens, none cached, 62 new in 0.07
                       s · first token 0.07 s, total 0.68 s · draft 99/183
                       accepted (54%) · max_tokens reached
16:21:48.053 INFO:     #378 chat/completions (stream): 103 prompt tokens ·
                       temperature: 0, greedy (req), max_tokens: 483 (req),
                       min_tokens: 483 (req)
16:21:50.128 INFO:     #378 chat/completions (stream): 483 tokens generated at
                       244.4 T/s · prompt 103 tokens, none cached, 103 new in
                       0.09 s · first token 0.10 s, total 2.07 s · draft 286/591
                       accepted (48%) · max_tokens reached
16:21:50.130 INFO:     #379 chat/completions (stream): 58 prompt tokens ·
                       temperature: 0, greedy (req), max_tokens: 30 (req),
                       min_tokens: 30 (req)
16:21:50.305 INFO:     #379 chat/completions (stream): 30 tokens generated at
                       302.3 T/s · prompt 58 tokens, none cached, 58 new in 0.07
                       s · first token 0.08 s, total 0.17 s · draft 20/30
                       accepted (67%) · max_tokens reached
16:21:50.307 INFO:     #380 chat/completions (stream): 71 prompt tokens ·
                       temperature: 0, greedy (req), max_tokens: 68 (req),
                       min_tokens: 68 (req)
16:21:50.679 INFO:     #380 chat/completions (stream): 68 tokens generated at
                       234.5 T/s · prompt 71 tokens, none cached, 71 new in 0.07
                       s · first token 0.08 s, total 0.37 s · draft 39/87
                       accepted (45%) · max_tokens reached
16:21:50.683 INFO:     #381 chat/completions (stream): 828 prompt tokens ·
                       temperature: 0, greedy (req), max_tokens: 6 (req),
                       min_tokens: 6 (req)
16:21:50.946 INFO:     #381 chat/completions (stream): 6 tokens generated at
                       310.6 T/s · prompt 828 tokens, none cached, 828 new in
                       0.23 s (3,600 T/s) · first token 0.24 s, total 0.25 s ·
                       draft 4/6 accepted (67%) · max_tokens reached
16:21:50.949 INFO:     #382 chat/completions (stream): 93 prompt tokens ·
                       temperature: 0, greedy (req), max_tokens: 257 (req),
                       min_tokens: 257 (req)
16:21:52.061 INFO:     #382 chat/completions (stream): 257 tokens generated at
                       251.8 T/s · prompt 93 tokens, none cached, 93 new in 0.08
                       s · first token 0.08 s, total 1.11 s · draft 155/306
                       accepted (51%) · max_tokens reached
16:21:52.064 INFO:     #383 chat/completions (stream): 223 prompt tokens ·
                       temperature: 0, greedy (req), max_tokens: 96 (req),
                       min_tokens: 96 (req)
16:21:52.530 INFO:     #383 chat/completions (stream): 96 tokens generated at
                       270.4 T/s · prompt 223 tokens, none cached, 223 new in
                       0.10 s · first token 0.11 s, total 0.46 s · draft 61/105
                       accepted (58%) · max_tokens reached
16:21:52.533 INFO:     #384 chat/completions (stream): 542 prompt tokens ·
                       temperature: 0, greedy (req), max_tokens: 91 (req),
                       min_tokens: 91 (req)
16:21:53.140 INFO:     #384 chat/completions (stream): 91 tokens generated at
                       214.2 T/s · prompt 542 tokens, none cached, 542 new in
                       0.17 s (3,188 T/s) · first token 0.18 s, total 0.60 s ·
                       draft 48/129 accepted (37%) · max_tokens reached
16:21:53.143 INFO:     #385 chat/completions (stream): 99 prompt tokens ·
                       temperature: 0, greedy (req), max_tokens: 413 (req),
                       min_tokens: 413 (req)
16:21:54.777 INFO:     #385 chat/completions (stream): 413 tokens generated at
                       268.4 T/s · prompt 99 tokens, none cached, 99 new in 0.09
                       s · first token 0.10 s, total 1.63 s · draft 257/468
                       accepted (55%) · max_tokens reached
16:21:54.780 INFO:     #386 chat/completions (stream): 382 prompt tokens ·
                       temperature: 0, greedy (req), max_tokens: 794 (req),
                       min_tokens: 794 (req)
16:21:57.897 INFO:     #386 chat/completions (stream): 794 tokens generated at
                       275.3 T/s · prompt 382 tokens, none cached, 382 new in
                       0.22 s (1,736 T/s) · first token 0.23 s, total 3.11 s ·
                       draft 507/861 accepted (59%) · max_tokens reached
16:21:57.900 INFO:     #387 chat/completions (stream): 470 prompt tokens ·
                       temperature: 0, greedy (req), max_tokens: 7 (req),
                       min_tokens: 7 (req)
16:21:58.151 INFO:     #387 chat/completions (stream): 7 tokens generated at
                       367.1 T/s · prompt 470 tokens, none cached, 470 new in
                       0.22 s (2,136 T/s) · first token 0.23 s, total 0.24 s ·
                       draft 5/6 accepted (83%) · max_tokens reached
16:21:58.153 INFO:     #388 chat/completions (stream): 74 prompt tokens ·
                       temperature: 0, greedy (req), max_tokens: 535 (req),
                       min_tokens: 535 (req)
16:22:00.546 INFO:     #388 chat/completions (stream): 535 tokens generated at
                       231.6 T/s · prompt 74 tokens, none cached, 74 new in 0.08
                       s · first token 0.08 s, total 2.39 s · draft 305/690
                       accepted (44%) · max_tokens reached
16:22:00.550 INFO:     #389 chat/completions (stream): 787 prompt tokens ·
                       temperature: 0, greedy (req), max_tokens: 9 (req),
                       min_tokens: 9 (req)
16:22:00.791 INFO:     #389 chat/completions (stream): 9 tokens generated at
                       311.9 T/s · prompt 787 tokens, none cached, 787 new in
                       0.20 s (3,935 T/s) · first token 0.21 s, total 0.23 s ·
                       draft 6/9 accepted (67%) · max_tokens reached
16:22:00.794 INFO:     #390 chat/completions (stream): 87 prompt tokens ·
                       temperature: 0, greedy (req), max_tokens: 696 (req),
                       min_tokens: 696 (req)
16:22:03.660 INFO:     #390 chat/completions (stream): 696 tokens generated at
                       250.9 T/s · prompt 87 tokens, none cached, 87 new in 0.08
                       s · first token 0.09 s, total 2.86 s · draft 416/840
                       accepted (50%) · max_tokens reached
16:22:03.663 INFO:     #392 chat/completions (stream): 307 prompt tokens ·
                       temperature: 0, greedy (req), max_tokens: 204 (req),
                       min_tokens: 204 (req)
16:22:04.618 INFO:     #392 chat/completions (stream): 204 tokens generated at
                       270.2 T/s · prompt 307 tokens, none cached, 307 new in
                       0.19 s (1,616 T/s) · first token 0.20 s, total 0.95 s ·
                       draft 130/222 accepted (59%) · max_tokens reached
16:22:04.621 INFO:     #393 chat/completions (stream): 68 prompt tokens ·
                       temperature: 0, greedy (req), max_tokens: 367 (req),
                       min_tokens: 367 (req)
16:22:06.145 INFO:     #393 chat/completions (stream): 367 tokens generated at
                       254.2 T/s · prompt 68 tokens, none cached, 68 new in 0.07
                       s · first token 0.08 s, total 1.52 s · draft 221/438
                       accepted (50%) · max_tokens reached
16:22:06.148 INFO:     #394 chat/completions (stream): 245 prompt tokens ·
                       temperature: 0, greedy (req), max_tokens: 9 (req),
                       min_tokens: 9 (req)
16:22:06.305 INFO:     #394 chat/completions (stream): 9 tokens generated at
                       227.0 T/s · prompt 245 tokens, none cached, 245 new in
                       0.11 s · first token 0.12 s, total 0.15 s · draft 5/12
                       accepted (42%) · max_tokens reached
16:22:06.307 INFO:     #395 chat/completions (stream): 330 prompt tokens ·
                       temperature: 0, greedy (req), max_tokens: 8 (req),
                       min_tokens: 8 (req)
16:22:06.559 INFO:     #395 chat/completions (stream): 8 tokens generated at
                       207.5 T/s · prompt 330 tokens, none cached, 330 new in
                       0.20 s (1,650 T/s) · first token 0.20 s, total 0.24 s ·
                       draft 4/12 accepted (33%) · max_tokens reached
16:22:06.561 INFO:     #396 chat/completions (stream): 64 prompt tokens ·
                       temperature: 0, greedy (req), max_tokens: 10 (req),
                       min_tokens: 10 (req)
16:22:06.666 INFO:     #396 chat/completions (stream): 10 tokens generated at
                       348.9 T/s · prompt 64 tokens, none cached, 64 new in 0.07
                       s · first token 0.08 s, total 0.10 s · draft 7/9 accepted
                       (78%) · max_tokens reached
16:22:06.669 INFO:     #397 chat/completions (stream): 436 prompt tokens ·
                       temperature: 0, greedy (req), max_tokens: 44 (req),
                       min_tokens: 44 (req)
16:22:07.076 INFO:     #397 chat/completions (stream): 44 tokens generated at
                       245.1 T/s · prompt 436 tokens, none cached, 436 new in
                       0.22 s (1,982 T/s) · first token 0.22 s, total 0.40 s ·
                       draft 26/54 accepted (48%) · max_tokens reached
16:22:07.079 INFO:     #398 chat/completions (stream): 435 prompt tokens ·
                       temperature: 0, greedy (req), max_tokens: 79 (req),
                       min_tokens: 79 (req)
16:22:07.563 INFO:     #398 chat/completions (stream): 79 tokens generated at
                       304.0 T/s · prompt 435 tokens, none cached, 435 new in
                       0.22 s (1,977 T/s) · first token 0.22 s, total 0.48 s ·
                       draft 54/75 accepted (72%) · max_tokens reached
16:22:07.566 INFO:     #399 chat/completions (stream): 94 prompt tokens ·
                       temperature: 0, greedy (req), max_tokens: 246 (req),
                       min_tokens: 246 (req)
16:22:08.583 INFO:     #399 chat/completions (stream): 246 tokens generated at
                       266.6 T/s · prompt 94 tokens, none cached, 94 new in 0.09
                       s · first token 0.10 s, total 1.02 s · draft 154/276
                       accepted (56%) · max_tokens reached
16:22:08.585 INFO:     #400 chat/completions (stream): 63 prompt tokens ·
                       temperature: 0, greedy (req), max_tokens: 265 (req),
                       min_tokens: 265 (req)
16:22:09.875 INFO:     #400 chat/completions (stream): 265 tokens generated at
                       219.3 T/s · prompt 63 tokens, none cached, 63 new in 0.07
                       s · first token 0.08 s, total 1.28 s · draft 143/366
                       accepted (39%) · max_tokens reached
16:22:09.878 INFO:     #401 chat/completions (stream): 154 prompt tokens ·
                       temperature: 0, greedy (req), max_tokens: 385 (req),
                       min_tokens: 385 (req)
16:22:11.597 INFO:     #401 chat/completions (stream): 385 tokens generated at
                       237.0 T/s · prompt 154 tokens, none cached, 154 new in
                       0.09 s · first token 0.10 s, total 1.72 s · draft 223/486
                       accepted (46%) · max_tokens reached
16:22:11.599 INFO:     #402 chat/completions (stream): 61 prompt tokens ·
                       temperature: 0, greedy (req), max_tokens: 128 (req),
                       min_tokens: 128 (req)
16:22:12.141 INFO:     #402 chat/completions (stream): 128 tokens generated at
                       274.1 T/s · prompt 61 tokens, none cached, 61 new in 0.07
                       s · first token 0.08 s, total 0.54 s · draft 81/141
                       accepted (57%) · max_tokens reached
16:22:12.144 INFO:     #403 chat/completions (stream): 442 prompt tokens ·
                       temperature: 0, greedy (req), max_tokens: 153 (req),
                       min_tokens: 153 (req)
16:22:12.916 INFO:     #403 chat/completions (stream): 153 tokens generated at
                       276.3 T/s · prompt 442 tokens, none cached, 442 new in
                       0.21 s (2,105 T/s) · first token 0.21 s, total 0.77 s ·
                       draft 99/162 accepted (61%) · max_tokens reached
16:22:12.918 INFO:     #404 chat/completions (stream): 116 prompt tokens ·
                       temperature: 0, greedy (req), max_tokens: 276 (req),
                       min_tokens: 276 (req)
16:22:13.994 INFO:     #404 chat/completions (stream): 276 tokens generated at
                       283.5 T/s · prompt 116 tokens, none cached, 116 new in
                       0.09 s · first token 0.10 s, total 1.07 s · draft 179/291
                       accepted (62%) · max_tokens reached
16:22:13.997 INFO:     #405 chat/completions (stream): 213 prompt tokens ·
                       temperature: 0, greedy (req), max_tokens: 7 (req),
                       min_tokens: 7 (req)
16:22:14.123 INFO:     #405 chat/completions (stream): 7 tokens generated at
                       370.5 T/s · prompt 213 tokens, none cached, 213 new in
                       0.10 s · first token 0.11 s, total 0.12 s · draft 5/6
                       accepted (83%) · max_tokens reached
16:22:14.125 INFO:     #406 chat/completions (stream): 62 prompt tokens ·
                       temperature: 0, greedy (req), max_tokens: 342 (req),
                       min_tokens: 342 (req)
16:22:15.163 INFO:     #406 chat/completions (stream): 342 tokens generated at
                       355.5 T/s · prompt 62 tokens, none cached, 62 new in 0.07
                       s · first token 0.07 s, total 1.04 s · draft 246/288
                       accepted (85%) · max_tokens reached
16:22:15.167 INFO:     #407 chat/completions (stream): 457 prompt tokens ·
                       temperature: 0, greedy (req), max_tokens: 24 (req),
                       min_tokens: 24 (req)
16:22:15.479 INFO:     #407 chat/completions (stream): 24 tokens generated at
                       286.3 T/s · prompt 457 tokens, none cached, 457 new in
                       0.22 s (2,077 T/s) · first token 0.23 s, total 0.31 s ·
                       draft 16/24 accepted (67%) · max_tokens reached
16:22:15.482 INFO:     #408 chat/completions (stream): 145 prompt tokens ·
                       temperature: 0, greedy (req), max_tokens: 9 (req),
                       min_tokens: 9 (req)
16:22:15.621 INFO:     #408 chat/completions (stream): 9 tokens generated at
                       313.0 T/s · prompt 145 tokens, none cached, 145 new in
                       0.10 s · first token 0.11 s, total 0.13 s · draft 6/9
                       accepted (67%) · max_tokens reached
16:22:15.623 INFO:     #409 chat/completions (stream): 90 prompt tokens ·
                       temperature: 0, greedy (req), max_tokens: 196 (req),
                       min_tokens: 196 (req)
16:22:16.586 INFO:     #409 chat/completions (stream): 196 tokens generated at
                       225.4 T/s · prompt 90 tokens, none cached, 90 new in 0.09
                       s · first token 0.09 s, total 0.96 s · draft 109/261
                       accepted (42%) · max_tokens reached
16:22:16.588 INFO:     #410 chat/completions (stream): 73 prompt tokens ·
                       temperature: 0, greedy (req), max_tokens: 491 (req),
                       min_tokens: 491 (req)
16:22:18.883 INFO:     #410 chat/completions (stream): 491 tokens generated at
                       222.0 T/s · prompt 73 tokens, none cached, 73 new in 0.08
                       s · first token 0.09 s, total 2.30 s · draft 269/666
                       accepted (40%) · max_tokens reached
16:22:18.886 INFO:     #412 chat/completions (stream): 59 prompt tokens ·
                       temperature: 0, greedy (req), max_tokens: 169 (req),
                       min_tokens: 169 (req)
16:22:19.468 INFO:     #412 chat/completions (stream): 169 tokens generated at
                       333.3 T/s · prompt 59 tokens, none cached, 59 new in 0.07
                       s · first token 0.08 s, total 0.58 s · draft 119/150
                       accepted (79%) · max_tokens reached
16:22:19.472 INFO:     #413 chat/completions (stream): 566 prompt tokens ·
                       temperature: 0, greedy (req), max_tokens: 21 (req),
                       min_tokens: 21 (req)
16:22:19.775 INFO:     #413 chat/completions (stream): 21 tokens generated at
                       270.0 T/s · prompt 566 tokens, none cached, 566 new in
                       0.22 s (2,573 T/s) · first token 0.23 s, total 0.30 s ·
                       draft 13/24 accepted (54%) · max_tokens reached
16:22:19.777 INFO:     #414 chat/completions (stream): 179 prompt tokens ·
                       temperature: 0, greedy (req), max_tokens: 263 (req),
                       min_tokens: 263 (req)
16:22:20.795 INFO:     #414 chat/completions (stream): 263 tokens generated at
                       287.1 T/s · prompt 179 tokens, none cached, 179 new in
                       0.09 s · first token 0.09 s, total 1.01 s · draft 171/276
                       accepted (62%) · max_tokens reached
16:22:20.800 INFO:     #415 chat/completions (stream): 1,070 prompt tokens ·
                       temperature: 0, greedy (req), max_tokens: 168 (req),
                       min_tokens: 168 (req)
16:22:21.699 INFO:     #415 chat/completions (stream): 168 tokens generated at
                       265.4 T/s · prompt 1,070 tokens, none cached, 1,070 new
                       in 0.26 s (4,115 T/s) · first token 0.27 s, total 0.90 s
                       · draft 105/189 accepted (56%) · max_tokens reached
16:22:21.702 INFO:     #416 chat/completions (stream): 225 prompt tokens ·
                       temperature: 0, greedy (req), max_tokens: 232 (req),
                       min_tokens: 232 (req)
16:22:22.705 INFO:     #416 chat/completions (stream): 232 tokens generated at
                       261.1 T/s · prompt 225 tokens, none cached, 225 new in
                       0.11 s · first token 0.12 s, total 1.00 s · draft 142/270
                       accepted (53%) · max_tokens reached
16:22:22.709 INFO:     #417 chat/completions (stream): 489 prompt tokens ·
                       temperature: 0, greedy (req), max_tokens: 205 (req),
                       min_tokens: 205 (req)
16:22:23.746 INFO:     #417 chat/completions (stream): 205 tokens generated at
                       254.9 T/s · prompt 489 tokens, none cached, 489 new in
                       0.22 s (2,223 T/s) · first token 0.23 s, total 1.03 s ·
                       draft 126/237 accepted (53%) · max_tokens reached
16:22:23.749 INFO:     #418 chat/completions (stream): 64 prompt tokens ·
                       temperature: 0, greedy (req), max_tokens: 66 (req),
                       min_tokens: 66 (req)
16:22:24.067 INFO:     #418 chat/completions (stream): 66 tokens generated at
                       276.4 T/s · prompt 64 tokens, none cached, 64 new in 0.07
                       s · first token 0.08 s, total 0.31 s · draft 43/69
                       accepted (62%) · max_tokens reached
16:22:24.070 INFO:     #419 chat/completions (stream): 113 prompt tokens ·
                       temperature: 0, greedy (req), max_tokens: 352 (req),
                       min_tokens: 352 (req)
16:22:25.665 INFO:     #419 chat/completions (stream): 352 tokens generated at
                       237.0 T/s · prompt 113 tokens, none cached, 113 new in
                       0.10 s · first token 0.11 s, total 1.59 s · draft 210/426
                       accepted (49%) · max_tokens reached
16:22:25.669 INFO:     #420 chat/completions (stream): 447 prompt tokens ·
                       temperature: 0, greedy (req), max_tokens: 792 (req),
                       min_tokens: 792 (req)
16:22:28.876 INFO:     #420 chat/completions (stream): 792 tokens generated at
                       265.9 T/s · prompt 447 tokens, none cached, 447 new in
                       0.22 s (2,032 T/s) · first token 0.23 s, total 3.20 s ·
                       draft 493/897 accepted (55%) · max_tokens reached
16:22:28.880 INFO:     #421 chat/completions (stream): 397 prompt tokens ·
                       temperature: 0, greedy (req), max_tokens: 5 (req),
                       min_tokens: 5 (req)
16:22:29.135 INFO:     #421 chat/completions (stream): 5 tokens generated at
                       262.0 T/s · prompt 397 tokens, none cached, 397 new in
                       0.23 s (1,726 T/s) · first token 0.24 s, total 0.25 s ·
                       draft 3/6 accepted (50%) · max_tokens reached
16:22:29.137 INFO:     #422 chat/completions (stream): 64 prompt tokens ·
                       temperature: 0, greedy (req), max_tokens: 34 (req),
                       min_tokens: 34 (req)
16:22:29.332 INFO:     #422 chat/completions (stream): 34 tokens generated at
                       290.8 T/s · prompt 64 tokens, none cached, 64 new in 0.07
                       s · first token 0.08 s, total 0.19 s · draft 22/36
                       accepted (61%) · max_tokens reached
16:22:29.337 INFO:     #423 chat/completions (stream): 746 prompt tokens ·
                       temperature: 0, greedy (req), max_tokens: 9 (req),
                       min_tokens: 9 (req)
16:22:29.623 INFO:     #423 chat/completions (stream): 9 tokens generated at
                       306.7 T/s · prompt 746 tokens, none cached, 746 new in
                       0.25 s (2,984 T/s) · first token 0.25 s, total 0.28 s ·
                       draft 6/9 accepted (67%) · max_tokens reached
16:22:29.626 INFO:     #424 chat/completions (stream): 123 prompt tokens ·
                       temperature: 0, greedy (req), max_tokens: 129 (req),
                       min_tokens: 129 (req)
16:22:30.131 INFO:     #424 chat/completions (stream): 129 tokens generated at
                       322.3 T/s · prompt 123 tokens, none cached, 123 new in
                       0.10 s · first token 0.11 s, total 0.51 s · draft 89/120
                       accepted (74%) · max_tokens reached
16:22:30.133 INFO:     #425 chat/completions (stream): 159 prompt tokens ·
                       temperature: 0, greedy (req), max_tokens: 67 (req),
                       min_tokens: 67 (req)
16:22:30.473 INFO:     #425 chat/completions (stream): 67 tokens generated at
                       276.1 T/s · prompt 159 tokens, none cached, 159 new in
                       0.09 s · first token 0.09 s, total 0.34 s · draft 43/72
                       accepted (60%) · max_tokens reached
16:22:30.476 INFO:     #426 chat/completions (stream): 207 prompt tokens ·
                       temperature: 0, greedy (req), max_tokens: 123 (req),
                       min_tokens: 123 (req)
16:22:31.125 INFO:     #426 chat/completions (stream): 123 tokens generated at
                       228.5 T/s · prompt 207 tokens, none cached, 207 new in
                       0.10 s · first token 0.10 s, total 0.64 s · draft 69/162
                       accepted (43%) · max_tokens reached
16:22:31.128 INFO:     #427 chat/completions (stream): 516 prompt tokens ·
                       temperature: 0, greedy (req), max_tokens: 39 (req),
                       min_tokens: 39 (req)
16:22:31.435 INFO:     #427 chat/completions (stream): 39 tokens generated at
                       272.6 T/s · prompt 516 tokens, none cached, 516 new in
                       0.15 s (3,440 T/s) · first token 0.15 s, total 0.30 s ·
                       draft 25/42 accepted (60%) · max_tokens reached
16:22:31.440 INFO:     #428 chat/completions (stream): 726 prompt tokens ·
                       temperature: 0, greedy (req), max_tokens: 98 (req),
                       min_tokens: 98 (req)
16:22:32.073 INFO:     #428 chat/completions (stream): 98 tokens generated at
                       260.2 T/s · prompt 726 tokens, none cached, 726 new in
                       0.25 s (2,904 T/s) · first token 0.26 s, total 0.63 s ·
                       draft 60/114 accepted (53%) · max_tokens reached
16:22:32.076 INFO:     #430 chat/completions (stream): 536 prompt tokens ·
                       temperature: 0, greedy (req), max_tokens: 8 (req),
                       min_tokens: 8 (req)
16:22:32.278 INFO:     #430 chat/completions (stream): 8 tokens generated at
                       275.5 T/s · prompt 536 tokens, none cached, 536 new in
                       0.16 s (3,350 T/s) · first token 0.16 s, total 0.19 s ·
                       draft 5/9 accepted (56%) · max_tokens reached
16:22:32.280 INFO:     #431 chat/completions (stream): 102 prompt tokens ·
                       temperature: 0, greedy (req), max_tokens: 222 (req),
                       min_tokens: 222 (req)
16:22:33.108 INFO:     #431 chat/completions (stream): 222 tokens generated at
                       304.8 T/s · prompt 102 tokens, none cached, 102 new in
                       0.09 s · first token 0.09 s, total 0.82 s · draft 149/219
                       accepted (68%) · max_tokens reached
16:22:33.110 INFO:     #432 chat/completions (stream): 67 prompt tokens ·
                       temperature: 0, greedy (req), max_tokens: 425 (req),
                       min_tokens: 425 (req)
16:22:34.989 INFO:     #432 chat/completions (stream): 425 tokens generated at
                       236.5 T/s · prompt 67 tokens, none cached, 67 new in 0.07
                       s · first token 0.08 s, total 1.87 s · draft 247/534
                       accepted (46%) · max_tokens reached
16:22:34.993 INFO:     #433 chat/completions (stream): 677 prompt tokens ·
                       temperature: 0, greedy (req), max_tokens: 420 (req),
                       min_tokens: 420 (req)
16:22:36.849 INFO:     #433 chat/completions (stream): 420 tokens generated at
                       260.4 T/s · prompt 677 tokens, none cached, 677 new in
                       0.23 s (2,943 T/s) · first token 0.24 s, total 1.85 s ·
                       draft 259/483 accepted (54%) · max_tokens reached
