16:27:50.929 INFO:     Sampler preset "qwen38_thinking": temperature 0.6, top_k
                       20, top_p 0.95
16:27:50.966 INFO:     exllamav3 version: 1.5.2
16:27:52.294 INFO:     Using main model MTP component for drafting
16:27:52.316 INFO:     Context: max_seq_len 262,144 tokens (configured),
                       cache_size 901,120 tokens
16:27:52.365 INFO:     Using tool format: qwen3_coder
16:27:52.366 INFO:     Using template "chat_template" for chat completions.
16:27:54.602 INFO:     Loading model
                       /models/qwen3.8-flash-next-exl3-2.50bpw-r0b0tlab (manual
                       GPU split)
Loading vision modules ━━━━━━━━━━━━━━━━━━━━━━━━━━━━━━━━━━━━━━ 100% 30/30 0:00:00
Loading draft modules  ━━━━━━━━━━━━━━━━━━━━━━━━━━━━━━━━━━━━━━ 100% 3/3   0:00:00
Loading model modules  ━━━━━━━━━━━━━━━━━━━━━━━━━━━━━━━━━━━━━━ 100% 53/53 0:00:00
EXL3_EMBED_GPU_PRUNED=1: embedding mirror 65536 of 248320 rows (320.0 MiB, prefix) on cuda:1
16:28:05.385 INFO:     Model loaded in 13.0 s

16:28:05.386 WARNING:  Disabling authentication makes your instance vulnerable.
                       Set the `disable_auth` flag to False in config.yml if you
                       want to share this instance with others.
16:28:05.386 WARNING:  With authentication disabled and `allowed_origins` left
                       at ["*"], any website open in a browser on this machine
                       can send requests to this instance and read the
                       responses, including admin endpoints. Set
                       `network.allowed_origins` to your own frontends (or [])
                       unless you use a browser-based frontend that needs it.
16:28:05.387 INFO:     Serving OAI API on http://0.0.0.0:8022 (docs at
                       http://0.0.0.0:8022/redoc)
16:28:05.812 INFO:     #3 completions: 3 prompt tokens · temperature: 0, greedy
                       (req), max_tokens: 16 (req)
densegemm lcguard: device 1: dense calls on the QSA side branch use the side scratch (hctr upper half, side slots)
densegemm lcguard: device 0: dense calls on the QSA side branch use the side scratch (hctr upper half, side slots)
16:28:06.200 INFO:     #3 completions: 16 tokens generated at 103.9 T/s · prompt
                       3 tokens, none cached, 3 new in 0.23 s · first token 0.24
                       s, total 0.39 s · draft 7/27 accepted (26%) · max_tokens
                       reached
16:28:06.595 INFO:     #5 chat/completions: 74 prompt tokens · temperature: 0,
                       greedy (req), max_tokens: 64 (req), min_tokens: 64 (req)
16:28:06.597 INFO:     #6 chat/completions: 74 prompt tokens · temperature: 0,
                       greedy (req), max_tokens: 64 (req), min_tokens: 64 (req)
16:28:06.829 INFO:     #7 chat/completions: 74 prompt tokens · temperature: 0,
                       greedy (req), max_tokens: 64 (req), min_tokens: 64 (req)
16:28:06.932 INFO:     #8 chat/completions: 74 prompt tokens · temperature: 0,
                       greedy (req), max_tokens: 64 (req), min_tokens: 64 (req)
16:28:07.375 INFO:     #6 chat/completions: 64 tokens generated at 122.2 T/s ·
                       prompt 74 tokens, none cached, 74 new in 0.08 s · queued
                       0.13 s, first token 0.21 s, total 0.74 s · draft 43/63
                       accepted (68%) · max_tokens reached
16:28:07.376 INFO:     #5 chat/completions: 64 tokens generated at 117.5 T/s ·
                       prompt 74 tokens, none cached, 74 new in 0.20 s · first
                       token 0.21 s, total 0.76 s · draft 42/66 accepted (64%) ·
                       max_tokens reached
16:28:07.376 INFO:     #7 chat/completions: 64 tokens generated at 145.7 T/s ·
                       prompt 74 tokens, none cached, 74 new in 0.08 s · first
                       token 0.09 s, total 0.53 s · draft 43/63 accepted (68%) ·
                       max_tokens reached
16:28:07.377 INFO:     #8 chat/completions: 64 tokens generated at 178.1 T/s ·
                       prompt 74 tokens, none cached, 74 new in 0.08 s · first
                       token 0.08 s, total 0.44 s · draft 42/66 accepted (64%) ·
                       max_tokens reached
16:28:20.778 INFO:     #12 chat/completions (stream): 737 prompt tokens ·
                       temperature: 0, greedy (req), max_tokens: 49 (req),
                       min_tokens: 49 (req)
16:28:20.968 INFO:     #13 chat/completions (stream): 927 prompt tokens ·
                       temperature: 0, greedy (req), max_tokens: 165 (req),
                       min_tokens: 165 (req)
16:28:21.322 INFO:     #14 chat/completions (stream): 218 prompt tokens ·
                       temperature: 0, greedy (req), max_tokens: 783 (req),
                       min_tokens: 783 (req)
16:28:21.560 INFO:     #15 chat/completions (stream): 133 prompt tokens ·
                       temperature: 0, greedy (req), max_tokens: 188 (req),
                       min_tokens: 188 (req)
16:28:22.047 INFO:     #12 chat/completions (stream): 49 tokens generated at
                       73.2 T/s · prompt 737 tokens, none cached, 737 new in
                       0.52 s (1,417 T/s) · first token 0.53 s, total 1.20 s ·
                       draft 30/57 accepted (53%) · max_tokens reached
16:28:22.099 INFO:     #16 chat/completions (stream): 291 prompt tokens ·
                       temperature: 0, greedy (req), max_tokens: 400 (req),
                       min_tokens: 400 (req)
16:28:22.952 INFO:     #13 chat/completions (stream): 165 tokens generated at
                       123.1 T/s · prompt 927 tokens, none cached, 927 new in
                       0.45 s (2,060 T/s) · queued 0.13 s, first token 0.58 s,
                       total 1.92 s · draft 109/168 accepted (65%) · max_tokens
                       reached
16:28:23.004 INFO:     #17 chat/completions (stream): 57 prompt tokens ·
                       temperature: 0, greedy (req), max_tokens: 275 (req),
                       min_tokens: 275 (req)
16:28:23.288 INFO:     #15 chat/completions (stream): 188 tokens generated at
                       121.3 T/s · prompt 133 tokens, none cached, 133 new in
                       0.11 s · first token 0.11 s, total 1.66 s · draft 118/210
                       accepted (56%) · max_tokens reached
16:28:23.339 INFO:     #18 chat/completions (stream): 343 prompt tokens ·
                       temperature: 0, greedy (req), max_tokens: 41 (req),
                       min_tokens: 41 (req)
16:28:23.989 INFO:     #18 chat/completions (stream): 41 tokens generated at
                       119.1 T/s · prompt 343 tokens, none cached, 343 new in
                       0.24 s (1,429 T/s) · first token 0.24 s, total 0.59 s ·
                       draft 22/57 accepted (39%) · max_tokens reached
16:28:24.045 INFO:     #19 chat/completions (stream): 234 prompt tokens ·
                       temperature: 0, greedy (req), max_tokens: 536 (req),
                       min_tokens: 536 (req)
16:28:25.267 INFO:     #16 chat/completions (stream): 400 tokens generated at
                       139.0 T/s · prompt 291 tokens, none cached, 291 new in
                       0.22 s (1,323 T/s) · first token 0.23 s, total 3.10 s ·
                       draft 270/390 accepted (69%) · max_tokens reached
16:28:25.321 INFO:     #20 chat/completions (stream): 75 prompt tokens ·
                       temperature: 0, greedy (req), max_tokens: 234 (req),
                       min_tokens: 234 (req)
16:28:25.468 INFO:     #17 chat/completions (stream): 275 tokens generated at
                       123.6 T/s · prompt 57 tokens, none cached, 57 new in 0.07
                       s · first token 0.08 s, total 2.30 s · draft 176/297
                       accepted (59%) · max_tokens reached
16:28:25.519 INFO:     #21 chat/completions (stream): 256 prompt tokens ·
                       temperature: 0, greedy (req), max_tokens: 85 (req),
                       min_tokens: 85 (req)
16:28:26.167 INFO:     #21 chat/completions (stream): 85 tokens generated at
                       184.1 T/s · prompt 256 tokens, none cached, 256 new in
                       0.12 s (2,133 T/s) · first token 0.12 s, total 0.59 s ·
                       draft 60/75 accepted (80%) · max_tokens reached
16:28:26.219 INFO:     #22 chat/completions (stream): 292 prompt tokens ·
                       temperature: 0, greedy (req), max_tokens: 46 (req),
                       min_tokens: 46 (req)
16:28:26.825 INFO:     #22 chat/completions (stream): 46 tokens generated at
                       138.7 T/s · prompt 292 tokens, none cached, 292 new in
                       0.20 s (1,460 T/s) · first token 0.21 s, total 0.54 s ·
                       draft 28/54 accepted (52%) · max_tokens reached
16:28:26.876 INFO:     #23 chat/completions (stream): 68 prompt tokens ·
                       temperature: 0, greedy (req), max_tokens: 335 (req),
                       min_tokens: 335 (req)
16:28:27.337 INFO:     #20 chat/completions (stream): 234 tokens generated at
                       125.4 T/s · prompt 75 tokens, none cached, 75 new in 0.08
                       s · first token 0.09 s, total 1.95 s · draft 153/243
                       accepted (63%) · max_tokens reached
16:28:27.388 INFO:     #24 chat/completions (stream): 183 prompt tokens ·
                       temperature: 0, greedy (req), max_tokens: 818 (req),
                       min_tokens: 818 (req)
16:28:28.447 INFO:     #14 chat/completions (stream): 783 tokens generated at
                       114.9 T/s · prompt 218 tokens, none cached, 218 new in
                       0.11 s · queued 0.12 s, first token 0.23 s, total 7.04 s
                       · draft 485/894 accepted (54%) · max_tokens reached
16:28:28.498 INFO:     #25 chat/completions (stream): 608 prompt tokens ·
                       temperature: 0, greedy (req), max_tokens: 12 (req),
                       min_tokens: 12 (req)
16:28:28.893 INFO:     #25 chat/completions (stream): 12 tokens generated at
                       164.0 T/s · prompt 608 tokens, none cached, 608 new in
                       0.25 s (2,432 T/s) · first token 0.26 s, total 0.33 s ·
                       draft 8/12 accepted (67%) · max_tokens reached
16:28:28.939 INFO:     #26 chat/completions (stream): 423 prompt tokens ·
                       temperature: 0, greedy (req), max_tokens: 72 (req),
                       min_tokens: 72 (req)
16:28:29.196 INFO:     #19 chat/completions (stream): 536 tokens generated at
                       113.2 T/s · prompt 234 tokens, none cached, 234 new in
                       0.12 s · first token 0.13 s, total 4.86 s · draft 326/630
                       accepted (52%) · max_tokens reached
16:28:29.247 INFO:     #27 chat/completions (stream): 414 prompt tokens ·
                       temperature: 0, greedy (req), max_tokens: 8 (req),
                       min_tokens: 8 (req)
16:28:29.622 INFO:     #27 chat/completions (stream): 8 tokens generated at
                       225.6 T/s · prompt 414 tokens, none cached, 414 new in
                       0.27 s (1,533 T/s) · first token 0.28 s, total 0.31 s ·
                       draft 6/6 accepted (100%) · max_tokens reached
16:28:29.672 INFO:     #28 chat/completions (stream): 69 prompt tokens ·
                       temperature: 0, greedy (req), max_tokens: 58 (req),
                       min_tokens: 58 (req)
16:28:30.107 INFO:     #26 chat/completions (stream): 72 tokens generated at
                       83.5 T/s · prompt 423 tokens, none cached, 423 new in
                       0.24 s (1,762 T/s) · first token 0.25 s, total 1.11 s ·
                       draft 42/90 accepted (47%) · max_tokens reached
16:28:30.155 INFO:     #29 chat/completions (stream): 352 prompt tokens ·
                       temperature: 0, greedy (req), max_tokens: 38 (req),
                       min_tokens: 38 (req)
16:28:30.444 INFO:     #28 chat/completions (stream): 58 tokens generated at
                       149.7 T/s · prompt 69 tokens, none cached, 69 new in 0.08
                       s · first token 0.09 s, total 0.47 s · draft 36/66
                       accepted (55%) · max_tokens reached
16:28:30.494 INFO:     #30 chat/completions (stream): 58 prompt tokens ·
                       temperature: 0, greedy (req), max_tokens: 306 (req),
                       min_tokens: 306 (req)
16:28:30.791 INFO:     #29 chat/completions (stream): 38 tokens generated at
                       113.0 T/s · prompt 352 tokens, none cached, 352 new in
                       0.23 s (1,530 T/s) · first token 0.24 s, total 0.57 s ·
                       draft 24/42 accepted (57%) · max_tokens reached
16:28:30.840 INFO:     #31 chat/completions (stream): 63 prompt tokens ·
                       temperature: 0, greedy (req), max_tokens: 286 (req),
                       min_tokens: 286 (req)
16:28:31.083 INFO:     #23 chat/completions (stream): 335 tokens generated at
                       82.4 T/s · prompt 68 tokens, none cached, 68 new in 0.07
                       s · first token 0.07 s, total 4.14 s · draft 179/468
                       accepted (38%) · max_tokens reached
16:28:31.134 INFO:     #32 chat/completions (stream): 498 prompt tokens ·
                       temperature: 0, greedy (req), max_tokens: 30 (req),
                       min_tokens: 30 (req)
16:28:31.670 INFO:     #32 chat/completions (stream): 30 tokens generated at
                       142.1 T/s · prompt 498 tokens, none cached, 498 new in
                       0.26 s (1,915 T/s) · first token 0.26 s, total 0.48 s ·
                       draft 19/33 accepted (58%) · max_tokens reached
16:28:31.720 INFO:     #33 chat/completions (stream): 235 prompt tokens ·
                       temperature: 0, greedy (req), max_tokens: 47 (req),
                       min_tokens: 47 (req)
16:28:32.268 INFO:     #33 chat/completions (stream): 47 tokens generated at
                       128.3 T/s · prompt 235 tokens, none cached, 235 new in
                       0.11 s · first token 0.11 s, total 0.48 s · draft 27/60
                       accepted (45%) · max_tokens reached
16:28:32.321 INFO:     #35 chat/completions (stream): 927 prompt tokens ·
                       temperature: 0, greedy (req), max_tokens: 333 (req),
                       min_tokens: 333 (req)
16:28:33.472 INFO:     #31 chat/completions (stream): 286 tokens generated at
                       115.5 T/s · prompt 63 tokens, none cached, 63 new in 0.07
                       s · first token 0.07 s, total 2.55 s · draft 185/303
                       accepted (61%) · max_tokens reached
16:28:33.523 INFO:     #36 chat/completions (stream): 303 prompt tokens ·
                       temperature: 0, greedy (req), max_tokens: 89 (req),
                       min_tokens: 89 (req)
16:28:33.857 INFO:     #30 chat/completions (stream): 306 tokens generated at
                       94.8 T/s · prompt 58 tokens, none cached, 58 new in 0.07
                       s · first token 0.07 s, total 3.30 s · draft 178/384
                       accepted (46%) · max_tokens reached
16:28:33.908 INFO:     #37 chat/completions (stream): 413 prompt tokens ·
                       temperature: 0, greedy (req), max_tokens: 8 (req),
                       min_tokens: 8 (req)
16:28:34.268 INFO:     #37 chat/completions (stream): 8 tokens generated at
                       144.7 T/s · prompt 413 tokens, none cached, 413 new in
                       0.23 s (1,796 T/s) · first token 0.23 s, total 0.29 s ·
                       draft 5/9 accepted (56%) · max_tokens reached
16:28:34.321 INFO:     #38 chat/completions (stream): 206 prompt tokens ·
                       temperature: 0, greedy (req), max_tokens: 271 (req),
                       min_tokens: 271 (req)
16:28:34.823 INFO:     #36 chat/completions (stream): 89 tokens generated at
                       87.2 T/s · prompt 303 tokens, none cached, 303 new in
                       0.21 s (1,443 T/s) · first token 0.22 s, total 1.24 s ·
                       draft 52/111 accepted (47%) · max_tokens reached
16:28:34.874 INFO:     #39 chat/completions (stream): 180 prompt tokens ·
                       temperature: 0, greedy (req), max_tokens: 20 (req),
                       min_tokens: 20 (req)
16:28:35.170 INFO:     #39 chat/completions (stream): 20 tokens generated at
                       156.8 T/s · prompt 180 tokens, none cached, 180 new in
                       0.10 s · first token 0.10 s, total 0.23 s · draft 13/21
                       accepted (62%) · max_tokens reached
16:28:35.220 INFO:     #40 chat/completions (stream): 509 prompt tokens ·
                       temperature: 0, greedy (req), max_tokens: 22 (req),
                       min_tokens: 22 (req)
16:28:35.698 INFO:     #40 chat/completions (stream): 22 tokens generated at
                       149.8 T/s · prompt 509 tokens, none cached, 509 new in
                       0.26 s (1,958 T/s) · first token 0.26 s, total 0.41 s ·
                       draft 14/24 accepted (58%) · max_tokens reached
16:28:35.747 INFO:     #41 chat/completions (stream): 330 prompt tokens ·
                       temperature: 0, greedy (req), max_tokens: 19 (req),
                       min_tokens: 19 (req)
16:28:36.141 INFO:     #24 chat/completions (stream): 818 tokens generated at
                       95.2 T/s · prompt 183 tokens, none cached, 183 new in
                       0.10 s · first token 0.10 s, total 8.70 s · draft 502/948
                       accepted (53%) · max_tokens reached
16:28:36.156 INFO:     #41 chat/completions (stream): 19 tokens generated at
                       153.1 T/s · prompt 330 tokens, none cached, 330 new in
                       0.22 s (1,500 T/s) · first token 0.23 s, total 0.35 s ·
                       draft 12/21 accepted (57%) · max_tokens reached
16:28:36.183 INFO:     #42 chat/completions (stream): 386 prompt tokens ·
                       temperature: 0, greedy (req), max_tokens: 26 (req),
                       min_tokens: 26 (req)
16:28:36.325 INFO:     #43 chat/completions (stream): 100 prompt tokens ·
                       temperature: 0, greedy (req), max_tokens: 136 (req),
                       min_tokens: 136 (req)
16:28:36.574 INFO:     #35 chat/completions (stream): 333 tokens generated at
                       93.9 T/s · prompt 927 tokens, none cached, 927 new in
                       0.31 s (2,990 T/s) · first token 0.31 s, total 3.86 s ·
                       draft 196/411 accepted (48%) · max_tokens reached
16:28:36.624 INFO:     #44 chat/completions (stream): 76 prompt tokens ·
                       temperature: 0, greedy (req), max_tokens: 401 (req),
                       min_tokens: 401 (req)
16:28:36.844 INFO:     #42 chat/completions (stream): 26 tokens generated at
                       103.0 T/s · prompt 386 tokens, none cached, 386 new in
                       0.34 s (1,135 T/s) · first token 0.34 s, total 0.60 s ·
                       draft 16/30 accepted (53%) · max_tokens reached
16:28:36.894 INFO:     #45 chat/completions (stream): 62 prompt tokens ·
                       temperature: 0, greedy (req), max_tokens: 155 (req),
                       min_tokens: 155 (req)
16:28:37.512 INFO:     #38 chat/completions (stream): 271 tokens generated at
                       90.7 T/s · prompt 206 tokens, none cached, 206 new in
                       0.13 s · first token 0.14 s, total 3.12 s · draft 161/330
                       accepted (49%) · max_tokens reached
16:28:37.560 INFO:     #46 chat/completions (stream): 73 prompt tokens ·
                       temperature: 0, greedy (req), max_tokens: 222 (req),
                       min_tokens: 222 (req)
16:28:37.689 INFO:     #43 chat/completions (stream): 136 tokens generated at
                       133.6 T/s · prompt 100 tokens, none cached, 100 new in
                       0.09 s · queued 0.11 s, first token 0.20 s, total 1.22 s
                       · draft 88/144 accepted (61%) · max_tokens reached
16:28:37.738 INFO:     #47 chat/completions (stream): 194 prompt tokens ·
                       temperature: 0, greedy (req), max_tokens: 201 (req),
                       min_tokens: 201 (req)
16:28:38.218 INFO:     #45 chat/completions (stream): 155 tokens generated at
                       130.8 T/s · prompt 62 tokens, none cached, 62 new in 0.07
                       s · first token 0.07 s, total 1.26 s · draft 100/165
                       accepted (61%) · max_tokens reached
16:28:38.268 INFO:     #48 chat/completions (stream): 656 prompt tokens ·
                       temperature: 0, greedy (req), max_tokens: 595 (req),
                       min_tokens: 595 (req)
16:28:39.348 INFO:     #47 chat/completions (stream): 201 tokens generated at
                       139.9 T/s · prompt 194 tokens, none cached, 194 new in
                       0.10 s · first token 0.10 s, total 1.54 s · draft 137/192
                       accepted (71%) · max_tokens reached
16:28:39.398 INFO:     #49 chat/completions (stream): 73 prompt tokens ·
                       temperature: 0, greedy (req), max_tokens: 664 (req),
                       min_tokens: 664 (req)
16:28:39.699 INFO:     #46 chat/completions (stream): 222 tokens generated at
                       111.5 T/s · prompt 73 tokens, none cached, 73 new in 0.08
                       s · first token 0.09 s, total 2.08 s · draft 138/252
                       accepted (55%) · max_tokens reached
16:28:39.750 INFO:     #50 chat/completions (stream): 85 prompt tokens ·
                       temperature: 0, greedy (req), max_tokens: 50 (req),
                       min_tokens: 50 (req)
16:28:40.159 INFO:     #50 chat/completions (stream): 50 tokens generated at
                       196.9 T/s · prompt 85 tokens, none cached, 85 new in 0.08
                       s · first token 0.08 s, total 0.34 s · draft 36/42
                       accepted (86%) · max_tokens reached
16:28:40.210 INFO:     #51 chat/completions (stream): 75 prompt tokens ·
                       temperature: 0, greedy (req), max_tokens: 202 (req),
                       min_tokens: 202 (req)
16:28:40.526 INFO:     #44 chat/completions (stream): 401 tokens generated at
                       106.9 T/s · prompt 76 tokens, none cached, 76 new in 0.08
                       s · first token 0.08 s, total 3.84 s · draft 237/492
                       accepted (48%) · max_tokens reached
16:28:40.577 INFO:     #52 chat/completions (stream): 87 prompt tokens ·
                       temperature: 0, greedy (req), max_tokens: 683 (req),
                       min_tokens: 683 (req)
16:28:41.973 INFO:     #48 chat/completions (stream): 595 tokens generated at
                       177.8 T/s · prompt 656 tokens, none cached, 656 new in
                       0.29 s (2,262 T/s) · first token 0.29 s, total 3.64 s ·
                       draft 431/492 accepted (88%) · max_tokens reached
16:28:42.019 INFO:     #53 chat/completions (stream): 796 prompt tokens ·
                       temperature: 0, greedy (req), max_tokens: 13 (req),
                       min_tokens: 13 (req)
16:28:42.256 INFO:     #51 chat/completions (stream): 202 tokens generated at
                       119.0 T/s · prompt 75 tokens, none cached, 75 new in 0.08
                       s · first token 0.08 s, total 1.78 s · draft 114/264
                       accepted (43%) · max_tokens reached
16:28:42.308 INFO:     #54 chat/completions (stream): 349 prompt tokens ·
                       temperature: 0, greedy (req), max_tokens: 70 (req),
                       min_tokens: 70 (req)
16:28:42.587 INFO:     #53 chat/completions (stream): 13 tokens generated at
                       194.9 T/s · prompt 796 tokens, none cached, 796 new in
                       0.22 s (3,618 T/s) · first token 0.23 s, total 0.29 s ·
                       draft 9/12 accepted (75%) · max_tokens reached
16:28:42.638 INFO:     #55 chat/completions (stream): 345 prompt tokens ·
                       temperature: 0, greedy (req), max_tokens: 18 (req),
                       min_tokens: 18 (req)
16:28:43.066 INFO:     #55 chat/completions (stream): 18 tokens generated at
                       142.8 T/s · prompt 345 tokens, none cached, 345 new in
                       0.23 s (1,500 T/s) · first token 0.23 s, total 0.36 s ·
                       draft 11/21 accepted (52%) · max_tokens reached
16:28:43.117 INFO:     #56 chat/completions (stream): 353 prompt tokens ·
                       temperature: 0, greedy (req), max_tokens: 52 (req),
                       min_tokens: 52 (req)
16:28:43.472 INFO:     #54 chat/completions (stream): 70 tokens generated at
                       82.2 T/s · prompt 349 tokens, none cached, 349 new in
                       0.23 s (1,517 T/s) · first token 0.23 s, total 1.09 s ·
                       draft 46/72 accepted (64%) · max_tokens reached
16:28:43.522 INFO:     #57 chat/completions (stream): 75 prompt tokens ·
                       temperature: 0, greedy (req), max_tokens: 218 (req),
                       min_tokens: 218 (req)
16:28:43.833 INFO:     #56 chat/completions (stream): 52 tokens generated at
                       126.6 T/s · prompt 353 tokens, none cached, 353 new in
                       0.23 s (1,535 T/s) · first token 0.24 s, total 0.65 s ·
                       draft 34/54 accepted (63%) · max_tokens reached
16:28:43.885 INFO:     #58 chat/completions (stream): 786 prompt tokens ·
                       temperature: 0, greedy (req), max_tokens: 792 (req),
                       min_tokens: 792 (req)
16:28:45.151 INFO:     #57 chat/completions (stream): 218 tokens generated at
                       147.3 T/s · prompt 75 tokens, none cached, 75 new in 0.08
                       s · first token 0.09 s, total 1.57 s · draft 149/207
                       accepted (72%) · max_tokens reached
16:28:45.203 INFO:     #59 chat/completions (stream): 95 prompt tokens ·
                       temperature: 0, greedy (req), max_tokens: 25 (req),
                       min_tokens: 25 (req)
16:28:45.466 INFO:     #49 chat/completions (stream): 664 tokens generated at
                       112.6 T/s · prompt 73 tokens, none cached, 73 new in 0.10
                       s · first token 0.11 s, total 6.00 s · draft 420/732
                       accepted (57%) · max_tokens reached
16:28:45.482 INFO:     #59 chat/completions (stream): 25 tokens generated at
                       199.7 T/s · prompt 95 tokens, none cached, 95 new in 0.09
                       s · first token 0.10 s, total 0.22 s · draft 18/21
                       accepted (86%) · max_tokens reached
16:28:45.510 INFO:     #60 chat/completions (stream): 477 prompt tokens ·
                       temperature: 0, greedy (req), max_tokens: 7 (req),
                       min_tokens: 7 (req)
16:28:45.660 INFO:     #61 chat/completions (stream): 238 prompt tokens ·
                       temperature: 0, greedy (req), max_tokens: 23 (req),
                       min_tokens: 23 (req)
16:28:45.985 INFO:     #60 chat/completions (stream): 7 tokens generated at
                       203.1 T/s · prompt 477 tokens, none cached, 477 new in
                       0.37 s (1,289 T/s) · first token 0.38 s, total 0.41 s ·
                       draft 5/6 accepted (83%) · max_tokens reached
16:28:46.027 INFO:     #62 chat/completions (stream): 62 prompt tokens ·
                       temperature: 0, greedy (req), max_tokens: 408 (req),
                       min_tokens: 408 (req)
16:28:46.116 INFO:     #61 chat/completions (stream): 23 tokens generated at
                       233.5 T/s · prompt 238 tokens, none cached, 238 new in
                       0.11 s · queued 0.11 s, first token 0.22 s, total 0.32 s
                       · draft 17/18 accepted (94%) · max_tokens reached
16:28:46.168 INFO:     #63 chat/completions (stream): 507 prompt tokens ·
                       temperature: 0, greedy (req), max_tokens: 8 (req),
                       min_tokens: 8 (req)
16:28:46.534 INFO:     #63 chat/completions (stream): 8 tokens generated at
                       220.8 T/s · prompt 507 tokens, none cached, 507 new in
                       0.26 s (1,950 T/s) · first token 0.26 s, total 0.30 s ·
                       draft 6/6 accepted (100%) · max_tokens reached
16:28:46.586 INFO:     #64 chat/completions (stream): 151 prompt tokens ·
                       temperature: 0, greedy (req), max_tokens: 7 (req),
                       min_tokens: 7 (req)
16:28:46.779 INFO:     #64 chat/completions (stream): 7 tokens generated at
                       203.7 T/s · prompt 151 tokens, none cached, 151 new in
                       0.09 s · first token 0.09 s, total 0.13 s · draft 5/6
                       accepted (83%) · max_tokens reached
16:28:46.829 INFO:     #65 chat/completions (stream): 92 prompt tokens ·
                       temperature: 0, greedy (req), max_tokens: 171 (req),
                       min_tokens: 171 (req)
16:28:47.669 INFO:     #52 chat/completions (stream): 683 tokens generated at
                       98.4 T/s · prompt 87 tokens, none cached, 87 new in 0.08
                       s · first token 0.08 s, total 7.02 s · draft 413/810
                       accepted (51%) · max_tokens reached
16:28:47.722 INFO:     #67 chat/completions (stream): 534 prompt tokens ·
                       temperature: 0, greedy (req), max_tokens: 59 (req),
                       min_tokens: 59 (req)
16:28:48.372 INFO:     #65 chat/completions (stream): 171 tokens generated at
                       122.6 T/s · prompt 92 tokens, none cached, 92 new in 0.09
                       s · first token 0.09 s, total 1.49 s · draft 104/201
                       accepted (52%) · max_tokens reached
16:28:48.387 INFO:     #67 chat/completions (stream): 59 tokens generated at
                       142.3 T/s · prompt 534 tokens, none cached, 534 new in
                       0.19 s (2,811 T/s) · first token 0.19 s, total 0.61 s ·
                       draft 36/69 accepted (52%) · max_tokens reached
16:28:48.415 INFO:     #68 chat/completions (stream): 63 prompt tokens ·
                       temperature: 0, greedy (req), max_tokens: 327 (req),
                       min_tokens: 327 (req)
16:28:48.509 INFO:     #69 chat/completions (stream): 58 prompt tokens ·
                       temperature: 0, greedy (req), max_tokens: 312 (req),
                       min_tokens: 312 (req)
16:28:49.759 INFO:     #62 chat/completions (stream): 408 tokens generated at
                       113.6 T/s · prompt 62 tokens, none cached, 62 new in 0.07
                       s · first token 0.08 s, total 3.67 s · draft 252/468
                       accepted (54%) · max_tokens reached
16:28:49.809 INFO:     #70 chat/completions (stream): 253 prompt tokens ·
                       temperature: 0, greedy (req), max_tokens: 227 (req),
                       min_tokens: 227 (req)
16:28:50.946 INFO:     #69 chat/completions (stream): 312 tokens generated at
                       135.7 T/s · prompt 58 tokens, none cached, 58 new in 0.07
                       s · first token 0.07 s, total 2.37 s · draft 197/345
                       accepted (57%) · max_tokens reached
16:28:50.997 INFO:     #71 chat/completions (stream): 328 prompt tokens ·
                       temperature: 0, greedy (req), max_tokens: 161 (req),
                       min_tokens: 161 (req)
16:28:51.302 INFO:     #58 chat/completions (stream): 792 tokens generated at
                       111.2 T/s · prompt 786 tokens, none cached, 786 new in
                       0.23 s (3,417 T/s) · first token 0.23 s, total 7.36 s ·
                       draft 488/912 accepted (54%) · max_tokens reached
16:28:51.330 INFO:     #68 chat/completions (stream): 327 tokens generated at
                       117.5 T/s · prompt 63 tokens, none cached, 63 new in 0.07
                       s · first token 0.08 s, total 2.86 s · draft 200/381
                       accepted (52%) · max_tokens reached
16:28:51.344 INFO:     #72 chat/completions (stream): 62 prompt tokens ·
                       temperature: 0, greedy (req), max_tokens: 158 (req),
                       min_tokens: 158 (req)
16:28:51.458 INFO:     #73 chat/completions (stream): 450 prompt tokens ·
                       temperature: 0, greedy (req), max_tokens: 172 (req),
                       min_tokens: 172 (req)
16:28:52.373 INFO:     #70 chat/completions (stream): 227 tokens generated at
                       95.5 T/s · prompt 253 tokens, none cached, 253 new in
                       0.12 s · first token 0.13 s, total 2.50 s · draft 125/306
                       accepted (41%) · max_tokens reached
16:28:52.447 INFO:     #74 chat/completions (stream): 840 prompt tokens ·
                       temperature: 0, greedy (req), max_tokens: 16 (req),
                       min_tokens: 16 (req)
16:28:52.953 INFO:     #74 chat/completions (stream): 16 tokens generated at
                       111.4 T/s · prompt 840 tokens, none cached, 840 new in
                       0.29 s (2,897 T/s) · first token 0.30 s, total 0.44 s ·
                       draft 8/24 accepted (33%) · max_tokens reached
16:28:52.994 INFO:     #75 chat/completions (stream): 63 prompt tokens ·
                       temperature: 0, greedy (req), max_tokens: 373 (req),
                       min_tokens: 373 (req)
16:28:52.995 INFO:     #71 chat/completions (stream): 161 tokens generated at
                       94.0 T/s · prompt 328 tokens, none cached, 328 new in
                       0.22 s (1,491 T/s) · first token 0.23 s, total 1.94 s ·
                       draft 98/189 accepted (52%) · max_tokens reached
16:28:53.119 INFO:     #76 chat/completions (stream): 63 prompt tokens ·
                       temperature: 0, greedy (req), max_tokens: 361 (req),
                       min_tokens: 361 (req)
16:28:53.321 INFO:     #72 chat/completions (stream): 158 tokens generated at
                       85.6 T/s · prompt 62 tokens, none cached, 62 new in 0.07
                       s · first token 0.08 s, total 1.92 s · draft 92/198
                       accepted (46%) · max_tokens reached
16:28:53.334 INFO:     #73 chat/completions (stream): 172 tokens generated at
                       109.9 T/s · prompt 450 tokens, none cached, 450 new in
                       0.25 s (1,800 T/s) · first token 0.25 s, total 1.82 s ·
                       draft 108/192 accepted (56%) · max_tokens reached
16:28:53.362 INFO:     #77 chat/completions (stream): 64 prompt tokens ·
                       temperature: 0, greedy (req), max_tokens: 400 (req),
                       min_tokens: 400 (req)
16:28:53.454 INFO:     #78 chat/completions (stream): 677 prompt tokens ·
                       temperature: 0, greedy (req), max_tokens: 6 (req),
                       min_tokens: 6 (req)
16:28:53.832 INFO:     #78 chat/completions (stream): 6 tokens generated at
                       169.1 T/s · prompt 677 tokens, none cached, 677 new in
                       0.27 s (2,507 T/s) · first token 0.27 s, total 0.31 s ·
                       draft 4/6 accepted (67%) · max_tokens reached
16:28:53.882 INFO:     #79 chat/completions (stream): 114 prompt tokens ·
                       temperature: 0, greedy (req), max_tokens: 443 (req),
                       min_tokens: 443 (req)
16:28:55.927 INFO:     #75 chat/completions (stream): 373 tokens generated at
                       133.6 T/s · prompt 63 tokens, none cached, 63 new in 0.07
                       s · first token 0.08 s, total 2.87 s · draft 246/381
                       accepted (65%) · max_tokens reached
16:28:55.979 INFO:     #80 chat/completions (stream): 739 prompt tokens ·
                       temperature: 0, greedy (req), max_tokens: 620 (req),
                       min_tokens: 620 (req)
16:28:56.543 INFO:     #76 chat/completions (stream): 361 tokens generated at
                       109.9 T/s · prompt 63 tokens, none cached, 63 new in 0.07
                       s · first token 0.07 s, total 3.36 s · draft 218/429
                       accepted (51%) · max_tokens reached
16:28:56.592 INFO:     #81 chat/completions (stream): 502 prompt tokens ·
                       temperature: 0, greedy (req), max_tokens: 8 (req),
                       min_tokens: 8 (req)
16:28:56.978 INFO:     #81 chat/completions (stream): 8 tokens generated at
                       148.7 T/s · prompt 502 tokens, none cached, 502 new in
                       0.26 s (1,931 T/s) · first token 0.27 s, total 0.32 s ·
                       draft 5/9 accepted (56%) · max_tokens reached
16:28:57.029 INFO:     #82 chat/completions (stream): 67 prompt tokens ·
                       temperature: 0, greedy (req), max_tokens: 309 (req),
                       min_tokens: 309 (req)
16:28:57.489 INFO:     #77 chat/completions (stream): 400 tokens generated at
                       100.6 T/s · prompt 64 tokens, none cached, 64 new in 0.07
                       s · first token 0.07 s, total 4.05 s · draft 233/501
                       accepted (47%) · max_tokens reached
16:28:57.540 INFO:     #83 chat/completions (stream): 684 prompt tokens ·
                       temperature: 0, greedy (req), max_tokens: 19 (req),
                       min_tokens: 19 (req)
16:28:58.016 INFO:     #83 chat/completions (stream): 19 tokens generated at
                       132.6 T/s · prompt 684 tokens, none cached, 684 new in
                       0.26 s (2,631 T/s) · first token 0.26 s, total 0.41 s ·
                       draft 11/24 accepted (46%) · max_tokens reached
16:28:58.066 INFO:     #84 chat/completions (stream): 67 prompt tokens ·
                       temperature: 0, greedy (req), max_tokens: 161 (req),
                       min_tokens: 161 (req)
16:28:58.228 INFO:     #79 chat/completions (stream): 443 tokens generated at
                       106.0 T/s · prompt 114 tokens, none cached, 114 new in
                       0.10 s · first token 0.11 s, total 4.28 s · draft 263/540
                       accepted (49%) · max_tokens reached
16:28:58.276 INFO:     #85 chat/completions (stream): 345 prompt tokens ·
                       temperature: 0, greedy (req), max_tokens: 20 (req),
                       min_tokens: 20 (req)
16:28:58.752 INFO:     #85 chat/completions (stream): 20 tokens generated at
                       156.6 T/s · prompt 345 tokens, none cached, 345 new in
                       0.28 s (1,232 T/s) · first token 0.28 s, total 0.41 s ·
                       draft 13/21 accepted (62%) · max_tokens reached
16:28:58.807 INFO:     #86 chat/completions (stream): 870 prompt tokens ·
                       temperature: 0, greedy (req), max_tokens: 44 (req),
                       min_tokens: 44 (req)
16:28:59.462 INFO:     #86 chat/completions (stream): 44 tokens generated at
                       159.8 T/s · prompt 870 tokens, none cached, 870 new in
                       0.29 s (3,000 T/s) · first token 0.30 s, total 0.57 s ·
                       draft 29/45 accepted (64%) · max_tokens reached
16:28:59.513 INFO:     #87 chat/completions (stream): 77 prompt tokens ·
                       temperature: 0, greedy (req), max_tokens: 142 (req),
                       min_tokens: 142 (req)
16:29:00.040 INFO:     #84 chat/completions (stream): 161 tokens generated at
                       87.8 T/s · prompt 67 tokens, none cached, 67 new in 0.07
                       s · first token 0.08 s, total 1.91 s · draft 94/201
                       accepted (47%) · max_tokens reached
16:29:00.067 INFO:     #82 chat/completions (stream): 309 tokens generated at
                       106.4 T/s · prompt 67 tokens, none cached, 67 new in 0.07
                       s · first token 0.07 s, total 2.98 s · draft 200/327
                       accepted (61%) · max_tokens reached
16:29:00.082 INFO:     #88 chat/completions (stream): 116 prompt tokens ·
                       temperature: 0, greedy (req), max_tokens: 79 (req),
                       min_tokens: 79 (req)
16:29:00.216 INFO:     #89 chat/completions (stream): 121 prompt tokens ·
                       temperature: 0, greedy (req), max_tokens: 9 (req),
                       min_tokens: 9 (req)
16:29:00.459 INFO:     #89 chat/completions (stream): 9 tokens generated at
                       124.8 T/s · prompt 121 tokens, none cached, 121 new in
                       0.10 s · first token 0.10 s, total 0.18 s · draft 5/12
                       accepted (42%) · max_tokens reached
16:29:00.509 INFO:     #90 chat/completions (stream): 188 prompt tokens ·
                       temperature: 0, greedy (req), max_tokens: 337 (req),
                       min_tokens: 337 (req)
16:29:00.822 INFO:     #88 chat/completions (stream): 79 tokens generated at
                       137.7 T/s · prompt 116 tokens, none cached, 116 new in
                       0.10 s · first token 0.11 s, total 0.68 s · draft 58/63
                       accepted (92%) · max_tokens reached
16:29:00.863 INFO:     #91 chat/completions (stream): 546 prompt tokens ·
                       temperature: 0, greedy (req), max_tokens: 16 (req),
                       min_tokens: 16 (req)
16:29:01.032 INFO:     #87 chat/completions (stream): 142 tokens generated at
                       116.0 T/s · prompt 77 tokens, none cached, 77 new in 0.08
                       s · first token 0.08 s, total 1.31 s · draft 89/159
                       accepted (56%) · max_tokens reached
16:29:01.141 INFO:     #92 chat/completions (stream): 346 prompt tokens ·
                       temperature: 0, greedy (req), max_tokens: 18 (req),
                       min_tokens: 18 (req)
16:29:01.468 INFO:     #91 chat/completions (stream): 16 tokens generated at
                       53.6 T/s · prompt 546 tokens, none cached, 546 new in
                       0.22 s (2,482 T/s) · first token 0.22 s, total 0.52 s ·
                       draft 11/15 accepted (73%) · max_tokens reached
16:29:01.514 INFO:     #93 chat/completions (stream): 399 prompt tokens ·
                       temperature: 0, greedy (req), max_tokens: 350 (req),
                       min_tokens: 350 (req)
16:29:01.783 INFO:     #92 chat/completions (stream): 18 tokens generated at
                       158.0 T/s · prompt 346 tokens, none cached, 346 new in
                       0.22 s (1,573 T/s) · first token 0.23 s, total 0.34 s ·
                       draft 12/18 accepted (67%) · max_tokens reached
16:29:01.837 INFO:     #94 chat/completions (stream): 832 prompt tokens ·
                       temperature: 0, greedy (req), max_tokens: 25 (req),
                       min_tokens: 25 (req)
16:29:02.333 INFO:     #94 chat/completions (stream): 25 tokens generated at
                       173.2 T/s · prompt 832 tokens, none cached, 832 new in
                       0.28 s (2,971 T/s) · first token 0.28 s, total 0.43 s ·
                       draft 17/24 accepted (71%) · max_tokens reached
16:29:02.383 INFO:     #96 chat/completions (stream): 62 prompt tokens ·
                       temperature: 0, greedy (req), max_tokens: 163 (req),
                       min_tokens: 163 (req)
16:29:03.123 INFO:     #80 chat/completions (stream): 620 tokens generated at
                       91.4 T/s · prompt 739 tokens, none cached, 739 new in
                       0.29 s (2,548 T/s) · first token 0.29 s, total 7.08 s ·
                       draft 382/714 accepted (54%) · max_tokens reached
16:29:03.175 INFO:     #97 chat/completions (stream): 794 prompt tokens ·
                       temperature: 0, greedy (req), max_tokens: 12 (req),
                       min_tokens: 12 (req)
16:29:03.565 INFO:     #97 chat/completions (stream): 12 tokens generated at
                       139.7 T/s · prompt 794 tokens, none cached, 794 new in
                       0.23 s (3,452 T/s) · first token 0.23 s, total 0.32 s ·
                       draft 8/12 accepted (67%) · max_tokens reached
16:29:03.617 INFO:     #98 chat/completions (stream): 489 prompt tokens ·
                       temperature: 0, greedy (req), max_tokens: 32 (req),
                       min_tokens: 32 (req)
16:29:04.141 INFO:     #98 chat/completions (stream): 32 tokens generated at
                       158.2 T/s · prompt 489 tokens, none cached, 489 new in
                       0.25 s (1,956 T/s) · first token 0.26 s, total 0.46 s ·
                       draft 21/33 accepted (64%) · max_tokens reached
16:29:04.183 INFO:     #99 chat/completions (stream): 378 prompt tokens ·
                       temperature: 0, greedy (req), max_tokens: 447 (req),
                       min_tokens: 447 (req)
16:29:04.330 INFO:     #96 chat/completions (stream): 163 tokens generated at
                       96.9 T/s · prompt 62 tokens, none cached, 62 new in 0.07
                       s · first token 0.08 s, total 1.76 s · draft 95/204
                       accepted (47%) · max_tokens reached
16:29:04.482 INFO:     #100 chat/completions (stream): 72 prompt tokens ·
                       temperature: 0, greedy (req), max_tokens: 731 (req),
                       min_tokens: 731 (req)
16:29:04.810 INFO:     #90 chat/completions (stream): 337 tokens generated at
                       81.6 T/s · prompt 188 tokens, none cached, 188 new in
                       0.10 s · first token 0.10 s, total 4.24 s · draft 203/402
                       accepted (50%) · max_tokens reached
16:29:04.860 INFO:     #101 chat/completions (stream): 76 prompt tokens ·
                       temperature: 0, greedy (req), max_tokens: 393 (req),
                       min_tokens: 393 (req)
16:29:05.314 INFO:     #93 chat/completions (stream): 350 tokens generated at
                       100.5 T/s · prompt 399 tokens, none cached, 399 new in
                       0.25 s (1,596 T/s) · first token 0.25 s, total 3.74 s ·
                       draft 221/387 accepted (57%) · max_tokens reached
16:29:05.364 INFO:     #102 chat/completions (stream): 60 prompt tokens ·
                       temperature: 0, greedy (req), max_tokens: 636 (req),
                       min_tokens: 636 (req)
16:29:07.532 INFO:     #99 chat/completions (stream): 447 tokens generated at
                       147.3 T/s · prompt 378 tokens, none cached, 378 new in
                       0.24 s (1,575 T/s) · first token 0.25 s, total 3.28 s ·
                       draft 293/462 accepted (63%) · max_tokens reached
16:29:07.583 INFO:     #103 chat/completions (stream): 87 prompt tokens ·
                       temperature: 0, greedy (req), max_tokens: 38 (req),
                       min_tokens: 38 (req)
16:29:07.793 INFO:     #101 chat/completions (stream): 393 tokens generated at
                       141.1 T/s · prompt 76 tokens, none cached, 76 new in 0.08
                       s · first token 0.08 s, total 2.87 s · draft 249/432
                       accepted (58%) · max_tokens reached
16:29:07.843 INFO:     #104 chat/completions (stream): 132 prompt tokens ·
                       temperature: 0, greedy (req), max_tokens: 61 (req),
                       min_tokens: 61 (req)
16:29:08.035 INFO:     #103 chat/completions (stream): 38 tokens generated at
                       128.5 T/s · prompt 87 tokens, none cached, 87 new in 0.08
                       s · first token 0.09 s, total 0.38 s · draft 27/33
                       accepted (82%) · max_tokens reached
16:29:08.085 INFO:     #105 chat/completions (stream): 76 prompt tokens ·
                       temperature: 0, greedy (req), max_tokens: 411 (req),
                       min_tokens: 411 (req)
16:29:08.374 INFO:     #104 chat/completions (stream): 61 tokens generated at
                       170.9 T/s · prompt 132 tokens, none cached, 132 new in
                       0.10 s · first token 0.10 s, total 0.46 s · draft 45/48
                       accepted (94%) · max_tokens reached
16:29:08.444 INFO:     #106 chat/completions (stream): 68 prompt tokens ·
                       temperature: 0, greedy (req), max_tokens: 367 (req),
                       min_tokens: 367 (req)
16:29:09.805 INFO:     #102 chat/completions (stream): 636 tokens generated at
                       147.8 T/s · prompt 60 tokens, none cached, 60 new in 0.07
                       s · first token 0.07 s, total 4.38 s · draft 420/648
                       accepted (65%) · max_tokens reached
16:29:09.855 INFO:     #107 chat/completions (stream): 123 prompt tokens ·
                       temperature: 0, greedy (req), max_tokens: 289 (req),
                       min_tokens: 289 (req)
16:29:10.525 INFO:     #100 chat/completions (stream): 731 tokens generated at
                       123.9 T/s · prompt 72 tokens, none cached, 72 new in 0.08
                       s · first token 0.09 s, total 5.98 s · draft 440/873
                       accepted (50%) · max_tokens reached
16:29:10.576 INFO:     #108 chat/completions (stream): 101 prompt tokens ·
                       temperature: 0, greedy (req), max_tokens: 518 (req),
                       min_tokens: 518 (req)
16:29:11.187 INFO:     #105 chat/completions (stream): 411 tokens generated at
                       139.0 T/s · prompt 76 tokens, none cached, 76 new in 0.08
                       s · first token 0.08 s, total 3.04 s · draft 264/441
                       accepted (60%) · max_tokens reached
16:29:11.236 INFO:     #109 chat/completions (stream): 145 prompt tokens ·
                       temperature: 0, greedy (req), max_tokens: 144 (req),
                       min_tokens: 144 (req)
16:29:11.522 INFO:     #106 chat/completions (stream): 367 tokens generated at
                       125.0 T/s · prompt 68 tokens, none cached, 68 new in 0.07
                       s · first token 0.07 s, total 3.01 s · draft 222/435
                       accepted (51%) · max_tokens reached
16:29:11.573 INFO:     #110 chat/completions (stream): 360 prompt tokens ·
                       temperature: 0, greedy (req), max_tokens: 8 (req),
                       min_tokens: 8 (req)
16:29:11.927 INFO:     #110 chat/completions (stream): 8 tokens generated at
                       155.0 T/s · prompt 360 tokens, none cached, 360 new in
                       0.23 s (1,565 T/s) · first token 0.23 s, total 0.29 s ·
                       draft 5/9 accepted (56%) · max_tokens reached
16:29:11.976 INFO:     #111 chat/completions (stream): 469 prompt tokens ·
                       temperature: 0, greedy (req), max_tokens: 465 (req),
                       min_tokens: 465 (req)
16:29:12.566 INFO:     #107 chat/completions (stream): 289 tokens generated at
                       113.7 T/s · prompt 123 tokens, none cached, 123 new in
                       0.10 s · first token 0.11 s, total 2.65 s · draft 184/315
                       accepted (58%) · max_tokens reached
16:29:12.617 INFO:     #112 chat/completions (stream): 327 prompt tokens ·
                       temperature: 0, greedy (req), max_tokens: 420 (req),
                       min_tokens: 420 (req)
16:29:13.086 INFO:     #109 chat/completions (stream): 144 tokens generated at
                       86.1 T/s · prompt 145 tokens, none cached, 145 new in
                       0.11 s · first token 0.11 s, total 1.79 s · draft 87/171
                       accepted (51%) · max_tokens reached
16:29:13.137 INFO:     #113 chat/completions (stream): 93 prompt tokens ·
                       temperature: 0, greedy (req), max_tokens: 298 (req),
                       min_tokens: 298 (req)
16:29:15.192 INFO:     #111 chat/completions (stream): 465 tokens generated at
                       160.4 T/s · prompt 469 tokens, none cached, 469 new in
                       0.25 s (1,876 T/s) · first token 0.25 s, total 3.15 s ·
                       draft 323/426 accepted (76%) · max_tokens reached
16:29:15.241 INFO:     #114 chat/completions (stream): 126 prompt tokens ·
                       temperature: 0, greedy (req), max_tokens: 325 (req),
                       min_tokens: 325 (req)
16:29:15.614 INFO:     #113 chat/completions (stream): 298 tokens generated at
                       128.3 T/s · prompt 93 tokens, none cached, 93 new in 0.09
                       s · first token 0.10 s, total 2.42 s · draft 177/363
                       accepted (49%) · max_tokens reached
16:29:15.666 INFO:     #115 chat/completions (stream): 487 prompt tokens ·
                       temperature: 0, greedy (req), max_tokens: 7 (req),
                       min_tokens: 7 (req)
16:29:16.018 INFO:     #115 chat/completions (stream): 7 tokens generated at
                       203.1 T/s · prompt 487 tokens, none cached, 487 new in
                       0.25 s (1,948 T/s) · first token 0.26 s, total 0.29 s ·
                       draft 5/6 accepted (83%) · max_tokens reached
16:29:16.066 INFO:     #116 chat/completions (stream): 334 prompt tokens ·
                       temperature: 0, greedy (req), max_tokens: 377 (req),
                       min_tokens: 377 (req)
16:29:16.317 INFO:     #108 chat/completions (stream): 518 tokens generated at
                       96.3 T/s · prompt 101 tokens, none cached, 101 new in
                       0.09 s · first token 0.10 s, total 5.47 s · draft 285/699
                       accepted (41%) · max_tokens reached
16:29:16.370 INFO:     #117 chat/completions (stream): 841 prompt tokens ·
                       temperature: 0, greedy (req), max_tokens: 429 (req),
                       min_tokens: 429 (req)
16:29:16.793 INFO:     #112 chat/completions (stream): 420 tokens generated at
                       108.2 T/s · prompt 327 tokens, none cached, 327 new in
                       0.22 s (1,486 T/s) · first token 0.23 s, total 4.11 s ·
                       draft 256/492 accepted (52%) · max_tokens reached
16:29:16.845 INFO:     #118 chat/completions (stream): 57 prompt tokens ·
                       temperature: 0, greedy (req), max_tokens: 99 (req),
                       min_tokens: 99 (req)
16:29:17.663 INFO:     #118 chat/completions (stream): 99 tokens generated at
                       145.6 T/s · prompt 57 tokens, none cached, 57 new in 0.07
                       s · first token 0.08 s, total 0.76 s · draft 63/108
                       accepted (58%) · max_tokens reached
16:29:17.715 INFO:     #120 chat/completions (stream): 147 prompt tokens ·
                       temperature: 0, greedy (req), max_tokens: 30 (req),
                       min_tokens: 30 (req)
16:29:18.054 INFO:     #120 chat/completions (stream): 30 tokens generated at
                       166.1 T/s · prompt 147 tokens, none cached, 147 new in
                       0.09 s · first token 0.10 s, total 0.28 s · draft 20/30
                       accepted (67%) · max_tokens reached
16:29:18.105 INFO:     #121 chat/completions (stream): 232 prompt tokens ·
                       temperature: 0, greedy (req), max_tokens: 78 (req),
                       min_tokens: 78 (req)
16:29:18.655 INFO:     #121 chat/completions (stream): 78 tokens generated at
                       210.1 T/s · prompt 232 tokens, none cached, 232 new in
                       0.11 s · first token 0.12 s, total 0.49 s · draft 58/60
                       accepted (97%) · max_tokens reached
16:29:18.699 INFO:     #122 chat/completions (stream): 63 prompt tokens ·
                       temperature: 0, greedy (req), max_tokens: 321 (req),
                       min_tokens: 321 (req)
16:29:18.806 INFO:     #114 chat/completions (stream): 325 tokens generated at
                       97.8 T/s · prompt 126 tokens, none cached, 126 new in
                       0.10 s · first token 0.11 s, total 3.43 s · draft 196/387
                       accepted (51%) · max_tokens reached
16:29:18.855 INFO:     #123 chat/completions (stream): 78 prompt tokens ·
                       temperature: 0, greedy (req), max_tokens: 254 (req),
                       min_tokens: 254 (req)
16:29:19.606 INFO:     #116 chat/completions (stream): 377 tokens generated at
                       115.9 T/s · prompt 334 tokens, none cached, 334 new in
                       0.21 s (1,590 T/s) · first token 0.22 s, total 3.47 s ·
                       draft 239/414 accepted (58%) · max_tokens reached
16:29:19.657 INFO:     #124 chat/completions (stream): 63 prompt tokens ·
                       temperature: 0, greedy (req), max_tokens: 194 (req),
                       min_tokens: 194 (req)
16:29:20.713 INFO:     #123 chat/completions (stream): 254 tokens generated at
                       148.7 T/s · prompt 78 tokens, none cached, 78 new in 0.08
                       s · first token 0.08 s, total 1.79 s · draft 167/261
                       accepted (64%) · max_tokens reached
16:29:20.766 INFO:     #125 chat/completions (stream): 629 prompt tokens ·
                       temperature: 0, greedy (req), max_tokens: 9 (req),
                       min_tokens: 9 (req)
16:29:21.101 INFO:     #117 chat/completions (stream): 429 tokens generated at
                       101.0 T/s · prompt 841 tokens, none cached, 841 new in
                       0.32 s (2,628 T/s) · first token 0.33 s, total 4.57 s ·
                       draft 233/588 accepted (40%) · max_tokens reached
16:29:21.141 INFO:     #126 chat/completions (stream): 57 prompt tokens ·
                       temperature: 0, greedy (req), max_tokens: 78 (req),
                       min_tokens: 78 (req)
16:29:21.142 INFO:     #125 chat/completions (stream): 9 tokens generated at
                       191.1 T/s · prompt 629 tokens, none cached, 629 new in
                       0.27 s (2,330 T/s) · first token 0.28 s, total 0.32 s ·
                       draft 6/9 accepted (67%) · max_tokens reached
16:29:21.264 INFO:     #127 chat/completions (stream): 148 prompt tokens ·
                       temperature: 0, greedy (req), max_tokens: 15 (req),
                       min_tokens: 15 (req)
16:29:21.525 INFO:     #127 chat/completions (stream): 15 tokens generated at
                       140.5 T/s · prompt 148 tokens, none cached, 148 new in
                       0.09 s · first token 0.09 s, total 0.20 s · draft 10/15
                       accepted (67%) · max_tokens reached
16:29:21.565 INFO:     #128 chat/completions (stream): 346 prompt tokens ·
                       temperature: 0, greedy (req), max_tokens: 11 (req),
                       min_tokens: 11 (req)
16:29:21.566 INFO:     #124 chat/completions (stream): 194 tokens generated at
                       109.0 T/s · prompt 63 tokens, none cached, 63 new in 0.07
                       s · first token 0.08 s, total 1.86 s · draft 119/225
                       accepted (53%) · max_tokens reached
16:29:21.834 INFO:     #129 chat/completions (stream): 74 prompt tokens ·
                       temperature: 0, greedy (req), max_tokens: 296 (req),
                       min_tokens: 296 (req)
16:29:22.015 INFO:     #128 chat/completions (stream): 11 tokens generated at
                       73.5 T/s · prompt 346 tokens, none cached, 346 new in
                       0.23 s (1,504 T/s) · first token 0.24 s, total 0.39 s ·
                       draft 7/12 accepted (58%) · max_tokens reached
16:29:22.067 INFO:     #130 chat/completions (stream): 468 prompt tokens ·
                       temperature: 0, greedy (req), max_tokens: 17 (req),
                       min_tokens: 17 (req)
16:29:22.395 INFO:     #122 chat/completions (stream): 321 tokens generated at
                       90.1 T/s · prompt 63 tokens, none cached, 63 new in 0.07
                       s · first token 0.08 s, total 3.64 s · draft 185/408
                       accepted (45%) · max_tokens reached
16:29:22.423 INFO:     #126 chat/completions (stream): 78 tokens generated at
                       67.5 T/s · prompt 57 tokens, none cached, 57 new in 0.07
                       s · first token 0.08 s, total 1.23 s · draft 47/93
                       accepted (51%) · max_tokens reached
16:29:22.437 INFO:     #131 chat/completions (stream): 400 prompt tokens ·
                       temperature: 0, greedy (req), max_tokens: 4 (req),
                       min_tokens: 4 (req)
16:29:22.700 INFO:     #132 chat/completions (stream): 216 prompt tokens ·
                       temperature: 0, greedy (req), max_tokens: 30 (req),
                       min_tokens: 30 (req)
16:29:22.701 INFO:     #130 chat/completions (stream): 17 tokens generated at
                       195.7 T/s · prompt 468 tokens, none cached, 468 new in
                       0.25 s (1,872 T/s) · first token 0.25 s, total 0.34 s ·
                       draft 11/18 accepted (61%) · max_tokens reached
16:29:22.843 INFO:     #133 chat/completions (stream): 200 prompt tokens ·
                       temperature: 0, greedy (req), max_tokens: 12 (req),
                       min_tokens: 12 (req)
16:29:22.967 INFO:     #131 chat/completions (stream): 4 tokens generated at
                       330.0 T/s · prompt 400 tokens, none cached, 400 new in
                       0.24 s (1,667 T/s) · first token 0.25 s, total 0.26 s ·
                       draft 3/3 accepted (100%) · max_tokens reached
16:29:23.017 INFO:     #134 chat/completions (stream): 160 prompt tokens ·
                       temperature: 0, greedy (req), max_tokens: 60 (req),
                       min_tokens: 60 (req)
16:29:23.171 INFO:     #133 chat/completions (stream): 12 tokens generated at
                       187.2 T/s · prompt 200 tokens, none cached, 200 new in
                       0.10 s · first token 0.11 s, total 0.17 s · draft 8/12
                       accepted (67%) · max_tokens reached
16:29:23.200 INFO:     #132 chat/completions (stream): 30 tokens generated at
                       88.1 T/s · prompt 216 tokens, none cached, 216 new in
                       0.10 s · first token 0.11 s, total 0.45 s · draft 21/27
                       accepted (78%) · max_tokens reached
16:29:23.215 INFO:     #135 chat/completions (stream): 572 prompt tokens ·
                       temperature: 0, greedy (req), max_tokens: 60 (req),
                       min_tokens: 60 (req)
16:29:23.467 INFO:     #136 chat/completions (stream): 68 prompt tokens ·
                       temperature: 0, greedy (req), max_tokens: 733 (req),
                       min_tokens: 733 (req)
16:29:23.881 INFO:     #134 chat/completions (stream): 60 tokens generated at
                       85.2 T/s · prompt 160 tokens, none cached, 160 new in
                       0.09 s · first token 0.09 s, total 0.80 s · draft 36/72
                       accepted (50%) · max_tokens reached
16:29:23.930 INFO:     #137 chat/completions (stream): 59 prompt tokens ·
                       temperature: 0, greedy (req), max_tokens: 81 (req),
                       min_tokens: 81 (req)
16:29:24.095 INFO:     #135 chat/completions (stream): 60 tokens generated at
                       104.6 T/s · prompt 572 tokens, none cached, 572 new in
                       0.23 s (2,487 T/s) · first token 0.24 s, total 0.81 s ·
                       draft 36/72 accepted (50%) · max_tokens reached
16:29:24.153 INFO:     #138 chat/completions (stream): 694 prompt tokens ·
                       temperature: 0, greedy (req), max_tokens: 34 (req),
                       min_tokens: 34 (req)
16:29:24.704 INFO:     #138 chat/completions (stream): 34 tokens generated at
                       171.4 T/s · prompt 694 tokens, none cached, 694 new in
                       0.27 s (2,570 T/s) · first token 0.28 s, total 0.48 s ·
                       draft 24/30 accepted (80%) · max_tokens reached
16:29:24.760 INFO:     #139 chat/completions (stream): 66 prompt tokens ·
                       temperature: 0, greedy (req), max_tokens: 198 (req),
                       min_tokens: 198 (req)
16:29:25.084 INFO:     #137 chat/completions (stream): 81 tokens generated at
                       80.0 T/s · prompt 59 tokens, none cached, 59 new in 0.07
                       s · first token 0.07 s, total 1.09 s · draft 46/105
                       accepted (44%) · max_tokens reached
16:29:25.136 INFO:     #140 chat/completions (stream): 477 prompt tokens ·
                       temperature: 0, greedy (req), max_tokens: 38 (req),
                       min_tokens: 38 (req)
16:29:25.742 INFO:     #140 chat/completions (stream): 38 tokens generated at
                       133.7 T/s · prompt 477 tokens, none cached, 477 new in
                       0.25 s (1,908 T/s) · first token 0.26 s, total 0.54 s ·
                       draft 23/45 accepted (51%) · max_tokens reached
16:29:25.791 INFO:     #141 chat/completions (stream): 80 prompt tokens ·
                       temperature: 0, greedy (req), max_tokens: 49 (req),
                       min_tokens: 49 (req)
16:29:26.062 INFO:     #129 chat/completions (stream): 296 tokens generated at
                       72.5 T/s · prompt 74 tokens, none cached, 74 new in 0.08
                       s · first token 0.09 s, total 4.17 s · draft 166/390
                       accepted (43%) · max_tokens reached
16:29:26.111 INFO:     #142 chat/completions (stream): 124 prompt tokens ·
                       temperature: 0, greedy (req), max_tokens: 635 (req),
                       min_tokens: 635 (req)
16:29:26.295 INFO:     #141 chat/completions (stream): 49 tokens generated at
                       137.8 T/s · prompt 80 tokens, none cached, 80 new in 0.08
                       s · first token 0.08 s, total 0.44 s · draft 34/45
                       accepted (76%) · max_tokens reached
16:29:26.346 INFO:     #143 chat/completions (stream): 411 prompt tokens ·
                       temperature: 0, greedy (req), max_tokens: 7 (req),
                       min_tokens: 7 (req)
16:29:26.687 INFO:     #143 chat/completions (stream): 7 tokens generated at
                       196.5 T/s · prompt 411 tokens, none cached, 411 new in
                       0.24 s (1,712 T/s) · first token 0.25 s, total 0.28 s ·
                       draft 5/6 accepted (83%) · max_tokens reached
16:29:26.735 INFO:     #144 chat/completions (stream): 315 prompt tokens ·
                       temperature: 0, greedy (req), max_tokens: 707 (req),
                       min_tokens: 707 (req)
16:29:26.985 INFO:     #139 chat/completions (stream): 198 tokens generated at
                       105.6 T/s · prompt 66 tokens, none cached, 66 new in 0.08
                       s · first token 0.09 s, total 1.96 s · draft 128/210
                       accepted (61%) · max_tokens reached
16:29:27.035 INFO:     #145 chat/completions (stream): 77 prompt tokens ·
                       temperature: 0, greedy (req), max_tokens: 380 (req),
                       min_tokens: 380 (req)
16:29:29.252 INFO:     #145 chat/completions (stream): 380 tokens generated at
                       183.3 T/s · prompt 77 tokens, none cached, 77 new in 0.08
                       s · first token 0.08 s, total 2.16 s · draft 268/336
                       accepted (80%) · max_tokens reached
16:29:29.303 INFO:     #146 chat/completions (stream): 266 prompt tokens ·
                       temperature: 0, greedy (req), max_tokens: 147 (req),
                       min_tokens: 147 (req)
16:29:30.060 INFO:     #136 chat/completions (stream): 733 tokens generated at
                       113.7 T/s · prompt 68 tokens, none cached, 68 new in 0.07
                       s · first token 0.08 s, total 6.52 s · draft 460/819
                       accepted (56%) · max_tokens reached
16:29:30.111 INFO:     #147 chat/completions (stream): 232 prompt tokens ·
                       temperature: 0, greedy (req), max_tokens: 41 (req),
                       min_tokens: 41 (req)
16:29:30.359 INFO:     #146 chat/completions (stream): 147 tokens generated at
                       181.3 T/s · prompt 266 tokens, none cached, 266 new in
                       0.17 s (1,565 T/s) · first token 0.18 s, total 0.99 s ·
                       draft 108/117 accepted (92%) · max_tokens reached
16:29:30.411 INFO:     #148 chat/completions (stream): 137 prompt tokens ·
                       temperature: 0, greedy (req), max_tokens: 101 (req),
                       min_tokens: 101 (req)
16:29:30.633 INFO:     #147 chat/completions (stream): 41 tokens generated at
                       119.3 T/s · prompt 232 tokens, none cached, 232 new in
                       0.11 s · first token 0.12 s, total 0.46 s · draft 28/39
                       accepted (72%) · max_tokens reached
16:29:30.685 INFO:     #149 chat/completions (stream): 135 prompt tokens ·
                       temperature: 0, greedy (req), max_tokens: 433 (req),
                       min_tokens: 433 (req)
16:29:31.262 INFO:     #142 chat/completions (stream): 635 tokens generated at
                       127.4 T/s · prompt 124 tokens, none cached, 124 new in
                       0.10 s · first token 0.10 s, total 5.09 s · draft 414/663
                       accepted (62%) · max_tokens reached
16:29:31.310 INFO:     #150 chat/completions (stream): 456 prompt tokens ·
                       temperature: 0, greedy (req), max_tokens: 342 (req),
                       min_tokens: 342 (req)
16:29:31.591 INFO:     #148 chat/completions (stream): 101 tokens generated at
                       131.8 T/s · prompt 137 tokens, none cached, 137 new in
                       0.11 s · first token 0.12 s, total 0.88 s · draft 64/111
                       accepted (58%) · max_tokens reached
16:29:31.642 INFO:     #151 chat/completions (stream): 301 prompt tokens ·
                       temperature: 0, greedy (req), max_tokens: 14 (req),
                       min_tokens: 14 (req)
16:29:32.020 INFO:     #151 chat/completions (stream): 14 tokens generated at
                       131.0 T/s · prompt 301 tokens, none cached, 301 new in
                       0.20 s (1,505 T/s) · first token 0.21 s, total 0.31 s ·
                       draft 8/18 accepted (44%) · max_tokens reached
16:29:32.071 INFO:     #153 chat/completions (stream): 823 prompt tokens ·
                       temperature: 0, greedy (req), max_tokens: 11 (req),
                       min_tokens: 11 (req)
16:29:32.487 INFO:     #153 chat/completions (stream): 11 tokens generated at
                       152.5 T/s · prompt 823 tokens, none cached, 823 new in
                       0.26 s (3,165 T/s) · first token 0.26 s, total 0.34 s ·
                       draft 7/12 accepted (58%) · max_tokens reached
16:29:32.537 INFO:     #154 chat/completions (stream): 80 prompt tokens ·
                       temperature: 0, greedy (req), max_tokens: 159 (req),
                       min_tokens: 159 (req)
16:29:33.333 INFO:     #144 chat/completions (stream): 707 tokens generated at
                       112.0 T/s · prompt 315 tokens, none cached, 315 new in
                       0.21 s (1,500 T/s) · first token 0.21 s, total 6.53 s ·
                       draft 430/831 accepted (52%) · max_tokens reached
16:29:33.383 INFO:     #155 chat/completions (stream): 71 prompt tokens ·
                       temperature: 0, greedy (req), max_tokens: 749 (req),
                       min_tokens: 749 (req)
16:29:33.704 INFO:     #154 chat/completions (stream): 159 tokens generated at
                       156.1 T/s · prompt 80 tokens, none cached, 80 new in 0.08
                       s · first token 0.09 s, total 1.10 s · draft 106/159
                       accepted (67%) · max_tokens reached
16:29:33.755 INFO:     #156 chat/completions (stream): 181 prompt tokens ·
                       temperature: 0, greedy (req), max_tokens: 482 (req),
                       min_tokens: 482 (req)
16:29:34.329 INFO:     #149 chat/completions (stream): 433 tokens generated at
                       124.8 T/s · prompt 135 tokens, none cached, 135 new in
                       0.10 s · first token 0.11 s, total 3.57 s · draft 289/432
                       accepted (67%) · max_tokens reached
16:29:34.389 INFO:     #157 chat/completions (stream): 336 prompt tokens ·
                       temperature: 0, greedy (req), max_tokens: 772 (req),
                       min_tokens: 772 (req)
16:29:34.895 INFO:     #150 chat/completions (stream): 342 tokens generated at
                       104.5 T/s · prompt 456 tokens, none cached, 456 new in
                       0.24 s (1,900 T/s) · first token 0.24 s, total 3.52 s ·
                       draft 207/405 accepted (51%) · max_tokens reached
16:29:34.945 INFO:     #158 chat/completions (stream): 410 prompt tokens ·
                       temperature: 0, greedy (req), max_tokens: 34 (req),
                       min_tokens: 34 (req)
16:29:35.470 INFO:     #158 chat/completions (stream): 34 tokens generated at
                       160.5 T/s · prompt 410 tokens, none cached, 410 new in
                       0.23 s (1,783 T/s) · first token 0.23 s, total 0.45 s ·
                       draft 22/36 accepted (61%) · max_tokens reached
16:29:35.521 INFO:     #159 chat/completions (stream): 241 prompt tokens ·
                       temperature: 0, greedy (req), max_tokens: 9 (req),
                       min_tokens: 9 (req)
16:29:35.786 INFO:     #159 chat/completions (stream): 9 tokens generated at
                       124.3 T/s · prompt 241 tokens, none cached, 241 new in
                       0.12 s · first token 0.12 s, total 0.20 s · draft 5/12
                       accepted (42%) · max_tokens reached
16:29:35.836 INFO:     #160 chat/completions (stream): 68 prompt tokens ·
                       temperature: 0, greedy (req), max_tokens: 539 (req),
                       min_tokens: 539 (req)
16:29:38.001 INFO:     #156 chat/completions (stream): 482 tokens generated at
                       118.1 T/s · prompt 181 tokens, none cached, 181 new in
                       0.10 s · first token 0.10 s, total 4.19 s · draft 291/573
                       accepted (51%) · max_tokens reached
16:29:38.052 INFO:     #161 chat/completions (stream): 59 prompt tokens ·
                       temperature: 0, greedy (req), max_tokens: 82 (req),
                       min_tokens: 82 (req)
16:29:38.780 INFO:     #161 chat/completions (stream): 82 tokens generated at
                       138.8 T/s · prompt 59 tokens, none cached, 59 new in 0.07
                       s · first token 0.08 s, total 0.67 s · draft 50/96
                       accepted (52%) · max_tokens reached
16:29:38.829 INFO:     #162 chat/completions (stream): 424 prompt tokens ·
                       temperature: 0, greedy (req), max_tokens: 590 (req),
                       min_tokens: 590 (req)
16:29:39.695 INFO:     #155 chat/completions (stream): 749 tokens generated at
                       121.5 T/s · prompt 71 tokens, none cached, 71 new in 0.07
                       s · first token 0.08 s, total 6.24 s · draft 464/855
                       accepted (54%) · max_tokens reached
16:29:39.747 INFO:     #163 chat/completions (stream): 126 prompt tokens ·
                       temperature: 0, greedy (req), max_tokens: 273 (req),
                       min_tokens: 273 (req)
16:29:40.296 INFO:     #157 chat/completions (stream): 772 tokens generated at
                       137.2 T/s · prompt 336 tokens, none cached, 336 new in
                       0.21 s (1,600 T/s) · first token 0.22 s, total 5.84 s ·
                       draft 507/795 accepted (64%) · max_tokens reached
16:29:40.346 INFO:     #164 chat/completions (stream): 522 prompt tokens ·
                       temperature: 0, greedy (req), max_tokens: 21 (req),
                       min_tokens: 21 (req)
16:29:40.748 INFO:     #164 chat/completions (stream): 21 tokens generated at
                       146.4 T/s · prompt 522 tokens, none cached, 522 new in
                       0.19 s (2,747 T/s) · first token 0.20 s, total 0.34 s ·
                       draft 13/24 accepted (54%) · max_tokens reached
16:29:40.800 INFO:     #165 chat/completions (stream): 707 prompt tokens ·
                       temperature: 0, greedy (req), max_tokens: 16 (req),
                       min_tokens: 16 (req)
16:29:41.164 INFO:     #160 chat/completions (stream): 539 tokens generated at
                       104.0 T/s · prompt 68 tokens, none cached, 68 new in 0.08
                       s · first token 0.09 s, total 5.27 s · draft 300/717
                       accepted (42%) · max_tokens reached
16:29:41.207 INFO:     #166 chat/completions (stream): 853 prompt tokens ·
                       temperature: 0, greedy (req), max_tokens: 6 (req),
                       min_tokens: 6 (req)
16:29:41.410 INFO:     #165 chat/completions (stream): 16 tokens generated at
                       195.5 T/s · prompt 707 tokens, none cached, 707 new in
                       0.28 s (2,525 T/s) · first token 0.29 s, total 0.37 s ·
                       draft 11/15 accepted (73%) · max_tokens reached
16:29:41.584 INFO:     #167 chat/completions (stream): 58 prompt tokens ·
                       temperature: 0, greedy (req), max_tokens: 261 (req),
                       min_tokens: 261 (req)
16:29:41.706 INFO:     #166 chat/completions (stream): 6 tokens generated at
                       191.2 T/s · prompt 853 tokens, none cached, 853 new in
                       0.33 s (2,585 T/s) · first token 0.34 s, total 0.37 s ·
                       draft 4/6 accepted (67%) · max_tokens reached
16:29:41.757 INFO:     #168 chat/completions (stream): 121 prompt tokens ·
                       temperature: 0, greedy (req), max_tokens: 355 (req),
                       min_tokens: 355 (req)
16:29:42.695 INFO:     #163 chat/completions (stream): 273 tokens generated at
                       98.2 T/s · prompt 126 tokens, none cached, 126 new in
                       0.10 s · first token 0.11 s, total 2.88 s · draft 168/315
                       accepted (53%) · max_tokens reached
16:29:42.746 INFO:     #169 chat/completions (stream): 364 prompt tokens ·
                       temperature: 0, greedy (req), max_tokens: 16 (req),
                       min_tokens: 16 (req)
16:29:43.143 INFO:     #169 chat/completions (stream): 16 tokens generated at
                       172.8 T/s · prompt 364 tokens, none cached, 364 new in
                       0.24 s (1,517 T/s) · first token 0.25 s, total 0.34 s ·
                       draft 11/15 accepted (73%) · max_tokens reached
16:29:43.194 INFO:     #170 chat/completions (stream): 100 prompt tokens ·
                       temperature: 0, greedy (req), max_tokens: 152 (req),
                       min_tokens: 152 (req)
16:29:43.761 INFO:     #162 chat/completions (stream): 590 tokens generated at
                       127.4 T/s · prompt 424 tokens, none cached, 424 new in
                       0.23 s (1,843 T/s) · first token 0.24 s, total 4.87 s ·
                       draft 406/552 accepted (74%) · max_tokens reached
16:29:43.813 INFO:     #171 chat/completions (stream): 648 prompt tokens ·
                       temperature: 0, greedy (req), max_tokens: 16 (req),
                       min_tokens: 16 (req)
16:29:44.245 INFO:     #167 chat/completions (stream): 261 tokens generated at
                       103.3 T/s · prompt 58 tokens, none cached, 58 new in 0.07
                       s · first token 0.08 s, total 2.60 s · draft 158/309
                       accepted (51%) · max_tokens reached
16:29:44.272 INFO:     #171 chat/completions (stream): 16 tokens generated at
                       129.2 T/s · prompt 648 tokens, none cached, 648 new in
                       0.27 s (2,400 T/s) · first token 0.27 s, total 0.40 s ·
                       draft 9/21 accepted (43%) · max_tokens reached
16:29:44.286 INFO:     #172 chat/completions (stream): 86 prompt tokens ·
                       temperature: 0, greedy (req), max_tokens: 442 (req),
                       min_tokens: 442 (req)
16:29:44.409 INFO:     #173 chat/completions (stream): 112 prompt tokens ·
                       temperature: 0, greedy (req), max_tokens: 375 (req),
                       min_tokens: 375 (req)
16:29:44.747 INFO:     #170 chat/completions (stream): 152 tokens generated at
                       109.0 T/s · prompt 100 tokens, none cached, 100 new in
                       0.09 s · first token 0.09 s, total 1.49 s · draft 99/159
                       accepted (62%) · max_tokens reached
16:29:44.796 INFO:     #174 chat/completions (stream): 56 prompt tokens ·
                       temperature: 0, greedy (req), max_tokens: 157 (req),
                       min_tokens: 157 (req)
16:29:45.316 INFO:     #168 chat/completions (stream): 355 tokens generated at
                       104.7 T/s · prompt 121 tokens, none cached, 121 new in
                       0.10 s · first token 0.10 s, total 3.50 s · draft 212/429
                       accepted (49%) · max_tokens reached
16:29:45.367 INFO:     #175 chat/completions (stream): 199 prompt tokens ·
                       temperature: 0, greedy (req), max_tokens: 17 (req),
                       min_tokens: 17 (req)
16:29:45.625 INFO:     #175 chat/completions (stream): 17 tokens generated at
                       193.8 T/s · prompt 199 tokens, none cached, 199 new in
                       0.10 s · first token 0.10 s, total 0.19 s · draft 12/15
                       accepted (80%) · max_tokens reached
16:29:45.675 INFO:     #176 chat/completions (stream): 337 prompt tokens ·
                       temperature: 0, greedy (req), max_tokens: 61 (req),
                       min_tokens: 61 (req)
16:29:46.303 INFO:     #174 chat/completions (stream): 157 tokens generated at
                       114.5 T/s · prompt 56 tokens, none cached, 56 new in 0.07
                       s · first token 0.07 s, total 1.45 s · draft 97/180
                       accepted (54%) · max_tokens reached
16:29:46.348 INFO:     #177 chat/completions (stream): 156 prompt tokens ·
                       temperature: 0, greedy (req), max_tokens: 153 (req),
                       min_tokens: 153 (req)
16:29:46.477 INFO:     #176 chat/completions (stream): 61 tokens generated at
                       144.5 T/s · prompt 337 tokens, none cached, 337 new in
                       0.22 s (1,532 T/s) · first token 0.22 s, total 0.65 s ·
                       draft 37/72 accepted (51%) · max_tokens reached
16:29:46.530 INFO:     #178 chat/completions (stream): 64 prompt tokens ·
                       temperature: 0, greedy (req), max_tokens: 114 (req),
                       min_tokens: 114 (req)
16:29:47.443 INFO:     #178 chat/completions (stream): 114 tokens generated at
                       149.5 T/s · prompt 64 tokens, none cached, 64 new in 0.07
                       s · first token 0.08 s, total 0.84 s · draft 72/126
                       accepted (57%) · max_tokens reached
16:29:47.470 INFO:     #177 chat/completions (stream): 153 tokens generated at
                       160.3 T/s · prompt 156 tokens, none cached, 156 new in
                       0.09 s · first token 0.10 s, total 1.05 s · draft 104/147
                       accepted (71%) · max_tokens reached
16:29:47.483 INFO:     #180 chat/completions (stream): 63 prompt tokens ·
                       temperature: 0, greedy (req), max_tokens: 85 (req),
                       min_tokens: 85 (req)
16:29:47.593 INFO:     #181 chat/completions (stream): 482 prompt tokens ·
                       temperature: 0, greedy (req), max_tokens: 225 (req),
                       min_tokens: 225 (req)
16:29:48.036 INFO:     #173 chat/completions (stream): 375 tokens generated at
                       108.7 T/s · prompt 112 tokens, none cached, 112 new in
                       0.11 s · first token 0.11 s, total 3.56 s · draft 228/441
                       accepted (52%) · max_tokens reached
16:29:48.079 INFO:     #182 chat/completions (stream): 66 prompt tokens ·
                       temperature: 0, greedy (req), max_tokens: 345 (req),
                       min_tokens: 345 (req)
16:29:48.190 INFO:     #172 chat/completions (stream): 442 tokens generated at
                       120.2 T/s · prompt 86 tokens, none cached, 86 new in 0.08
                       s · first token 0.09 s, total 3.76 s · draft 288/462
                       accepted (62%) · max_tokens reached
16:29:48.239 INFO:     #183 chat/completions (stream): 76 prompt tokens ·
                       temperature: 0, greedy (req), max_tokens: 139 (req),
                       min_tokens: 139 (req)
16:29:48.578 INFO:     #180 chat/completions (stream): 85 tokens generated at
                       89.2 T/s · prompt 63 tokens, none cached, 63 new in 0.07
                       s · first token 0.08 s, total 1.03 s · draft 53/96
                       accepted (55%) · max_tokens reached
16:29:48.630 INFO:     #184 chat/completions (stream): 389 prompt tokens ·
                       temperature: 0, greedy (req), max_tokens: 13 (req),
                       min_tokens: 13 (req)
16:29:49.010 INFO:     #184 chat/completions (stream): 13 tokens generated at
                       184.0 T/s · prompt 389 tokens, none cached, 389 new in
                       0.24 s (1,621 T/s) · first token 0.25 s, total 0.32 s ·
                       draft 9/12 accepted (75%) · max_tokens reached
16:29:49.060 INFO:     #185 chat/completions (stream): 68 prompt tokens ·
                       temperature: 0, greedy (req), max_tokens: 264 (req),
                       min_tokens: 264 (req)
16:29:49.675 INFO:     #181 chat/completions (stream): 225 tokens generated at
                       126.6 T/s · prompt 482 tokens, none cached, 482 new in
                       0.25 s (1,928 T/s) · first token 0.25 s, total 2.03 s ·
                       draft 152/219 accepted (69%) · max_tokens reached
16:29:49.690 INFO:     #183 chat/completions (stream): 139 tokens generated at
                       105.8 T/s · prompt 76 tokens, none cached, 76 new in 0.08
                       s · first token 0.08 s, total 1.40 s · draft 84/165
                       accepted (51%) · max_tokens reached
16:29:49.716 INFO:     #186 chat/completions (stream): 71 prompt tokens ·
                       temperature: 0, greedy (req), max_tokens: 307 (req),
                       min_tokens: 307 (req)
16:29:49.813 INFO:     #187 chat/completions (stream): 59 prompt tokens ·
                       temperature: 0, greedy (req), max_tokens: 191 (req),
                       min_tokens: 191 (req)
16:29:51.111 INFO:     #185 chat/completions (stream): 264 tokens generated at
                       138.1 T/s · prompt 68 tokens, none cached, 68 new in 0.07
                       s · first token 0.08 s, total 1.99 s · draft 168/288
                       accepted (58%) · max_tokens reached
16:29:51.139 INFO:     #187 chat/completions (stream): 191 tokens generated at
                       159.3 T/s · prompt 59 tokens, none cached, 59 new in 0.07
                       s · first token 0.07 s, total 1.27 s · draft 126/195
                       accepted (65%) · max_tokens reached
16:29:51.152 INFO:     #188 chat/completions (stream): 64 prompt tokens ·
                       temperature: 0, greedy (req), max_tokens: 1181 (req),
                       min_tokens: 1181 (req)
16:29:51.261 INFO:     #189 chat/completions (stream): 101 prompt tokens ·
                       temperature: 0, greedy (req), max_tokens: 236 (req),
                       min_tokens: 236 (req)
16:29:51.583 INFO:     #182 chat/completions (stream): 345 tokens generated at
                       102.7 T/s · prompt 66 tokens, none cached, 66 new in 0.07
                       s · first token 0.08 s, total 3.43 s · draft 198/441
                       accepted (45%) · max_tokens reached
16:29:51.635 INFO:     #190 chat/completions (stream): 448 prompt tokens ·
                       temperature: 0, greedy (req), max_tokens: 360 (req),
                       min_tokens: 360 (req)
16:29:52.798 INFO:     #186 chat/completions (stream): 307 tokens generated at
                       104.5 T/s · prompt 71 tokens, none cached, 71 new in 0.08
                       s · first token 0.09 s, total 3.02 s · draft 171/408
                       accepted (42%) · max_tokens reached
16:29:52.848 INFO:     #191 chat/completions (stream): 72 prompt tokens ·
                       temperature: 0, greedy (req), max_tokens: 294 (req),
                       min_tokens: 294 (req)
16:29:53.343 INFO:     #189 chat/completions (stream): 236 tokens generated at
                       122.8 T/s · prompt 101 tokens, none cached, 101 new in
                       0.09 s · first token 0.09 s, total 2.02 s · draft 147/267
                       accepted (55%) · max_tokens reached
16:29:53.395 INFO:     #192 chat/completions (stream): 276 prompt tokens ·
                       temperature: 0, greedy (req), max_tokens: 6 (req),
                       min_tokens: 6 (req)
16:29:53.688 INFO:     #192 chat/completions (stream): 6 tokens generated at
                       167.9 T/s · prompt 276 tokens, none cached, 276 new in
                       0.18 s (1,533 T/s) · first token 0.19 s, total 0.22 s ·
                       draft 4/6 accepted (67%) · max_tokens reached
16:29:53.739 INFO:     #193 chat/completions (stream): 186 prompt tokens ·
                       temperature: 0, greedy (req), max_tokens: 42 (req),
                       min_tokens: 42 (req)
16:29:54.205 INFO:     #193 chat/completions (stream): 42 tokens generated at
                       138.2 T/s · prompt 186 tokens, none cached, 186 new in
                       0.09 s · first token 0.10 s, total 0.40 s · draft 25/51
                       accepted (49%) · max_tokens reached
16:29:54.256 INFO:     #194 chat/completions (stream): 219 prompt tokens ·
                       temperature: 0, greedy (req), max_tokens: 11 (req),
                       min_tokens: 11 (req)
16:29:54.481 INFO:     #190 chat/completions (stream): 360 tokens generated at
                       141.8 T/s · prompt 448 tokens, none cached, 448 new in
                       0.24 s (1,867 T/s) · first token 0.25 s, total 2.78 s ·
                       draft 243/351 accepted (69%) · max_tokens reached
16:29:54.509 INFO:     #194 chat/completions (stream): 11 tokens generated at
                       122.9 T/s · prompt 219 tokens, none cached, 219 new in
                       0.10 s · first token 0.11 s, total 0.19 s · draft 6/15
                       accepted (40%) · max_tokens reached
16:29:54.523 INFO:     #195 chat/completions (stream): 62 prompt tokens ·
                       temperature: 0, greedy (req), max_tokens: 304 (req),
                       min_tokens: 304 (req)
16:29:54.630 INFO:     #196 chat/completions (stream): 66 prompt tokens ·
                       temperature: 0, greedy (req), max_tokens: 225 (req),
                       min_tokens: 225 (req)
16:29:55.508 INFO:     #191 chat/completions (stream): 294 tokens generated at
                       117.2 T/s · prompt 72 tokens, none cached, 72 new in 0.08
                       s · first token 0.09 s, total 2.59 s · draft 182/336
                       accepted (54%) · max_tokens reached
16:29:55.560 INFO:     #197 chat/completions (stream): 584 prompt tokens ·
                       temperature: 0, greedy (req), max_tokens: 10 (req),
                       min_tokens: 10 (req)
16:29:55.931 INFO:     #197 chat/completions (stream): 10 tokens generated at
                       187.4 T/s · prompt 584 tokens, none cached, 584 new in
                       0.25 s (2,336 T/s) · first token 0.26 s, total 0.31 s ·
                       draft 7/9 accepted (78%) · max_tokens reached
16:29:55.983 INFO:     #198 chat/completions (stream): 442 prompt tokens ·
                       temperature: 0, greedy (req), max_tokens: 86 (req),
                       min_tokens: 86 (req)
16:29:56.692 INFO:     #196 chat/completions (stream): 225 tokens generated at
                       117.3 T/s · prompt 66 tokens, none cached, 66 new in 0.07
                       s · first token 0.07 s, total 1.99 s · draft 144/243
                       accepted (59%) · max_tokens reached
16:29:56.744 INFO:     #199 chat/completions (stream): 78 prompt tokens ·
                       temperature: 0, greedy (req), max_tokens: 147 (req),
                       min_tokens: 147 (req)
16:29:56.985 INFO:     #198 chat/completions (stream): 86 tokens generated at
                       124.1 T/s · prompt 442 tokens, none cached, 442 new in
                       0.24 s (1,842 T/s) · first token 0.24 s, total 0.94 s ·
                       draft 52/102 accepted (51%) · max_tokens reached
16:29:57.034 INFO:     #200 chat/completions (stream): 64 prompt tokens ·
                       temperature: 0, greedy (req), max_tokens: 450 (req),
                       min_tokens: 450 (req)
16:29:57.691 INFO:     #199 chat/completions (stream): 147 tokens generated at
                       184.0 T/s · prompt 78 tokens, none cached, 78 new in 0.08
                       s · first token 0.09 s, total 0.88 s · draft 107/120
                       accepted (89%) · max_tokens reached
16:29:57.740 INFO:     #201 chat/completions (stream): 69 prompt tokens ·
                       temperature: 0, greedy (req), max_tokens: 300 (req),
                       min_tokens: 300 (req)
16:29:57.866 INFO:     #195 chat/completions (stream): 304 tokens generated at
                       97.2 T/s · prompt 62 tokens, none cached, 62 new in 0.07
                       s · first token 0.08 s, total 3.20 s · draft 168/408
                       accepted (41%) · max_tokens reached
16:29:57.916 INFO:     #202 chat/completions (stream): 70 prompt tokens ·
                       temperature: 0, greedy (req), max_tokens: 540 (req),
                       min_tokens: 540 (req)
16:29:59.058 INFO:     #188 chat/completions (stream): 1,181 tokens generated at
                       152.1 T/s · prompt 64 tokens, none cached, 64 new in 0.07
                       s · first token 0.08 s, total 7.84 s · draft 842/1017
                       accepted (83%) · max_tokens reached
16:29:59.109 INFO:     #203 chat/completions (stream): 72 prompt tokens ·
                       temperature: 0, greedy (req), max_tokens: 830 (req),
                       min_tokens: 830 (req)
16:30:00.203 INFO:     #201 chat/completions (stream): 300 tokens generated at
                       129.3 T/s · prompt 69 tokens, none cached, 69 new in 0.07
                       s · first token 0.08 s, total 2.39 s · draft 180/360
                       accepted (50%) · max_tokens reached
16:30:00.253 INFO:     #204 chat/completions (stream): 97 prompt tokens ·
                       temperature: 0, greedy (req), max_tokens: 31 (req),
                       min_tokens: 31 (req)
16:30:00.562 INFO:     #204 chat/completions (stream): 31 tokens generated at
                       198.1 T/s · prompt 97 tokens, none cached, 97 new in 0.08
                       s · first token 0.09 s, total 0.24 s · draft 23/24
                       accepted (96%) · max_tokens reached
16:30:00.614 INFO:     #205 chat/completions (stream): 798 prompt tokens ·
                       temperature: 0, greedy (req), max_tokens: 9 (req),
                       min_tokens: 9 (req)
16:30:00.954 INFO:     #200 chat/completions (stream): 450 tokens generated at
                       118.7 T/s · prompt 64 tokens, none cached, 64 new in 0.07
                       s · first token 0.07 s, total 3.87 s · draft 269/543
                       accepted (50%) · max_tokens reached
16:30:00.955 INFO:     #205 chat/completions (stream): 9 tokens generated at
                       168.3 T/s · prompt 798 tokens, none cached, 798 new in
                       0.23 s (3,470 T/s) · first token 0.24 s, total 0.29 s ·
                       draft 6/9 accepted (67%) · max_tokens reached
16:30:00.997 INFO:     #206 chat/completions (stream): 69 prompt tokens ·
                       temperature: 0, greedy (req), max_tokens: 29 (req),
                       min_tokens: 29 (req)
16:30:00.999 INFO:     #207 chat/completions (stream): 486 prompt tokens ·
                       temperature: 0, greedy (req), max_tokens: 16 (req),
                       min_tokens: 16 (req)
16:30:01.480 INFO:     #207 chat/completions (stream): 16 tokens generated at
                       183.0 T/s · prompt 486 tokens, none cached, 486 new in
                       0.25 s (1,944 T/s) · first token 0.33 s, total 0.42 s ·
                       draft 11/15 accepted (73%) · max_tokens reached
16:30:01.508 INFO:     #206 chat/completions (stream): 29 tokens generated at
                       117.3 T/s · prompt 69 tokens, none cached, 69 new in 0.20
                       s · first token 0.21 s, total 0.46 s · draft 21/24
                       accepted (88%) · max_tokens reached
16:30:01.522 INFO:     #208 chat/completions (stream): 254 prompt tokens ·
                       temperature: 0, greedy (req), max_tokens: 10 (req),
                       min_tokens: 10 (req)
16:30:01.672 INFO:     #209 chat/completions (stream): 626 prompt tokens ·
                       temperature: 0, greedy (req), max_tokens: 59 (req),
                       min_tokens: 59 (req)
16:30:02.012 INFO:     #208 chat/completions (stream): 10 tokens generated at
                       32.5 T/s · prompt 254 tokens, none cached, 254 new in
                       0.11 s · first token 0.12 s, total 0.42 s · draft 6/12
                       accepted (50%) · max_tokens reached
16:30:02.063 INFO:     #211 chat/completions (stream): 692 prompt tokens ·
                       temperature: 0, greedy (req), max_tokens: 109 (req),
                       min_tokens: 109 (req)
16:30:02.560 INFO:     #209 chat/completions (stream): 59 tokens generated at
                       104.6 T/s · prompt 626 tokens, none cached, 626 new in
                       0.25 s (2,504 T/s) · first token 0.25 s, total 0.82 s ·
                       draft 41/54 accepted (76%) · max_tokens reached
16:30:02.610 INFO:     #212 chat/completions (stream): 66 prompt tokens ·
                       temperature: 0, greedy (req), max_tokens: 207 (req),
                       min_tokens: 207 (req)
16:30:03.136 INFO:     #202 chat/completions (stream): 540 tokens generated at
                       106.3 T/s · prompt 70 tokens, none cached, 70 new in 0.07
                       s · first token 0.07 s, total 5.15 s · draft 330/630
                       accepted (52%) · max_tokens reached
16:30:03.178 INFO:     #213 chat/completions (stream): 655 prompt tokens ·
                       temperature: 0, greedy (req), max_tokens: 24 (req),
                       min_tokens: 24 (req)
16:30:03.178 INFO:     #211 chat/completions (stream): 109 tokens generated at
                       138.2 T/s · prompt 692 tokens, none cached, 692 new in
                       0.27 s (2,563 T/s) · first token 0.27 s, total 1.06 s ·
                       draft 68/123 accepted (55%) · max_tokens reached
16:30:03.482 INFO:     #214 chat/completions (stream): 87 prompt tokens ·
                       temperature: 0, greedy (req), max_tokens: 385 (req),
                       min_tokens: 385 (req)
16:30:03.777 INFO:     #213 chat/completions (stream): 24 tokens generated at
                       91.0 T/s · prompt 655 tokens, none cached, 655 new in
                       0.27 s (2,426 T/s) · first token 0.28 s, total 0.54 s ·
                       draft 14/30 accepted (47%) · max_tokens reached
16:30:03.826 INFO:     #215 chat/completions (stream): 190 prompt tokens ·
                       temperature: 0, greedy (req), max_tokens: 51 (req),
                       min_tokens: 51 (req)
16:30:04.280 INFO:     #215 chat/completions (stream): 51 tokens generated at
                       176.7 T/s · prompt 190 tokens, none cached, 190 new in
                       0.10 s · first token 0.11 s, total 0.39 s · draft 35/48
                       accepted (73%) · max_tokens reached
16:30:04.331 INFO:     #216 chat/completions (stream): 350 prompt tokens ·
                       temperature: 0, greedy (req), max_tokens: 47 (req),
                       min_tokens: 47 (req)
16:30:04.774 INFO:     #212 chat/completions (stream): 207 tokens generated at
                       102.4 T/s · prompt 66 tokens, none cached, 66 new in 0.07
                       s · first token 0.08 s, total 2.10 s · draft 129/234
                       accepted (55%) · max_tokens reached
16:30:04.825 INFO:     #217 chat/completions (stream): 119 prompt tokens ·
                       temperature: 0, greedy (req), max_tokens: 5 (req),
                       min_tokens: 5 (req)
16:30:05.024 INFO:     #217 chat/completions (stream): 5 tokens generated at
                       146.7 T/s · prompt 119 tokens, none cached, 119 new in
                       0.10 s · first token 0.11 s, total 0.14 s · draft 3/6
                       accepted (50%) · max_tokens reached
16:30:05.067 INFO:     #218 chat/completions (stream): 496 prompt tokens ·
                       temperature: 0, greedy (req), max_tokens: 29 (req),
                       min_tokens: 29 (req)
16:30:05.068 INFO:     #216 chat/completions (stream): 47 tokens generated at
                       110.9 T/s · prompt 350 tokens, none cached, 350 new in
                       0.25 s (1,400 T/s) · first token 0.26 s, total 0.68 s ·
                       draft 28/57 accepted (49%) · max_tokens reached
16:30:05.347 INFO:     #219 chat/completions (stream): 773 prompt tokens ·
                       temperature: 0, greedy (req), max_tokens: 29 (req),
                       min_tokens: 29 (req)
16:30:05.731 INFO:     #218 chat/completions (stream): 29 tokens generated at
                       82.2 T/s · prompt 496 tokens, none cached, 496 new in
                       0.24 s (2,067 T/s) · first token 0.25 s, total 0.60 s ·
                       draft 20/27 accepted (74%) · max_tokens reached
16:30:05.774 INFO:     #220 chat/completions (stream): 59 prompt tokens ·
                       temperature: 0, greedy (req), max_tokens: 300 (req),
                       min_tokens: 300 (req)
16:30:05.880 INFO:     #219 chat/completions (stream): 29 tokens generated at
                       154.0 T/s · prompt 773 tokens, none cached, 773 new in
                       0.21 s (3,681 T/s) · first token 0.22 s, total 0.40 s ·
                       draft 18/33 accepted (55%) · max_tokens reached
16:30:05.930 INFO:     #221 chat/completions (stream): 84 prompt tokens ·
                       temperature: 0, greedy (req), max_tokens: 308 (req),
                       min_tokens: 308 (req)
16:30:06.813 INFO:     #203 chat/completions (stream): 830 tokens generated at
                       109.8 T/s · prompt 72 tokens, none cached, 72 new in 0.07
                       s · first token 0.08 s, total 7.63 s · draft 548/846
                       accepted (65%) · max_tokens reached
16:30:06.865 INFO:     #222 chat/completions (stream): 309 prompt tokens ·
                       temperature: 0, greedy (req), max_tokens: 12 (req),
                       min_tokens: 12 (req)
16:30:07.205 INFO:     #222 chat/completions (stream): 12 tokens generated at
                       168.4 T/s · prompt 309 tokens, none cached, 309 new in
                       0.20 s (1,545 T/s) · first token 0.21 s, total 0.28 s ·
                       draft 8/12 accepted (67%) · max_tokens reached
16:30:07.254 INFO:     #223 chat/completions (stream): 124 prompt tokens ·
                       temperature: 0, greedy (req), max_tokens: 8 (req),
                       min_tokens: 8 (req)
16:30:07.493 INFO:     #223 chat/completions (stream): 8 tokens generated at
                       149.8 T/s · prompt 124 tokens, none cached, 124 new in
                       0.10 s · first token 0.11 s, total 0.16 s · draft 5/9
                       accepted (56%) · max_tokens reached
16:30:07.544 INFO:     #224 chat/completions (stream): 217 prompt tokens ·
                       temperature: 0, greedy (req), max_tokens: 607 (req),
                       min_tokens: 607 (req)
16:30:07.828 INFO:     #214 chat/completions (stream): 385 tokens generated at
                       91.9 T/s · prompt 87 tokens, none cached, 87 new in 0.08
                       s · first token 0.09 s, total 4.28 s · draft 227/474
                       accepted (48%) · max_tokens reached
16:30:07.878 INFO:     #225 chat/completions (stream): 384 prompt tokens ·
                       temperature: 0, greedy (req), max_tokens: 805 (req),
                       min_tokens: 805 (req)
16:30:08.818 INFO:     #221 chat/completions (stream): 308 tokens generated at
                       112.6 T/s · prompt 84 tokens, none cached, 84 new in 0.08
                       s · first token 0.08 s, total 2.82 s · draft 191/351
                       accepted (54%) · max_tokens reached
16:30:08.863 INFO:     #226 chat/completions (stream): 72 prompt tokens ·
                       temperature: 0, greedy (req), max_tokens: 223 (req),
                       min_tokens: 223 (req)
16:30:08.989 INFO:     #220 chat/completions (stream): 300 tokens generated at
                       100.0 T/s · prompt 59 tokens, none cached, 59 new in 0.07
                       s · first token 0.08 s, total 3.08 s · draft 172/384
                       accepted (45%) · max_tokens reached
16:30:09.040 INFO:     #227 chat/completions (stream): 268 prompt tokens ·
                       temperature: 0, greedy (req), max_tokens: 21 (req),
                       min_tokens: 21 (req)
16:30:09.405 INFO:     #227 chat/completions (stream): 21 tokens generated at
                       149.5 T/s · prompt 268 tokens, none cached, 268 new in
                       0.16 s (1,675 T/s) · first token 0.16 s, total 0.31 s ·
                       draft 13/24 accepted (54%) · max_tokens reached
16:30:09.473 INFO:     #228 chat/completions (stream): 209 prompt tokens ·
                       temperature: 0, greedy (req), max_tokens: 209 (req),
                       min_tokens: 209 (req)
16:30:10.718 INFO:     #228 chat/completions (stream): 209 tokens generated at
                       194.1 T/s · prompt 209 tokens, none cached, 209 new in
                       0.10 s · first token 0.11 s, total 1.18 s · draft 149/180
                       accepted (83%) · max_tokens reached
16:30:10.766 INFO:     #229 chat/completions (stream): 178 prompt tokens ·
                       temperature: 0, greedy (req), max_tokens: 18 (req),
                       min_tokens: 18 (req)
16:30:11.061 INFO:     #226 chat/completions (stream): 223 tokens generated at
                       107.9 T/s · prompt 72 tokens, none cached, 72 new in 0.07
                       s · first token 0.08 s, total 2.14 s · draft 126/291
                       accepted (43%) · max_tokens reached
16:30:11.062 INFO:     #229 chat/completions (stream): 18 tokens generated at
                       124.9 T/s · prompt 178 tokens, none cached, 178 new in
                       0.09 s · first token 0.10 s, total 0.24 s · draft 10/24
                       accepted (42%) · max_tokens reached
16:30:11.102 INFO:     #230 chat/completions (stream): 100 prompt tokens ·
                       temperature: 0, greedy (req), max_tokens: 91 (req),
                       min_tokens: 91 (req)
16:30:11.103 INFO:     #231 chat/completions (stream): 62 prompt tokens ·
                       temperature: 0, greedy (req), max_tokens: 94 (req),
                       min_tokens: 94 (req)
16:30:11.848 INFO:     #230 chat/completions (stream): 91 tokens generated at
                       178.1 T/s · prompt 100 tokens, none cached, 100 new in
                       0.16 s · first token 0.17 s, total 0.68 s · draft 63/84
                       accepted (75%) · max_tokens reached
16:30:11.899 INFO:     #232 chat/completions (stream): 73 prompt tokens ·
                       temperature: 0, greedy (req), max_tokens: 229 (req),
                       min_tokens: 229 (req)
16:30:12.135 INFO:     #231 chat/completions (stream): 94 tokens generated at
                       117.9 T/s · prompt 62 tokens, none cached, 62 new in 0.07
                       s · queued 0.10 s, first token 0.17 s, total 0.97 s ·
                       draft 54/120 accepted (45%) · max_tokens reached
16:30:12.185 INFO:     #233 chat/completions (stream): 88 prompt tokens ·
                       temperature: 0, greedy (req), max_tokens: 323 (req),
                       min_tokens: 323 (req)
16:30:13.007 INFO:     #224 chat/completions (stream): 607 tokens generated at
                       114.8 T/s · prompt 217 tokens, none cached, 217 new in
                       0.10 s · first token 0.11 s, total 5.39 s · draft 363/732
                       accepted (50%) · max_tokens reached
16:30:13.055 INFO:     #234 chat/completions (stream): 68 prompt tokens ·
                       temperature: 0, greedy (req), max_tokens: 534 (req),
                       min_tokens: 534 (req)
16:30:13.927 INFO:     #232 chat/completions (stream): 229 tokens generated at
                       121.8 T/s · prompt 73 tokens, none cached, 73 new in 0.08
                       s · first token 0.09 s, total 1.97 s · draft 133/288
                       accepted (46%) · max_tokens reached
16:30:13.979 INFO:     #235 chat/completions (stream): 164 prompt tokens ·
                       temperature: 0, greedy (req), max_tokens: 41 (req),
                       min_tokens: 41 (req)
16:30:14.392 INFO:     #235 chat/completions (stream): 41 tokens generated at
                       160.4 T/s · prompt 164 tokens, none cached, 164 new in
                       0.09 s · first token 0.10 s, total 0.35 s · draft 27/42
                       accepted (64%) · max_tokens reached
16:30:14.449 INFO:     #236 chat/completions (stream): 662 prompt tokens ·
                       temperature: 0, greedy (req), max_tokens: 243 (req),
                       min_tokens: 243 (req)
16:30:14.450 INFO:     #225 chat/completions (stream): 805 tokens generated at
                       128.5 T/s · prompt 384 tokens, none cached, 384 new in
                       0.23 s (1,670 T/s) · first token 0.23 s, total 6.50 s ·
                       draft 504/903 accepted (56%) · max_tokens reached
16:30:14.731 INFO:     #237 chat/completions (stream): 106 prompt tokens ·
                       temperature: 0, greedy (req), max_tokens: 40 (req),
                       min_tokens: 40 (req)
16:30:15.087 INFO:     #237 chat/completions (stream): 40 tokens generated at
                       202.2 T/s · prompt 106 tokens, none cached, 106 new in
                       0.09 s · first token 0.09 s, total 0.29 s · draft 29/33
                       accepted (88%) · max_tokens reached
16:30:15.130 INFO:     #238 chat/completions (stream): 802 prompt tokens ·
                       temperature: 0, greedy (req), max_tokens: 6 (req),
                       min_tokens: 6 (req)
16:30:15.130 INFO:     #233 chat/completions (stream): 323 tokens generated at
                       115.3 T/s · prompt 88 tokens, none cached, 88 new in 0.08
                       s · first token 0.08 s, total 2.89 s · draft 194/387
                       accepted (50%) · max_tokens reached
16:30:15.439 INFO:     #239 chat/completions (stream): 717 prompt tokens ·
                       temperature: 0, greedy (req), max_tokens: 21 (req),
                       min_tokens: 21 (req)
16:30:15.752 INFO:     #238 chat/completions (stream): 6 tokens generated at
                       130.8 T/s · prompt 802 tokens, none cached, 802 new in
                       0.26 s (3,085 T/s) · first token 0.27 s, total 0.31 s ·
                       draft 4/6 accepted (67%) · max_tokens reached
16:30:15.803 INFO:     #240 chat/completions (stream): 114 prompt tokens ·
                       temperature: 0, greedy (req), max_tokens: 93 (req),
                       min_tokens: 93 (req)
16:30:15.970 INFO:     #239 chat/completions (stream): 21 tokens generated at
                       214.2 T/s · prompt 717 tokens, none cached, 717 new in
                       0.26 s (2,758 T/s) · first token 0.27 s, total 0.36 s ·
                       draft 15/18 accepted (83%) · max_tokens reached
16:30:16.020 INFO:     #241 chat/completions (stream): 75 prompt tokens ·
                       temperature: 0, greedy (req), max_tokens: 517 (req),
                       min_tokens: 517 (req)
16:30:17.157 INFO:     #240 chat/completions (stream): 93 tokens generated at
                       78.5 T/s · prompt 114 tokens, none cached, 114 new in
                       0.10 s · first token 0.11 s, total 1.29 s · draft 33/180
                       accepted (18%) · max_tokens reached
16:30:17.207 INFO:     #243 chat/completions (stream): 61 prompt tokens ·
                       temperature: 0, greedy (req), max_tokens: 201 (req),
                       min_tokens: 201 (req)
16:30:17.400 INFO:     #234 chat/completions (stream): 534 tokens generated at
                       127.2 T/s · prompt 68 tokens, none cached, 68 new in 0.07
                       s · first token 0.08 s, total 4.27 s · draft 365/507
                       accepted (72%) · max_tokens reached
16:30:17.458 INFO:     #244 chat/completions (stream): 167 prompt tokens ·
                       temperature: 0, greedy (req), max_tokens: 13 (req),
                       min_tokens: 13 (req)
16:30:17.617 INFO:     #236 chat/completions (stream): 243 tokens generated at
                       88.1 T/s · prompt 662 tokens, none cached, 662 new in
                       0.24 s (2,758 T/s) · first token 0.25 s, total 3.00 s ·
                       draft 136/321 accepted (42%) · max_tokens reached
16:30:17.657 INFO:     #245 chat/completions (stream): 65 prompt tokens ·
                       temperature: 0, greedy (req), max_tokens: 177 (req),
                       min_tokens: 177 (req)
16:30:17.749 INFO:     #244 chat/completions (stream): 13 tokens generated at
                       208.8 T/s · prompt 167 tokens, none cached, 167 new in
                       0.09 s · first token 0.10 s, total 0.16 s · draft 9/12
                       accepted (75%) · max_tokens reached
16:30:17.799 INFO:     #246 chat/completions (stream): 637 prompt tokens ·
                       temperature: 0, greedy (req), max_tokens: 1147 (req),
                       min_tokens: 1147 (req)
16:30:18.892 INFO:     #243 chat/completions (stream): 201 tokens generated at
                       130.1 T/s · prompt 61 tokens, none cached, 61 new in 0.07
                       s · first token 0.08 s, total 1.62 s · draft 138/189
                       accepted (73%) · max_tokens reached
16:30:18.943 INFO:     #247 chat/completions (stream): 690 prompt tokens ·
                       temperature: 0, greedy (req), max_tokens: 10 (req),
                       min_tokens: 10 (req)
16:30:19.326 INFO:     #247 chat/completions (stream): 10 tokens generated at
                       188.9 T/s · prompt 690 tokens, none cached, 690 new in
                       0.26 s (2,654 T/s) · first token 0.27 s, total 0.32 s ·
                       draft 7/9 accepted (78%) · max_tokens reached
16:30:19.393 INFO:     #248 chat/completions (stream): 57 prompt tokens ·
                       temperature: 0, greedy (req), max_tokens: 285 (req),
                       min_tokens: 285 (req)
16:30:19.585 INFO:     #245 chat/completions (stream): 177 tokens generated at
                       99.1 T/s · prompt 65 tokens, none cached, 65 new in 0.07
                       s · first token 0.07 s, total 1.86 s · draft 110/201
                       accepted (55%) · max_tokens reached
16:30:19.634 INFO:     #249 chat/completions (stream): 76 prompt tokens ·
                       temperature: 0, greedy (req), max_tokens: 562 (req),
                       min_tokens: 562 (req)
16:30:20.894 INFO:     #241 chat/completions (stream): 517 tokens generated at
                       109.5 T/s · prompt 75 tokens, none cached, 75 new in 0.08
                       s · first token 0.08 s, total 4.81 s · draft 305/636
                       accepted (48%) · max_tokens reached
16:30:20.947 INFO:     #250 chat/completions (stream): 540 prompt tokens ·
                       temperature: 0, greedy (req), max_tokens: 8 (req),
                       min_tokens: 8 (req)
16:30:21.261 INFO:     #250 chat/completions (stream): 8 tokens generated at
                       147.7 T/s · prompt 540 tokens, none cached, 540 new in
                       0.19 s (2,842 T/s) · first token 0.20 s, total 0.25 s ·
                       draft 5/9 accepted (56%) · max_tokens reached
16:30:21.312 INFO:     #251 chat/completions (stream): 60 prompt tokens ·
                       temperature: 0, greedy (req), max_tokens: 198 (req),
                       min_tokens: 198 (req)
16:30:21.781 INFO:     #248 chat/completions (stream): 285 tokens generated at
                       126.7 T/s · prompt 57 tokens, none cached, 57 new in 0.07
                       s · first token 0.08 s, total 2.32 s · draft 178/321
                       accepted (55%) · max_tokens reached
16:30:21.831 INFO:     #252 chat/completions (stream): 58 prompt tokens ·
                       temperature: 0, greedy (req), max_tokens: 31 (req),
                       min_tokens: 31 (req)
16:30:22.166 INFO:     #252 chat/completions (stream): 31 tokens generated at
                       156.3 T/s · prompt 58 tokens, none cached, 58 new in 0.07
                       s · first token 0.08 s, total 0.27 s · draft 20/33
                       accepted (61%) · max_tokens reached
16:30:22.216 INFO:     #253 chat/completions (stream): 449 prompt tokens ·
                       temperature: 0, greedy (req), max_tokens: 25 (req),
                       min_tokens: 25 (req)
16:30:22.697 INFO:     #253 chat/completions (stream): 25 tokens generated at
                       141.3 T/s · prompt 449 tokens, none cached, 449 new in
                       0.23 s (1,952 T/s) · first token 0.23 s, total 0.41 s ·
                       draft 15/30 accepted (50%) · max_tokens reached
16:30:22.748 INFO:     #254 chat/completions (stream): 392 prompt tokens ·
                       temperature: 0, greedy (req), max_tokens: 17 (req),
                       min_tokens: 17 (req)
16:30:23.152 INFO:     #254 chat/completions (stream): 17 tokens generated at
                       157.6 T/s · prompt 392 tokens, none cached, 392 new in
                       0.24 s (1,633 T/s) · first token 0.25 s, total 0.35 s ·
                       draft 11/18 accepted (61%) · max_tokens reached
16:30:23.166 INFO:     #251 chat/completions (stream): 198 tokens generated at
                       114.6 T/s · prompt 60 tokens, none cached, 60 new in 0.07
                       s · first token 0.08 s, total 1.80 s · draft 129/207
                       accepted (62%) · max_tokens reached
16:30:23.194 INFO:     #255 chat/completions (stream): 112 prompt tokens ·
                       temperature: 0, greedy (req), max_tokens: 556 (req),
                       min_tokens: 556 (req)
16:30:23.309 INFO:     #256 chat/completions (stream): 79 prompt tokens ·
                       temperature: 0, greedy (req), max_tokens: 165 (req),
                       min_tokens: 165 (req)
16:30:24.656 INFO:     #256 chat/completions (stream): 165 tokens generated at
                       138.3 T/s · prompt 79 tokens, none cached, 79 new in 0.08
                       s · first token 0.09 s, total 1.28 s · draft 103/186
                       accepted (55%) · max_tokens reached
16:30:24.703 INFO:     #257 chat/completions (stream): 63 prompt tokens ·
                       temperature: 0, greedy (req), max_tokens: 650 (req),
                       min_tokens: 650 (req)
16:30:24.802 INFO:     #249 chat/completions (stream): 562 tokens generated at
                       113.8 T/s · prompt 76 tokens, none cached, 76 new in 0.08
                       s · first token 0.08 s, total 5.02 s · draft 341/663
                       accepted (51%) · max_tokens reached
16:30:24.857 INFO:     #258 chat/completions (stream): 68 prompt tokens ·
                       temperature: 0, greedy (req), max_tokens: 434 (req),
                       min_tokens: 434 (req)
16:30:26.961 INFO:     #255 chat/completions (stream): 556 tokens generated at
                       154.2 T/s · prompt 112 tokens, none cached, 112 new in
                       0.09 s · first token 0.10 s, total 3.70 s · draft 375/543
                       accepted (69%) · max_tokens reached
16:30:27.012 INFO:     #259 chat/completions (stream): 527 prompt tokens ·
                       temperature: 0, greedy (req), max_tokens: 78 (req),
                       min_tokens: 78 (req)
16:30:27.725 INFO:     #246 chat/completions (stream): 1,147 tokens generated at
                       119.5 T/s · prompt 637 tokens, none cached, 637 new in
                       0.26 s (2,450 T/s) · first token 0.26 s, total 9.86 s ·
                       draft 711/1308 accepted (54%) · max_tokens reached
16:30:27.773 INFO:     #260 chat/completions (stream): 65 prompt tokens ·
                       temperature: 0, greedy (req), max_tokens: 352 (req),
                       min_tokens: 352 (req)
16:30:27.895 INFO:     #259 chat/completions (stream): 78 tokens generated at
                       141.4 T/s · prompt 527 tokens, none cached, 527 new in
                       0.19 s (2,774 T/s) · first token 0.20 s, total 0.75 s ·
                       draft 48/90 accepted (53%) · max_tokens reached
16:30:27.945 INFO:     #261 chat/completions (stream): 342 prompt tokens ·
                       temperature: 0, greedy (req), max_tokens: 44 (req),
                       min_tokens: 44 (req)
16:30:28.472 INFO:     #258 chat/completions (stream): 434 tokens generated at
                       125.6 T/s · prompt 68 tokens, none cached, 68 new in 0.08
                       s · first token 0.09 s, total 3.54 s · draft 268/498
                       accepted (54%) · max_tokens reached
16:30:28.513 INFO:     #262 chat/completions (stream): 448 prompt tokens ·
                       temperature: 0, greedy (req), max_tokens: 55 (req),
                       min_tokens: 55 (req)
16:30:28.648 INFO:     #261 chat/completions (stream): 44 tokens generated at
                       145.7 T/s · prompt 342 tokens, none cached, 342 new in
                       0.22 s (1,555 T/s) · first token 0.22 s, total 0.53 s ·
                       draft 27/51 accepted (53%) · max_tokens reached
16:30:28.794 INFO:     #263 chat/completions (stream): 399 prompt tokens ·
                       temperature: 0, greedy (req), max_tokens: 15 (req),
                       min_tokens: 15 (req)
16:30:29.210 INFO:     #263 chat/completions (stream): 15 tokens generated at
                       137.5 T/s · prompt 399 tokens, none cached, 399 new in
                       0.24 s (1,662 T/s) · first token 0.24 s, total 0.35 s ·
                       draft 9/18 accepted (50%) · max_tokens reached
16:30:29.259 INFO:     #264 chat/completions (stream): 72 prompt tokens ·
                       temperature: 0, greedy (req), max_tokens: 279 (req),
                       min_tokens: 279 (req)
16:30:29.509 INFO:     #262 chat/completions (stream): 55 tokens generated at
                       78.5 T/s · prompt 448 tokens, none cached, 448 new in
                       0.22 s (2,036 T/s) · first token 0.23 s, total 0.93 s ·
                       draft 33/66 accepted (50%) · max_tokens reached
16:30:29.558 INFO:     #265 chat/completions (stream): 64 prompt tokens ·
                       temperature: 0, greedy (req), max_tokens: 150 (req),
                       min_tokens: 150 (req)
16:30:30.654 INFO:     #257 chat/completions (stream): 650 tokens generated at
                       112.0 T/s · prompt 63 tokens, none cached, 63 new in 0.07
                       s · first token 0.08 s, total 5.88 s · draft 390/780
                       accepted (50%) · max_tokens reached
16:30:30.706 INFO:     #266 chat/completions (stream): 340 prompt tokens ·
                       temperature: 0, greedy (req), max_tokens: 26 (req),
                       min_tokens: 26 (req)
16:30:30.978 INFO:     #260 chat/completions (stream): 352 tokens generated at
                       117.5 T/s · prompt 65 tokens, none cached, 65 new in 0.07
                       s · first token 0.08 s, total 3.07 s · draft 234/354
                       accepted (66%) · max_tokens reached
16:30:30.979 INFO:     #265 chat/completions (stream): 150 tokens generated at
                       124.0 T/s · prompt 64 tokens, none cached, 64 new in 0.07
                       s · first token 0.07 s, total 1.28 s · draft 89/183
                       accepted (49%) · max_tokens reached
16:30:31.022 INFO:     #267 chat/completions (stream): 446 prompt tokens ·
                       temperature: 0, greedy (req), max_tokens: 8 (req),
                       min_tokens: 8 (req)
16:30:31.024 INFO:     #268 chat/completions (stream): 66 prompt tokens ·
                       temperature: 0, greedy (req), max_tokens: 12 (req),
                       min_tokens: 12 (req)
16:30:31.411 INFO:     #266 chat/completions (stream): 26 tokens generated at
                       59.2 T/s · prompt 340 tokens, none cached, 340 new in
                       0.22 s (1,545 T/s) · first token 0.23 s, total 0.66 s ·
                       draft 16/30 accepted (53%) · max_tokens reached
16:30:31.412 INFO:     #268 chat/completions (stream): 12 tokens generated at
                       81.6 T/s · prompt 66 tokens, none cached, 66 new in 0.07
                       s · queued 0.12 s, first token 0.19 s, total 0.34 s ·
                       draft 9/9 accepted (100%) · max_tokens reached
16:30:31.425 INFO:     #267 chat/completions (stream): 8 tokens generated at
                       164.9 T/s · prompt 446 tokens, none cached, 446 new in
                       0.30 s (1,487 T/s) · first token 0.31 s, total 0.36 s ·
                       draft 5/9 accepted (56%) · max_tokens reached
16:30:31.450 INFO:     #269 chat/completions (stream): 70 prompt tokens ·
                       temperature: 0, greedy (req), max_tokens: 772 (req),
                       min_tokens: 772 (req)
16:30:31.451 INFO:     #270 chat/completions (stream): 99 prompt tokens ·
                       temperature: 0, greedy (req), max_tokens: 429 (req),
                       min_tokens: 429 (req)
16:30:31.641 INFO:     #271 chat/completions (stream): 391 prompt tokens ·
                       temperature: 0, greedy (req), max_tokens: 46 (req),
                       min_tokens: 46 (req)
16:30:32.088 INFO:     #264 chat/completions (stream): 279 tokens generated at
                       104.1 T/s · prompt 72 tokens, none cached, 72 new in 0.08
                       s · first token 0.09 s, total 2.77 s · draft 179/300
                       accepted (60%) · max_tokens reached
16:30:32.137 INFO:     #273 chat/completions (stream): 60 prompt tokens ·
                       temperature: 0, greedy (req), max_tokens: 75 (req),
                       min_tokens: 75 (req)
16:30:32.343 INFO:     #271 chat/completions (stream): 46 tokens generated at
                       114.0 T/s · prompt 391 tokens, none cached, 391 new in
                       0.23 s (1,700 T/s) · first token 0.23 s, total 0.64 s ·
                       draft 27/57 accepted (47%) · max_tokens reached
16:30:32.393 INFO:     #274 chat/completions (stream): 691 prompt tokens ·
                       temperature: 0, greedy (req), max_tokens: 139 (req),
                       min_tokens: 139 (req)
16:30:32.967 INFO:     #273 chat/completions (stream): 75 tokens generated at
                       108.2 T/s · prompt 60 tokens, none cached, 60 new in 0.07
                       s · first token 0.08 s, total 0.77 s · draft 50/75
                       accepted (67%) · max_tokens reached
16:30:33.016 INFO:     #275 chat/completions (stream): 68 prompt tokens ·
                       temperature: 0, greedy (req), max_tokens: 282 (req),
                       min_tokens: 282 (req)
16:30:33.720 INFO:     #274 chat/completions (stream): 139 tokens generated at
                       142.3 T/s · prompt 691 tokens, none cached, 691 new in
                       0.28 s (2,468 T/s) · first token 0.28 s, total 1.26 s ·
                       draft 88/153 accepted (58%) · max_tokens reached
16:30:33.769 INFO:     #276 chat/completions (stream): 63 prompt tokens ·
                       temperature: 0, greedy (req), max_tokens: 98 (req),
                       min_tokens: 98 (req)
16:30:34.509 INFO:     #276 chat/completions (stream): 98 tokens generated at
                       162.7 T/s · prompt 63 tokens, none cached, 63 new in 0.07
                       s · first token 0.08 s, total 0.68 s · draft 66/96
                       accepted (69%) · max_tokens reached
16:30:34.560 INFO:     #277 chat/completions (stream): 815 prompt tokens ·
                       temperature: 0, greedy (req), max_tokens: 282 (req),
                       min_tokens: 282 (req)
16:30:35.317 INFO:     #275 chat/completions (stream): 282 tokens generated at
                       130.7 T/s · prompt 68 tokens, none cached, 68 new in 0.07
                       s · first token 0.07 s, total 2.23 s · draft 180/306
                       accepted (59%) · max_tokens reached
16:30:35.367 INFO:     #278 chat/completions (stream): 84 prompt tokens ·
                       temperature: 0, greedy (req), max_tokens: 278 (req),
                       min_tokens: 278 (req)
16:30:35.647 INFO:     #270 chat/completions (stream): 429 tokens generated at
                       108.5 T/s · prompt 99 tokens, none cached, 99 new in 0.09
                       s · first token 0.17 s, total 4.13 s · draft 264/495
                       accepted (53%) · max_tokens reached
16:30:35.697 INFO:     #279 chat/completions (stream): 60 prompt tokens ·
                       temperature: 0, greedy (req), max_tokens: 202 (req),
                       min_tokens: 202 (req)
16:30:37.133 INFO:     #277 chat/completions (stream): 282 tokens generated at
                       125.4 T/s · prompt 815 tokens, none cached, 815 new in
                       0.25 s (3,260 T/s) · first token 0.26 s, total 2.50 s ·
                       draft 167/345 accepted (48%) · max_tokens reached
16:30:37.183 INFO:     #280 chat/completions (stream): 62 prompt tokens ·
                       temperature: 0, greedy (req), max_tokens: 105 (req),
                       min_tokens: 105 (req)
16:30:37.578 INFO:     #278 chat/completions (stream): 278 tokens generated at
                       134.9 T/s · prompt 84 tokens, none cached, 84 new in 0.08
                       s · first token 0.09 s, total 2.15 s · draft 173/315
                       accepted (55%) · max_tokens reached
16:30:37.620 INFO:     #281 chat/completions (stream): 61 prompt tokens ·
                       temperature: 0, greedy (req), max_tokens: 61 (req),
                       min_tokens: 61 (req)
16:30:37.726 INFO:     #279 chat/completions (stream): 202 tokens generated at
                       110.9 T/s · prompt 60 tokens, none cached, 60 new in 0.07
                       s · first token 0.08 s, total 1.90 s · draft 106/288
                       accepted (37%) · max_tokens reached
16:30:37.776 INFO:     #282 chat/completions (stream): 65 prompt tokens ·
                       temperature: 0, greedy (req), max_tokens: 210 (req),
                       min_tokens: 210 (req)
16:30:38.181 INFO:     #269 chat/completions (stream): 772 tokens generated at
                       118.9 T/s · prompt 70 tokens, none cached, 70 new in 0.16
                       s · first token 0.17 s, total 6.66 s · draft 482/870
                       accepted (55%) · max_tokens reached
16:30:38.223 INFO:     #283 chat/completions (stream): 60 prompt tokens ·
                       temperature: 0, greedy (req), max_tokens: 41 (req),
                       min_tokens: 41 (req)
16:30:38.327 INFO:     #281 chat/completions (stream): 61 tokens generated at
                       121.7 T/s · prompt 61 tokens, none cached, 61 new in 0.07
                       s · first token 0.08 s, total 0.58 s · draft 36/75
                       accepted (48%) · max_tokens reached
16:30:38.367 INFO:     #284 chat/completions (stream): 60 prompt tokens ·
                       temperature: 0, greedy (req), max_tokens: 287 (req),
                       min_tokens: 287 (req)
16:30:38.456 INFO:     #280 chat/completions (stream): 105 tokens generated at
                       98.2 T/s · prompt 62 tokens, none cached, 62 new in 0.07
                       s · first token 0.08 s, total 1.14 s · draft 55/150
                       accepted (37%) · max_tokens reached
16:30:38.504 INFO:     #285 chat/completions (stream): 70 prompt tokens ·
                       temperature: 0, greedy (req), max_tokens: 276 (req),
                       min_tokens: 276 (req)
16:30:38.700 INFO:     #283 chat/completions (stream): 41 tokens generated at
                       120.5 T/s · prompt 60 tokens, none cached, 60 new in 0.07
                       s · first token 0.07 s, total 0.42 s · draft 29/36
                       accepted (81%) · max_tokens reached
16:30:38.749 INFO:     #286 chat/completions (stream): 107 prompt tokens ·
                       temperature: 0, greedy (req), max_tokens: 176 (req),
                       min_tokens: 176 (req)
16:30:39.406 INFO:     #282 chat/completions (stream): 210 tokens generated at
                       140.7 T/s · prompt 65 tokens, none cached, 65 new in 0.07
                       s · first token 0.07 s, total 1.57 s · draft 141/207
                       accepted (68%) · max_tokens reached
16:30:39.472 INFO:     #287 chat/completions (stream): 987 prompt tokens ·
                       temperature: 0, greedy (req), max_tokens: 113 (req),
                       min_tokens: 113 (req)
16:30:40.325 INFO:     #286 chat/completions (stream): 176 tokens generated at
                       124.5 T/s · prompt 107 tokens, none cached, 107 new in
                       0.09 s · first token 0.09 s, total 1.51 s · draft 113/189
                       accepted (60%) · max_tokens reached
16:30:40.377 INFO:     #288 chat/completions (stream): 731 prompt tokens ·
                       temperature: 0, greedy (req), max_tokens: 694 (req),
                       min_tokens: 694 (req)
16:30:40.926 INFO:     #287 chat/completions (stream): 113 tokens generated at
                       104.0 T/s · prompt 987 tokens, none cached, 987 new in
                       0.30 s (3,290 T/s) · first token 0.31 s, total 1.39 s ·
                       draft 66/141 accepted (47%) · max_tokens reached
16:30:40.976 INFO:     #289 chat/completions (stream): 67 prompt tokens ·
                       temperature: 0, greedy (req), max_tokens: 84 (req),
                       min_tokens: 84 (req)
16:30:41.370 INFO:     #285 chat/completions (stream): 276 tokens generated at
                       101.4 T/s · prompt 70 tokens, none cached, 70 new in 0.07
                       s · first token 0.07 s, total 2.80 s · draft 162/342
                       accepted (47%) · max_tokens reached
16:30:41.419 INFO:     #290 chat/completions (stream): 91 prompt tokens ·
                       temperature: 0, greedy (req), max_tokens: 464 (req),
                       min_tokens: 464 (req)
16:30:41.590 INFO:     #284 chat/completions (stream): 287 tokens generated at
                       93.0 T/s · prompt 60 tokens, none cached, 60 new in 0.07
                       s · first token 0.08 s, total 3.16 s · draft 161/378
                       accepted (43%) · max_tokens reached
16:30:41.641 INFO:     #291 chat/completions (stream): 114 prompt tokens ·
                       temperature: 0, greedy (req), max_tokens: 425 (req),
                       min_tokens: 425 (req)
16:30:41.823 INFO:     #289 chat/completions (stream): 84 tokens generated at
                       119.4 T/s · prompt 67 tokens, none cached, 67 new in 0.07
                       s · first token 0.08 s, total 0.78 s · draft 54/90
                       accepted (60%) · max_tokens reached
16:30:41.873 INFO:     #292 chat/completions (stream): 60 prompt tokens ·
                       temperature: 0, greedy (req), max_tokens: 64 (req),
                       min_tokens: 64 (req)
16:30:42.453 INFO:     #292 chat/completions (stream): 64 tokens generated at
                       148.7 T/s · prompt 60 tokens, none cached, 60 new in 0.07
                       s · first token 0.07 s, total 0.51 s · draft 40/72
                       accepted (56%) · max_tokens reached
16:30:42.503 INFO:     #293 chat/completions (stream): 89 prompt tokens ·
                       temperature: 0, greedy (req), max_tokens: 609 (req),
                       min_tokens: 609 (req)
16:30:45.090 INFO:     #290 chat/completions (stream): 464 tokens generated at
                       132.0 T/s · prompt 91 tokens, none cached, 91 new in 0.09
                       s · first token 0.10 s, total 3.61 s · draft 284/540
                       accepted (53%) · max_tokens reached
16:30:45.136 INFO:     #294 chat/completions (stream): 648 prompt tokens ·
                       temperature: 0, greedy (req), max_tokens: 6 (req),
                       min_tokens: 6 (req)
16:30:45.418 INFO:     #291 chat/completions (stream): 425 tokens generated at
                       126.4 T/s · prompt 114 tokens, none cached, 114 new in
                       0.10 s · first token 0.11 s, total 3.47 s · draft 248/531
                       accepted (47%) · max_tokens reached
16:30:45.471 INFO:     #295 chat/completions (stream): 113 prompt tokens ·
                       temperature: 0, greedy (req), max_tokens: 71 (req),
                       min_tokens: 71 (req)
16:30:45.602 INFO:     #294 chat/completions (stream): 6 tokens generated at
                       147.5 T/s · prompt 648 tokens, none cached, 648 new in
                       0.26 s (2,492 T/s) · first token 0.27 s, total 0.31 s ·
                       draft 4/6 accepted (67%) · max_tokens reached
16:30:45.653 INFO:     #296 chat/completions (stream): 68 prompt tokens ·
                       temperature: 0, greedy (req), max_tokens: 169 (req),
                       min_tokens: 169 (req)
16:30:46.063 INFO:     #295 chat/completions (stream): 71 tokens generated at
                       165.1 T/s · prompt 113 tokens, none cached, 113 new in
                       0.09 s · first token 0.10 s, total 0.53 s · draft 51/60
                       accepted (85%) · max_tokens reached
16:30:46.114 INFO:     #297 chat/completions (stream): 164 prompt tokens ·
                       temperature: 0, greedy (req), max_tokens: 302 (req),
                       min_tokens: 302 (req)
16:30:46.510 INFO:     #288 chat/completions (stream): 694 tokens generated at
                       119.6 T/s · prompt 731 tokens, none cached, 731 new in
                       0.26 s (2,812 T/s) · first token 0.27 s, total 6.07 s ·
                       draft 423/813 accepted (52%) · max_tokens reached
16:30:46.560 INFO:     #298 chat/completions (stream): 75 prompt tokens ·
                       temperature: 0, greedy (req), max_tokens: 306 (req),
                       min_tokens: 306 (req)
16:30:47.178 INFO:     #296 chat/completions (stream): 169 tokens generated at
                       122.4 T/s · prompt 68 tokens, none cached, 68 new in 0.07
                       s · first token 0.07 s, total 1.46 s · draft 102/201
                       accepted (51%) · max_tokens reached
16:30:47.228 INFO:     #300 chat/completions (stream): 256 prompt tokens ·
                       temperature: 0, greedy (req), max_tokens: 28 (req),
                       min_tokens: 28 (req)
16:30:47.508 INFO:     #293 chat/completions (stream): 609 tokens generated at
                       125.5 T/s · prompt 89 tokens, none cached, 89 new in 0.08
                       s · first token 0.09 s, total 4.94 s · draft 380/687
                       accepted (55%) · max_tokens reached
16:30:47.558 INFO:     #301 chat/completions (stream): 137 prompt tokens ·
                       temperature: 0, greedy (req), max_tokens: 52 (req),
                       min_tokens: 52 (req)
16:30:47.733 INFO:     #300 chat/completions (stream): 28 tokens generated at
                       131.1 T/s · prompt 256 tokens, none cached, 256 new in
                       0.11 s (2,327 T/s) · first token 0.12 s, total 0.33 s ·
                       draft 16/36 accepted (44%) · max_tokens reached
16:30:47.785 INFO:     #302 chat/completions (stream): 840 prompt tokens ·
                       temperature: 0, greedy (req), max_tokens: 11 (req),
                       min_tokens: 11 (req)
16:30:48.212 INFO:     #302 chat/completions (stream): 11 tokens generated at
                       123.8 T/s · prompt 840 tokens, none cached, 840 new in
                       0.27 s (3,111 T/s) · first token 0.27 s, total 0.36 s ·
                       draft 6/15 accepted (40%) · max_tokens reached
16:30:48.239 INFO:     #301 chat/completions (stream): 52 tokens generated at
                       101.2 T/s · prompt 137 tokens, none cached, 137 new in
                       0.11 s · first token 0.11 s, total 0.63 s · draft 37/45
                       accepted (82%) · max_tokens reached
16:30:48.253 INFO:     #303 chat/completions (stream): 77 prompt tokens ·
                       temperature: 0, greedy (req), max_tokens: 259 (req),
                       min_tokens: 259 (req)
16:30:48.372 INFO:     #304 chat/completions (stream): 434 prompt tokens ·
                       temperature: 0, greedy (req), max_tokens: 25 (req),
                       min_tokens: 25 (req)
16:30:48.805 INFO:     #304 chat/completions (stream): 25 tokens generated at
                       175.6 T/s · prompt 434 tokens, none cached, 434 new in
                       0.22 s (1,973 T/s) · first token 0.22 s, total 0.37 s ·
                       draft 17/24 accepted (71%) · max_tokens reached
16:30:48.852 INFO:     #305 chat/completions (stream): 136 prompt tokens ·
                       temperature: 0, greedy (req), max_tokens: 292 (req),
                       min_tokens: 292 (req)
16:30:49.561 INFO:     #297 chat/completions (stream): 302 tokens generated at
                       92.0 T/s · prompt 164 tokens, none cached, 164 new in
                       0.09 s · first token 0.10 s, total 3.38 s · draft 171/393
                       accepted (44%) · max_tokens reached
16:30:49.612 INFO:     #306 chat/completions (stream): 151 prompt tokens ·
                       temperature: 0, greedy (req), max_tokens: 435 (req),
                       min_tokens: 435 (req)
16:30:49.879 INFO:     #298 chat/completions (stream): 306 tokens generated at
                       96.5 T/s · prompt 75 tokens, none cached, 75 new in 0.08
                       s · first token 0.09 s, total 3.25 s · draft 181/375
                       accepted (48%) · max_tokens reached
16:30:49.932 INFO:     #307 chat/completions (stream): 884 prompt tokens ·
                       temperature: 0, greedy (req), max_tokens: 18 (req),
                       min_tokens: 18 (req)
16:30:50.406 INFO:     #307 chat/completions (stream): 18 tokens generated at
                       168.0 T/s · prompt 884 tokens, none cached, 884 new in
                       0.29 s (3,048 T/s) · first token 0.30 s, total 0.40 s ·
                       draft 12/18 accepted (67%) · max_tokens reached
16:30:50.480 INFO:     #308 chat/completions (stream): 311 prompt tokens ·
                       temperature: 0, greedy (req), max_tokens: 195 (req),
                       min_tokens: 195 (req)
16:30:50.971 INFO:     #303 chat/completions (stream): 259 tokens generated at
                       100.9 T/s · prompt 77 tokens, none cached, 77 new in 0.08
                       s · first token 0.09 s, total 2.65 s · draft 165/282
                       accepted (59%) · max_tokens reached
16:30:51.021 INFO:     #309 chat/completions (stream): 425 prompt tokens ·
                       temperature: 0, greedy (req), max_tokens: 28 (req),
                       min_tokens: 28 (req)
16:30:51.538 INFO:     #309 chat/completions (stream): 28 tokens generated at
                       119.5 T/s · prompt 425 tokens, none cached, 425 new in
                       0.22 s (1,932 T/s) · first token 0.22 s, total 0.46 s ·
                       draft 16/36 accepted (44%) · max_tokens reached
16:30:51.554 INFO:     #305 chat/completions (stream): 292 tokens generated at
                       115.3 T/s · prompt 136 tokens, none cached, 136 new in
                       0.11 s · first token 0.12 s, total 2.65 s · draft 195/291
                       accepted (67%) · max_tokens reached
16:30:51.583 INFO:     #310 chat/completions (stream): 804 prompt tokens ·
                       temperature: 0, greedy (req), max_tokens: 15 (req),
                       min_tokens: 15 (req)
16:30:51.779 INFO:     #311 chat/completions (stream): 614 prompt tokens ·
                       temperature: 0, greedy (req), max_tokens: 11 (req),
                       min_tokens: 11 (req)
16:30:52.208 INFO:     #310 chat/completions (stream): 15 tokens generated at
                       85.7 T/s · prompt 804 tokens, none cached, 804 new in
                       0.39 s (2,062 T/s) · first token 0.40 s, total 0.57 s ·
                       draft 10/15 accepted (67%) · max_tokens reached
16:30:52.209 INFO:     #311 chat/completions (stream): 11 tokens generated at
                       159.4 T/s · prompt 614 tokens, none cached, 614 new in
                       0.25 s (2,456 T/s) · first token 0.31 s, total 0.38 s ·
                       draft 7/12 accepted (58%) · max_tokens reached
16:30:52.251 INFO:     #312 chat/completions (stream): 63 prompt tokens ·
                       temperature: 0, greedy (req), max_tokens: 193 (req),
                       min_tokens: 193 (req)
16:30:52.253 INFO:     #313 chat/completions (stream): 289 prompt tokens ·
                       temperature: 0, greedy (req), max_tokens: 22 (req),
                       min_tokens: 22 (req)
16:30:52.660 INFO:     #313 chat/completions (stream): 22 tokens generated at
                       206.0 T/s · prompt 289 tokens, none cached, 289 new in
                       0.16 s (1,806 T/s) · first token 0.24 s, total 0.34 s ·
                       draft 16/18 accepted (89%) · max_tokens reached
16:30:52.706 INFO:     #314 chat/completions (stream): 225 prompt tokens ·
                       temperature: 0, greedy (req), max_tokens: 242 (req),
                       min_tokens: 242 (req)
16:30:52.861 INFO:     #308 chat/completions (stream): 195 tokens generated at
                       97.4 T/s · prompt 311 tokens, none cached, 311 new in
                       0.20 s (1,555 T/s) · first token 0.21 s, total 2.21 s ·
                       draft 130/195 accepted (67%) · max_tokens reached
16:30:52.910 INFO:     #315 chat/completions (stream): 70 prompt tokens ·
                       temperature: 0, greedy (req), max_tokens: 102 (req),
                       min_tokens: 102 (req)
16:30:53.651 INFO:     #315 chat/completions (stream): 102 tokens generated at
                       171.2 T/s · prompt 70 tokens, none cached, 70 new in 0.07
                       s · first token 0.07 s, total 0.67 s · draft 69/99
                       accepted (70%) · max_tokens reached
16:30:53.701 INFO:     #316 chat/completions (stream): 248 prompt tokens ·
                       temperature: 0, greedy (req), max_tokens: 8 (req),
                       min_tokens: 8 (req)
16:30:53.931 INFO:     #316 chat/completions (stream): 8 tokens generated at
                       155.3 T/s · prompt 248 tokens, none cached, 248 new in
                       0.11 s · first token 0.12 s, total 0.17 s · draft 5/9
                       accepted (56%) · max_tokens reached
16:30:53.980 INFO:     #317 chat/completions (stream): 91 prompt tokens ·
                       temperature: 0, greedy (req), max_tokens: 333 (req),
                       min_tokens: 333 (req)
16:30:54.312 INFO:     #312 chat/completions (stream): 193 tokens generated at
                       107.4 T/s · prompt 63 tokens, none cached, 63 new in 0.19
                       s · first token 0.20 s, total 2.00 s · draft 113/240
                       accepted (47%) · max_tokens reached
16:30:54.360 INFO:     #318 chat/completions (stream): 86 prompt tokens ·
                       temperature: 0, greedy (req), max_tokens: 334 (req),
                       min_tokens: 334 (req)
16:30:54.495 INFO:     #306 chat/completions (stream): 435 tokens generated at
                       93.7 T/s · prompt 151 tokens, none cached, 151 new in
                       0.09 s · first token 0.10 s, total 4.74 s · draft 269/498
                       accepted (54%) · max_tokens reached
16:30:54.537 INFO:     #319 chat/completions (stream): 322 prompt tokens ·
                       temperature: 0, greedy (req), max_tokens: 326 (req),
                       min_tokens: 326 (req)
16:30:54.537 INFO:     #314 chat/completions (stream): 242 tokens generated at
                       145.2 T/s · prompt 225 tokens, none cached, 225 new in
                       0.10 s · first token 0.11 s, total 1.77 s · draft 167/225
                       accepted (74%) · max_tokens reached
16:30:54.779 INFO:     #320 chat/completions (stream): 81 prompt tokens ·
                       temperature: 0, greedy (req), max_tokens: 353 (req),
                       min_tokens: 353 (req)
16:30:57.035 INFO:     #317 chat/completions (stream): 333 tokens generated at
                       114.8 T/s · prompt 91 tokens, none cached, 91 new in 0.08
                       s · first token 0.08 s, total 2.98 s · draft 191/426
                       accepted (45%) · max_tokens reached
16:30:57.079 INFO:     #321 chat/completions (stream): 218 prompt tokens ·
                       temperature: 0, greedy (req), max_tokens: 599 (req),
                       min_tokens: 599 (req)
16:30:57.221 INFO:     #318 chat/completions (stream): 334 tokens generated at
                       128.4 T/s · prompt 86 tokens, none cached, 86 new in 0.08
                       s · first token 0.09 s, total 2.69 s · draft 204/390
                       accepted (52%) · max_tokens reached
16:30:57.264 INFO:     #322 chat/completions (stream): 274 prompt tokens ·
                       temperature: 0, greedy (req), max_tokens: 94 (req),
                       min_tokens: 94 (req)
16:30:57.466 INFO:     #319 chat/completions (stream): 326 tokens generated at
                       130.9 T/s · prompt 322 tokens, none cached, 322 new in
                       0.20 s (1,610 T/s) · first token 0.21 s, total 2.70 s ·
                       draft 198/384 accepted (52%) · max_tokens reached
16:30:57.518 INFO:     #323 chat/completions (stream): 90 prompt tokens ·
                       temperature: 0, greedy (req), max_tokens: 1439 (req),
                       min_tokens: 1439 (req)
16:30:58.050 INFO:     #320 chat/completions (stream): 353 tokens generated at
                       113.1 T/s · prompt 81 tokens, none cached, 81 new in 0.08
                       s · first token 0.08 s, total 3.21 s · draft 199/462
                       accepted (43%) · max_tokens reached
16:30:58.094 INFO:     #324 chat/completions (stream): 322 prompt tokens ·
                       temperature: 0, greedy (req), max_tokens: 23 (req),
                       min_tokens: 23 (req)
16:30:58.314 INFO:     #322 chat/completions (stream): 94 tokens generated at
                       152.9 T/s · prompt 274 tokens, none cached, 274 new in
                       0.18 s (1,522 T/s) · first token 0.18 s, total 0.80 s ·
                       draft 64/90 accepted (71%) · max_tokens reached
16:30:58.367 INFO:     #325 chat/completions (stream): 628 prompt tokens ·
                       temperature: 0, greedy (req), max_tokens: 93 (req),
                       min_tokens: 93 (req)
16:30:58.733 INFO:     #324 chat/completions (stream): 23 tokens generated at
                       61.9 T/s · prompt 322 tokens, none cached, 322 new in
                       0.20 s (1,610 T/s) · first token 0.20 s, total 0.58 s ·
                       draft 15/24 accepted (62%) · max_tokens reached
16:30:58.782 INFO:     #326 chat/completions (stream): 73 prompt tokens ·
                       temperature: 0, greedy (req), max_tokens: 327 (req),
                       min_tokens: 327 (req)
16:30:59.407 INFO:     #325 chat/completions (stream): 93 tokens generated at
                       129.1 T/s · prompt 628 tokens, none cached, 628 new in
                       0.25 s (2,512 T/s) · first token 0.26 s, total 0.98 s ·
                       draft 56/111 accepted (50%) · max_tokens reached
16:30:59.471 INFO:     #327 chat/completions (stream): 90 prompt tokens ·
                       temperature: 0, greedy (req), max_tokens: 131 (req),
                       min_tokens: 131 (req)
16:31:00.346 INFO:     #327 chat/completions (stream): 131 tokens generated at
                       182.0 T/s · prompt 90 tokens, none cached, 90 new in 0.08
                       s · first token 0.09 s, total 0.81 s · draft 91/120
                       accepted (76%) · max_tokens reached
16:31:00.401 INFO:     #328 chat/completions (stream): 828 prompt tokens ·
                       temperature: 0, greedy (req), max_tokens: 39 (req),
                       min_tokens: 39 (req)
16:31:01.001 INFO:     #328 chat/completions (stream): 39 tokens generated at
                       153.7 T/s · prompt 828 tokens, none cached, 828 new in
                       0.28 s (2,957 T/s) · first token 0.29 s, total 0.54 s ·
                       draft 25/42 accepted (60%) · max_tokens reached
16:31:01.053 INFO:     #329 chat/completions (stream): 579 prompt tokens ·
                       temperature: 0, greedy (req), max_tokens: 213 (req),
                       min_tokens: 213 (req)
16:31:01.684 INFO:     #326 chat/completions (stream): 327 tokens generated at
                       118.5 T/s · prompt 73 tokens, none cached, 73 new in 0.08
                       s · first token 0.08 s, total 2.84 s · draft 205/366
                       accepted (56%) · max_tokens reached
16:31:01.734 INFO:     #330 chat/completions (stream): 57 prompt tokens ·
                       temperature: 0, greedy (req), max_tokens: 56 (req),
                       min_tokens: 56 (req)
16:31:02.303 INFO:     #330 chat/completions (stream): 56 tokens generated at
                       129.9 T/s · prompt 57 tokens, none cached, 57 new in 0.07
                       s · first token 0.08 s, total 0.51 s · draft 32/72
                       accepted (44%) · max_tokens reached
16:31:02.347 INFO:     #332 chat/completions (stream): 56 prompt tokens ·
                       temperature: 0, greedy (req), max_tokens: 277 (req),
                       min_tokens: 277 (req)
16:31:02.454 INFO:     #321 chat/completions (stream): 599 tokens generated at
                       116.8 T/s · prompt 218 tokens, none cached, 218 new in
                       0.10 s · first token 0.11 s, total 5.24 s · draft 387/636
                       accepted (61%) · max_tokens reached
16:31:02.504 INFO:     #333 chat/completions (stream): 196 prompt tokens ·
                       temperature: 0, greedy (req), max_tokens: 362 (req),
                       min_tokens: 362 (req)
16:31:03.179 INFO:     #329 chat/completions (stream): 213 tokens generated at
                       117.0 T/s · prompt 579 tokens, none cached, 579 new in
                       0.23 s (2,517 T/s) · first token 0.24 s, total 2.06 s ·
                       draft 124/267 accepted (46%) · max_tokens reached
16:31:03.229 INFO:     #334 chat/completions (stream): 81 prompt tokens ·
                       temperature: 0, greedy (req), max_tokens: 1003 (req),
                       min_tokens: 1003 (req)
16:31:04.406 INFO:     #332 chat/completions (stream): 277 tokens generated at
                       144.9 T/s · prompt 56 tokens, none cached, 56 new in 0.07
                       s · first token 0.08 s, total 1.99 s · draft 180/291
                       accepted (62%) · max_tokens reached
16:31:04.462 INFO:     #335 chat/completions (stream): 255 prompt tokens ·
                       temperature: 0, greedy (req), max_tokens: 819 (req),
                       min_tokens: 819 (req)
16:31:05.369 INFO:     #333 chat/completions (stream): 362 tokens generated at
                       134.3 T/s · prompt 196 tokens, none cached, 196 new in
                       0.10 s · first token 0.10 s, total 2.80 s · draft 223/417
                       accepted (53%) · max_tokens reached
16:31:05.430 INFO:     #336 chat/completions (stream): 891 prompt tokens ·
                       temperature: 0, greedy (req), max_tokens: 37 (req),
                       min_tokens: 37 (req)
16:31:05.999 INFO:     #336 chat/completions (stream): 37 tokens generated at
                       168.7 T/s · prompt 891 tokens, none cached, 891 new in
                       0.28 s (3,182 T/s) · first token 0.29 s, total 0.50 s ·
                       draft 25/36 accepted (69%) · max_tokens reached
16:31:06.051 INFO:     #337 chat/completions (stream): 442 prompt tokens ·
                       temperature: 0, greedy (req), max_tokens: 43 (req),
                       min_tokens: 43 (req)
16:31:06.706 INFO:     #337 chat/completions (stream): 43 tokens generated at
                       119.9 T/s · prompt 442 tokens, none cached, 442 new in
                       0.23 s (1,922 T/s) · first token 0.24 s, total 0.59 s ·
                       draft 24/57 accepted (42%) · max_tokens reached
16:31:06.758 INFO:     #338 chat/completions (stream): 63 prompt tokens ·
                       temperature: 0, greedy (req), max_tokens: 241 (req),
                       min_tokens: 241 (req)
16:31:08.784 INFO:     #338 chat/completions (stream): 241 tokens generated at
                       128.0 T/s · prompt 63 tokens, none cached, 63 new in 0.07
                       s · first token 0.08 s, total 1.96 s · draft 139/306
                       accepted (45%) · max_tokens reached
16:31:08.836 INFO:     #339 chat/completions (stream): 155 prompt tokens ·
                       temperature: 0, greedy (req), max_tokens: 692 (req),
                       min_tokens: 692 (req)
16:31:09.558 INFO:     #323 chat/completions (stream): 1,439 tokens generated at
                       121.0 T/s · prompt 90 tokens, none cached, 90 new in 0.08
                       s · first token 0.08 s, total 12.0 s · draft 897/1626
                       accepted (55%) · max_tokens reached
16:31:09.609 INFO:     #340 chat/completions (stream): 340 prompt tokens ·
                       temperature: 0, greedy (req), max_tokens: 14 (req),
                       min_tokens: 14 (req)
16:31:09.892 INFO:     #334 chat/completions (stream): 1,003 tokens generated at
                       155.9 T/s · prompt 81 tokens, none cached, 81 new in 0.08
                       s · first token 0.09 s, total 6.52 s · draft 697/918
                       accepted (76%) · max_tokens reached
16:31:09.932 INFO:     #341 chat/completions (stream): 59 prompt tokens ·
                       temperature: 0, greedy (req), max_tokens: 35 (req),
                       min_tokens: 35 (req)
16:31:10.021 INFO:     #340 chat/completions (stream): 14 tokens generated at
                       227.2 T/s · prompt 340 tokens, none cached, 340 new in
                       0.21 s (1,619 T/s) · first token 0.22 s, total 0.28 s ·
                       draft 10/12 accepted (83%) · max_tokens reached
16:31:10.071 INFO:     #342 chat/completions (stream): 71 prompt tokens ·
                       temperature: 0, greedy (req), max_tokens: 88 (req),
                       min_tokens: 88 (req)
16:31:10.373 INFO:     #341 chat/completions (stream): 35 tokens generated at
                       115.1 T/s · prompt 59 tokens, none cached, 59 new in 0.07
                       s · first token 0.07 s, total 0.38 s · draft 22/39
                       accepted (56%) · max_tokens reached
16:31:10.440 INFO:     #343 chat/completions (stream): 282 prompt tokens ·
                       temperature: 0, greedy (req), max_tokens: 6 (req),
                       min_tokens: 6 (req)
16:31:10.700 INFO:     #343 chat/completions (stream): 6 tokens generated at
                       170.1 T/s · prompt 282 tokens, none cached, 282 new in
                       0.16 s (1,762 T/s) · first token 0.17 s, total 0.20 s ·
                       draft 4/6 accepted (67%) · max_tokens reached
16:31:10.749 INFO:     #344 chat/completions (stream): 94 prompt tokens ·
                       temperature: 0, greedy (req), max_tokens: 262 (req),
                       min_tokens: 262 (req)
16:31:11.052 INFO:     #342 chat/completions (stream): 88 tokens generated at
                       105.4 T/s · prompt 71 tokens, none cached, 71 new in 0.07
                       s · first token 0.07 s, total 0.91 s · draft 54/102
                       accepted (53%) · max_tokens reached
16:31:11.104 INFO:     #345 chat/completions (stream): 491 prompt tokens ·
                       temperature: 0, greedy (req), max_tokens: 604 (req),
                       min_tokens: 604 (req)
16:31:11.387 INFO:     #335 chat/completions (stream): 819 tokens generated at
                       125.6 T/s · prompt 255 tokens, none cached, 255 new in
                       0.11 s · first token 0.12 s, total 6.64 s · draft 525/882
                       accepted (60%) · max_tokens reached
16:31:11.450 INFO:     #346 chat/completions (stream): 334 prompt tokens ·
                       temperature: 0, greedy (req), max_tokens: 28 (req),
                       min_tokens: 28 (req)
16:31:11.910 INFO:     #346 chat/completions (stream): 28 tokens generated at
                       159.4 T/s · prompt 334 tokens, none cached, 334 new in
                       0.21 s (1,590 T/s) · first token 0.22 s, total 0.39 s ·
                       draft 18/30 accepted (60%) · max_tokens reached
16:31:11.960 INFO:     #347 chat/completions (stream): 528 prompt tokens ·
                       temperature: 0, greedy (req), max_tokens: 15 (req),
                       min_tokens: 15 (req)
16:31:12.307 INFO:     #347 chat/completions (stream): 15 tokens generated at
                       140.1 T/s · prompt 528 tokens, none cached, 528 new in
                       0.17 s (3,106 T/s) · first token 0.18 s, total 0.28 s ·
                       draft 9/18 accepted (50%) · max_tokens reached
16:31:12.355 INFO:     #348 chat/completions (stream): 67 prompt tokens ·
                       temperature: 0, greedy (req), max_tokens: 318 (req),
                       min_tokens: 318 (req)
16:31:13.046 INFO:     #344 chat/completions (stream): 262 tokens generated at
                       122.5 T/s · prompt 94 tokens, none cached, 94 new in 0.09
                       s · first token 0.09 s, total 2.23 s · draft 178/252
                       accepted (71%) · max_tokens reached
16:31:13.096 INFO:     #349 chat/completions (stream): 416 prompt tokens ·
                       temperature: 0, greedy (req), max_tokens: 10 (req),
                       min_tokens: 10 (req)
16:31:13.458 INFO:     #349 chat/completions (stream): 10 tokens generated at
                       187.4 T/s · prompt 416 tokens, none cached, 416 new in
                       0.23 s (1,809 T/s) · first token 0.24 s, total 0.29 s ·
                       draft 7/9 accepted (78%) · max_tokens reached
16:31:13.509 INFO:     #350 chat/completions (stream): 118 prompt tokens ·
                       temperature: 0, greedy (req), max_tokens: 345 (req),
                       min_tokens: 345 (req)
16:31:15.351 INFO:     #348 chat/completions (stream): 318 tokens generated at
                       111.5 T/s · prompt 67 tokens, none cached, 67 new in 0.07
                       s · first token 0.08 s, total 2.93 s · draft 179/417
                       accepted (43%) · max_tokens reached
16:31:15.404 INFO:     #351 chat/completions (stream): 697 prompt tokens ·
                       temperature: 0, greedy (req), max_tokens: 1321 (req),
                       min_tokens: 1321 (req)
16:31:16.306 INFO:     #350 chat/completions (stream): 345 tokens generated at
                       131.2 T/s · prompt 118 tokens, none cached, 118 new in
                       0.10 s · first token 0.11 s, total 2.73 s · draft 215/390
                       accepted (55%) · max_tokens reached
16:31:16.354 INFO:     #352 chat/completions (stream): 683 prompt tokens ·
                       temperature: 0, greedy (req), max_tokens: 9 (req),
                       min_tokens: 9 (req)
16:31:16.641 INFO:     #339 chat/completions (stream): 692 tokens generated at
                       93.4 T/s · prompt 155 tokens, none cached, 155 new in
                       0.09 s · first token 0.10 s, total 7.50 s · draft 378/942
                       accepted (40%) · max_tokens reached
16:31:16.687 INFO:     #353 chat/completions (stream): 763 prompt tokens ·
                       temperature: 0, greedy (req), max_tokens: 35 (req),
                       min_tokens: 35 (req)
16:31:16.975 INFO:     #352 chat/completions (stream): 9 tokens generated at
                       190.1 T/s · prompt 683 tokens, none cached, 683 new in
                       0.25 s (2,732 T/s) · first token 0.26 s, total 0.30 s ·
                       draft 6/9 accepted (67%) · max_tokens reached
16:31:17.018 INFO:     #354 chat/completions (stream): 596 prompt tokens ·
                       temperature: 0, greedy (req), max_tokens: 11 (req),
                       min_tokens: 11 (req)
16:31:17.170 INFO:     #345 chat/completions (stream): 604 tokens generated at
                       107.2 T/s · prompt 491 tokens, none cached, 491 new in
                       0.23 s (2,135 T/s) · first token 0.23 s, total 5.87 s ·
                       draft 373/693 accepted (54%) · max_tokens reached
16:31:17.305 INFO:     #356 chat/completions (stream): 67 prompt tokens ·
                       temperature: 0, greedy (req), max_tokens: 72 (req),
                       min_tokens: 72 (req)
16:31:17.463 INFO:     #354 chat/completions (stream): 11 tokens generated at
                       77.0 T/s · prompt 596 tokens, none cached, 596 new in
                       0.23 s (2,591 T/s) · first token 0.24 s, total 0.38 s ·
                       draft 7/12 accepted (58%) · max_tokens reached
16:31:17.504 INFO:     #357 chat/completions (stream): 266 prompt tokens ·
                       temperature: 0, greedy (req), max_tokens: 6 (req),
                       min_tokens: 6 (req)
16:31:17.505 INFO:     #353 chat/completions (stream): 35 tokens generated at
                       71.2 T/s · prompt 763 tokens, none cached, 763 new in
                       0.26 s (2,935 T/s) · first token 0.27 s, total 0.76 s ·
                       draft 23/36 accepted (64%) · max_tokens reached
16:31:17.688 INFO:     #358 chat/completions (stream): 104 prompt tokens ·
                       temperature: 0, greedy (req), max_tokens: 354 (req),
                       min_tokens: 354 (req)
16:31:17.848 INFO:     #357 chat/completions (stream): 6 tokens generated at
                       194.9 T/s · prompt 266 tokens, none cached, 266 new in
                       0.14 s (1,900 T/s) · first token 0.15 s, total 0.18 s ·
                       draft 4/6 accepted (67%) · max_tokens reached
16:31:17.897 INFO:     #359 chat/completions (stream): 65 prompt tokens ·
                       temperature: 0, greedy (req), max_tokens: 243 (req),
                       min_tokens: 243 (req)
16:31:18.142 INFO:     #356 chat/completions (stream): 72 tokens generated at
                       103.7 T/s · prompt 67 tokens, none cached, 67 new in 0.07
                       s · first token 0.07 s, total 0.77 s · draft 48/72
                       accepted (67%) · max_tokens reached
16:31:18.190 INFO:     #360 chat/completions (stream): 62 prompt tokens ·
                       temperature: 0, greedy (req), max_tokens: 242 (req),
                       min_tokens: 242 (req)
16:31:19.913 INFO:     #359 chat/completions (stream): 243 tokens generated at
                       129.6 T/s · prompt 65 tokens, none cached, 65 new in 0.07
                       s · first token 0.08 s, total 1.95 s · draft 145/294
                       accepted (49%) · max_tokens reached
16:31:19.964 INFO:     #361 chat/completions (stream): 74 prompt tokens ·
                       temperature: 0, greedy (req), max_tokens: 19 (req),
                       min_tokens: 19 (req)
16:31:20.221 INFO:     #361 chat/completions (stream): 19 tokens generated at
                       172.6 T/s · prompt 74 tokens, none cached, 74 new in 0.08
                       s · first token 0.09 s, total 0.20 s · draft 13/18
                       accepted (72%) · max_tokens reached
16:31:20.272 INFO:     #362 chat/completions (stream): 871 prompt tokens ·
                       temperature: 0, greedy (req), max_tokens: 110 (req),
                       min_tokens: 110 (req)
16:31:20.696 INFO:     #360 chat/completions (stream): 242 tokens generated at
                       102.2 T/s · prompt 62 tokens, none cached, 62 new in 0.07
                       s · first token 0.07 s, total 2.44 s · draft 132/330
                       accepted (40%) · max_tokens reached
16:31:20.748 INFO:     #363 chat/completions (stream): 386 prompt tokens ·
                       temperature: 0, greedy (req), max_tokens: 37 (req),
                       min_tokens: 37 (req)
16:31:21.271 INFO:     #363 chat/completions (stream): 37 tokens generated at
                       173.1 T/s · prompt 386 tokens, none cached, 386 new in
                       0.24 s (1,608 T/s) · first token 0.25 s, total 0.46 s ·
                       draft 25/36 accepted (69%) · max_tokens reached
16:31:21.323 INFO:     #364 chat/completions (stream): 365 prompt tokens ·
                       temperature: 0, greedy (req), max_tokens: 10 (req),
                       min_tokens: 10 (req)
16:31:21.673 INFO:     #364 chat/completions (stream): 10 tokens generated at
                       185.7 T/s · prompt 365 tokens, none cached, 365 new in
                       0.23 s (1,587 T/s) · first token 0.24 s, total 0.29 s ·
                       draft 7/9 accepted (78%) · max_tokens reached
16:31:21.715 INFO:     #365 chat/completions (stream): 125 prompt tokens ·
                       temperature: 0, greedy (req), max_tokens: 236 (req),
                       min_tokens: 236 (req)
16:31:21.845 INFO:     #358 chat/completions (stream): 354 tokens generated at
                       90.7 T/s · prompt 104 tokens, none cached, 104 new in
                       0.09 s · first token 0.09 s, total 4.00 s · draft 188/498
                       accepted (38%) · max_tokens reached
16:31:21.872 INFO:     #362 chat/completions (stream): 110 tokens generated at
                       95.2 T/s · prompt 871 tokens, none cached, 871 new in
                       0.28 s (3,111 T/s) · first token 0.29 s, total 1.44 s ·
                       draft 68/126 accepted (54%) · max_tokens reached
16:31:21.885 INFO:     #366 chat/completions (stream): 68 prompt tokens ·
                       temperature: 0, greedy (req), max_tokens: 212 (req),
                       min_tokens: 212 (req)
16:31:21.999 INFO:     #367 chat/completions (stream): 604 prompt tokens ·
                       temperature: 0, greedy (req), max_tokens: 103 (req),
                       min_tokens: 103 (req)
16:31:23.039 INFO:     #367 chat/completions (stream): 103 tokens generated at
                       142.0 T/s · prompt 604 tokens, none cached, 604 new in
                       0.24 s (2,517 T/s) · first token 0.24 s, total 0.97 s ·
                       draft 63/120 accepted (52%) · max_tokens reached
16:31:23.089 INFO:     #368 chat/completions (stream): 62 prompt tokens ·
                       temperature: 0, greedy (req), max_tokens: 76 (req),
                       min_tokens: 76 (req)
16:31:23.607 INFO:     #365 chat/completions (stream): 236 tokens generated at
                       137.0 T/s · prompt 125 tokens, none cached, 125 new in
                       0.10 s · first token 0.11 s, total 1.83 s · draft 160/228
                       accepted (70%) · max_tokens reached
16:31:23.660 INFO:     #369 chat/completions (stream): 87 prompt tokens ·
                       temperature: 0, greedy (req), max_tokens: 22 (req),
                       min_tokens: 22 (req)
16:31:23.881 INFO:     #366 chat/completions (stream): 212 tokens generated at
                       114.2 T/s · prompt 68 tokens, none cached, 68 new in 0.07
                       s · first token 0.08 s, total 1.93 s · draft 130/246
                       accepted (53%) · max_tokens reached
16:31:23.908 INFO:     #369 chat/completions (stream): 22 tokens generated at
                       210.9 T/s · prompt 87 tokens, none cached, 87 new in 0.08
                       s · first token 0.09 s, total 0.19 s · draft 16/18
                       accepted (89%) · max_tokens reached
16:31:23.920 INFO:     #370 chat/completions (stream): 62 prompt tokens ·
                       temperature: 0, greedy (req), max_tokens: 160 (req),
                       min_tokens: 160 (req)
16:31:24.024 INFO:     #371 chat/completions (stream): 103 prompt tokens ·
                       temperature: 0, greedy (req), max_tokens: 483 (req),
                       min_tokens: 483 (req)
16:31:24.146 INFO:     #368 chat/completions (stream): 76 tokens generated at
                       102.1 T/s · prompt 62 tokens, none cached, 62 new in 0.07
                       s · first token 0.08 s, total 0.82 s · draft 38/114
                       accepted (33%) · max_tokens reached
16:31:24.201 INFO:     #372 chat/completions (stream): 58 prompt tokens ·
                       temperature: 0, greedy (req), max_tokens: 30 (req),
                       min_tokens: 30 (req)
16:31:24.559 INFO:     #372 chat/completions (stream): 30 tokens generated at
                       148.0 T/s · prompt 58 tokens, none cached, 58 new in 0.08
                       s · first token 0.09 s, total 0.29 s · draft 20/30
                       accepted (67%) · max_tokens reached
16:31:24.614 INFO:     #373 chat/completions (stream): 71 prompt tokens ·
                       temperature: 0, greedy (req), max_tokens: 68 (req),
                       min_tokens: 68 (req)
16:31:25.305 INFO:     #373 chat/completions (stream): 68 tokens generated at
                       125.2 T/s · prompt 71 tokens, none cached, 71 new in 0.08
                       s · first token 0.09 s, total 0.63 s · draft 39/87
                       accepted (45%) · max_tokens reached
16:31:25.334 INFO:     #370 chat/completions (stream): 160 tokens generated at
                       124.7 T/s · prompt 62 tokens, none cached, 62 new in 0.07
                       s · first token 0.08 s, total 1.36 s · draft 106/162
                       accepted (65%) · max_tokens reached
16:31:25.349 INFO:     #374 chat/completions (stream): 828 prompt tokens ·
                       temperature: 0, greedy (req), max_tokens: 6 (req),
                       min_tokens: 6 (req)
16:31:25.611 INFO:     #375 chat/completions (stream): 93 prompt tokens ·
                       temperature: 0, greedy (req), max_tokens: 257 (req),
                       min_tokens: 257 (req)
16:31:25.782 INFO:     #374 chat/completions (stream): 6 tokens generated at
                       48.9 T/s · prompt 828 tokens, none cached, 828 new in
                       0.24 s (3,450 T/s) · first token 0.25 s, total 0.37 s ·
                       draft 4/6 accepted (67%) · max_tokens reached
16:31:25.832 INFO:     #376 chat/completions (stream): 223 prompt tokens ·
                       temperature: 0, greedy (req), max_tokens: 96 (req),
                       min_tokens: 96 (req)
16:31:26.678 INFO:     #376 chat/completions (stream): 96 tokens generated at
                       142.7 T/s · prompt 223 tokens, none cached, 223 new in
                       0.10 s · first token 0.11 s, total 0.78 s · draft 60/108
                       accepted (56%) · max_tokens reached
16:31:26.728 INFO:     #377 chat/completions (stream): 542 prompt tokens ·
                       temperature: 0, greedy (req), max_tokens: 91 (req),
                       min_tokens: 91 (req)
16:31:27.299 INFO:     #351 chat/completions (stream): 1,321 tokens generated at
                       114.3 T/s · prompt 697 tokens, none cached, 697 new in
                       0.27 s (2,581 T/s) · first token 0.28 s, total 11.8 s ·
                       draft 864/1371 accepted (63%) · max_tokens reached
16:31:27.347 INFO:     #378 chat/completions (stream): 99 prompt tokens ·
                       temperature: 0, greedy (req), max_tokens: 413 (req),
                       min_tokens: 413 (req)
16:31:27.825 INFO:     #377 chat/completions (stream): 91 tokens generated at
                       108.0 T/s · prompt 542 tokens, none cached, 542 new in
                       0.18 s (3,011 T/s) · first token 0.19 s, total 1.03 s ·
                       draft 48/129 accepted (37%) · max_tokens reached
16:31:27.877 INFO:     #379 chat/completions (stream): 382 prompt tokens ·
                       temperature: 0, greedy (req), max_tokens: 794 (req),
                       min_tokens: 794 (req)
16:31:28.195 INFO:     #375 chat/completions (stream): 257 tokens generated at
                       105.7 T/s · prompt 93 tokens, none cached, 93 new in 0.08
                       s · first token 0.08 s, total 2.52 s · draft 153/312
                       accepted (49%) · max_tokens reached
16:31:28.245 INFO:     #380 chat/completions (stream): 470 prompt tokens ·
                       temperature: 0, greedy (req), max_tokens: 7 (req),
                       min_tokens: 7 (req)
16:31:28.584 INFO:     #380 chat/completions (stream): 7 tokens generated at
                       200.6 T/s · prompt 470 tokens, none cached, 470 new in
                       0.23 s (2,043 T/s) · first token 0.23 s, total 0.27 s ·
                       draft 5/6 accepted (83%) · max_tokens reached
16:31:28.632 INFO:     #381 chat/completions (stream): 74 prompt tokens ·
                       temperature: 0, greedy (req), max_tokens: 535 (req),
                       min_tokens: 535 (req)
16:31:29.023 INFO:     #371 chat/completions (stream): 483 tokens generated at
                       100.0 T/s · prompt 103 tokens, none cached, 103 new in
                       0.10 s · first token 0.11 s, total 4.94 s · draft 289/582
                       accepted (50%) · max_tokens reached
16:31:29.074 INFO:     #382 chat/completions (stream): 787 prompt tokens ·
                       temperature: 0, greedy (req), max_tokens: 9 (req),
                       min_tokens: 9 (req)
16:31:29.410 INFO:     #382 chat/completions (stream): 9 tokens generated at
                       168.9 T/s · prompt 787 tokens, none cached, 787 new in
                       0.21 s (3,748 T/s) · first token 0.22 s, total 0.27 s ·
                       draft 6/9 accepted (67%) · max_tokens reached
16:31:29.478 INFO:     #383 chat/completions (stream): 87 prompt tokens ·
                       temperature: 0, greedy (req), max_tokens: 696 (req),
                       min_tokens: 696 (req)
16:31:31.039 INFO:     #378 chat/completions (stream): 413 tokens generated at
                       116.9 T/s · prompt 99 tokens, none cached, 99 new in 0.09
                       s · first token 0.10 s, total 3.63 s · draft 260/459
                       accepted (57%) · max_tokens reached
16:31:31.089 INFO:     #384 chat/completions (stream): 307 prompt tokens ·
                       temperature: 0, greedy (req), max_tokens: 204 (req),
                       min_tokens: 204 (req)
16:31:32.730 INFO:     #384 chat/completions (stream): 204 tokens generated at
                       148.9 T/s · prompt 307 tokens, none cached, 307 new in
                       0.20 s (1,535 T/s) · first token 0.21 s, total 1.58 s ·
                       draft 130/222 accepted (59%) · max_tokens reached
16:31:32.781 INFO:     #386 chat/completions (stream): 68 prompt tokens ·
                       temperature: 0, greedy (req), max_tokens: 367 (req),
                       min_tokens: 367 (req)
16:31:33.408 INFO:     #381 chat/completions (stream): 535 tokens generated at
                       115.5 T/s · prompt 74 tokens, none cached, 74 new in 0.07
                       s · first token 0.08 s, total 4.71 s · draft 310/675
                       accepted (46%) · max_tokens reached
16:31:33.469 INFO:     #387 chat/completions (stream): 245 prompt tokens ·
                       temperature: 0, greedy (req), max_tokens: 9 (req),
                       min_tokens: 9 (req)
16:31:33.721 INFO:     #387 chat/completions (stream): 9 tokens generated at
                       125.4 T/s · prompt 245 tokens, none cached, 245 new in
                       0.11 s · first token 0.12 s, total 0.19 s · draft 5/12
                       accepted (42%) · max_tokens reached
16:31:33.773 INFO:     #388 chat/completions (stream): 330 prompt tokens ·
                       temperature: 0, greedy (req), max_tokens: 8 (req),
                       min_tokens: 8 (req)
16:31:34.129 INFO:     #388 chat/completions (stream): 8 tokens generated at
                       111.2 T/s · prompt 330 tokens, none cached, 330 new in
                       0.21 s (1,571 T/s) · first token 0.22 s, total 0.29 s ·
                       draft 4/12 accepted (33%) · max_tokens reached
16:31:34.178 INFO:     #389 chat/completions (stream): 64 prompt tokens ·
                       temperature: 0, greedy (req), max_tokens: 10 (req),
                       min_tokens: 10 (req)
16:31:34.377 INFO:     #389 chat/completions (stream): 10 tokens generated at
                       185.9 T/s · prompt 64 tokens, none cached, 64 new in 0.07
                       s · first token 0.08 s, total 0.13 s · draft 7/9 accepted
                       (78%) · max_tokens reached
16:31:34.435 INFO:     #390 chat/completions (stream): 436 prompt tokens ·
                       temperature: 0, greedy (req), max_tokens: 44 (req),
                       min_tokens: 44 (req)
16:31:34.701 INFO:     #379 chat/completions (stream): 794 tokens generated at
                       126.1 T/s · prompt 382 tokens, none cached, 382 new in
                       0.23 s (1,661 T/s) · first token 0.24 s, total 6.53 s ·
                       draft 512/846 accepted (61%) · max_tokens reached
16:31:34.751 INFO:     #391 chat/completions (stream): 435 prompt tokens ·
                       temperature: 0, greedy (req), max_tokens: 79 (req),
                       min_tokens: 79 (req)
16:31:35.267 INFO:     #390 chat/completions (stream): 44 tokens generated at
                       82.4 T/s · prompt 436 tokens, none cached, 436 new in
                       0.23 s (1,896 T/s) · first token 0.24 s, total 0.77 s ·
                       draft 26/54 accepted (48%) · max_tokens reached
16:31:35.317 INFO:     #392 chat/completions (stream): 94 prompt tokens ·
                       temperature: 0, greedy (req), max_tokens: 246 (req),
                       min_tokens: 246 (req)
16:31:35.614 INFO:     #391 chat/completions (stream): 79 tokens generated at
                       141.0 T/s · prompt 435 tokens, none cached, 435 new in
                       0.23 s (1,891 T/s) · first token 0.23 s, total 0.80 s ·
                       draft 53/78 accepted (68%) · max_tokens reached
16:31:35.665 INFO:     #393 chat/completions (stream): 63 prompt tokens ·
                       temperature: 0, greedy (req), max_tokens: 265 (req),
                       min_tokens: 265 (req)
16:31:36.261 INFO:     #383 chat/completions (stream): 696 tokens generated at
                       105.0 T/s · prompt 87 tokens, none cached, 87 new in 0.08
                       s · first token 0.09 s, total 6.71 s · draft 398/894
                       accepted (45%) · max_tokens reached
16:31:36.312 INFO:     #394 chat/completions (stream): 154 prompt tokens ·
                       temperature: 0, greedy (req), max_tokens: 385 (req),
                       min_tokens: 385 (req)
16:31:36.633 INFO:     #386 chat/completions (stream): 367 tokens generated at
                       99.0 T/s · prompt 68 tokens, none cached, 68 new in 0.07
                       s · first token 0.08 s, total 3.78 s · draft 219/444
                       accepted (49%) · max_tokens reached
16:31:36.682 INFO:     #395 chat/completions (stream): 61 prompt tokens ·
                       temperature: 0, greedy (req), max_tokens: 128 (req),
                       min_tokens: 128 (req)
16:31:37.302 INFO:     #392 chat/completions (stream): 246 tokens generated at
                       134.4 T/s · prompt 94 tokens, none cached, 94 new in 0.09
                       s · first token 0.10 s, total 1.93 s · draft 157/267
                       accepted (59%) · max_tokens reached
16:31:37.352 INFO:     #396 chat/completions (stream): 442 prompt tokens ·
                       temperature: 0, greedy (req), max_tokens: 153 (req),
                       min_tokens: 153 (req)
16:31:37.871 INFO:     #395 chat/completions (stream): 128 tokens generated at
                       121.7 T/s · prompt 61 tokens, none cached, 61 new in 0.07
                       s · first token 0.08 s, total 1.13 s · draft 80/144
                       accepted (56%) · max_tokens reached
16:31:37.920 INFO:     #397 chat/completions (stream): 116 prompt tokens ·
                       temperature: 0, greedy (req), max_tokens: 276 (req),
                       min_tokens: 276 (req)
16:31:38.465 INFO:     #393 chat/completions (stream): 265 tokens generated at
                       100.1 T/s · prompt 63 tokens, none cached, 63 new in 0.07
                       s · first token 0.08 s, total 2.72 s · draft 141/372
                       accepted (38%) · max_tokens reached
16:31:38.515 INFO:     #398 chat/completions (stream): 213 prompt tokens ·
                       temperature: 0, greedy (req), max_tokens: 7 (req),
                       min_tokens: 7 (req)
16:31:38.717 INFO:     #398 chat/completions (stream): 7 tokens generated at
                       201.3 T/s · prompt 213 tokens, none cached, 213 new in
                       0.10 s · first token 0.11 s, total 0.14 s · draft 5/6
                       accepted (83%) · max_tokens reached
16:31:38.764 INFO:     #399 chat/completions (stream): 62 prompt tokens ·
                       temperature: 0, greedy (req), max_tokens: 342 (req),
                       min_tokens: 342 (req)
16:31:38.884 INFO:     #396 chat/completions (stream): 153 tokens generated at
                       130.6 T/s · prompt 442 tokens, none cached, 442 new in
                       0.22 s (2,009 T/s) · first token 0.23 s, total 1.40 s ·
                       draft 97/168 accepted (58%) · max_tokens reached
16:31:38.934 INFO:     #400 chat/completions (stream): 457 prompt tokens ·
                       temperature: 0, greedy (req), max_tokens: 24 (req),
                       min_tokens: 24 (req)
16:31:39.373 INFO:     #400 chat/completions (stream): 24 tokens generated at
                       170.4 T/s · prompt 457 tokens, none cached, 457 new in
                       0.23 s (1,987 T/s) · first token 0.23 s, total 0.38 s ·
                       draft 16/24 accepted (67%) · max_tokens reached
16:31:39.438 INFO:     #401 chat/completions (stream): 145 prompt tokens ·
                       temperature: 0, greedy (req), max_tokens: 9 (req),
                       min_tokens: 9 (req)
16:31:39.665 INFO:     #401 chat/completions (stream): 9 tokens generated at
                       169.3 T/s · prompt 145 tokens, none cached, 145 new in
                       0.10 s · first token 0.11 s, total 0.16 s · draft 6/9
                       accepted (67%) · max_tokens reached
16:31:39.715 INFO:     #402 chat/completions (stream): 90 prompt tokens ·
                       temperature: 0, greedy (req), max_tokens: 196 (req),
                       min_tokens: 196 (req)
16:31:40.125 INFO:     #394 chat/completions (stream): 385 tokens generated at
                       105.3 T/s · prompt 154 tokens, none cached, 154 new in
                       0.09 s · first token 0.09 s, total 3.75 s · draft 231/462
                       accepted (50%) · max_tokens reached
16:31:40.177 INFO:     #403 chat/completions (stream): 73 prompt tokens ·
                       temperature: 0, greedy (req), max_tokens: 491 (req),
                       min_tokens: 491 (req)
16:31:40.395 INFO:     #397 chat/completions (stream): 276 tokens generated at
                       119.5 T/s · prompt 116 tokens, none cached, 116 new in
                       0.09 s · first token 0.10 s, total 2.40 s · draft 182/282
                       accepted (65%) · max_tokens reached
16:31:40.454 INFO:     #404 chat/completions (stream): 59 prompt tokens ·
                       temperature: 0, greedy (req), max_tokens: 169 (req),
                       min_tokens: 169 (req)
16:31:41.176 INFO:     #399 chat/completions (stream): 342 tokens generated at
                       150.5 T/s · prompt 62 tokens, none cached, 62 new in 0.07
                       s · first token 0.07 s, total 2.35 s · draft 246/288
                       accepted (85%) · max_tokens reached
16:31:41.228 INFO:     #405 chat/completions (stream): 566 prompt tokens ·
                       temperature: 0, greedy (req), max_tokens: 21 (req),
                       min_tokens: 21 (req)
16:31:41.654 INFO:     #402 chat/completions (stream): 196 tokens generated at
                       108.8 T/s · prompt 90 tokens, none cached, 90 new in 0.08
                       s · first token 0.08 s, total 1.89 s · draft 116/240
                       accepted (48%) · max_tokens reached
16:31:41.655 INFO:     #405 chat/completions (stream): 21 tokens generated at
                       145.4 T/s · prompt 566 tokens, none cached, 566 new in
                       0.23 s (2,461 T/s) · first token 0.23 s, total 0.38 s ·
                       draft 13/24 accepted (54%) · max_tokens reached
16:31:41.679 INFO:     #404 chat/completions (stream): 169 tokens generated at
                       152.7 T/s · prompt 59 tokens, none cached, 59 new in 0.07
                       s · first token 0.08 s, total 1.18 s · draft 119/150
                       accepted (79%) · max_tokens reached
16:31:41.690 INFO:     #406 chat/completions (stream): 179 prompt tokens ·
                       temperature: 0, greedy (req), max_tokens: 263 (req),
                       min_tokens: 263 (req)
16:31:41.692 INFO:     #407 chat/completions (stream): 1,070 prompt tokens ·
                       temperature: 0, greedy (req), max_tokens: 168 (req),
                       min_tokens: 168 (req)
16:31:42.079 INFO:     #408 chat/completions (stream): 225 prompt tokens ·
                       temperature: 0, greedy (req), max_tokens: 232 (req),
                       min_tokens: 232 (req)
16:31:43.351 INFO:     #407 chat/completions (stream): 168 tokens generated at
                       137.2 T/s · prompt 1,070 tokens, none cached, 1,070 new
                       in 0.26 s (4,115 T/s) · queued 0.10 s, first token 0.36
                       s, total 1.59 s · draft 107/183 accepted (58%) ·
                       max_tokens reached
16:31:43.401 INFO:     #409 chat/completions (stream): 489 prompt tokens ·
                       temperature: 0, greedy (req), max_tokens: 205 (req),
                       min_tokens: 205 (req)
16:31:44.084 INFO:     #408 chat/completions (stream): 232 tokens generated at
                       126.5 T/s · prompt 225 tokens, none cached, 225 new in
                       0.11 s · first token 0.12 s, total 1.95 s · draft 144/264
                       accepted (55%) · max_tokens reached
16:31:44.112 INFO:     #406 chat/completions (stream): 263 tokens generated at
                       126.9 T/s · prompt 179 tokens, none cached, 179 new in
                       0.28 s · first token 0.29 s, total 2.37 s · draft 171/276
                       accepted (62%) · max_tokens reached
16:31:44.126 INFO:     #410 chat/completions (stream): 64 prompt tokens ·
                       temperature: 0, greedy (req), max_tokens: 66 (req),
                       min_tokens: 66 (req)
16:31:44.235 INFO:     #411 chat/completions (stream): 113 prompt tokens ·
                       temperature: 0, greedy (req), max_tokens: 352 (req),
                       min_tokens: 352 (req)
16:31:44.774 INFO:     #410 chat/completions (stream): 66 tokens generated at
                       129.8 T/s · prompt 64 tokens, none cached, 64 new in 0.07
                       s · first token 0.08 s, total 0.58 s · draft 43/69
                       accepted (62%) · max_tokens reached
16:31:44.824 INFO:     #412 chat/completions (stream): 447 prompt tokens ·
                       temperature: 0, greedy (req), max_tokens: 792 (req),
                       min_tokens: 792 (req)
16:31:45.443 INFO:     #403 chat/completions (stream): 491 tokens generated at
                       96.1 T/s · prompt 73 tokens, none cached, 73 new in 0.07
                       s · first token 0.07 s, total 5.18 s · draft 280/633
                       accepted (44%) · max_tokens reached
16:31:45.487 INFO:     #413 chat/completions (stream): 397 prompt tokens ·
                       temperature: 0, greedy (req), max_tokens: 5 (req),
                       min_tokens: 5 (req)
16:31:45.742 INFO:     #409 chat/completions (stream): 205 tokens generated at
                       114.5 T/s · prompt 489 tokens, none cached, 489 new in
                       0.26 s (1,881 T/s) · first token 0.27 s, total 2.06 s ·
                       draft 125/240 accepted (52%) · max_tokens reached
16:31:45.784 INFO:     #414 chat/completions (stream): 64 prompt tokens ·
                       temperature: 0, greedy (req), max_tokens: 34 (req),
                       min_tokens: 34 (req)
16:31:45.889 INFO:     #413 chat/completions (stream): 5 tokens generated at
                       162.3 T/s · prompt 397 tokens, none cached, 397 new in
                       0.23 s (1,726 T/s) · first token 0.24 s, total 0.27 s ·
                       draft 3/6 accepted (50%) · max_tokens reached
16:31:45.939 INFO:     #415 chat/completions (stream): 746 prompt tokens ·
                       temperature: 0, greedy (req), max_tokens: 9 (req),
                       min_tokens: 9 (req)
16:31:46.314 INFO:     #415 chat/completions (stream): 9 tokens generated at
                       175.2 T/s · prompt 746 tokens, none cached, 746 new in
                       0.26 s (2,869 T/s) · first token 0.26 s, total 0.32 s ·
                       draft 6/9 accepted (67%) · max_tokens reached
16:31:46.354 INFO:     #416 chat/completions (stream): 123 prompt tokens ·
                       temperature: 0, greedy (req), max_tokens: 129 (req),
                       min_tokens: 129 (req)
16:31:46.355 INFO:     #414 chat/completions (stream): 34 tokens generated at
                       76.8 T/s · prompt 64 tokens, none cached, 64 new in 0.07
                       s · first token 0.07 s, total 0.52 s · draft 22/36
                       accepted (61%) · max_tokens reached
16:31:46.506 INFO:     #417 chat/completions (stream): 159 prompt tokens ·
                       temperature: 0, greedy (req), max_tokens: 67 (req),
                       min_tokens: 67 (req)
16:31:47.059 INFO:     #417 chat/completions (stream): 67 tokens generated at
                       171.3 T/s · prompt 159 tokens, none cached, 159 new in
                       0.09 s · first token 0.09 s, total 0.49 s · draft 45/66
                       accepted (68%) · max_tokens reached
16:31:47.108 INFO:     #419 chat/completions (stream): 207 prompt tokens ·
                       temperature: 0, greedy (req), max_tokens: 123 (req),
                       min_tokens: 123 (req)
16:31:47.477 INFO:     #416 chat/completions (stream): 129 tokens generated at
                       137.5 T/s · prompt 123 tokens, none cached, 123 new in
                       0.10 s · first token 0.11 s, total 1.04 s · draft 87/126
                       accepted (69%) · max_tokens reached
16:31:47.528 INFO:     #420 chat/completions (stream): 516 prompt tokens ·
                       temperature: 0, greedy (req), max_tokens: 39 (req),
                       min_tokens: 39 (req)
16:31:48.010 INFO:     #420 chat/completions (stream): 39 tokens generated at
                       158.0 T/s · prompt 516 tokens, none cached, 516 new in
                       0.17 s (3,035 T/s) · first token 0.18 s, total 0.42 s ·
                       draft 25/42 accepted (60%) · max_tokens reached
16:31:48.052 INFO:     #421 chat/completions (stream): 726 prompt tokens ·
                       temperature: 0, greedy (req), max_tokens: 98 (req),
                       min_tokens: 98 (req)
16:31:48.053 INFO:     #411 chat/completions (stream): 352 tokens generated at
                       96.1 T/s · prompt 113 tokens, none cached, 113 new in
                       0.09 s · first token 0.09 s, total 3.76 s · draft 211/423
                       accepted (50%) · max_tokens reached
16:31:48.355 INFO:     #422 chat/completions (stream): 536 prompt tokens ·
                       temperature: 0, greedy (req), max_tokens: 8 (req),
                       min_tokens: 8 (req)
16:31:48.652 INFO:     #422 chat/completions (stream): 8 tokens generated at
                       150.1 T/s · prompt 536 tokens, none cached, 536 new in
                       0.17 s (3,153 T/s) · first token 0.18 s, total 0.23 s ·
                       draft 5/9 accepted (56%) · max_tokens reached
16:31:48.700 INFO:     #423 chat/completions (stream): 102 prompt tokens ·
                       temperature: 0, greedy (req), max_tokens: 222 (req),
                       min_tokens: 222 (req)
16:31:48.877 INFO:     #419 chat/completions (stream): 123 tokens generated at
                       77.0 T/s · prompt 207 tokens, none cached, 207 new in
                       0.10 s · first token 0.11 s, total 1.70 s · draft 69/162
                       accepted (43%) · max_tokens reached
16:31:48.926 INFO:     #424 chat/completions (stream): 67 prompt tokens ·
                       temperature: 0, greedy (req), max_tokens: 425 (req),
                       min_tokens: 425 (req)
16:31:49.390 INFO:     #421 chat/completions (stream): 98 tokens generated at
                       99.1 T/s · prompt 726 tokens, none cached, 726 new in
                       0.26 s (2,792 T/s) · first token 0.27 s, total 1.25 s ·
                       draft 60/114 accepted (53%) · max_tokens reached
16:31:49.450 INFO:     #425 chat/completions (stream): 677 prompt tokens ·
                       temperature: 0, greedy (req), max_tokens: 420 (req),
                       min_tokens: 420 (req)
16:31:50.511 INFO:     #423 chat/completions (stream): 222 tokens generated at
                       134.7 T/s · prompt 102 tokens, none cached, 102 new in
                       0.09 s · first token 0.10 s, total 1.74 s · draft 148/222
                       accepted (67%) · max_tokens reached
16:31:52.085 INFO:     #412 chat/completions (stream): 792 tokens generated at
                       113.6 T/s · prompt 447 tokens, none cached, 447 new in
                       0.23 s (1,943 T/s) · first token 0.24 s, total 7.21 s ·
                       draft 488/912 accepted (54%) · max_tokens reached
16:31:52.214 INFO:     #424 chat/completions (stream): 425 tokens generated at
                       134.2 T/s · prompt 67 tokens, none cached, 67 new in 0.07
                       s · first token 0.07 s, total 3.24 s · draft 248/531
                       accepted (47%) · max_tokens reached
16:31:53.026 INFO:     #425 chat/completions (stream): 420 tokens generated at
                       126.5 T/s · prompt 677 tokens, none cached, 677 new in
                       0.24 s (2,821 T/s) · first token 0.25 s, total 3.57 s ·
                       draft 181/717 accepted (25%) · max_tokens reached
