16:22:41.960 INFO:     Sampler preset "qwen38_thinking": temperature 0.6, top_k
                       20, top_p 0.95
16:22:41.962 INFO:     exllamav3 version: 1.5.2
16:22:43.321 INFO:     Using main model MTP component for drafting
16:22:43.341 INFO:     Context: max_seq_len 262,144 tokens (configured),
                       cache_size 901,120 tokens
16:22:43.387 INFO:     Using tool format: qwen3_coder
16:22:43.388 INFO:     Using template "chat_template" for chat completions.
16:22:45.580 INFO:     Loading model
                       /models/qwen3.8-flash-next-exl3-2.50bpw-r0b0tlab (manual
                       GPU split)
Loading vision modules ━━━━━━━━━━━━━━━━━━━━━━━━━━━━━━━━━━━━━━ 100% 30/30 0:00:00
Loading draft modules  ━━━━━━━━━━━━━━━━━━━━━━━━━━━━━━━━━━━━━━ 100% 3/3   0:00:00
Loading model modules  ━━━━━━━━━━━━━━━━━━━━━━━━━━━━━━━━━━━━━━ 100% 53/53 0:00:00
EXL3_EMBED_GPU_PRUNED=1: embedding mirror 65536 of 248320 rows (320.0 MiB, prefix) on cuda:1
16:22:56.231 INFO:     Model loaded in 12.8 s

16:22:56.231 WARNING:  Disabling authentication makes your instance vulnerable.
                       Set the `disable_auth` flag to False in config.yml if you
                       want to share this instance with others.
16:22:56.232 WARNING:  With authentication disabled and `allowed_origins` left
                       at ["*"], any website open in a browser on this machine
                       can send requests to this instance and read the
                       responses, including admin endpoints. Set
                       `network.allowed_origins` to your own frontends (or [])
                       unless you use a browser-based frontend that needs it.
16:22:56.232 INFO:     Serving OAI API on http://0.0.0.0:8022 (docs at
                       http://0.0.0.0:8022/redoc)
16:22:56.867 INFO:     #3 completions: 3 prompt tokens · temperature: 0, greedy
                       (req), max_tokens: 16 (req)
densegemm lcguard: device 1: dense calls on the QSA side branch use the side scratch (hctr upper half, side slots)
densegemm lcguard: device 0: dense calls on the QSA side branch use the side scratch (hctr upper half, side slots)
16:22:57.251 INFO:     #3 completions: 16 tokens generated at 102.5 T/s · prompt
                       3 tokens, none cached, 3 new in 0.22 s · first token 0.23
                       s, total 0.38 s · draft 7/27 accepted (26%) · max_tokens
                       reached
16:22:57.636 INFO:     #5 chat/completions: 74 prompt tokens · temperature: 0,
                       greedy (req), max_tokens: 64 (req), min_tokens: 64 (req)
16:22:57.637 INFO:     #6 chat/completions: 74 prompt tokens · temperature: 0,
                       greedy (req), max_tokens: 64 (req), min_tokens: 64 (req)
16:22:58.137 INFO:     #5 chat/completions: 64 tokens generated at 226.6 T/s ·
                       prompt 74 tokens, none cached, 74 new in 0.20 s · first
                       token 0.21 s, total 0.49 s · draft 42/66 accepted (64%) ·
                       max_tokens reached
16:22:58.138 INFO:     #6 chat/completions: 64 tokens generated at 218.7 T/s ·
                       prompt 74 tokens, none cached, 74 new in 0.08 s · queued
                       0.13 s, first token 0.21 s, total 0.50 s · draft 41/69
                       accepted (59%) · max_tokens reached
16:23:11.528 INFO:     #10 chat/completions (stream): 737 prompt tokens ·
                       temperature: 0, greedy (req), max_tokens: 49 (req),
                       min_tokens: 49 (req)
16:23:11.717 INFO:     #11 chat/completions (stream): 927 prompt tokens ·
                       temperature: 0, greedy (req), max_tokens: 165 (req),
                       min_tokens: 165 (req)
16:23:12.422 INFO:     #10 chat/completions (stream): 49 tokens generated at
                       156.2 T/s · prompt 737 tokens, none cached, 737 new in
                       0.53 s (1,391 T/s) · first token 0.54 s, total 0.85 s ·
                       draft 33/48 accepted (69%) · max_tokens reached
16:23:12.466 INFO:     #12 chat/completions (stream): 133 prompt tokens ·
                       temperature: 0, greedy (req), max_tokens: 188 (req),
                       min_tokens: 188 (req)
16:23:13.033 INFO:     #11 chat/completions (stream): 165 tokens generated at
                       203.6 T/s · prompt 927 tokens, none cached, 927 new in
                       0.33 s (2,809 T/s) · queued 0.13 s, first token 0.46 s,
                       total 1.27 s · draft 112/159 accepted (70%) · max_tokens
                       reached
16:23:13.067 INFO:     #13 chat/completions (stream): 218 prompt tokens ·
                       temperature: 0, greedy (req), max_tokens: 783 (req),
                       min_tokens: 783 (req)
16:23:13.635 INFO:     #12 chat/completions (stream): 188 tokens generated at
                       185.8 T/s · prompt 133 tokens, none cached, 133 new in
                       0.11 s · first token 0.11 s, total 1.13 s · draft 119/207
                       accepted (57%) · max_tokens reached
16:23:13.669 INFO:     #14 chat/completions (stream): 291 prompt tokens ·
                       temperature: 0, greedy (req), max_tokens: 400 (req),
                       min_tokens: 400 (req)
16:23:15.685 INFO:     #14 chat/completions (stream): 400 tokens generated at
                       227.2 T/s · prompt 291 tokens, none cached, 291 new in
                       0.21 s (1,386 T/s) · first token 0.22 s, total 1.98 s ·
                       draft 269/393 accepted (68%) · max_tokens reached
16:23:15.719 INFO:     #15 chat/completions (stream): 57 prompt tokens ·
                       temperature: 0, greedy (req), max_tokens: 275 (req),
                       min_tokens: 275 (req)
16:23:17.206 INFO:     #15 chat/completions (stream): 275 tokens generated at
                       200.2 T/s · prompt 57 tokens, none cached, 57 new in 0.07
                       s · first token 0.07 s, total 1.45 s · draft 171/312
                       accepted (55%) · max_tokens reached
16:23:17.239 INFO:     #17 chat/completions (stream): 343 prompt tokens ·
                       temperature: 0, greedy (req), max_tokens: 41 (req),
                       min_tokens: 41 (req)
16:23:17.633 INFO:     #13 chat/completions (stream): 783 tokens generated at
                       177.5 T/s · prompt 218 tokens, none cached, 218 new in
                       0.11 s · first token 0.12 s, total 4.53 s · draft 485/894
                       accepted (54%) · max_tokens reached
16:23:17.666 INFO:     #18 chat/completions (stream): 234 prompt tokens ·
                       temperature: 0, greedy (req), max_tokens: 536 (req),
                       min_tokens: 536 (req)
16:23:17.877 INFO:     #17 chat/completions (stream): 41 tokens generated at
                       114.4 T/s · prompt 343 tokens, none cached, 343 new in
                       0.23 s (1,491 T/s) · first token 0.23 s, total 0.59 s ·
                       draft 21/60 accepted (35%) · max_tokens reached
16:23:17.910 INFO:     #19 chat/completions (stream): 75 prompt tokens ·
                       temperature: 0, greedy (req), max_tokens: 234 (req),
                       min_tokens: 234 (req)
16:23:19.157 INFO:     #19 chat/completions (stream): 234 tokens generated at
                       208.6 T/s · prompt 75 tokens, none cached, 75 new in 0.08
                       s · first token 0.08 s, total 1.21 s · draft 150/252
                       accepted (60%) · max_tokens reached
16:23:19.191 INFO:     #20 chat/completions (stream): 256 prompt tokens ·
                       temperature: 0, greedy (req), max_tokens: 85 (req),
                       min_tokens: 85 (req)
16:23:19.705 INFO:     #20 chat/completions (stream): 85 tokens generated at
                       243.5 T/s · prompt 256 tokens, none cached, 256 new in
                       0.12 s (2,133 T/s) · first token 0.12 s, total 0.47 s ·
                       draft 59/78 accepted (76%) · max_tokens reached
16:23:19.738 INFO:     #21 chat/completions (stream): 292 prompt tokens ·
                       temperature: 0, greedy (req), max_tokens: 46 (req),
                       min_tokens: 46 (req)
16:23:20.219 INFO:     #21 chat/completions (stream): 46 tokens generated at
                       195.3 T/s · prompt 292 tokens, none cached, 292 new in
                       0.20 s (1,460 T/s) · first token 0.20 s, total 0.44 s ·
                       draft 28/54 accepted (52%) · max_tokens reached
16:23:20.251 INFO:     #22 chat/completions (stream): 68 prompt tokens ·
                       temperature: 0, greedy (req), max_tokens: 335 (req),
                       min_tokens: 335 (req)
16:23:20.955 INFO:     #18 chat/completions (stream): 536 tokens generated at
                       171.3 T/s · prompt 234 tokens, none cached, 234 new in
                       0.11 s · first token 0.11 s, total 3.24 s · draft 332/612
                       accepted (54%) · max_tokens reached
16:23:20.987 INFO:     #23 chat/completions (stream): 183 prompt tokens ·
                       temperature: 0, greedy (req), max_tokens: 818 (req),
                       min_tokens: 818 (req)
16:23:22.615 INFO:     #22 chat/completions (stream): 335 tokens generated at
                       149.5 T/s · prompt 68 tokens, none cached, 68 new in 0.08
                       s · first token 0.08 s, total 2.33 s · draft 174/483
                       accepted (36%) · max_tokens reached
16:23:22.649 INFO:     #24 chat/completions (stream): 608 prompt tokens ·
                       temperature: 0, greedy (req), max_tokens: 12 (req),
                       min_tokens: 12 (req)
16:23:22.997 INFO:     #24 chat/completions (stream): 12 tokens generated at
                       235.7 T/s · prompt 608 tokens, none cached, 608 new in
                       0.25 s (2,432 T/s) · first token 0.26 s, total 0.31 s ·
                       draft 8/12 accepted (67%) · max_tokens reached
16:23:23.031 INFO:     #25 chat/completions (stream): 423 prompt tokens ·
                       temperature: 0, greedy (req), max_tokens: 72 (req),
                       min_tokens: 72 (req)
16:23:23.704 INFO:     #25 chat/completions (stream): 72 tokens generated at
                       183.8 T/s · prompt 423 tokens, none cached, 423 new in
                       0.23 s (1,839 T/s) · first token 0.23 s, total 0.63 s ·
                       draft 43/87 accepted (49%) · max_tokens reached
16:23:23.737 INFO:     #26 chat/completions (stream): 414 prompt tokens ·
                       temperature: 0, greedy (req), max_tokens: 8 (req),
                       min_tokens: 8 (req)
16:23:24.050 INFO:     #26 chat/completions (stream): 8 tokens generated at
                       310.7 T/s · prompt 414 tokens, none cached, 414 new in
                       0.24 s (1,725 T/s) · first token 0.24 s, total 0.27 s ·
                       draft 6/6 accepted (100%) · max_tokens reached
16:23:24.093 INFO:     #27 chat/completions (stream): 69 prompt tokens ·
                       temperature: 0, greedy (req), max_tokens: 58 (req),
                       min_tokens: 58 (req)
16:23:24.525 INFO:     #27 chat/completions (stream): 58 tokens generated at
                       194.2 T/s · prompt 69 tokens, none cached, 69 new in 0.08
                       s · first token 0.09 s, total 0.39 s · draft 38/60
                       accepted (63%) · max_tokens reached
16:23:24.563 INFO:     #28 chat/completions (stream): 352 prompt tokens ·
                       temperature: 0, greedy (req), max_tokens: 38 (req),
                       min_tokens: 38 (req)
16:23:25.064 INFO:     #28 chat/completions (stream): 38 tokens generated at
                       191.4 T/s · prompt 352 tokens, none cached, 352 new in
                       0.25 s (1,408 T/s) · first token 0.26 s, total 0.46 s ·
                       draft 24/42 accepted (57%) · max_tokens reached
16:23:25.098 INFO:     #29 chat/completions (stream): 58 prompt tokens ·
                       temperature: 0, greedy (req), max_tokens: 306 (req),
                       min_tokens: 306 (req)
16:23:26.388 INFO:     #23 chat/completions (stream): 818 tokens generated at
                       155.6 T/s · prompt 183 tokens, none cached, 183 new in
                       0.10 s · first token 0.10 s, total 5.36 s · draft 503/945
                       accepted (53%) · max_tokens reached
16:23:26.434 INFO:     #30 chat/completions (stream): 63 prompt tokens ·
                       temperature: 0, greedy (req), max_tokens: 286 (req),
                       min_tokens: 286 (req)
16:23:26.823 INFO:     #29 chat/completions (stream): 306 tokens generated at
                       190.2 T/s · prompt 58 tokens, none cached, 58 new in 0.07
                       s · first token 0.08 s, total 1.68 s · draft 189/351
                       accepted (54%) · max_tokens reached
16:23:26.857 INFO:     #31 chat/completions (stream): 498 prompt tokens ·
                       temperature: 0, greedy (req), max_tokens: 30 (req),
                       min_tokens: 30 (req)
16:23:27.298 INFO:     #31 chat/completions (stream): 30 tokens generated at
                       213.2 T/s · prompt 498 tokens, none cached, 498 new in
                       0.25 s (1,992 T/s) · first token 0.25 s, total 0.40 s ·
                       draft 19/33 accepted (58%) · max_tokens reached
16:23:27.333 INFO:     #32 chat/completions (stream): 235 prompt tokens ·
                       temperature: 0, greedy (req), max_tokens: 47 (req),
                       min_tokens: 47 (req)
16:23:27.742 INFO:     #32 chat/completions (stream): 47 tokens generated at
                       189.0 T/s · prompt 235 tokens, none cached, 235 new in
                       0.11 s · first token 0.12 s, total 0.36 s · draft 28/57
                       accepted (49%) · max_tokens reached
16:23:27.776 INFO:     #33 chat/completions (stream): 927 prompt tokens ·
                       temperature: 0, greedy (req), max_tokens: 333 (req),
                       min_tokens: 333 (req)
16:23:28.495 INFO:     #30 chat/completions (stream): 286 tokens generated at
                       147.2 T/s · prompt 63 tokens, none cached, 63 new in 0.07
                       s · first token 0.08 s, total 2.02 s · draft 185/303
                       accepted (61%) · max_tokens reached
16:23:28.530 INFO:     #34 chat/completions (stream): 303 prompt tokens ·
                       temperature: 0, greedy (req), max_tokens: 89 (req),
                       min_tokens: 89 (req)
16:23:29.257 INFO:     #34 chat/completions (stream): 89 tokens generated at
                       187.7 T/s · prompt 303 tokens, none cached, 303 new in
                       0.20 s (1,515 T/s) · first token 0.21 s, total 0.68 s ·
                       draft 53/108 accepted (49%) · max_tokens reached
16:23:29.291 INFO:     #35 chat/completions (stream): 413 prompt tokens ·
                       temperature: 0, greedy (req), max_tokens: 8 (req),
                       min_tokens: 8 (req)
16:23:29.609 INFO:     #35 chat/completions (stream): 8 tokens generated at
                       207.9 T/s · prompt 413 tokens, none cached, 413 new in
                       0.23 s (1,796 T/s) · first token 0.24 s, total 0.27 s ·
                       draft 5/9 accepted (56%) · max_tokens reached
16:23:29.643 INFO:     #36 chat/completions (stream): 206 prompt tokens ·
                       temperature: 0, greedy (req), max_tokens: 271 (req),
                       min_tokens: 271 (req)
16:23:30.318 INFO:     #33 chat/completions (stream): 333 tokens generated at
                       152.3 T/s · prompt 927 tokens, none cached, 927 new in
                       0.31 s (2,990 T/s) · first token 0.31 s, total 2.50 s ·
                       draft 205/384 accepted (53%) · max_tokens reached
16:23:30.351 INFO:     #37 chat/completions (stream): 180 prompt tokens ·
                       temperature: 0, greedy (req), max_tokens: 20 (req),
                       min_tokens: 20 (req)
16:23:30.588 INFO:     #37 chat/completions (stream): 20 tokens generated at
                       222.1 T/s · prompt 180 tokens, none cached, 180 new in
                       0.10 s · first token 0.10 s, total 0.19 s · draft 13/21
                       accepted (62%) · max_tokens reached
16:23:30.622 INFO:     #38 chat/completions (stream): 509 prompt tokens ·
                       temperature: 0, greedy (req), max_tokens: 22 (req),
                       min_tokens: 22 (req)
16:23:31.027 INFO:     #38 chat/completions (stream): 22 tokens generated at
                       215.2 T/s · prompt 509 tokens, none cached, 509 new in
                       0.26 s (1,958 T/s) · first token 0.26 s, total 0.37 s ·
                       draft 14/24 accepted (58%) · max_tokens reached
16:23:31.061 INFO:     #39 chat/completions (stream): 330 prompt tokens ·
                       temperature: 0, greedy (req), max_tokens: 19 (req),
                       min_tokens: 19 (req)
16:23:31.432 INFO:     #39 chat/completions (stream): 19 tokens generated at
                       207.4 T/s · prompt 330 tokens, none cached, 330 new in
                       0.22 s (1,500 T/s) · first token 0.23 s, total 0.32 s ·
                       draft 12/21 accepted (57%) · max_tokens reached
16:23:31.466 INFO:     #40 chat/completions (stream): 386 prompt tokens ·
                       temperature: 0, greedy (req), max_tokens: 26 (req),
                       min_tokens: 26 (req)
16:23:31.885 INFO:     #40 chat/completions (stream): 26 tokens generated at
                       201.3 T/s · prompt 386 tokens, none cached, 386 new in
                       0.24 s (1,608 T/s) · first token 0.24 s, total 0.37 s ·
                       draft 16/30 accepted (53%) · max_tokens reached
16:23:31.918 INFO:     #41 chat/completions (stream): 100 prompt tokens ·
                       temperature: 0, greedy (req), max_tokens: 136 (req),
                       min_tokens: 136 (req)
16:23:32.084 INFO:     #36 chat/completions (stream): 271 tokens generated at
                       118.8 T/s · prompt 206 tokens, none cached, 206 new in
                       0.11 s · first token 0.11 s, total 2.40 s · draft 160/333
                       accepted (48%) · max_tokens reached
16:23:32.117 INFO:     #43 chat/completions (stream): 76 prompt tokens ·
                       temperature: 0, greedy (req), max_tokens: 401 (req),
                       min_tokens: 401 (req)
16:23:32.766 INFO:     #41 chat/completions (stream): 136 tokens generated at
                       192.5 T/s · prompt 100 tokens, none cached, 100 new in
                       0.09 s · first token 0.09 s, total 0.80 s · draft 88/144
                       accepted (61%) · max_tokens reached
16:23:32.799 INFO:     #44 chat/completions (stream): 62 prompt tokens ·
                       temperature: 0, greedy (req), max_tokens: 155 (req),
                       min_tokens: 155 (req)
16:23:33.666 INFO:     #44 chat/completions (stream): 155 tokens generated at
                       206.9 T/s · prompt 62 tokens, none cached, 62 new in 0.07
                       s · first token 0.08 s, total 0.82 s · draft 99/168
                       accepted (59%) · max_tokens reached
16:23:33.700 INFO:     #45 chat/completions (stream): 73 prompt tokens ·
                       temperature: 0, greedy (req), max_tokens: 222 (req),
                       min_tokens: 222 (req)
16:23:34.482 INFO:     #43 chat/completions (stream): 401 tokens generated at
                       179.2 T/s · prompt 76 tokens, none cached, 76 new in 0.08
                       s · first token 0.08 s, total 2.32 s · draft 243/474
                       accepted (51%) · max_tokens reached
16:23:34.518 INFO:     #46 chat/completions (stream): 194 prompt tokens ·
                       temperature: 0, greedy (req), max_tokens: 201 (req),
                       min_tokens: 201 (req)
16:23:35.001 INFO:     #45 chat/completions (stream): 222 tokens generated at
                       189.1 T/s · prompt 73 tokens, none cached, 73 new in 0.08
                       s · first token 0.09 s, total 1.26 s · draft 141/243
                       accepted (58%) · max_tokens reached
16:23:35.035 INFO:     #47 chat/completions (stream): 656 prompt tokens ·
                       temperature: 0, greedy (req), max_tokens: 595 (req),
                       min_tokens: 595 (req)
16:23:35.764 INFO:     #46 chat/completions (stream): 201 tokens generated at
                       183.7 T/s · prompt 194 tokens, none cached, 194 new in
                       0.10 s · first token 0.11 s, total 1.20 s · draft 138/189
                       accepted (73%) · max_tokens reached
16:23:35.799 INFO:     #48 chat/completions (stream): 73 prompt tokens ·
                       temperature: 0, greedy (req), max_tokens: 664 (req),
                       min_tokens: 664 (req)
16:23:37.623 INFO:     #47 chat/completions (stream): 595 tokens generated at
                       263.3 T/s · prompt 656 tokens, none cached, 656 new in
                       0.28 s (2,343 T/s) · first token 0.28 s, total 2.54 s ·
                       draft 432/489 accepted (88%) · max_tokens reached
16:23:37.656 INFO:     #49 chat/completions (stream): 85 prompt tokens ·
                       temperature: 0, greedy (req), max_tokens: 50 (req),
                       min_tokens: 50 (req)
16:23:37.973 INFO:     #49 chat/completions (stream): 50 tokens generated at
                       271.7 T/s · prompt 85 tokens, none cached, 85 new in 0.08
                       s · first token 0.08 s, total 0.27 s · draft 36/42
                       accepted (86%) · max_tokens reached
16:23:38.007 INFO:     #50 chat/completions (stream): 75 prompt tokens ·
                       temperature: 0, greedy (req), max_tokens: 202 (req),
                       min_tokens: 202 (req)
16:23:39.317 INFO:     #50 chat/completions (stream): 202 tokens generated at
                       170.3 T/s · prompt 75 tokens, none cached, 75 new in 0.08
                       s · first token 0.08 s, total 1.27 s · draft 112/270
                       accepted (41%) · max_tokens reached
16:23:39.350 INFO:     #51 chat/completions (stream): 87 prompt tokens ·
                       temperature: 0, greedy (req), max_tokens: 683 (req),
                       min_tokens: 683 (req)
16:23:39.573 INFO:     #48 chat/completions (stream): 664 tokens generated at
                       181.9 T/s · prompt 73 tokens, none cached, 73 new in 0.08
                       s · first token 0.08 s, total 3.73 s · draft 406/774
                       accepted (52%) · max_tokens reached
16:23:39.608 INFO:     #52 chat/completions (stream): 796 prompt tokens ·
                       temperature: 0, greedy (req), max_tokens: 13 (req),
                       min_tokens: 13 (req)
16:23:39.923 INFO:     #52 chat/completions (stream): 13 tokens generated at
                       254.0 T/s · prompt 796 tokens, none cached, 796 new in
                       0.22 s (3,618 T/s) · first token 0.22 s, total 0.28 s ·
                       draft 9/12 accepted (75%) · max_tokens reached
16:23:39.957 INFO:     #53 chat/completions (stream): 349 prompt tokens ·
                       temperature: 0, greedy (req), max_tokens: 70 (req),
                       min_tokens: 70 (req)
16:23:40.556 INFO:     #53 chat/completions (stream): 70 tokens generated at
                       212.7 T/s · prompt 349 tokens, none cached, 349 new in
                       0.22 s (1,586 T/s) · first token 0.23 s, total 0.55 s ·
                       draft 45/75 accepted (60%) · max_tokens reached
16:23:40.591 INFO:     #54 chat/completions (stream): 345 prompt tokens ·
                       temperature: 0, greedy (req), max_tokens: 18 (req),
                       min_tokens: 18 (req)
16:23:40.955 INFO:     #54 chat/completions (stream): 18 tokens generated at
                       199.9 T/s · prompt 345 tokens, none cached, 345 new in
                       0.23 s (1,500 T/s) · first token 0.23 s, total 0.33 s ·
                       draft 11/21 accepted (52%) · max_tokens reached
16:23:40.988 INFO:     #55 chat/completions (stream): 353 prompt tokens ·
                       temperature: 0, greedy (req), max_tokens: 52 (req),
                       min_tokens: 52 (req)
16:23:41.513 INFO:     #55 chat/completions (stream): 52 tokens generated at
                       214.4 T/s · prompt 353 tokens, none cached, 353 new in
                       0.24 s (1,471 T/s) · first token 0.24 s, total 0.49 s ·
                       draft 34/54 accepted (63%) · max_tokens reached
16:23:41.546 INFO:     #56 chat/completions (stream): 75 prompt tokens ·
                       temperature: 0, greedy (req), max_tokens: 218 (req),
                       min_tokens: 218 (req)
16:23:42.555 INFO:     #56 chat/completions (stream): 218 tokens generated at
                       246.8 T/s · prompt 75 tokens, none cached, 75 new in 0.08
                       s · first token 0.08 s, total 0.97 s · draft 150/204
                       accepted (74%) · max_tokens reached
16:23:42.589 INFO:     #57 chat/completions (stream): 786 prompt tokens ·
                       temperature: 0, greedy (req), max_tokens: 792 (req),
                       min_tokens: 792 (req)
16:23:44.236 INFO:     #51 chat/completions (stream): 683 tokens generated at
                       143.7 T/s · prompt 87 tokens, none cached, 87 new in 0.08
                       s · first token 0.09 s, total 4.84 s · draft 401/846
                       accepted (47%) · max_tokens reached
16:23:44.268 INFO:     #58 chat/completions (stream): 95 prompt tokens ·
                       temperature: 0, greedy (req), max_tokens: 25 (req),
                       min_tokens: 25 (req)
16:23:44.503 INFO:     #58 chat/completions (stream): 25 tokens generated at
                       246.0 T/s · prompt 95 tokens, none cached, 95 new in 0.09
                       s · first token 0.10 s, total 0.20 s · draft 18/21
                       accepted (86%) · max_tokens reached
16:23:44.537 INFO:     #59 chat/completions (stream): 477 prompt tokens ·
                       temperature: 0, greedy (req), max_tokens: 7 (req),
                       min_tokens: 7 (req)
16:23:44.860 INFO:     #59 chat/completions (stream): 7 tokens generated at
                       278.3 T/s · prompt 477 tokens, none cached, 477 new in
                       0.25 s (1,908 T/s) · first token 0.25 s, total 0.28 s ·
                       draft 5/6 accepted (83%) · max_tokens reached
16:23:44.893 INFO:     #60 chat/completions (stream): 238 prompt tokens ·
                       temperature: 0, greedy (req), max_tokens: 23 (req),
                       min_tokens: 23 (req)
16:23:45.125 INFO:     #60 chat/completions (stream): 23 tokens generated at
                       304.9 T/s · prompt 238 tokens, none cached, 238 new in
                       0.11 s · first token 0.11 s, total 0.19 s · draft 17/18
                       accepted (94%) · max_tokens reached
16:23:45.158 INFO:     #61 chat/completions (stream): 62 prompt tokens ·
                       temperature: 0, greedy (req), max_tokens: 408 (req),
                       min_tokens: 408 (req)
16:23:46.944 INFO:     #57 chat/completions (stream): 792 tokens generated at
                       194.0 T/s · prompt 786 tokens, none cached, 786 new in
                       0.22 s (3,573 T/s) · first token 0.22 s, total 4.31 s ·
                       draft 513/837 accepted (61%) · max_tokens reached
16:23:46.977 INFO:     #62 chat/completions (stream): 507 prompt tokens ·
                       temperature: 0, greedy (req), max_tokens: 8 (req),
                       min_tokens: 8 (req)
16:23:47.298 INFO:     #62 chat/completions (stream): 8 tokens generated at
                       324.0 T/s · prompt 507 tokens, none cached, 507 new in
                       0.25 s (2,028 T/s) · first token 0.26 s, total 0.28 s ·
                       draft 6/6 accepted (100%) · max_tokens reached
16:23:47.331 INFO:     #64 chat/completions (stream): 151 prompt tokens ·
                       temperature: 0, greedy (req), max_tokens: 7 (req),
                       min_tokens: 7 (req)
16:23:47.492 INFO:     #64 chat/completions (stream): 7 tokens generated at
                       280.2 T/s · prompt 151 tokens, none cached, 151 new in
                       0.09 s · first token 0.10 s, total 0.12 s · draft 5/6
                       accepted (83%) · max_tokens reached
16:23:47.525 INFO:     #65 chat/completions (stream): 92 prompt tokens ·
                       temperature: 0, greedy (req), max_tokens: 171 (req),
                       min_tokens: 171 (req)
16:23:47.656 INFO:     #61 chat/completions (stream): 408 tokens generated at
                       177.9 T/s · prompt 62 tokens, none cached, 62 new in 0.07
                       s · first token 0.07 s, total 2.37 s · draft 253/465
                       accepted (54%) · max_tokens reached
16:23:47.690 INFO:     #66 chat/completions (stream): 534 prompt tokens ·
                       temperature: 0, greedy (req), max_tokens: 59 (req),
                       min_tokens: 59 (req)
16:23:48.222 INFO:     #66 chat/completions (stream): 59 tokens generated at
                       194.3 T/s · prompt 534 tokens, none cached, 534 new in
                       0.18 s (2,967 T/s) · first token 0.18 s, total 0.49 s ·
                       draft 35/72 accepted (49%) · max_tokens reached
16:23:48.255 INFO:     #67 chat/completions (stream): 63 prompt tokens ·
                       temperature: 0, greedy (req), max_tokens: 327 (req),
                       min_tokens: 327 (req)
16:23:48.757 INFO:     #65 chat/completions (stream): 171 tokens generated at
                       155.3 T/s · prompt 92 tokens, none cached, 92 new in 0.09
                       s · first token 0.09 s, total 1.20 s · draft 102/207
                       accepted (49%) · max_tokens reached
16:23:48.790 INFO:     #68 chat/completions (stream): 58 prompt tokens ·
                       temperature: 0, greedy (req), max_tokens: 312 (req),
                       min_tokens: 312 (req)
16:23:49.960 INFO:     #67 chat/completions (stream): 327 tokens generated at
                       205.7 T/s · prompt 63 tokens, none cached, 63 new in 0.07
                       s · first token 0.07 s, total 1.66 s · draft 209/354
                       accepted (59%) · max_tokens reached
16:23:49.993 INFO:     #69 chat/completions (stream): 253 prompt tokens ·
                       temperature: 0, greedy (req), max_tokens: 227 (req),
                       min_tokens: 227 (req)
16:23:50.541 INFO:     #68 chat/completions (stream): 312 tokens generated at
                       190.5 T/s · prompt 58 tokens, none cached, 58 new in 0.07
                       s · first token 0.07 s, total 1.71 s · draft 195/351
                       accepted (56%) · max_tokens reached
16:23:50.574 INFO:     #70 chat/completions (stream): 328 prompt tokens ·
                       temperature: 0, greedy (req), max_tokens: 161 (req),
                       min_tokens: 161 (req)
16:23:51.645 INFO:     #70 chat/completions (stream): 161 tokens generated at
                       199.2 T/s · prompt 328 tokens, none cached, 328 new in
                       0.22 s (1,491 T/s) · first token 0.22 s, total 1.03 s ·
                       draft 98/189 accepted (52%) · max_tokens reached
16:23:51.648 INFO:     #71 chat/completions (stream): 62 prompt tokens ·
                       temperature: 0, greedy (req), max_tokens: 158 (req),
                       min_tokens: 158 (req)
16:23:51.649 INFO:     #69 chat/completions (stream): 227 tokens generated at
                       148.2 T/s · prompt 253 tokens, none cached, 253 new in
                       0.12 s · first token 0.12 s, total 1.66 s · draft 123/312
                       accepted (39%) · max_tokens reached
16:23:51.765 INFO:     #72 chat/completions (stream): 450 prompt tokens ·
                       temperature: 0, greedy (req), max_tokens: 172 (req),
                       min_tokens: 172 (req)
16:23:52.802 INFO:     #71 chat/completions (stream): 158 tokens generated at
                       152.3 T/s · prompt 62 tokens, none cached, 62 new in 0.07
                       s · first token 0.08 s, total 1.11 s · draft 95/189
                       accepted (50%) · max_tokens reached
16:23:52.827 INFO:     #73 chat/completions (stream): 840 prompt tokens ·
                       temperature: 0, greedy (req), max_tokens: 16 (req),
                       min_tokens: 16 (req)
16:23:53.121 INFO:     #72 chat/completions (stream): 172 tokens generated at
                       213.0 T/s · prompt 450 tokens, none cached, 450 new in
                       0.25 s (1,800 T/s) · first token 0.25 s, total 1.06 s ·
                       draft 108/192 accepted (56%) · max_tokens reached
16:23:53.155 INFO:     #74 chat/completions (stream): 63 prompt tokens ·
                       temperature: 0, greedy (req), max_tokens: 373 (req),
                       min_tokens: 373 (req)
16:23:53.319 INFO:     #73 chat/completions (stream): 16 tokens generated at
                       96.2 T/s · prompt 840 tokens, none cached, 840 new in
                       0.28 s (3,000 T/s) · first token 0.29 s, total 0.45 s ·
                       draft 8/24 accepted (33%) · max_tokens reached
16:23:53.350 INFO:     #75 chat/completions (stream): 63 prompt tokens ·
                       temperature: 0, greedy (req), max_tokens: 361 (req),
                       min_tokens: 361 (req)
16:23:54.964 INFO:     #74 chat/completions (stream): 373 tokens generated at
                       220.3 T/s · prompt 63 tokens, none cached, 63 new in 0.07
                       s · first token 0.07 s, total 1.77 s · draft 245/384
                       accepted (64%) · max_tokens reached
16:23:54.996 INFO:     #76 chat/completions (stream): 64 prompt tokens ·
                       temperature: 0, greedy (req), max_tokens: 400 (req),
                       min_tokens: 400 (req)
16:23:55.410 INFO:     #75 chat/completions (stream): 361 tokens generated at
                       185.7 T/s · prompt 63 tokens, none cached, 63 new in 0.07
                       s · first token 0.07 s, total 2.02 s · draft 214/441
                       accepted (49%) · max_tokens reached
16:23:55.448 INFO:     #77 chat/completions (stream): 677 prompt tokens ·
                       temperature: 0, greedy (req), max_tokens: 6 (req),
                       min_tokens: 6 (req)
16:23:55.785 INFO:     #77 chat/completions (stream): 6 tokens generated at
                       243.0 T/s · prompt 677 tokens, none cached, 677 new in
                       0.27 s (2,507 T/s) · first token 0.27 s, total 0.30 s ·
                       draft 4/6 accepted (67%) · max_tokens reached
16:23:55.817 INFO:     #78 chat/completions (stream): 114 prompt tokens ·
                       temperature: 0, greedy (req), max_tokens: 443 (req),
                       min_tokens: 443 (req)
16:23:57.669 INFO:     #76 chat/completions (stream): 400 tokens generated at
                       156.5 T/s · prompt 64 tokens, none cached, 64 new in 0.07
                       s · first token 0.08 s, total 2.63 s · draft 228/516
                       accepted (44%) · max_tokens reached
16:23:57.705 INFO:     #79 chat/completions (stream): 739 prompt tokens ·
                       temperature: 0, greedy (req), max_tokens: 620 (req),
                       min_tokens: 620 (req)
16:23:58.427 INFO:     #78 chat/completions (stream): 443 tokens generated at
                       180.2 T/s · prompt 114 tokens, none cached, 114 new in
                       0.10 s · first token 0.10 s, total 2.56 s · draft 273/510
                       accepted (54%) · max_tokens reached
16:23:58.462 INFO:     #80 chat/completions (stream): 502 prompt tokens ·
                       temperature: 0, greedy (req), max_tokens: 8 (req),
                       min_tokens: 8 (req)
16:23:58.800 INFO:     #80 chat/completions (stream): 8 tokens generated at
                       210.7 T/s · prompt 502 tokens, none cached, 502 new in
                       0.25 s (2,008 T/s) · first token 0.25 s, total 0.29 s ·
                       draft 5/9 accepted (56%) · max_tokens reached
16:23:58.833 INFO:     #81 chat/completions (stream): 67 prompt tokens ·
                       temperature: 0, greedy (req), max_tokens: 309 (req),
                       min_tokens: 309 (req)
16:24:00.501 INFO:     #81 chat/completions (stream): 309 tokens generated at
                       199.6 T/s · prompt 67 tokens, none cached, 67 new in 0.07
                       s · first token 0.07 s, total 1.62 s · draft 190/357
                       accepted (53%) · max_tokens reached
16:24:00.535 INFO:     #82 chat/completions (stream): 684 prompt tokens ·
                       temperature: 0, greedy (req), max_tokens: 19 (req),
                       min_tokens: 19 (req)
16:24:00.934 INFO:     #82 chat/completions (stream): 19 tokens generated at
                       193.7 T/s · prompt 684 tokens, none cached, 684 new in
                       0.26 s (2,631 T/s) · first token 0.26 s, total 0.36 s ·
                       draft 11/24 accepted (46%) · max_tokens reached
16:24:00.967 INFO:     #83 chat/completions (stream): 67 prompt tokens ·
                       temperature: 0, greedy (req), max_tokens: 161 (req),
                       min_tokens: 161 (req)
16:24:01.635 INFO:     #79 chat/completions (stream): 620 tokens generated at
                       172.4 T/s · prompt 739 tokens, none cached, 739 new in
                       0.29 s (2,548 T/s) · first token 0.29 s, total 3.89 s ·
                       draft 388/696 accepted (56%) · max_tokens reached
16:24:01.668 INFO:     #84 chat/completions (stream): 345 prompt tokens ·
                       temperature: 0, greedy (req), max_tokens: 20 (req),
                       min_tokens: 20 (req)
16:24:02.023 INFO:     #84 chat/completions (stream): 20 tokens generated at
                       230.0 T/s · prompt 345 tokens, none cached, 345 new in
                       0.22 s (1,568 T/s) · first token 0.23 s, total 0.31 s ·
                       draft 13/21 accepted (62%) · max_tokens reached
16:24:02.056 INFO:     #86 chat/completions (stream): 870 prompt tokens ·
                       temperature: 0, greedy (req), max_tokens: 44 (req),
                       min_tokens: 44 (req)
16:24:02.413 INFO:     #83 chat/completions (stream): 161 tokens generated at
                       121.4 T/s · prompt 67 tokens, none cached, 67 new in 0.07
                       s · first token 0.07 s, total 1.40 s · draft 94/201
                       accepted (47%) · max_tokens reached
16:24:02.452 INFO:     #87 chat/completions (stream): 77 prompt tokens ·
                       temperature: 0, greedy (req), max_tokens: 142 (req),
                       min_tokens: 142 (req)
16:24:02.649 INFO:     #86 chat/completions (stream): 44 tokens generated at
                       168.0 T/s · prompt 870 tokens, none cached, 870 new in
                       0.28 s (3,107 T/s) · first token 0.28 s, total 0.55 s ·
                       draft 29/45 accepted (64%) · max_tokens reached
16:24:02.681 INFO:     #88 chat/completions (stream): 116 prompt tokens ·
                       temperature: 0, greedy (req), max_tokens: 79 (req),
                       min_tokens: 79 (req)
16:24:03.087 INFO:     #88 chat/completions (stream): 79 tokens generated at
                       299.8 T/s · prompt 116 tokens, none cached, 116 new in
                       0.10 s · first token 0.10 s, total 0.37 s · draft 58/63
                       accepted (92%) · max_tokens reached
16:24:03.119 INFO:     #89 chat/completions (stream): 121 prompt tokens ·
                       temperature: 0, greedy (req), max_tokens: 9 (req),
                       min_tokens: 9 (req)
16:24:03.312 INFO:     #89 chat/completions (stream): 9 tokens generated at
                       184.2 T/s · prompt 121 tokens, none cached, 121 new in
                       0.10 s · first token 0.10 s, total 0.15 s · draft 5/12
                       accepted (42%) · max_tokens reached
16:24:03.344 INFO:     #90 chat/completions (stream): 188 prompt tokens ·
                       temperature: 0, greedy (req), max_tokens: 337 (req),
                       min_tokens: 337 (req)
16:24:03.511 INFO:     #87 chat/completions (stream): 142 tokens generated at
                       151.7 T/s · prompt 77 tokens, none cached, 77 new in 0.08
                       s · first token 0.08 s, total 1.02 s · draft 88/162
                       accepted (54%) · max_tokens reached
16:24:03.545 INFO:     #91 chat/completions (stream): 546 prompt tokens ·
                       temperature: 0, greedy (req), max_tokens: 16 (req),
                       min_tokens: 16 (req)
16:24:03.871 INFO:     #91 chat/completions (stream): 16 tokens generated at
                       256.1 T/s · prompt 546 tokens, none cached, 546 new in
                       0.22 s (2,482 T/s) · first token 0.22 s, total 0.29 s ·
                       draft 11/15 accepted (73%) · max_tokens reached
16:24:03.904 INFO:     #92 chat/completions (stream): 346 prompt tokens ·
                       temperature: 0, greedy (req), max_tokens: 18 (req),
                       min_tokens: 18 (req)
16:24:04.243 INFO:     #92 chat/completions (stream): 18 tokens generated at
                       240.9 T/s · prompt 346 tokens, none cached, 346 new in
                       0.22 s (1,573 T/s) · first token 0.22 s, total 0.30 s ·
                       draft 12/18 accepted (67%) · max_tokens reached
16:24:04.276 INFO:     #93 chat/completions (stream): 399 prompt tokens ·
                       temperature: 0, greedy (req), max_tokens: 350 (req),
                       min_tokens: 350 (req)
16:24:05.661 INFO:     #90 chat/completions (stream): 337 tokens generated at
                       155.1 T/s · prompt 188 tokens, none cached, 188 new in
                       0.10 s · first token 0.10 s, total 2.28 s · draft 218/357
                       accepted (61%) · max_tokens reached
16:24:05.695 INFO:     #94 chat/completions (stream): 832 prompt tokens ·
                       temperature: 0, greedy (req), max_tokens: 25 (req),
                       min_tokens: 25 (req)
16:24:06.116 INFO:     #94 chat/completions (stream): 25 tokens generated at
                       251.9 T/s · prompt 832 tokens, none cached, 832 new in
                       0.27 s (3,081 T/s) · first token 0.27 s, total 0.37 s ·
                       draft 17/24 accepted (71%) · max_tokens reached
16:24:06.148 INFO:     #95 chat/completions (stream): 62 prompt tokens ·
                       temperature: 0, greedy (req), max_tokens: 163 (req),
                       min_tokens: 163 (req)
16:24:06.647 INFO:     #93 chat/completions (stream): 350 tokens generated at
                       171.6 T/s · prompt 399 tokens, none cached, 399 new in
                       0.28 s (1,425 T/s) · first token 0.29 s, total 2.32 s ·
                       draft 216/402 accepted (54%) · max_tokens reached
16:24:06.681 INFO:     #96 chat/completions (stream): 794 prompt tokens ·
                       temperature: 0, greedy (req), max_tokens: 12 (req),
                       min_tokens: 12 (req)
16:24:07.009 INFO:     #96 chat/completions (stream): 12 tokens generated at
                       231.8 T/s · prompt 794 tokens, none cached, 794 new in
                       0.23 s (3,452 T/s) · first token 0.23 s, total 0.29 s ·
                       draft 8/12 accepted (67%) · max_tokens reached
16:24:07.042 INFO:     #97 chat/completions (stream): 489 prompt tokens ·
                       temperature: 0, greedy (req), max_tokens: 32 (req),
                       min_tokens: 32 (req)
16:24:07.480 INFO:     #97 chat/completions (stream): 32 tokens generated at
                       219.3 T/s · prompt 489 tokens, none cached, 489 new in
                       0.24 s (2,038 T/s) · first token 0.24 s, total 0.39 s ·
                       draft 21/33 accepted (64%) · max_tokens reached
16:24:07.513 INFO:     #98 chat/completions (stream): 378 prompt tokens ·
                       temperature: 0, greedy (req), max_tokens: 447 (req),
                       min_tokens: 447 (req)
16:24:07.799 INFO:     #95 chat/completions (stream): 163 tokens generated at
                       113.4 T/s · prompt 62 tokens, none cached, 62 new in 0.07
                       s · first token 0.07 s, total 1.51 s · draft 95/204
                       accepted (47%) · max_tokens reached
16:24:07.832 INFO:     #99 chat/completions (stream): 72 prompt tokens ·
                       temperature: 0, greedy (req), max_tokens: 731 (req),
                       min_tokens: 731 (req)
16:24:10.081 INFO:     #98 chat/completions (stream): 447 tokens generated at
                       196.0 T/s · prompt 378 tokens, none cached, 378 new in
                       0.24 s (1,575 T/s) · first token 0.25 s, total 2.53 s ·
                       draft 276/513 accepted (54%) · max_tokens reached
16:24:10.114 INFO:     #100 chat/completions (stream): 76 prompt tokens ·
                       temperature: 0, greedy (req), max_tokens: 393 (req),
                       min_tokens: 393 (req)
16:24:11.523 INFO:     #99 chat/completions (stream): 731 tokens generated at
                       204.9 T/s · prompt 72 tokens, none cached, 72 new in 0.08
                       s · first token 0.08 s, total 3.65 s · draft 461/810
                       accepted (57%) · max_tokens reached
16:24:11.555 INFO:     #101 chat/completions (stream): 60 prompt tokens ·
                       temperature: 0, greedy (req), max_tokens: 636 (req),
                       min_tokens: 636 (req)
16:24:12.146 INFO:     #100 chat/completions (stream): 393 tokens generated at
                       206.0 T/s · prompt 76 tokens, none cached, 76 new in 0.08
                       s · first token 0.09 s, total 1.99 s · draft 250/429
                       accepted (58%) · max_tokens reached
16:24:12.180 INFO:     #102 chat/completions (stream): 87 prompt tokens ·
                       temperature: 0, greedy (req), max_tokens: 38 (req),
                       min_tokens: 38 (req)
16:24:12.460 INFO:     #102 chat/completions (stream): 38 tokens generated at
                       270.8 T/s · prompt 87 tokens, none cached, 87 new in 0.08
                       s · first token 0.08 s, total 0.23 s · draft 27/33
                       accepted (82%) · max_tokens reached
16:24:12.492 INFO:     #103 chat/completions (stream): 132 prompt tokens ·
                       temperature: 0, greedy (req), max_tokens: 61 (req),
                       min_tokens: 61 (req)
16:24:12.849 INFO:     #103 chat/completions (stream): 61 tokens generated at
                       296.4 T/s · prompt 132 tokens, none cached, 132 new in
                       0.10 s · first token 0.10 s, total 0.31 s · draft 45/48
                       accepted (94%) · max_tokens reached
16:24:12.882 INFO:     #104 chat/completions (stream): 76 prompt tokens ·
                       temperature: 0, greedy (req), max_tokens: 411 (req),
                       min_tokens: 411 (req)
16:24:14.685 INFO:     #101 chat/completions (stream): 636 tokens generated at
                       211.1 T/s · prompt 60 tokens, none cached, 60 new in 0.07
                       s · first token 0.08 s, total 3.09 s · draft 420/648
                       accepted (65%) · max_tokens reached
16:24:14.717 INFO:     #105 chat/completions (stream): 68 prompt tokens ·
                       temperature: 0, greedy (req), max_tokens: 367 (req),
                       min_tokens: 367 (req)
16:24:14.951 INFO:     #104 chat/completions (stream): 411 tokens generated at
                       211.2 T/s · prompt 76 tokens, none cached, 76 new in 0.08
                       s · first token 0.08 s, total 2.03 s · draft 264/441
                       accepted (60%) · max_tokens reached
16:24:14.982 INFO:     #106 chat/completions (stream): 123 prompt tokens ·
                       temperature: 0, greedy (req), max_tokens: 289 (req),
                       min_tokens: 289 (req)
16:24:16.505 INFO:     #106 chat/completions (stream): 289 tokens generated at
                       209.8 T/s · prompt 123 tokens, none cached, 123 new in
                       0.10 s · first token 0.10 s, total 1.48 s · draft 182/321
                       accepted (57%) · max_tokens reached
16:24:16.537 INFO:     #107 chat/completions (stream): 101 prompt tokens ·
                       temperature: 0, greedy (req), max_tokens: 518 (req),
                       min_tokens: 518 (req)
16:24:16.939 INFO:     #105 chat/completions (stream): 367 tokens generated at
                       174.7 T/s · prompt 68 tokens, none cached, 68 new in 0.07
                       s · first token 0.08 s, total 2.18 s · draft 216/453
                       accepted (48%) · max_tokens reached
16:24:16.971 INFO:     #108 chat/completions (stream): 145 prompt tokens ·
                       temperature: 0, greedy (req), max_tokens: 144 (req),
                       min_tokens: 144 (req)
16:24:17.764 INFO:     #108 chat/completions (stream): 144 tokens generated at
                       224.8 T/s · prompt 145 tokens, none cached, 145 new in
                       0.11 s · first token 0.11 s, total 0.76 s · draft 94/150
                       accepted (63%) · max_tokens reached
16:24:17.797 INFO:     #110 chat/completions (stream): 360 prompt tokens ·
                       temperature: 0, greedy (req), max_tokens: 8 (req),
                       min_tokens: 8 (req)
16:24:18.108 INFO:     #110 chat/completions (stream): 8 tokens generated at
                       215.0 T/s · prompt 360 tokens, none cached, 360 new in
                       0.23 s (1,565 T/s) · first token 0.24 s, total 0.27 s ·
                       draft 5/9 accepted (56%) · max_tokens reached
16:24:18.141 INFO:     #111 chat/completions (stream): 469 prompt tokens ·
                       temperature: 0, greedy (req), max_tokens: 465 (req),
                       min_tokens: 465 (req)
16:24:20.226 INFO:     #107 chat/completions (stream): 518 tokens generated at
                       145.1 T/s · prompt 101 tokens, none cached, 101 new in
                       0.09 s · first token 0.10 s, total 3.67 s · draft 281/711
                       accepted (40%) · max_tokens reached
16:24:20.228 INFO:     #111 chat/completions (stream): 465 tokens generated at
                       253.0 T/s · prompt 469 tokens, none cached, 469 new in
                       0.24 s (1,954 T/s) · first token 0.24 s, total 2.08 s ·
                       draft 323/426 accepted (76%) · max_tokens reached
16:24:20.230 INFO:     #112 chat/completions (stream): 327 prompt tokens ·
                       temperature: 0, greedy (req), max_tokens: 420 (req),
                       min_tokens: 420 (req)
16:24:20.232 INFO:     #113 chat/completions (stream): 93 prompt tokens ·
                       temperature: 0, greedy (req), max_tokens: 298 (req),
                       min_tokens: 298 (req)
16:24:21.994 INFO:     #113 chat/completions (stream): 298 tokens generated at
                       198.8 T/s · prompt 93 tokens, none cached, 93 new in 0.09
                       s · queued 0.14 s, first token 0.23 s, total 1.72 s ·
                       draft 187/333 accepted (56%) · max_tokens reached
16:24:22.026 INFO:     #114 chat/completions (stream): 126 prompt tokens ·
                       temperature: 0, greedy (req), max_tokens: 325 (req),
                       min_tokens: 325 (req)
16:24:22.784 INFO:     #112 chat/completions (stream): 420 tokens generated at
                       191.1 T/s · prompt 327 tokens, none cached, 327 new in
                       0.30 s (1,090 T/s) · first token 0.31 s, total 2.51 s ·
                       draft 255/495 accepted (52%) · max_tokens reached
16:24:22.816 INFO:     #115 chat/completions (stream): 487 prompt tokens ·
                       temperature: 0, greedy (req), max_tokens: 7 (req),
                       min_tokens: 7 (req)
16:24:23.131 INFO:     #115 chat/completions (stream): 7 tokens generated at
                       282.1 T/s · prompt 487 tokens, none cached, 487 new in
                       0.24 s (2,029 T/s) · first token 0.25 s, total 0.27 s ·
                       draft 5/6 accepted (83%) · max_tokens reached
16:24:23.165 INFO:     #116 chat/completions (stream): 334 prompt tokens ·
                       temperature: 0, greedy (req), max_tokens: 377 (req),
                       min_tokens: 377 (req)
16:24:24.201 INFO:     #114 chat/completions (stream): 325 tokens generated at
                       160.7 T/s · prompt 126 tokens, none cached, 126 new in
                       0.10 s · first token 0.11 s, total 2.13 s · draft 200/375
                       accepted (53%) · max_tokens reached
16:24:24.239 INFO:     #117 chat/completions (stream): 841 prompt tokens ·
                       temperature: 0, greedy (req), max_tokens: 429 (req),
                       min_tokens: 429 (req)
16:24:25.745 INFO:     #116 chat/completions (stream): 377 tokens generated at
                       162.3 T/s · prompt 334 tokens, none cached, 334 new in
                       0.21 s (1,590 T/s) · first token 0.21 s, total 2.54 s ·
                       draft 225/456 accepted (49%) · max_tokens reached
16:24:25.777 INFO:     #118 chat/completions (stream): 57 prompt tokens ·
                       temperature: 0, greedy (req), max_tokens: 99 (req),
                       min_tokens: 99 (req)
16:24:26.313 INFO:     #118 chat/completions (stream): 99 tokens generated at
                       234.0 T/s · prompt 57 tokens, none cached, 57 new in 0.07
                       s · first token 0.08 s, total 0.50 s · draft 66/99
                       accepted (67%) · max_tokens reached
16:24:26.345 INFO:     #119 chat/completions (stream): 147 prompt tokens ·
                       temperature: 0, greedy (req), max_tokens: 30 (req),
                       min_tokens: 30 (req)
16:24:26.595 INFO:     #119 chat/completions (stream): 30 tokens generated at
                       264.9 T/s · prompt 147 tokens, none cached, 147 new in
                       0.09 s · first token 0.10 s, total 0.21 s · draft 21/27
                       accepted (78%) · max_tokens reached
16:24:26.627 INFO:     #120 chat/completions (stream): 232 prompt tokens ·
                       temperature: 0, greedy (req), max_tokens: 78 (req),
                       min_tokens: 78 (req)
16:24:27.034 INFO:     #120 chat/completions (stream): 78 tokens generated at
                       308.3 T/s · prompt 232 tokens, none cached, 232 new in
                       0.11 s · first token 0.11 s, total 0.37 s · draft 58/60
                       accepted (97%) · max_tokens reached
16:24:27.066 INFO:     #121 chat/completions (stream): 63 prompt tokens ·
                       temperature: 0, greedy (req), max_tokens: 321 (req),
                       min_tokens: 321 (req)
16:24:27.445 INFO:     #117 chat/completions (stream): 429 tokens generated at
                       151.0 T/s · prompt 841 tokens, none cached, 841 new in
                       0.31 s (2,713 T/s) · first token 0.32 s, total 3.16 s ·
                       draft 234/585 accepted (40%) · max_tokens reached
16:24:27.477 INFO:     #122 chat/completions (stream): 78 prompt tokens ·
                       temperature: 0, greedy (req), max_tokens: 254 (req),
                       min_tokens: 254 (req)
16:24:28.791 INFO:     #122 chat/completions (stream): 254 tokens generated at
                       213.5 T/s · prompt 78 tokens, none cached, 78 new in 0.08
                       s · first token 0.08 s, total 1.27 s · draft 161/279
                       accepted (58%) · max_tokens reached
16:24:28.822 INFO:     #123 chat/completions (stream): 63 prompt tokens ·
                       temperature: 0, greedy (req), max_tokens: 194 (req),
                       min_tokens: 194 (req)
16:24:29.090 INFO:     #121 chat/completions (stream): 321 tokens generated at
                       168.3 T/s · prompt 63 tokens, none cached, 63 new in 0.07
                       s · first token 0.07 s, total 1.98 s · draft 182/417
                       accepted (44%) · max_tokens reached
16:24:29.124 INFO:     #124 chat/completions (stream): 629 prompt tokens ·
                       temperature: 0, greedy (req), max_tokens: 9 (req),
                       min_tokens: 9 (req)
16:24:29.480 INFO:     #124 chat/completions (stream): 9 tokens generated at
                       194.1 T/s · prompt 629 tokens, none cached, 629 new in
                       0.26 s (2,419 T/s) · first token 0.26 s, total 0.31 s ·
                       draft 6/9 accepted (67%) · max_tokens reached
16:24:29.512 INFO:     #125 chat/completions (stream): 57 prompt tokens ·
                       temperature: 0, greedy (req), max_tokens: 78 (req),
                       min_tokens: 78 (req)
16:24:30.043 INFO:     #125 chat/completions (stream): 78 tokens generated at
                       186.8 T/s · prompt 57 tokens, none cached, 57 new in 0.07
                       s · first token 0.08 s, total 0.49 s · draft 45/99
                       accepted (45%) · max_tokens reached
16:24:30.077 INFO:     #126 chat/completions (stream): 148 prompt tokens ·
                       temperature: 0, greedy (req), max_tokens: 15 (req),
                       min_tokens: 15 (req)
16:24:30.246 INFO:     #126 chat/completions (stream): 15 tokens generated at
                       236.3 T/s · prompt 148 tokens, none cached, 148 new in
                       0.09 s · first token 0.10 s, total 0.16 s · draft 10/15
                       accepted (67%) · max_tokens reached
16:24:30.246 INFO:     #123 chat/completions (stream): 194 tokens generated at
                       144.0 T/s · prompt 63 tokens, none cached, 63 new in 0.07
                       s · first token 0.08 s, total 1.42 s · draft 118/228
                       accepted (52%) · max_tokens reached
16:24:30.250 INFO:     #127 chat/completions (stream): 346 prompt tokens ·
                       temperature: 0, greedy (req), max_tokens: 11 (req),
                       min_tokens: 11 (req)
16:24:30.252 INFO:     #128 chat/completions (stream): 74 prompt tokens ·
                       temperature: 0, greedy (req), max_tokens: 296 (req),
                       min_tokens: 296 (req)
16:24:30.652 INFO:     #127 chat/completions (stream): 11 tokens generated at
                       221.3 T/s · prompt 346 tokens, none cached, 346 new in
                       0.30 s (1,153 T/s) · first token 0.31 s, total 0.36 s ·
                       draft 7/12 accepted (58%) · max_tokens reached
16:24:30.685 INFO:     #129 chat/completions (stream): 468 prompt tokens ·
                       temperature: 0, greedy (req), max_tokens: 17 (req),
                       min_tokens: 17 (req)
16:24:31.048 INFO:     #129 chat/completions (stream): 17 tokens generated at
                       228.4 T/s · prompt 468 tokens, none cached, 468 new in
                       0.24 s (1,950 T/s) · first token 0.24 s, total 0.32 s ·
                       draft 11/18 accepted (61%) · max_tokens reached
16:24:31.081 INFO:     #130 chat/completions (stream): 400 prompt tokens ·
                       temperature: 0, greedy (req), max_tokens: 4 (req),
                       min_tokens: 4 (req)
16:24:31.384 INFO:     #130 chat/completions (stream): 4 tokens generated at
                       329.8 T/s · prompt 400 tokens, none cached, 400 new in
                       0.24 s (1,667 T/s) · first token 0.25 s, total 0.26 s ·
                       draft 3/3 accepted (100%) · max_tokens reached
16:24:31.423 INFO:     #131 chat/completions (stream): 216 prompt tokens ·
                       temperature: 0, greedy (req), max_tokens: 30 (req),
                       min_tokens: 30 (req)
16:24:31.685 INFO:     #131 chat/completions (stream): 30 tokens generated at
                       257.9 T/s · prompt 216 tokens, none cached, 216 new in
                       0.10 s · first token 0.11 s, total 0.22 s · draft 21/27
                       accepted (78%) · max_tokens reached
16:24:31.719 INFO:     #132 chat/completions (stream): 200 prompt tokens ·
                       temperature: 0, greedy (req), max_tokens: 12 (req),
                       min_tokens: 12 (req)
16:24:31.916 INFO:     #132 chat/completions (stream): 12 tokens generated at
                       240.8 T/s · prompt 200 tokens, none cached, 200 new in
                       0.10 s · first token 0.10 s, total 0.15 s · draft 8/12
                       accepted (67%) · max_tokens reached
16:24:31.948 INFO:     #133 chat/completions (stream): 160 prompt tokens ·
                       temperature: 0, greedy (req), max_tokens: 60 (req),
                       min_tokens: 60 (req)
16:24:32.393 INFO:     #133 chat/completions (stream): 60 tokens generated at
                       194.6 T/s · prompt 160 tokens, none cached, 160 new in
                       0.09 s · first token 0.09 s, total 0.40 s · draft 36/72
                       accepted (50%) · max_tokens reached
16:24:32.438 INFO:     #135 chat/completions (stream): 572 prompt tokens ·
                       temperature: 0, greedy (req), max_tokens: 60 (req),
                       min_tokens: 60 (req)
16:24:32.979 INFO:     #135 chat/completions (stream): 60 tokens generated at
                       207.8 T/s · prompt 572 tokens, none cached, 572 new in
                       0.23 s (2,487 T/s) · first token 0.24 s, total 0.52 s ·
                       draft 37/69 accepted (54%) · max_tokens reached
16:24:32.981 INFO:     #128 chat/completions (stream): 296 tokens generated at
                       117.7 T/s · prompt 74 tokens, none cached, 74 new in 0.08
                       s · queued 0.13 s, first token 0.21 s, total 2.73 s ·
                       draft 177/357 accepted (50%) · max_tokens reached
16:24:32.983 INFO:     #136 chat/completions (stream): 68 prompt tokens ·
                       temperature: 0, greedy (req), max_tokens: 733 (req),
                       min_tokens: 733 (req)
16:24:32.985 INFO:     #137 chat/completions (stream): 59 prompt tokens ·
                       temperature: 0, greedy (req), max_tokens: 81 (req),
                       min_tokens: 81 (req)
16:24:33.631 INFO:     #137 chat/completions (stream): 81 tokens generated at
                       178.5 T/s · prompt 59 tokens, none cached, 59 new in 0.07
                       s · first token 0.15 s, total 0.61 s · draft 46/105
                       accepted (44%) · max_tokens reached
16:24:33.665 INFO:     #138 chat/completions (stream): 694 prompt tokens ·
                       temperature: 0, greedy (req), max_tokens: 34 (req),
                       min_tokens: 34 (req)
16:24:34.094 INFO:     #138 chat/completions (stream): 34 tokens generated at
                       265.5 T/s · prompt 694 tokens, none cached, 694 new in
                       0.25 s (2,776 T/s) · first token 0.26 s, total 0.38 s ·
                       draft 24/30 accepted (80%) · max_tokens reached
16:24:34.126 INFO:     #139 chat/completions (stream): 66 prompt tokens ·
                       temperature: 0, greedy (req), max_tokens: 198 (req),
                       min_tokens: 198 (req)
16:24:35.062 INFO:     #139 chat/completions (stream): 198 tokens generated at
                       242.1 T/s · prompt 66 tokens, none cached, 66 new in 0.07
                       s · first token 0.08 s, total 0.89 s · draft 135/189
                       accepted (71%) · max_tokens reached
16:24:35.095 INFO:     #140 chat/completions (stream): 477 prompt tokens ·
                       temperature: 0, greedy (req), max_tokens: 38 (req),
                       min_tokens: 38 (req)
16:24:35.591 INFO:     #140 chat/completions (stream): 38 tokens generated at
                       185.0 T/s · prompt 477 tokens, none cached, 477 new in
                       0.24 s (1,988 T/s) · first token 0.24 s, total 0.45 s ·
                       draft 23/45 accepted (51%) · max_tokens reached
16:24:35.624 INFO:     #141 chat/completions (stream): 80 prompt tokens ·
                       temperature: 0, greedy (req), max_tokens: 49 (req),
                       min_tokens: 49 (req)
16:24:35.941 INFO:     #141 chat/completions (stream): 49 tokens generated at
                       256.5 T/s · prompt 80 tokens, none cached, 80 new in 0.08
                       s · first token 0.09 s, total 0.28 s · draft 34/45
                       accepted (76%) · max_tokens reached
16:24:35.973 INFO:     #142 chat/completions (stream): 124 prompt tokens ·
                       temperature: 0, greedy (req), max_tokens: 635 (req),
                       min_tokens: 635 (req)
16:24:37.544 INFO:     #136 chat/completions (stream): 733 tokens generated at
                       167.9 T/s · prompt 68 tokens, none cached, 68 new in 0.14
                       s · first token 0.15 s, total 4.52 s · draft 448/855
                       accepted (52%) · max_tokens reached
16:24:37.577 INFO:     #143 chat/completions (stream): 411 prompt tokens ·
                       temperature: 0, greedy (req), max_tokens: 7 (req),
                       min_tokens: 7 (req)
16:24:37.877 INFO:     #143 chat/completions (stream): 7 tokens generated at
                       286.0 T/s · prompt 411 tokens, none cached, 411 new in
                       0.23 s (1,787 T/s) · first token 0.24 s, total 0.26 s ·
                       draft 5/6 accepted (83%) · max_tokens reached
16:24:37.909 INFO:     #144 chat/completions (stream): 315 prompt tokens ·
                       temperature: 0, greedy (req), max_tokens: 707 (req),
                       min_tokens: 707 (req)
16:24:39.311 INFO:     #142 chat/completions (stream): 635 tokens generated at
                       198.9 T/s · prompt 124 tokens, none cached, 124 new in
                       0.10 s · first token 0.10 s, total 3.30 s · draft 419/648
                       accepted (65%) · max_tokens reached
16:24:39.344 INFO:     #145 chat/completions (stream): 77 prompt tokens ·
                       temperature: 0, greedy (req), max_tokens: 380 (req),
                       min_tokens: 380 (req)
16:24:41.337 INFO:     #145 chat/completions (stream): 380 tokens generated at
                       203.2 T/s · prompt 77 tokens, none cached, 77 new in 0.08
                       s · first token 0.09 s, total 1.96 s · draft 232/444
                       accepted (52%) · max_tokens reached
16:24:41.370 INFO:     #146 chat/completions (stream): 266 prompt tokens ·
                       temperature: 0, greedy (req), max_tokens: 147 (req),
                       min_tokens: 147 (req)
16:24:41.955 INFO:     #144 chat/completions (stream): 707 tokens generated at
                       186.4 T/s · prompt 315 tokens, none cached, 315 new in
                       0.21 s (1,500 T/s) · first token 0.21 s, total 4.01 s ·
                       draft 427/840 accepted (51%) · max_tokens reached
16:24:41.988 INFO:     #147 chat/completions (stream): 232 prompt tokens ·
                       temperature: 0, greedy (req), max_tokens: 41 (req),
                       min_tokens: 41 (req)
16:24:42.176 INFO:     #146 chat/completions (stream): 147 tokens generated at
                       248.5 T/s · prompt 266 tokens, none cached, 266 new in
                       0.17 s (1,565 T/s) · first token 0.17 s, total 0.77 s ·
                       draft 108/117 accepted (92%) · max_tokens reached
16:24:42.209 INFO:     #148 chat/completions (stream): 137 prompt tokens ·
                       temperature: 0, greedy (req), max_tokens: 101 (req),
                       min_tokens: 101 (req)
16:24:42.408 INFO:     #147 chat/completions (stream): 41 tokens generated at
                       153.5 T/s · prompt 232 tokens, none cached, 232 new in
                       0.11 s · first token 0.11 s, total 0.38 s · draft 27/42
                       accepted (64%) · max_tokens reached
16:24:42.443 INFO:     #149 chat/completions (stream): 135 prompt tokens ·
                       temperature: 0, greedy (req), max_tokens: 433 (req),
                       min_tokens: 433 (req)
16:24:42.945 INFO:     #148 chat/completions (stream): 101 tokens generated at
                       172.2 T/s · prompt 137 tokens, none cached, 137 new in
                       0.10 s · first token 0.10 s, total 0.69 s · draft 62/117
                       accepted (53%) · max_tokens reached
16:24:42.979 INFO:     #150 chat/completions (stream): 456 prompt tokens ·
                       temperature: 0, greedy (req), max_tokens: 342 (req),
                       min_tokens: 342 (req)
16:24:44.774 INFO:     #149 chat/completions (stream): 433 tokens generated at
                       198.6 T/s · prompt 135 tokens, none cached, 135 new in
                       0.10 s · first token 0.10 s, total 2.29 s · draft 281/456
                       accepted (62%) · max_tokens reached
16:24:44.808 INFO:     #151 chat/completions (stream): 301 prompt tokens ·
                       temperature: 0, greedy (req), max_tokens: 14 (req),
                       min_tokens: 14 (req)
16:24:45.062 INFO:     #150 chat/completions (stream): 342 tokens generated at
                       190.4 T/s · prompt 456 tokens, none cached, 456 new in
                       0.24 s (1,900 T/s) · first token 0.25 s, total 2.04 s ·
                       draft 217/375 accepted (58%) · max_tokens reached
16:24:45.076 INFO:     #152 chat/completions (stream): 823 prompt tokens ·
                       temperature: 0, greedy (req), max_tokens: 11 (req),
                       min_tokens: 11 (req)
16:24:45.256 INFO:     #151 chat/completions (stream): 14 tokens generated at
                       221.3 T/s · prompt 301 tokens, none cached, 301 new in
                       0.20 s (1,505 T/s) · first token 0.20 s, total 0.27 s ·
                       draft 8/18 accepted (44%) · max_tokens reached
16:24:45.362 INFO:     #153 chat/completions (stream): 80 prompt tokens ·
                       temperature: 0, greedy (req), max_tokens: 159 (req),
                       min_tokens: 159 (req)
16:24:45.487 INFO:     #152 chat/completions (stream): 11 tokens generated at
                       352.2 T/s · prompt 823 tokens, none cached, 823 new in
                       0.25 s (3,292 T/s) · first token 0.25 s, total 0.29 s ·
                       draft 8/9 accepted (89%) · max_tokens reached
16:24:45.520 INFO:     #154 chat/completions (stream): 71 prompt tokens ·
                       temperature: 0, greedy (req), max_tokens: 749 (req),
                       min_tokens: 749 (req)
16:24:46.223 INFO:     #153 chat/completions (stream): 159 tokens generated at
                       216.2 T/s · prompt 80 tokens, none cached, 80 new in 0.08
                       s · first token 0.08 s, total 0.82 s · draft 106/159
                       accepted (67%) · max_tokens reached
16:24:46.256 INFO:     #155 chat/completions (stream): 181 prompt tokens ·
                       temperature: 0, greedy (req), max_tokens: 482 (req),
                       min_tokens: 482 (req)
16:24:48.874 INFO:     #155 chat/completions (stream): 482 tokens generated at
                       194.8 T/s · prompt 181 tokens, none cached, 181 new in
                       0.10 s · first token 0.11 s, total 2.58 s · draft 290/576
                       accepted (50%) · max_tokens reached
16:24:48.907 INFO:     #157 chat/completions (stream): 336 prompt tokens ·
                       temperature: 0, greedy (req), max_tokens: 772 (req),
                       min_tokens: 772 (req)
16:24:49.181 INFO:     #154 chat/completions (stream): 749 tokens generated at
                       211.5 T/s · prompt 71 tokens, none cached, 71 new in 0.07
                       s · first token 0.07 s, total 3.62 s · draft 494/765
                       accepted (65%) · max_tokens reached
16:24:49.216 INFO:     #158 chat/completions (stream): 410 prompt tokens ·
                       temperature: 0, greedy (req), max_tokens: 34 (req),
                       min_tokens: 34 (req)
16:24:49.637 INFO:     #158 chat/completions (stream): 34 tokens generated at
                       229.8 T/s · prompt 410 tokens, none cached, 410 new in
                       0.23 s (1,783 T/s) · first token 0.23 s, total 0.38 s ·
                       draft 22/36 accepted (61%) · max_tokens reached
16:24:49.671 INFO:     #159 chat/completions (stream): 241 prompt tokens ·
                       temperature: 0, greedy (req), max_tokens: 9 (req),
                       min_tokens: 9 (req)
16:24:49.889 INFO:     #159 chat/completions (stream): 9 tokens generated at
                       179.0 T/s · prompt 241 tokens, none cached, 241 new in
                       0.12 s · first token 0.13 s, total 0.18 s · draft 5/12
                       accepted (42%) · max_tokens reached
16:24:49.922 INFO:     #160 chat/completions (stream): 68 prompt tokens ·
                       temperature: 0, greedy (req), max_tokens: 539 (req),
                       min_tokens: 539 (req)
16:24:52.694 INFO:     #160 chat/completions (stream): 539 tokens generated at
                       203.4 T/s · prompt 68 tokens, none cached, 68 new in 0.07
                       s · first token 0.07 s, total 2.73 s · draft 333/618
                       accepted (54%) · max_tokens reached
16:24:52.727 INFO:     #161 chat/completions (stream): 59 prompt tokens ·
                       temperature: 0, greedy (req), max_tokens: 82 (req),
                       min_tokens: 82 (req)
16:24:53.031 INFO:     #157 chat/completions (stream): 772 tokens generated at
                       199.3 T/s · prompt 336 tokens, none cached, 336 new in
                       0.20 s (1,680 T/s) · first token 0.21 s, total 4.08 s ·
                       draft 504/804 accepted (63%) · max_tokens reached
16:24:53.064 INFO:     #162 chat/completions (stream): 424 prompt tokens ·
                       temperature: 0, greedy (req), max_tokens: 590 (req),
                       min_tokens: 590 (req)
16:24:53.445 INFO:     #161 chat/completions (stream): 82 tokens generated at
                       135.7 T/s · prompt 59 tokens, none cached, 59 new in 0.07
                       s · first token 0.07 s, total 0.68 s · draft 50/96
                       accepted (52%) · max_tokens reached
16:24:53.477 INFO:     #163 chat/completions (stream): 126 prompt tokens ·
                       temperature: 0, greedy (req), max_tokens: 273 (req),
                       min_tokens: 273 (req)
16:24:55.034 INFO:     #163 chat/completions (stream): 273 tokens generated at
                       193.0 T/s · prompt 126 tokens, none cached, 126 new in
                       0.10 s · first token 0.10 s, total 1.52 s · draft 163/330
                       accepted (49%) · max_tokens reached
16:24:55.067 INFO:     #164 chat/completions (stream): 522 prompt tokens ·
                       temperature: 0, greedy (req), max_tokens: 21 (req),
                       min_tokens: 21 (req)
16:24:55.397 INFO:     #164 chat/completions (stream): 21 tokens generated at
                       210.0 T/s · prompt 522 tokens, none cached, 522 new in
                       0.18 s (2,900 T/s) · first token 0.19 s, total 0.29 s ·
                       draft 13/24 accepted (54%) · max_tokens reached
16:24:55.440 INFO:     #165 chat/completions (stream): 707 prompt tokens ·
                       temperature: 0, greedy (req), max_tokens: 16 (req),
                       min_tokens: 16 (req)
16:24:55.820 INFO:     #165 chat/completions (stream): 16 tokens generated at
                       254.4 T/s · prompt 707 tokens, none cached, 707 new in
                       0.27 s (2,619 T/s) · first token 0.28 s, total 0.34 s ·
                       draft 11/15 accepted (73%) · max_tokens reached
16:24:55.855 INFO:     #166 chat/completions (stream): 853 prompt tokens ·
                       temperature: 0, greedy (req), max_tokens: 6 (req),
                       min_tokens: 6 (req)
16:24:56.209 INFO:     #166 chat/completions (stream): 6 tokens generated at
                       235.3 T/s · prompt 853 tokens, none cached, 853 new in
                       0.28 s (3,046 T/s) · first token 0.28 s, total 0.31 s ·
                       draft 4/6 accepted (67%) · max_tokens reached
16:24:56.240 INFO:     #167 chat/completions (stream): 58 prompt tokens ·
                       temperature: 0, greedy (req), max_tokens: 261 (req),
                       min_tokens: 261 (req)
16:24:56.826 INFO:     #162 chat/completions (stream): 590 tokens generated at
                       168.9 T/s · prompt 424 tokens, none cached, 424 new in
                       0.22 s (1,927 T/s) · first token 0.22 s, total 3.72 s ·
                       draft 382/624 accepted (61%) · max_tokens reached
16:24:56.857 INFO:     #168 chat/completions (stream): 121 prompt tokens ·
                       temperature: 0, greedy (req), max_tokens: 355 (req),
                       min_tokens: 355 (req)
16:24:57.837 INFO:     #167 chat/completions (stream): 261 tokens generated at
                       176.0 T/s · prompt 58 tokens, none cached, 58 new in 0.07
                       s · first token 0.07 s, total 1.56 s · draft 153/324
                       accepted (47%) · max_tokens reached
16:24:57.870 INFO:     #169 chat/completions (stream): 364 prompt tokens ·
                       temperature: 0, greedy (req), max_tokens: 16 (req),
                       min_tokens: 16 (req)
16:24:58.220 INFO:     #169 chat/completions (stream): 16 tokens generated at
                       214.6 T/s · prompt 364 tokens, none cached, 364 new in
                       0.23 s (1,583 T/s) · first token 0.23 s, total 0.31 s ·
                       draft 10/18 accepted (56%) · max_tokens reached
16:24:58.253 INFO:     #170 chat/completions (stream): 100 prompt tokens ·
                       temperature: 0, greedy (req), max_tokens: 152 (req),
                       min_tokens: 152 (req)
16:24:58.993 INFO:     #168 chat/completions (stream): 355 tokens generated at
                       178.4 T/s · prompt 121 tokens, none cached, 121 new in
                       0.10 s · first token 0.10 s, total 2.10 s · draft 223/396
                       accepted (56%) · max_tokens reached
16:24:59.027 INFO:     #171 chat/completions (stream): 648 prompt tokens ·
                       temperature: 0, greedy (req), max_tokens: 16 (req),
                       min_tokens: 16 (req)
16:24:59.352 INFO:     #170 chat/completions (stream): 152 tokens generated at
                       157.8 T/s · prompt 100 tokens, none cached, 100 new in
                       0.09 s · first token 0.09 s, total 1.06 s · draft 97/165
                       accepted (59%) · max_tokens reached
16:24:59.374 INFO:     #172 chat/completions (stream): 86 prompt tokens ·
                       temperature: 0, greedy (req), max_tokens: 442 (req),
                       min_tokens: 442 (req)
16:24:59.481 INFO:     #171 chat/completions (stream): 16 tokens generated at
                       218.5 T/s · prompt 648 tokens, none cached, 648 new in
                       0.27 s (2,400 T/s) · first token 0.27 s, total 0.35 s ·
                       draft 9/21 accepted (43%) · max_tokens reached
16:24:59.515 INFO:     #173 chat/completions (stream): 112 prompt tokens ·
                       temperature: 0, greedy (req), max_tokens: 375 (req),
                       min_tokens: 375 (req)
16:25:01.631 INFO:     #173 chat/completions (stream): 375 tokens generated at
                       189.8 T/s · prompt 112 tokens, none cached, 112 new in
                       0.09 s · first token 0.09 s, total 2.07 s · draft 221/462
                       accepted (48%) · max_tokens reached
16:25:01.633 INFO:     #174 chat/completions (stream): 56 prompt tokens ·
                       temperature: 0, greedy (req), max_tokens: 157 (req),
                       min_tokens: 157 (req)
16:25:01.634 INFO:     #172 chat/completions (stream): 442 tokens generated at
                       203.9 T/s · prompt 86 tokens, none cached, 86 new in 0.08
                       s · first token 0.09 s, total 2.25 s · draft 279/489
                       accepted (57%) · max_tokens reached
16:25:01.750 INFO:     #175 chat/completions (stream): 199 prompt tokens ·
                       temperature: 0, greedy (req), max_tokens: 17 (req),
                       min_tokens: 17 (req)
16:25:01.956 INFO:     #175 chat/completions (stream): 17 tokens generated at
                       277.4 T/s · prompt 199 tokens, none cached, 199 new in
                       0.10 s · first token 0.10 s, total 0.17 s · draft 12/15
                       accepted (80%) · max_tokens reached
16:25:01.988 INFO:     #176 chat/completions (stream): 337 prompt tokens ·
                       temperature: 0, greedy (req), max_tokens: 61 (req),
                       min_tokens: 61 (req)
16:25:02.563 INFO:     #176 chat/completions (stream): 61 tokens generated at
                       192.2 T/s · prompt 337 tokens, none cached, 337 new in
                       0.21 s (1,605 T/s) · first token 0.21 s, total 0.53 s ·
                       draft 37/72 accepted (51%) · max_tokens reached
16:25:02.595 INFO:     #178 chat/completions (stream): 156 prompt tokens ·
                       temperature: 0, greedy (req), max_tokens: 153 (req),
                       min_tokens: 153 (req)
16:25:02.945 INFO:     #174 chat/completions (stream): 157 tokens generated at
                       131.3 T/s · prompt 56 tokens, none cached, 56 new in 0.07
                       s · first token 0.08 s, total 1.27 s · draft 92/195
                       accepted (47%) · max_tokens reached
16:25:02.978 INFO:     #179 chat/completions (stream): 64 prompt tokens ·
                       temperature: 0, greedy (req), max_tokens: 114 (req),
                       min_tokens: 114 (req)
16:25:03.423 INFO:     #178 chat/completions (stream): 153 tokens generated at
                       223.5 T/s · prompt 156 tokens, none cached, 156 new in
                       0.09 s · first token 0.09 s, total 0.78 s · draft 103/150
                       accepted (69%) · max_tokens reached
16:25:03.459 INFO:     #180 chat/completions (stream): 63 prompt tokens ·
                       temperature: 0, greedy (req), max_tokens: 85 (req),
                       min_tokens: 85 (req)
16:25:03.699 INFO:     #179 chat/completions (stream): 114 tokens generated at
                       188.1 T/s · prompt 64 tokens, none cached, 64 new in 0.07
                       s · first token 0.07 s, total 0.68 s · draft 71/129
                       accepted (55%) · max_tokens reached
16:25:03.732 INFO:     #181 chat/completions (stream): 482 prompt tokens ·
                       temperature: 0, greedy (req), max_tokens: 225 (req),
                       min_tokens: 225 (req)
16:25:04.192 INFO:     #180 chat/completions (stream): 85 tokens generated at
                       137.5 T/s · prompt 63 tokens, none cached, 63 new in 0.07
                       s · first token 0.08 s, total 0.69 s · draft 53/96
                       accepted (55%) · max_tokens reached
16:25:04.226 INFO:     #182 chat/completions (stream): 66 prompt tokens ·
                       temperature: 0, greedy (req), max_tokens: 345 (req),
                       min_tokens: 345 (req)
16:25:05.050 INFO:     #181 chat/completions (stream): 225 tokens generated at
                       218.0 T/s · prompt 482 tokens, none cached, 482 new in
                       0.24 s (2,008 T/s) · first token 0.24 s, total 1.28 s ·
                       draft 151/222 accepted (68%) · max_tokens reached
16:25:05.082 INFO:     #183 chat/completions (stream): 76 prompt tokens ·
                       temperature: 0, greedy (req), max_tokens: 139 (req),
                       min_tokens: 139 (req)
16:25:05.857 INFO:     #183 chat/completions (stream): 139 tokens generated at
                       213.8 T/s · prompt 76 tokens, none cached, 76 new in 0.08
                       s · first token 0.08 s, total 0.74 s · draft 89/150
                       accepted (59%) · max_tokens reached
16:25:05.890 INFO:     #184 chat/completions (stream): 389 prompt tokens ·
                       temperature: 0, greedy (req), max_tokens: 13 (req),
                       min_tokens: 13 (req)
16:25:06.234 INFO:     #184 chat/completions (stream): 13 tokens generated at
                       206.8 T/s · prompt 389 tokens, none cached, 389 new in
                       0.23 s (1,691 T/s) · first token 0.24 s, total 0.30 s ·
                       draft 8/15 accepted (53%) · max_tokens reached
16:25:06.267 INFO:     #185 chat/completions (stream): 68 prompt tokens ·
                       temperature: 0, greedy (req), max_tokens: 264 (req),
                       min_tokens: 264 (req)
16:25:06.588 INFO:     #182 chat/completions (stream): 345 tokens generated at
                       154.0 T/s · prompt 66 tokens, none cached, 66 new in 0.07
                       s · first token 0.08 s, total 2.32 s · draft 200/435
                       accepted (46%) · max_tokens reached
16:25:06.621 INFO:     #186 chat/completions (stream): 71 prompt tokens ·
                       temperature: 0, greedy (req), max_tokens: 307 (req),
                       min_tokens: 307 (req)
16:25:07.683 INFO:     #185 chat/completions (stream): 264 tokens generated at
                       204.1 T/s · prompt 68 tokens, none cached, 68 new in 0.08
                       s · first token 0.09 s, total 1.38 s · draft 169/285
                       accepted (59%) · max_tokens reached
16:25:07.715 INFO:     #187 chat/completions (stream): 59 prompt tokens ·
                       temperature: 0, greedy (req), max_tokens: 191 (req),
                       min_tokens: 191 (req)
16:25:08.503 INFO:     #186 chat/completions (stream): 307 tokens generated at
                       174.5 T/s · prompt 71 tokens, none cached, 71 new in 0.08
                       s · first token 0.08 s, total 1.84 s · draft 175/396
                       accepted (44%) · max_tokens reached
16:25:08.536 INFO:     #188 chat/completions (stream): 64 prompt tokens ·
                       temperature: 0, greedy (req), max_tokens: 1181 (req),
                       min_tokens: 1181 (req)
16:25:08.729 INFO:     #187 chat/completions (stream): 191 tokens generated at
                       212.2 T/s · prompt 59 tokens, none cached, 59 new in 0.07
                       s · first token 0.08 s, total 0.98 s · draft 126/195
                       accepted (65%) · max_tokens reached
16:25:08.762 INFO:     #189 chat/completions (stream): 101 prompt tokens ·
                       temperature: 0, greedy (req), max_tokens: 236 (req),
                       min_tokens: 236 (req)
16:25:10.173 INFO:     #189 chat/completions (stream): 236 tokens generated at
                       185.1 T/s · prompt 101 tokens, none cached, 101 new in
                       0.09 s · first token 0.09 s, total 1.37 s · draft 136/300
                       accepted (45%) · max_tokens reached
16:25:10.208 INFO:     #190 chat/completions (stream): 448 prompt tokens ·
                       temperature: 0, greedy (req), max_tokens: 360 (req),
                       min_tokens: 360 (req)
16:25:11.948 INFO:     #190 chat/completions (stream): 360 tokens generated at
                       246.4 T/s · prompt 448 tokens, none cached, 448 new in
                       0.23 s (1,948 T/s) · first token 0.23 s, total 1.70 s ·
                       draft 244/348 accepted (70%) · max_tokens reached
16:25:11.980 INFO:     #191 chat/completions (stream): 72 prompt tokens ·
                       temperature: 0, greedy (req), max_tokens: 294 (req),
                       min_tokens: 294 (req)
16:25:13.477 INFO:     #191 chat/completions (stream): 294 tokens generated at
                       213.8 T/s · prompt 72 tokens, none cached, 72 new in 0.08
                       s · first token 0.09 s, total 1.46 s · draft 186/324
                       accepted (57%) · max_tokens reached
16:25:13.510 INFO:     #192 chat/completions (stream): 276 prompt tokens ·
                       temperature: 0, greedy (req), max_tokens: 6 (req),
                       min_tokens: 6 (req)
16:25:13.730 INFO:     #192 chat/completions (stream): 6 tokens generated at
                       248.8 T/s · prompt 276 tokens, none cached, 276 new in
                       0.15 s (1,840 T/s) · first token 0.16 s, total 0.18 s ·
                       draft 4/6 accepted (67%) · max_tokens reached
16:25:13.762 INFO:     #193 chat/completions (stream): 186 prompt tokens ·
                       temperature: 0, greedy (req), max_tokens: 42 (req),
                       min_tokens: 42 (req)
16:25:14.089 INFO:     #193 chat/completions (stream): 42 tokens generated at
                       205.5 T/s · prompt 186 tokens, none cached, 186 new in
                       0.09 s · first token 0.09 s, total 0.30 s · draft 26/48
                       accepted (54%) · max_tokens reached
16:25:14.091 INFO:     #188 chat/completions (stream): 1,181 tokens generated at
                       215.8 T/s · prompt 64 tokens, none cached, 64 new in 0.07
                       s · first token 0.08 s, total 5.55 s · draft 794/1161
                       accepted (68%) · max_tokens reached
16:25:14.093 INFO:     #194 chat/completions (stream): 219 prompt tokens ·
                       temperature: 0, greedy (req), max_tokens: 11 (req),
                       min_tokens: 11 (req)
16:25:14.094 INFO:     #195 chat/completions (stream): 62 prompt tokens ·
                       temperature: 0, greedy (req), max_tokens: 304 (req),
                       min_tokens: 304 (req)
16:25:14.366 INFO:     #194 chat/completions (stream): 11 tokens generated at
                       229.4 T/s · prompt 219 tokens, none cached, 219 new in
                       0.17 s · first token 0.18 s, total 0.23 s · draft 7/12
                       accepted (58%) · max_tokens reached
16:25:14.398 INFO:     #196 chat/completions (stream): 66 prompt tokens ·
                       temperature: 0, greedy (req), max_tokens: 225 (req),
                       min_tokens: 225 (req)
16:25:15.618 INFO:     #196 chat/completions (stream): 225 tokens generated at
                       204.4 T/s · prompt 66 tokens, none cached, 66 new in 0.07
                       s · first token 0.07 s, total 1.18 s · draft 138/261
                       accepted (53%) · max_tokens reached
16:25:15.653 INFO:     #197 chat/completions (stream): 584 prompt tokens ·
                       temperature: 0, greedy (req), max_tokens: 10 (req),
                       min_tokens: 10 (req)
16:25:15.979 INFO:     #197 chat/completions (stream): 10 tokens generated at
                       268.4 T/s · prompt 584 tokens, none cached, 584 new in
                       0.24 s (2,433 T/s) · first token 0.25 s, total 0.28 s ·
                       draft 7/9 accepted (78%) · max_tokens reached
16:25:16.013 INFO:     #198 chat/completions (stream): 442 prompt tokens ·
                       temperature: 0, greedy (req), max_tokens: 86 (req),
                       min_tokens: 86 (req)
16:25:16.364 INFO:     #195 chat/completions (stream): 304 tokens generated at
                       148.5 T/s · prompt 62 tokens, none cached, 62 new in 0.07
                       s · queued 0.11 s, first token 0.18 s, total 2.23 s ·
                       draft 181/369 accepted (49%) · max_tokens reached
16:25:16.397 INFO:     #199 chat/completions (stream): 78 prompt tokens ·
                       temperature: 0, greedy (req), max_tokens: 147 (req),
                       min_tokens: 147 (req)
16:25:16.789 INFO:     #198 chat/completions (stream): 86 tokens generated at
                       171.2 T/s · prompt 442 tokens, none cached, 442 new in
                       0.23 s (1,922 T/s) · first token 0.23 s, total 0.74 s ·
                       draft 52/102 accepted (51%) · max_tokens reached
16:25:16.821 INFO:     #200 chat/completions (stream): 64 prompt tokens ·
                       temperature: 0, greedy (req), max_tokens: 450 (req),
                       min_tokens: 450 (req)
16:25:17.089 INFO:     #199 chat/completions (stream): 147 tokens generated at
                       259.2 T/s · prompt 78 tokens, none cached, 78 new in 0.08
                       s · first token 0.09 s, total 0.65 s · draft 107/120
                       accepted (89%) · max_tokens reached
16:25:17.121 INFO:     #202 chat/completions (stream): 69 prompt tokens ·
                       temperature: 0, greedy (req), max_tokens: 300 (req),
                       min_tokens: 300 (req)
16:25:18.866 INFO:     #202 chat/completions (stream): 300 tokens generated at
                       184.5 T/s · prompt 69 tokens, none cached, 69 new in 0.07
                       s · first token 0.07 s, total 1.70 s · draft 174/378
                       accepted (46%) · max_tokens reached
16:25:18.897 INFO:     #203 chat/completions (stream): 70 prompt tokens ·
                       temperature: 0, greedy (req), max_tokens: 540 (req),
                       min_tokens: 540 (req)
16:25:19.487 INFO:     #200 chat/completions (stream): 450 tokens generated at
                       176.5 T/s · prompt 64 tokens, none cached, 64 new in 0.07
                       s · first token 0.07 s, total 2.62 s · draft 263/561
                       accepted (47%) · max_tokens reached
16:25:19.520 INFO:     #204 chat/completions (stream): 72 prompt tokens ·
                       temperature: 0, greedy (req), max_tokens: 830 (req),
                       min_tokens: 830 (req)
16:25:21.739 INFO:     #203 chat/completions (stream): 540 tokens generated at
                       198.4 T/s · prompt 70 tokens, none cached, 70 new in 0.07
                       s · first token 0.07 s, total 2.80 s · draft 333/621
                       accepted (54%) · max_tokens reached
16:25:21.771 INFO:     #205 chat/completions (stream): 97 prompt tokens ·
                       temperature: 0, greedy (req), max_tokens: 31 (req),
                       min_tokens: 31 (req)
16:25:22.001 INFO:     #205 chat/completions (stream): 31 tokens generated at
                       310.4 T/s · prompt 97 tokens, none cached, 97 new in 0.08
                       s · first token 0.08 s, total 0.18 s · draft 23/24
                       accepted (96%) · max_tokens reached
16:25:22.034 INFO:     #206 chat/completions (stream): 798 prompt tokens ·
                       temperature: 0, greedy (req), max_tokens: 9 (req),
                       min_tokens: 9 (req)
16:25:22.330 INFO:     #206 chat/completions (stream): 9 tokens generated at
                       245.9 T/s · prompt 798 tokens, none cached, 798 new in
                       0.21 s (3,800 T/s) · first token 0.21 s, total 0.25 s ·
                       draft 6/9 accepted (67%) · max_tokens reached
16:25:22.363 INFO:     #207 chat/completions (stream): 69 prompt tokens ·
                       temperature: 0, greedy (req), max_tokens: 29 (req),
                       min_tokens: 29 (req)
16:25:22.585 INFO:     #207 chat/completions (stream): 29 tokens generated at
                       288.6 T/s · prompt 69 tokens, none cached, 69 new in 0.07
                       s · first token 0.08 s, total 0.18 s · draft 21/24
                       accepted (88%) · max_tokens reached
16:25:22.618 INFO:     #208 chat/completions (stream): 486 prompt tokens ·
                       temperature: 0, greedy (req), max_tokens: 16 (req),
                       min_tokens: 16 (req)
16:25:22.969 INFO:     #208 chat/completions (stream): 16 tokens generated at
                       259.4 T/s · prompt 486 tokens, none cached, 486 new in
                       0.24 s (2,025 T/s) · first token 0.25 s, total 0.31 s ·
                       draft 11/15 accepted (73%) · max_tokens reached
16:25:23.002 INFO:     #209 chat/completions (stream): 254 prompt tokens ·
                       temperature: 0, greedy (req), max_tokens: 10 (req),
                       min_tokens: 10 (req)
16:25:23.210 INFO:     #209 chat/completions (stream): 10 tokens generated at
                       198.6 T/s · prompt 254 tokens, none cached, 254 new in
                       0.11 s · first token 0.11 s, total 0.17 s · draft 6/12
                       accepted (50%) · max_tokens reached
16:25:23.244 INFO:     #210 chat/completions (stream): 626 prompt tokens ·
                       temperature: 0, greedy (req), max_tokens: 59 (req),
                       min_tokens: 59 (req)
16:25:23.806 INFO:     #210 chat/completions (stream): 59 tokens generated at
                       259.8 T/s · prompt 626 tokens, none cached, 626 new in
                       0.29 s (2,159 T/s) · first token 0.29 s, total 0.52 s ·
                       draft 41/54 accepted (76%) · max_tokens reached
16:25:23.841 INFO:     #211 chat/completions (stream): 692 prompt tokens ·
                       temperature: 0, greedy (req), max_tokens: 109 (req),
                       min_tokens: 109 (req)
16:25:24.560 INFO:     #204 chat/completions (stream): 830 tokens generated at
                       168.9 T/s · prompt 72 tokens, none cached, 72 new in 0.07
                       s · first token 0.08 s, total 4.99 s · draft 537/879
                       accepted (61%) · max_tokens reached
16:25:24.597 INFO:     #212 chat/completions (stream): 66 prompt tokens ·
                       temperature: 0, greedy (req), max_tokens: 207 (req),
                       min_tokens: 207 (req)
16:25:24.784 INFO:     #211 chat/completions (stream): 109 tokens generated at
                       174.6 T/s · prompt 692 tokens, none cached, 692 new in
                       0.27 s (2,563 T/s) · first token 0.28 s, total 0.90 s ·
                       draft 69/120 accepted (57%) · max_tokens reached
16:25:24.821 INFO:     #213 chat/completions (stream): 655 prompt tokens ·
                       temperature: 0, greedy (req), max_tokens: 24 (req),
                       min_tokens: 24 (req)
16:25:25.280 INFO:     #213 chat/completions (stream): 24 tokens generated at
                       173.4 T/s · prompt 655 tokens, none cached, 655 new in
                       0.27 s (2,426 T/s) · first token 0.28 s, total 0.41 s ·
                       draft 13/33 accepted (39%) · max_tokens reached
16:25:25.312 INFO:     #214 chat/completions (stream): 87 prompt tokens ·
                       temperature: 0, greedy (req), max_tokens: 385 (req),
                       min_tokens: 385 (req)
16:25:26.045 INFO:     #212 chat/completions (stream): 207 tokens generated at
                       156.8 T/s · prompt 66 tokens, none cached, 66 new in 0.08
                       s · first token 0.09 s, total 1.41 s · draft 129/234
                       accepted (55%) · max_tokens reached
16:25:26.076 INFO:     #215 chat/completions (stream): 190 prompt tokens ·
                       temperature: 0, greedy (req), max_tokens: 51 (req),
                       min_tokens: 51 (req)
16:25:26.421 INFO:     #215 chat/completions (stream): 51 tokens generated at
                       256.3 T/s · prompt 190 tokens, none cached, 190 new in
                       0.10 s · first token 0.11 s, total 0.30 s · draft 35/48
                       accepted (73%) · max_tokens reached
16:25:26.457 INFO:     #216 chat/completions (stream): 350 prompt tokens ·
                       temperature: 0, greedy (req), max_tokens: 47 (req),
                       min_tokens: 47 (req)
16:25:26.962 INFO:     #216 chat/completions (stream): 47 tokens generated at
                       197.6 T/s · prompt 350 tokens, none cached, 350 new in
                       0.22 s (1,591 T/s) · first token 0.22 s, total 0.46 s ·
                       draft 28/57 accepted (49%) · max_tokens reached
16:25:26.994 INFO:     #217 chat/completions (stream): 119 prompt tokens ·
                       temperature: 0, greedy (req), max_tokens: 5 (req),
                       min_tokens: 5 (req)
16:25:27.165 INFO:     #217 chat/completions (stream): 5 tokens generated at
                       195.3 T/s · prompt 119 tokens, none cached, 119 new in
                       0.10 s · first token 0.11 s, total 0.13 s · draft 3/6
                       accepted (50%) · max_tokens reached
16:25:27.199 INFO:     #218 chat/completions (stream): 496 prompt tokens ·
                       temperature: 0, greedy (req), max_tokens: 29 (req),
                       min_tokens: 29 (req)
16:25:27.594 INFO:     #218 chat/completions (stream): 29 tokens generated at
                       259.3 T/s · prompt 496 tokens, none cached, 496 new in
                       0.24 s (2,067 T/s) · first token 0.25 s, total 0.36 s ·
                       draft 20/27 accepted (74%) · max_tokens reached
16:25:27.627 INFO:     #219 chat/completions (stream): 773 prompt tokens ·
                       temperature: 0, greedy (req), max_tokens: 29 (req),
                       min_tokens: 29 (req)
16:25:28.010 INFO:     #219 chat/completions (stream): 29 tokens generated at
                       210.1 T/s · prompt 773 tokens, none cached, 773 new in
                       0.20 s (3,865 T/s) · first token 0.21 s, total 0.34 s ·
                       draft 18/33 accepted (55%) · max_tokens reached
16:25:28.040 INFO:     #220 chat/completions (stream): 59 prompt tokens ·
                       temperature: 0, greedy (req), max_tokens: 300 (req),
                       min_tokens: 300 (req)
16:25:28.331 INFO:     #214 chat/completions (stream): 385 tokens generated at
                       133.3 T/s · prompt 87 tokens, none cached, 87 new in 0.08
                       s · first token 0.09 s, total 2.97 s · draft 221/492
                       accepted (45%) · max_tokens reached
16:25:28.363 INFO:     #221 chat/completions (stream): 84 prompt tokens ·
                       temperature: 0, greedy (req), max_tokens: 308 (req),
                       min_tokens: 308 (req)
16:25:29.800 INFO:     #221 chat/completions (stream): 308 tokens generated at
                       235.5 T/s · prompt 84 tokens, none cached, 84 new in 0.08
                       s · first token 0.08 s, total 1.39 s · draft 206/306
                       accepted (67%) · max_tokens reached
16:25:29.834 INFO:     #222 chat/completions (stream): 309 prompt tokens ·
                       temperature: 0, greedy (req), max_tokens: 12 (req),
                       min_tokens: 12 (req)
16:25:30.138 INFO:     #222 chat/completions (stream): 12 tokens generated at
                       191.9 T/s · prompt 309 tokens, none cached, 309 new in
                       0.20 s (1,545 T/s) · first token 0.21 s, total 0.27 s ·
                       draft 7/15 accepted (47%) · max_tokens reached
16:25:30.170 INFO:     #223 chat/completions (stream): 124 prompt tokens ·
                       temperature: 0, greedy (req), max_tokens: 8 (req),
                       min_tokens: 8 (req)
16:25:30.313 INFO:     #220 chat/completions (stream): 300 tokens generated at
                       138.0 T/s · prompt 59 tokens, none cached, 59 new in 0.07
                       s · first token 0.07 s, total 2.25 s · draft 156/432
                       accepted (36%) · max_tokens reached
16:25:30.315 INFO:     #223 chat/completions (stream): 8 tokens generated at
                       247.0 T/s · prompt 124 tokens, none cached, 124 new in
                       0.10 s · first token 0.10 s, total 0.14 s · draft 5/9
                       accepted (56%) · max_tokens reached
16:25:30.317 INFO:     #224 chat/completions (stream): 217 prompt tokens ·
                       temperature: 0, greedy (req), max_tokens: 607 (req),
                       min_tokens: 607 (req)
16:25:30.320 INFO:     #225 chat/completions (stream): 384 prompt tokens ·
                       temperature: 0, greedy (req), max_tokens: 805 (req),
                       min_tokens: 805 (req)
16:25:33.818 INFO:     #224 chat/completions (stream): 607 tokens generated at
                       188.5 T/s · prompt 217 tokens, none cached, 217 new in
                       0.23 s · first token 0.24 s, total 3.46 s · draft 364/729
                       accepted (50%) · max_tokens reached
16:25:33.850 INFO:     #227 chat/completions (stream): 72 prompt tokens ·
                       temperature: 0, greedy (req), max_tokens: 223 (req),
                       min_tokens: 223 (req)
16:25:34.856 INFO:     #225 chat/completions (stream): 805 tokens generated at
                       193.7 T/s · prompt 384 tokens, none cached, 384 new in
                       0.23 s (1,670 T/s) · queued 0.11 s, first token 0.34 s,
                       total 4.50 s · draft 487/954 accepted (51%) · max_tokens
                       reached
16:25:34.889 INFO:     #228 chat/completions (stream): 268 prompt tokens ·
                       temperature: 0, greedy (req), max_tokens: 21 (req),
                       min_tokens: 21 (req)
16:25:35.195 INFO:     #228 chat/completions (stream): 21 tokens generated at
                       208.1 T/s · prompt 268 tokens, none cached, 268 new in
                       0.16 s (1,675 T/s) · first token 0.17 s, total 0.27 s ·
                       draft 13/24 accepted (54%) · max_tokens reached
16:25:35.228 INFO:     #229 chat/completions (stream): 209 prompt tokens ·
                       temperature: 0, greedy (req), max_tokens: 209 (req),
                       min_tokens: 209 (req)
16:25:35.478 INFO:     #227 chat/completions (stream): 223 tokens generated at
                       147.9 T/s · prompt 72 tokens, none cached, 72 new in 0.07
                       s · first token 0.08 s, total 1.58 s · draft 123/300
                       accepted (41%) · max_tokens reached
16:25:35.510 INFO:     #230 chat/completions (stream): 178 prompt tokens ·
                       temperature: 0, greedy (req), max_tokens: 18 (req),
                       min_tokens: 18 (req)
16:25:35.752 INFO:     #230 chat/completions (stream): 18 tokens generated at
                       177.5 T/s · prompt 178 tokens, none cached, 178 new in
                       0.09 s · first token 0.09 s, total 0.20 s · draft 10/24
                       accepted (42%) · max_tokens reached
16:25:35.784 INFO:     #231 chat/completions (stream): 62 prompt tokens ·
                       temperature: 0, greedy (req), max_tokens: 94 (req),
                       min_tokens: 94 (req)
16:25:36.292 INFO:     #229 chat/completions (stream): 209 tokens generated at
                       227.9 T/s · prompt 209 tokens, none cached, 209 new in
                       0.10 s · first token 0.10 s, total 1.02 s · draft 148/183
                       accepted (81%) · max_tokens reached
16:25:36.323 INFO:     #232 chat/completions (stream): 100 prompt tokens ·
                       temperature: 0, greedy (req), max_tokens: 91 (req),
                       min_tokens: 91 (req)
16:25:36.500 INFO:     #231 chat/completions (stream): 94 tokens generated at
                       156.7 T/s · prompt 62 tokens, none cached, 62 new in 0.07
                       s · first token 0.07 s, total 0.67 s · draft 53/123
                       accepted (43%) · max_tokens reached
16:25:36.532 INFO:     #233 chat/completions (stream): 73 prompt tokens ·
                       temperature: 0, greedy (req), max_tokens: 229 (req),
                       min_tokens: 229 (req)
16:25:36.895 INFO:     #232 chat/completions (stream): 91 tokens generated at
                       209.2 T/s · prompt 100 tokens, none cached, 100 new in
                       0.09 s · first token 0.09 s, total 0.53 s · draft 62/87
                       accepted (71%) · max_tokens reached
16:25:36.926 INFO:     #234 chat/completions (stream): 88 prompt tokens ·
                       temperature: 0, greedy (req), max_tokens: 323 (req),
                       min_tokens: 323 (req)
16:25:38.026 INFO:     #233 chat/completions (stream): 229 tokens generated at
                       166.9 T/s · prompt 73 tokens, none cached, 73 new in 0.08
                       s · first token 0.08 s, total 1.46 s · draft 126/309
                       accepted (41%) · max_tokens reached
16:25:38.058 INFO:     #235 chat/completions (stream): 68 prompt tokens ·
                       temperature: 0, greedy (req), max_tokens: 534 (req),
                       min_tokens: 534 (req)
16:25:38.806 INFO:     #234 chat/completions (stream): 323 tokens generated at
                       184.2 T/s · prompt 88 tokens, none cached, 88 new in 0.08
                       s · first token 0.08 s, total 1.84 s · draft 189/402
                       accepted (47%) · max_tokens reached
16:25:38.838 INFO:     #236 chat/completions (stream): 164 prompt tokens ·
                       temperature: 0, greedy (req), max_tokens: 41 (req),
                       min_tokens: 41 (req)
16:25:39.150 INFO:     #236 chat/completions (stream): 41 tokens generated at
                       232.4 T/s · prompt 164 tokens, none cached, 164 new in
                       0.09 s · first token 0.09 s, total 0.27 s · draft 27/42
                       accepted (64%) · max_tokens reached
16:25:39.184 INFO:     #237 chat/completions (stream): 662 prompt tokens ·
                       temperature: 0, greedy (req), max_tokens: 243 (req),
                       min_tokens: 243 (req)
16:25:40.581 INFO:     #235 chat/completions (stream): 534 tokens generated at
                       222.3 T/s · prompt 68 tokens, none cached, 68 new in 0.07
                       s · first token 0.08 s, total 2.48 s · draft 368/498
                       accepted (74%) · max_tokens reached
16:25:40.614 INFO:     #238 chat/completions (stream): 106 prompt tokens ·
                       temperature: 0, greedy (req), max_tokens: 40 (req),
                       min_tokens: 40 (req)
16:25:40.875 INFO:     #238 chat/completions (stream): 40 tokens generated at
                       286.5 T/s · prompt 106 tokens, none cached, 106 new in
                       0.09 s · first token 0.10 s, total 0.24 s · draft 29/33
                       accepted (88%) · max_tokens reached
16:25:40.878 INFO:     #237 chat/completions (stream): 243 tokens generated at
                       168.9 T/s · prompt 662 tokens, none cached, 662 new in
                       0.24 s (2,758 T/s) · first token 0.25 s, total 1.68 s ·
                       draft 136/321 accepted (42%) · max_tokens reached
16:25:40.881 INFO:     #239 chat/completions (stream): 802 prompt tokens ·
                       temperature: 0, greedy (req), max_tokens: 6 (req),
                       min_tokens: 6 (req)
16:25:40.883 INFO:     #240 chat/completions (stream): 717 prompt tokens ·
                       temperature: 0, greedy (req), max_tokens: 21 (req),
                       min_tokens: 21 (req)
16:25:41.475 INFO:     #239 chat/completions (stream): 6 tokens generated at
                       256.8 T/s · prompt 802 tokens, none cached, 802 new in
                       0.49 s (1,637 T/s) · first token 0.50 s, total 0.52 s ·
                       draft 4/6 accepted (67%) · max_tokens reached
16:25:41.477 INFO:     #241 chat/completions (stream): 114 prompt tokens ·
                       temperature: 0, greedy (req), max_tokens: 93 (req),
                       min_tokens: 93 (req)
16:25:41.478 INFO:     #240 chat/completions (stream): 21 tokens generated at
                       234.9 T/s · prompt 717 tokens, none cached, 717 new in
                       0.30 s (2,390 T/s) · queued 0.20 s, first token 0.50 s,
                       total 0.58 s · draft 15/18 accepted (83%) · max_tokens
                       reached
16:25:41.624 INFO:     #242 chat/completions (stream): 75 prompt tokens ·
                       temperature: 0, greedy (req), max_tokens: 517 (req),
                       min_tokens: 517 (req)
16:25:42.480 INFO:     #241 chat/completions (stream): 93 tokens generated at
                       108.7 T/s · prompt 114 tokens, none cached, 114 new in
                       0.10 s · first token 0.11 s, total 0.96 s · draft 33/180
                       accepted (18%) · max_tokens reached
16:25:42.512 INFO:     #243 chat/completions (stream): 61 prompt tokens ·
                       temperature: 0, greedy (req), max_tokens: 201 (req),
                       min_tokens: 201 (req)
16:25:43.406 INFO:     #243 chat/completions (stream): 201 tokens generated at
                       257.9 T/s · prompt 61 tokens, none cached, 61 new in 0.07
                       s · first token 0.08 s, total 0.86 s · draft 139/186
                       accepted (75%) · max_tokens reached
16:25:43.448 INFO:     #244 chat/completions (stream): 167 prompt tokens ·
                       temperature: 0, greedy (req), max_tokens: 13 (req),
                       min_tokens: 13 (req)
16:25:43.635 INFO:     #244 chat/completions (stream): 13 tokens generated at
                       259.2 T/s · prompt 167 tokens, none cached, 167 new in
                       0.09 s · first token 0.09 s, total 0.15 s · draft 9/12
                       accepted (75%) · max_tokens reached
16:25:43.666 INFO:     #245 chat/completions (stream): 65 prompt tokens ·
                       temperature: 0, greedy (req), max_tokens: 177 (req),
                       min_tokens: 177 (req)
16:25:44.587 INFO:     #245 chat/completions (stream): 177 tokens generated at
                       217.9 T/s · prompt 65 tokens, none cached, 65 new in 0.07
                       s · first token 0.07 s, total 0.89 s · draft 114/189
                       accepted (60%) · max_tokens reached
16:25:44.590 INFO:     #242 chat/completions (stream): 517 tokens generated at
                       179.7 T/s · prompt 75 tokens, none cached, 75 new in 0.08
                       s · first token 0.08 s, total 2.96 s · draft 308/627
                       accepted (49%) · max_tokens reached
16:25:44.591 INFO:     #246 chat/completions (stream): 637 prompt tokens ·
                       temperature: 0, greedy (req), max_tokens: 1147 (req),
                       min_tokens: 1147 (req)
16:25:44.861 INFO:     #247 chat/completions (stream): 690 prompt tokens ·
                       temperature: 0, greedy (req), max_tokens: 10 (req),
                       min_tokens: 10 (req)
16:25:45.195 INFO:     #247 chat/completions (stream): 10 tokens generated at
                       274.4 T/s · prompt 690 tokens, none cached, 690 new in
                       0.25 s (2,760 T/s) · first token 0.25 s, total 0.29 s ·
                       draft 7/9 accepted (78%) · max_tokens reached
16:25:45.226 INFO:     #248 chat/completions (stream): 57 prompt tokens ·
                       temperature: 0, greedy (req), max_tokens: 285 (req),
                       min_tokens: 285 (req)
16:25:46.803 INFO:     #248 chat/completions (stream): 285 tokens generated at
                       194.7 T/s · prompt 57 tokens, none cached, 57 new in 0.07
                       s · first token 0.07 s, total 1.54 s · draft 170/345
                       accepted (49%) · max_tokens reached
16:25:46.836 INFO:     #249 chat/completions (stream): 76 prompt tokens ·
                       temperature: 0, greedy (req), max_tokens: 562 (req),
                       min_tokens: 562 (req)
16:25:50.236 INFO:     #249 chat/completions (stream): 562 tokens generated at
                       171.4 T/s · prompt 76 tokens, none cached, 76 new in 0.08
                       s · first token 0.09 s, total 3.36 s · draft 305/771
                       accepted (40%) · max_tokens reached
16:25:50.270 INFO:     #251 chat/completions (stream): 540 prompt tokens ·
                       temperature: 0, greedy (req), max_tokens: 8 (req),
                       min_tokens: 8 (req)
16:25:50.567 INFO:     #251 chat/completions (stream): 8 tokens generated at
                       208.7 T/s · prompt 540 tokens, none cached, 540 new in
                       0.21 s (2,571 T/s) · first token 0.22 s, total 0.25 s ·
                       draft 5/9 accepted (56%) · max_tokens reached
16:25:50.600 INFO:     #252 chat/completions (stream): 60 prompt tokens ·
                       temperature: 0, greedy (req), max_tokens: 198 (req),
                       min_tokens: 198 (req)
16:25:51.029 INFO:     #246 chat/completions (stream): 1,147 tokens generated at
                       186.9 T/s · prompt 637 tokens, none cached, 637 new in
                       0.25 s (2,548 T/s) · first token 0.26 s, total 6.40 s ·
                       draft 713/1302 accepted (55%) · max_tokens reached
16:25:51.061 INFO:     #253 chat/completions (stream): 58 prompt tokens ·
                       temperature: 0, greedy (req), max_tokens: 31 (req),
                       min_tokens: 31 (req)
16:25:51.289 INFO:     #253 chat/completions (stream): 31 tokens generated at
                       270.6 T/s · prompt 58 tokens, none cached, 58 new in 0.07
                       s · first token 0.07 s, total 0.19 s · draft 22/27
                       accepted (81%) · max_tokens reached
16:25:51.322 INFO:     #254 chat/completions (stream): 449 prompt tokens ·
                       temperature: 0, greedy (req), max_tokens: 25 (req),
                       min_tokens: 25 (req)
16:25:51.720 INFO:     #254 chat/completions (stream): 25 tokens generated at
                       199.4 T/s · prompt 449 tokens, none cached, 449 new in
                       0.23 s (1,952 T/s) · first token 0.23 s, total 0.36 s ·
                       draft 15/30 accepted (50%) · max_tokens reached
16:25:51.753 INFO:     #255 chat/completions (stream): 392 prompt tokens ·
                       temperature: 0, greedy (req), max_tokens: 17 (req),
                       min_tokens: 17 (req)
16:25:52.073 INFO:     #252 chat/completions (stream): 198 tokens generated at
                       145.1 T/s · prompt 60 tokens, none cached, 60 new in 0.07
                       s · first token 0.08 s, total 1.44 s · draft 127/213
                       accepted (60%) · max_tokens reached
16:25:52.075 INFO:     #255 chat/completions (stream): 17 tokens generated at
                       211.1 T/s · prompt 392 tokens, none cached, 392 new in
                       0.23 s (1,704 T/s) · first token 0.24 s, total 0.32 s ·
                       draft 10/21 accepted (48%) · max_tokens reached
16:25:52.076 INFO:     #256 chat/completions (stream): 112 prompt tokens ·
                       temperature: 0, greedy (req), max_tokens: 556 (req),
                       min_tokens: 556 (req)
16:25:52.196 INFO:     #257 chat/completions (stream): 79 prompt tokens ·
                       temperature: 0, greedy (req), max_tokens: 165 (req),
                       min_tokens: 165 (req)
16:25:53.192 INFO:     #257 chat/completions (stream): 165 tokens generated at
                       189.3 T/s · prompt 79 tokens, none cached, 79 new in 0.08
                       s · first token 0.08 s, total 0.96 s · draft 97/204
                       accepted (48%) · max_tokens reached
16:25:53.225 INFO:     #258 chat/completions (stream): 63 prompt tokens ·
                       temperature: 0, greedy (req), max_tokens: 650 (req),
                       min_tokens: 650 (req)
16:25:54.903 INFO:     #256 chat/completions (stream): 556 tokens generated at
                       206.9 T/s · prompt 112 tokens, none cached, 112 new in
                       0.09 s · first token 0.10 s, total 2.78 s · draft 357/597
                       accepted (60%) · max_tokens reached
16:25:54.935 INFO:     #259 chat/completions (stream): 68 prompt tokens ·
                       temperature: 0, greedy (req), max_tokens: 434 (req),
                       min_tokens: 434 (req)
16:25:56.369 INFO:     #258 chat/completions (stream): 650 tokens generated at
                       214.6 T/s · prompt 63 tokens, none cached, 63 new in 0.07
                       s · first token 0.08 s, total 3.10 s · draft 417/699
                       accepted (60%) · max_tokens reached
16:25:56.402 INFO:     #260 chat/completions (stream): 527 prompt tokens ·
                       temperature: 0, greedy (req), max_tokens: 78 (req),
                       min_tokens: 78 (req)
16:25:57.063 INFO:     #260 chat/completions (stream): 78 tokens generated at
                       194.1 T/s · prompt 527 tokens, none cached, 527 new in
                       0.21 s (2,510 T/s) · first token 0.22 s, total 0.62 s ·
                       draft 46/96 accepted (48%) · max_tokens reached
16:25:57.095 INFO:     #261 chat/completions (stream): 65 prompt tokens ·
                       temperature: 0, greedy (req), max_tokens: 352 (req),
                       min_tokens: 352 (req)
16:25:57.457 INFO:     #259 chat/completions (stream): 434 tokens generated at
                       181.4 T/s · prompt 68 tokens, none cached, 68 new in 0.07
                       s · first token 0.08 s, total 2.47 s · draft 264/510
                       accepted (52%) · max_tokens reached
16:25:57.490 INFO:     #262 chat/completions (stream): 342 prompt tokens ·
                       temperature: 0, greedy (req), max_tokens: 44 (req),
                       min_tokens: 44 (req)
16:25:57.960 INFO:     #262 chat/completions (stream): 44 tokens generated at
                       208.9 T/s · prompt 342 tokens, none cached, 342 new in
                       0.21 s (1,629 T/s) · first token 0.22 s, total 0.43 s ·
                       draft 27/51 accepted (53%) · max_tokens reached
16:25:57.994 INFO:     #263 chat/completions (stream): 448 prompt tokens ·
                       temperature: 0, greedy (req), max_tokens: 55 (req),
                       min_tokens: 55 (req)
16:25:58.517 INFO:     #263 chat/completions (stream): 55 tokens generated at
                       213.7 T/s · prompt 448 tokens, none cached, 448 new in
                       0.22 s (2,036 T/s) · first token 0.23 s, total 0.48 s ·
                       draft 35/60 accepted (58%) · max_tokens reached
16:25:58.550 INFO:     #264 chat/completions (stream): 399 prompt tokens ·
                       temperature: 0, greedy (req), max_tokens: 15 (req),
                       min_tokens: 15 (req)
16:25:58.900 INFO:     #264 chat/completions (stream): 15 tokens generated at
                       206.9 T/s · prompt 399 tokens, none cached, 399 new in
                       0.23 s (1,735 T/s) · first token 0.24 s, total 0.31 s ·
                       draft 9/18 accepted (50%) · max_tokens reached
16:25:58.932 INFO:     #265 chat/completions (stream): 72 prompt tokens ·
                       temperature: 0, greedy (req), max_tokens: 279 (req),
                       min_tokens: 279 (req)
16:25:59.270 INFO:     #261 chat/completions (stream): 352 tokens generated at
                       170.9 T/s · prompt 65 tokens, none cached, 65 new in 0.07
                       s · first token 0.08 s, total 2.13 s · draft 242/330
                       accepted (73%) · max_tokens reached
16:25:59.302 INFO:     #266 chat/completions (stream): 64 prompt tokens ·
                       temperature: 0, greedy (req), max_tokens: 150 (req),
                       min_tokens: 150 (req)
16:26:00.178 INFO:     #266 chat/completions (stream): 150 tokens generated at
                       197.4 T/s · prompt 64 tokens, none cached, 64 new in 0.07
                       s · first token 0.07 s, total 0.83 s · draft 90/180
                       accepted (50%) · max_tokens reached
16:26:00.211 INFO:     #267 chat/completions (stream): 340 prompt tokens ·
                       temperature: 0, greedy (req), max_tokens: 26 (req),
                       min_tokens: 26 (req)
16:26:00.558 INFO:     #265 chat/completions (stream): 279 tokens generated at
                       182.5 T/s · prompt 72 tokens, none cached, 72 new in 0.08
                       s · first token 0.08 s, total 1.61 s · draft 178/303
                       accepted (59%) · max_tokens reached
16:26:00.558 INFO:     #267 chat/completions (stream): 26 tokens generated at
                       212.6 T/s · prompt 340 tokens, none cached, 340 new in
                       0.21 s (1,619 T/s) · first token 0.22 s, total 0.34 s ·
                       draft 16/30 accepted (53%) · max_tokens reached
16:26:00.562 INFO:     #268 chat/completions (stream): 446 prompt tokens ·
                       temperature: 0, greedy (req), max_tokens: 8 (req),
                       min_tokens: 8 (req)
16:26:00.564 INFO:     #269 chat/completions (stream): 66 prompt tokens ·
                       temperature: 0, greedy (req), max_tokens: 12 (req),
                       min_tokens: 12 (req)
16:26:00.908 INFO:     #269 chat/completions (stream): 12 tokens generated at
                       92.7 T/s · prompt 66 tokens, none cached, 66 new in 0.07
                       s · queued 0.13 s, first token 0.20 s, total 0.33 s ·
                       draft 9/9 accepted (100%) · max_tokens reached
16:26:00.909 INFO:     #268 chat/completions (stream): 8 tokens generated at
                       229.4 T/s · prompt 446 tokens, none cached, 446 new in
                       0.30 s (1,487 T/s) · first token 0.31 s, total 0.34 s ·
                       draft 5/9 accepted (56%) · max_tokens reached
16:26:00.912 INFO:     #270 chat/completions (stream): 70 prompt tokens ·
                       temperature: 0, greedy (req), max_tokens: 772 (req),
                       min_tokens: 772 (req)
16:26:00.913 INFO:     #271 chat/completions (stream): 99 prompt tokens ·
                       temperature: 0, greedy (req), max_tokens: 429 (req),
                       min_tokens: 429 (req)
16:26:03.392 INFO:     #271 chat/completions (stream): 429 tokens generated at
                       189.5 T/s · prompt 99 tokens, none cached, 99 new in 0.09
                       s · first token 0.17 s, total 2.44 s · draft 251/534
                       accepted (47%) · max_tokens reached
16:26:03.431 INFO:     #273 chat/completions (stream): 391 prompt tokens ·
                       temperature: 0, greedy (req), max_tokens: 46 (req),
                       min_tokens: 46 (req)
16:26:03.975 INFO:     #273 chat/completions (stream): 46 tokens generated at
                       172.5 T/s · prompt 391 tokens, none cached, 391 new in
                       0.23 s (1,700 T/s) · first token 0.24 s, total 0.50 s ·
                       draft 25/63 accepted (40%) · max_tokens reached
16:26:04.008 INFO:     #274 chat/completions (stream): 60 prompt tokens ·
                       temperature: 0, greedy (req), max_tokens: 75 (req),
                       min_tokens: 75 (req)
16:26:04.473 INFO:     #274 chat/completions (stream): 75 tokens generated at
                       212.8 T/s · prompt 60 tokens, none cached, 60 new in 0.07
                       s · first token 0.08 s, total 0.43 s · draft 49/78
                       accepted (63%) · max_tokens reached
16:26:04.507 INFO:     #275 chat/completions (stream): 691 prompt tokens ·
                       temperature: 0, greedy (req), max_tokens: 139 (req),
                       min_tokens: 139 (req)
16:26:05.417 INFO:     #275 chat/completions (stream): 139 tokens generated at
                       227.2 T/s · prompt 691 tokens, none cached, 691 new in
                       0.25 s (2,764 T/s) · first token 0.26 s, total 0.87 s ·
                       draft 91/144 accepted (63%) · max_tokens reached
16:26:05.420 INFO:     #276 chat/completions (stream): 68 prompt tokens ·
                       temperature: 0, greedy (req), max_tokens: 282 (req),
                       min_tokens: 282 (req)
16:26:05.421 INFO:     #270 chat/completions (stream): 772 tokens generated at
                       178.4 T/s · prompt 70 tokens, none cached, 70 new in 0.17
                       s · first token 0.18 s, total 4.51 s · draft 472/900
                       accepted (52%) · max_tokens reached
16:26:05.541 INFO:     #277 chat/completions (stream): 63 prompt tokens ·
                       temperature: 0, greedy (req), max_tokens: 98 (req),
                       min_tokens: 98 (req)
16:26:06.056 INFO:     #277 chat/completions (stream): 98 tokens generated at
                       244.7 T/s · prompt 63 tokens, none cached, 63 new in 0.07
                       s · first token 0.07 s, total 0.48 s · draft 66/96
                       accepted (69%) · max_tokens reached
16:26:06.091 INFO:     #278 chat/completions (stream): 815 prompt tokens ·
                       temperature: 0, greedy (req), max_tokens: 282 (req),
                       min_tokens: 282 (req)
16:26:07.256 INFO:     #276 chat/completions (stream): 282 tokens generated at
                       164.3 T/s · prompt 68 tokens, none cached, 68 new in 0.07
                       s · first token 0.08 s, total 1.79 s · draft 169/339
                       accepted (50%) · max_tokens reached
16:26:07.289 INFO:     #279 chat/completions (stream): 84 prompt tokens ·
                       temperature: 0, greedy (req), max_tokens: 278 (req),
                       min_tokens: 278 (req)
16:26:07.897 INFO:     #278 chat/completions (stream): 282 tokens generated at
                       186.8 T/s · prompt 815 tokens, none cached, 815 new in
                       0.25 s (3,260 T/s) · first token 0.26 s, total 1.77 s ·
                       draft 169/339 accepted (50%) · max_tokens reached
16:26:07.929 INFO:     #280 chat/completions (stream): 60 prompt tokens ·
                       temperature: 0, greedy (req), max_tokens: 202 (req),
                       min_tokens: 202 (req)
16:26:08.883 INFO:     #279 chat/completions (stream): 278 tokens generated at
                       189.7 T/s · prompt 84 tokens, none cached, 84 new in 0.08
                       s · first token 0.08 s, total 1.55 s · draft 168/330
                       accepted (51%) · max_tokens reached
16:26:08.915 INFO:     #281 chat/completions (stream): 62 prompt tokens ·
                       temperature: 0, greedy (req), max_tokens: 105 (req),
                       min_tokens: 105 (req)
16:26:09.271 INFO:     #280 chat/completions (stream): 202 tokens generated at
                       164.6 T/s · prompt 60 tokens, none cached, 60 new in 0.07
                       s · first token 0.08 s, total 1.30 s · draft 110/276
                       accepted (40%) · max_tokens reached
16:26:09.304 INFO:     #282 chat/completions (stream): 61 prompt tokens ·
                       temperature: 0, greedy (req), max_tokens: 61 (req),
                       min_tokens: 61 (req)
16:26:09.626 INFO:     #281 chat/completions (stream): 105 tokens generated at
                       176.2 T/s · prompt 62 tokens, none cached, 62 new in 0.07
                       s · first token 0.08 s, total 0.67 s · draft 63/126
                       accepted (50%) · max_tokens reached
16:26:09.662 INFO:     #283 chat/completions (stream): 65 prompt tokens ·
                       temperature: 0, greedy (req), max_tokens: 210 (req),
                       min_tokens: 210 (req)
16:26:09.776 INFO:     #282 chat/completions (stream): 61 tokens generated at
                       218.7 T/s · prompt 61 tokens, none cached, 61 new in 0.07
                       s · first token 0.08 s, total 0.35 s · draft 38/69
                       accepted (55%) · max_tokens reached
16:26:09.809 INFO:     #284 chat/completions (stream): 60 prompt tokens ·
                       temperature: 0, greedy (req), max_tokens: 41 (req),
                       min_tokens: 41 (req)
16:26:10.073 INFO:     #284 chat/completions (stream): 41 tokens generated at
                       274.1 T/s · prompt 60 tokens, none cached, 60 new in 0.07
                       s · first token 0.07 s, total 0.22 s · draft 29/36
                       accepted (81%) · max_tokens reached
16:26:10.105 INFO:     #285 chat/completions (stream): 60 prompt tokens ·
                       temperature: 0, greedy (req), max_tokens: 287 (req),
                       min_tokens: 287 (req)
16:26:10.791 INFO:     #283 chat/completions (stream): 210 tokens generated at
                       207.1 T/s · prompt 65 tokens, none cached, 65 new in 0.07
                       s · first token 0.08 s, total 1.09 s · draft 139/213
                       accepted (65%) · max_tokens reached
16:26:10.823 INFO:     #286 chat/completions (stream): 70 prompt tokens ·
                       temperature: 0, greedy (req), max_tokens: 276 (req),
                       min_tokens: 276 (req)
16:26:11.688 INFO:     #285 chat/completions (stream): 287 tokens generated at
                       195.2 T/s · prompt 60 tokens, none cached, 60 new in 0.07
                       s · first token 0.07 s, total 1.54 s · draft 176/333
                       accepted (53%) · max_tokens reached
16:26:11.720 INFO:     #287 chat/completions (stream): 107 prompt tokens ·
                       temperature: 0, greedy (req), max_tokens: 176 (req),
                       min_tokens: 176 (req)
16:26:12.491 INFO:     #286 chat/completions (stream): 276 tokens generated at
                       178.3 T/s · prompt 70 tokens, none cached, 70 new in 0.07
                       s · first token 0.08 s, total 1.62 s · draft 160/348
                       accepted (46%) · max_tokens reached
16:26:12.526 INFO:     #288 chat/completions (stream): 987 prompt tokens ·
                       temperature: 0, greedy (req), max_tokens: 113 (req),
                       min_tokens: 113 (req)
16:26:12.930 INFO:     #287 chat/completions (stream): 176 tokens generated at
                       164.6 T/s · prompt 107 tokens, none cached, 107 new in
                       0.09 s · first token 0.09 s, total 1.16 s · draft 113/189
                       accepted (60%) · max_tokens reached
16:26:13.033 INFO:     #289 chat/completions (stream): 731 prompt tokens ·
                       temperature: 0, greedy (req), max_tokens: 694 (req),
                       min_tokens: 694 (req)
16:26:13.745 INFO:     #288 chat/completions (stream): 113 tokens generated at
                       128.7 T/s · prompt 987 tokens, none cached, 987 new in
                       0.29 s (3,403 T/s) · first token 0.30 s, total 1.17 s ·
                       draft 68/135 accepted (50%) · max_tokens reached
16:26:13.778 INFO:     #290 chat/completions (stream): 67 prompt tokens ·
                       temperature: 0, greedy (req), max_tokens: 84 (req),
                       min_tokens: 84 (req)
16:26:14.281 INFO:     #290 chat/completions (stream): 84 tokens generated at
                       220.2 T/s · prompt 67 tokens, none cached, 67 new in 0.07
                       s · first token 0.08 s, total 0.46 s · draft 54/90
                       accepted (60%) · max_tokens reached
16:26:14.314 INFO:     #291 chat/completions (stream): 91 prompt tokens ·
                       temperature: 0, greedy (req), max_tokens: 464 (req),
                       min_tokens: 464 (req)
16:26:16.879 INFO:     #289 chat/completions (stream): 694 tokens generated at
                       195.8 T/s · prompt 731 tokens, none cached, 731 new in
                       0.25 s (2,924 T/s) · first token 0.26 s, total 3.80 s ·
                       draft 427/801 accepted (53%) · max_tokens reached
16:26:16.882 INFO:     #292 chat/completions (stream): 114 prompt tokens ·
                       temperature: 0, greedy (req), max_tokens: 425 (req),
                       min_tokens: 425 (req)
16:26:16.883 INFO:     #291 chat/completions (stream): 464 tokens generated at
                       187.6 T/s · prompt 91 tokens, none cached, 91 new in 0.08
                       s · first token 0.08 s, total 2.56 s · draft 269/585
                       accepted (46%) · max_tokens reached
16:26:17.026 INFO:     #293 chat/completions (stream): 60 prompt tokens ·
                       temperature: 0, greedy (req), max_tokens: 64 (req),
                       min_tokens: 64 (req)
16:26:17.431 INFO:     #293 chat/completions (stream): 64 tokens generated at
                       232.7 T/s · prompt 60 tokens, none cached, 60 new in 0.08
                       s · first token 0.08 s, total 0.36 s · draft 42/66
                       accepted (64%) · max_tokens reached
16:26:17.463 INFO:     #295 chat/completions (stream): 89 prompt tokens ·
                       temperature: 0, greedy (req), max_tokens: 609 (req),
                       min_tokens: 609 (req)
16:26:19.329 INFO:     #292 chat/completions (stream): 425 tokens generated at
                       184.5 T/s · prompt 114 tokens, none cached, 114 new in
                       0.10 s · first token 0.11 s, total 2.41 s · draft 254/513
                       accepted (50%) · max_tokens reached
16:26:19.369 INFO:     #296 chat/completions (stream): 648 prompt tokens ·
                       temperature: 0, greedy (req), max_tokens: 6 (req),
                       min_tokens: 6 (req)
16:26:19.702 INFO:     #296 chat/completions (stream): 6 tokens generated at
                       244.0 T/s · prompt 648 tokens, none cached, 648 new in
                       0.26 s (2,492 T/s) · first token 0.27 s, total 0.29 s ·
                       draft 4/6 accepted (67%) · max_tokens reached
16:26:19.736 INFO:     #297 chat/completions (stream): 113 prompt tokens ·
                       temperature: 0, greedy (req), max_tokens: 71 (req),
                       min_tokens: 71 (req)
16:26:20.130 INFO:     #297 chat/completions (stream): 71 tokens generated at
                       281.0 T/s · prompt 113 tokens, none cached, 113 new in
                       0.09 s · first token 0.10 s, total 0.35 s · draft 51/60
                       accepted (85%) · max_tokens reached
16:26:20.161 INFO:     #298 chat/completions (stream): 68 prompt tokens ·
                       temperature: 0, greedy (req), max_tokens: 169 (req),
                       min_tokens: 169 (req)
16:26:21.044 INFO:     #295 chat/completions (stream): 609 tokens generated at
                       176.4 T/s · prompt 89 tokens, none cached, 89 new in 0.08
                       s · first token 0.09 s, total 3.54 s · draft 367/726
                       accepted (51%) · max_tokens reached
16:26:21.076 INFO:     #299 chat/completions (stream): 164 prompt tokens ·
                       temperature: 0, greedy (req), max_tokens: 302 (req),
                       min_tokens: 302 (req)
16:26:21.250 INFO:     #298 chat/completions (stream): 169 tokens generated at
                       174.3 T/s · prompt 68 tokens, none cached, 68 new in 0.07
                       s · first token 0.07 s, total 1.04 s · draft 99/210
                       accepted (47%) · max_tokens reached
16:26:21.282 INFO:     #300 chat/completions (stream): 75 prompt tokens ·
                       temperature: 0, greedy (req), max_tokens: 306 (req),
                       min_tokens: 306 (req)
16:26:22.889 INFO:     #300 chat/completions (stream): 306 tokens generated at
                       206.1 T/s · prompt 75 tokens, none cached, 75 new in 0.08
                       s · first token 0.08 s, total 1.57 s · draft 190/348
                       accepted (55%) · max_tokens reached
16:26:22.922 INFO:     #301 chat/completions (stream): 256 prompt tokens ·
                       temperature: 0, greedy (req), max_tokens: 28 (req),
                       min_tokens: 28 (req)
16:26:23.114 INFO:     #299 chat/completions (stream): 302 tokens generated at
                       158.8 T/s · prompt 164 tokens, none cached, 164 new in
                       0.09 s · first token 0.10 s, total 2.00 s · draft 166/408
                       accepted (41%) · max_tokens reached
16:26:23.146 INFO:     #302 chat/completions (stream): 137 prompt tokens ·
                       temperature: 0, greedy (req), max_tokens: 52 (req),
                       min_tokens: 52 (req)
16:26:23.323 INFO:     #301 chat/completions (stream): 28 tokens generated at
                       114.4 T/s · prompt 256 tokens, none cached, 256 new in
                       0.11 s (2,327 T/s) · first token 0.12 s, total 0.36 s ·
                       draft 16/36 accepted (44%) · max_tokens reached
16:26:23.357 INFO:     #303 chat/completions (stream): 840 prompt tokens ·
                       temperature: 0, greedy (req), max_tokens: 11 (req),
                       min_tokens: 11 (req)
16:26:23.697 INFO:     #302 chat/completions (stream): 52 tokens generated at
                       119.3 T/s · prompt 137 tokens, none cached, 137 new in
                       0.11 s · first token 0.11 s, total 0.55 s · draft 37/45
                       accepted (82%) · max_tokens reached
16:26:23.698 INFO:     #303 chat/completions (stream): 11 tokens generated at
                       174.3 T/s · prompt 840 tokens, none cached, 840 new in
                       0.27 s (3,111 T/s) · first token 0.27 s, total 0.34 s ·
                       draft 6/15 accepted (40%) · max_tokens reached
16:26:23.701 INFO:     #304 chat/completions (stream): 77 prompt tokens ·
                       temperature: 0, greedy (req), max_tokens: 259 (req),
                       min_tokens: 259 (req)
16:26:23.703 INFO:     #305 chat/completions (stream): 434 prompt tokens ·
                       temperature: 0, greedy (req), max_tokens: 25 (req),
                       min_tokens: 25 (req)
16:26:24.170 INFO:     #305 chat/completions (stream): 25 tokens generated at
                       227.2 T/s · prompt 434 tokens, none cached, 434 new in
                       0.22 s (1,973 T/s) · first token 0.31 s, total 0.42 s ·
                       draft 17/24 accepted (71%) · max_tokens reached
16:26:24.206 INFO:     #306 chat/completions (stream): 136 prompt tokens ·
                       temperature: 0, greedy (req), max_tokens: 292 (req),
                       min_tokens: 292 (req)
16:26:25.541 INFO:     #304 chat/completions (stream): 259 tokens generated at
                       162.9 T/s · prompt 77 tokens, none cached, 77 new in 0.20
                       s · first token 0.21 s, total 1.80 s · draft 158/303
                       accepted (52%) · max_tokens reached
16:26:25.574 INFO:     #307 chat/completions (stream): 151 prompt tokens ·
                       temperature: 0, greedy (req), max_tokens: 435 (req),
                       min_tokens: 435 (req)
16:26:25.796 INFO:     #306 chat/completions (stream): 292 tokens generated at
                       204.7 T/s · prompt 136 tokens, none cached, 136 new in
                       0.11 s · first token 0.12 s, total 1.54 s · draft 193/297
                       accepted (65%) · max_tokens reached
16:26:25.830 INFO:     #308 chat/completions (stream): 884 prompt tokens ·
                       temperature: 0, greedy (req), max_tokens: 18 (req),
                       min_tokens: 18 (req)
16:26:26.243 INFO:     #308 chat/completions (stream): 18 tokens generated at
                       234.3 T/s · prompt 884 tokens, none cached, 884 new in
                       0.29 s (3,048 T/s) · first token 0.29 s, total 0.37 s ·
                       draft 12/18 accepted (67%) · max_tokens reached
16:26:26.276 INFO:     #309 chat/completions (stream): 311 prompt tokens ·
                       temperature: 0, greedy (req), max_tokens: 195 (req),
                       min_tokens: 195 (req)
16:26:27.372 INFO:     #309 chat/completions (stream): 195 tokens generated at
                       242.0 T/s · prompt 311 tokens, none cached, 311 new in
                       0.24 s (1,296 T/s) · first token 0.24 s, total 1.05 s ·
                       draft 131/192 accepted (68%) · max_tokens reached
16:26:27.405 INFO:     #310 chat/completions (stream): 425 prompt tokens ·
                       temperature: 0, greedy (req), max_tokens: 28 (req),
                       min_tokens: 28 (req)
16:26:27.836 INFO:     #310 chat/completions (stream): 28 tokens generated at
                       187.5 T/s · prompt 425 tokens, none cached, 425 new in
                       0.24 s (1,771 T/s) · first token 0.25 s, total 0.39 s ·
                       draft 16/36 accepted (44%) · max_tokens reached
16:26:27.870 INFO:     #311 chat/completions (stream): 804 prompt tokens ·
                       temperature: 0, greedy (req), max_tokens: 15 (req),
                       min_tokens: 15 (req)
16:26:28.223 INFO:     #311 chat/completions (stream): 15 tokens generated at
                       241.4 T/s · prompt 804 tokens, none cached, 804 new in
                       0.24 s (3,350 T/s) · first token 0.24 s, total 0.31 s ·
                       draft 10/15 accepted (67%) · max_tokens reached
16:26:28.256 INFO:     #312 chat/completions (stream): 614 prompt tokens ·
                       temperature: 0, greedy (req), max_tokens: 11 (req),
                       min_tokens: 11 (req)
16:26:28.636 INFO:     #312 chat/completions (stream): 11 tokens generated at
                       222.7 T/s · prompt 614 tokens, none cached, 614 new in
                       0.29 s (2,117 T/s) · first token 0.29 s, total 0.34 s ·
                       draft 7/12 accepted (58%) · max_tokens reached
16:26:28.669 INFO:     #313 chat/completions (stream): 289 prompt tokens ·
                       temperature: 0, greedy (req), max_tokens: 22 (req),
                       min_tokens: 22 (req)
16:26:28.945 INFO:     #313 chat/completions (stream): 22 tokens generated at
                       284.1 T/s · prompt 289 tokens, none cached, 289 new in
                       0.15 s (1,927 T/s) · first token 0.15 s, total 0.23 s ·
                       draft 16/18 accepted (89%) · max_tokens reached
16:26:28.978 INFO:     #314 chat/completions (stream): 63 prompt tokens ·
                       temperature: 0, greedy (req), max_tokens: 193 (req),
                       min_tokens: 193 (req)
16:26:29.231 INFO:     #307 chat/completions (stream): 435 tokens generated at
                       123.4 T/s · prompt 151 tokens, none cached, 151 new in
                       0.09 s · first token 0.10 s, total 3.62 s · draft 265/510
                       accepted (52%) · max_tokens reached
16:26:29.263 INFO:     #315 chat/completions (stream): 225 prompt tokens ·
                       temperature: 0, greedy (req), max_tokens: 242 (req),
                       min_tokens: 242 (req)
16:26:30.234 INFO:     #314 chat/completions (stream): 193 tokens generated at
                       169.3 T/s · prompt 63 tokens, none cached, 63 new in 0.07
                       s · first token 0.07 s, total 1.21 s · draft 111/246
                       accepted (45%) · max_tokens reached
16:26:30.267 INFO:     #316 chat/completions (stream): 70 prompt tokens ·
                       temperature: 0, greedy (req), max_tokens: 102 (req),
                       min_tokens: 102 (req)
16:26:30.428 INFO:     #315 chat/completions (stream): 242 tokens generated at
                       239.1 T/s · prompt 225 tokens, none cached, 225 new in
                       0.10 s · first token 0.11 s, total 1.12 s · draft 168/222
                       accepted (76%) · max_tokens reached
16:26:30.460 INFO:     #317 chat/completions (stream): 248 prompt tokens ·
                       temperature: 0, greedy (req), max_tokens: 8 (req),
                       min_tokens: 8 (req)
16:26:30.652 INFO:     #317 chat/completions (stream): 8 tokens generated at
                       215.3 T/s · prompt 248 tokens, none cached, 248 new in
                       0.11 s · first token 0.11 s, total 0.15 s · draft 5/9
                       accepted (56%) · max_tokens reached
16:26:30.684 INFO:     #318 chat/completions (stream): 91 prompt tokens ·
                       temperature: 0, greedy (req), max_tokens: 333 (req),
                       min_tokens: 333 (req)
16:26:30.977 INFO:     #316 chat/completions (stream): 102 tokens generated at
                       173.3 T/s · prompt 70 tokens, none cached, 70 new in 0.08
                       s · first token 0.09 s, total 0.67 s · draft 69/99
                       accepted (70%) · max_tokens reached
16:26:31.009 INFO:     #319 chat/completions (stream): 86 prompt tokens ·
                       temperature: 0, greedy (req), max_tokens: 334 (req),
                       min_tokens: 334 (req)
16:26:32.645 INFO:     #318 chat/completions (stream): 333 tokens generated at
                       181.8 T/s · prompt 91 tokens, none cached, 91 new in 0.08
                       s · first token 0.08 s, total 1.92 s · draft 195/414
                       accepted (47%) · max_tokens reached
16:26:32.677 INFO:     #321 chat/completions (stream): 322 prompt tokens ·
                       temperature: 0, greedy (req), max_tokens: 326 (req),
                       min_tokens: 326 (req)
16:26:32.973 INFO:     #319 chat/completions (stream): 334 tokens generated at
                       182.1 T/s · prompt 86 tokens, none cached, 86 new in 0.08
                       s · first token 0.08 s, total 1.92 s · draft 204/390
                       accepted (52%) · max_tokens reached
16:26:33.005 INFO:     #322 chat/completions (stream): 81 prompt tokens ·
                       temperature: 0, greedy (req), max_tokens: 353 (req),
                       min_tokens: 353 (req)
16:26:34.676 INFO:     #321 chat/completions (stream): 326 tokens generated at
                       185.9 T/s · prompt 322 tokens, none cached, 322 new in
                       0.20 s (1,610 T/s) · first token 0.21 s, total 1.96 s ·
                       draft 194/396 accepted (49%) · max_tokens reached
16:26:34.709 INFO:     #323 chat/completions (stream): 218 prompt tokens ·
                       temperature: 0, greedy (req), max_tokens: 599 (req),
                       min_tokens: 599 (req)
16:26:35.153 INFO:     #322 chat/completions (stream): 353 tokens generated at
                       174.6 T/s · prompt 81 tokens, none cached, 81 new in 0.08
                       s · first token 0.09 s, total 2.11 s · draft 202/453
                       accepted (45%) · max_tokens reached
16:26:35.186 INFO:     #324 chat/completions (stream): 274 prompt tokens ·
                       temperature: 0, greedy (req), max_tokens: 94 (req),
                       min_tokens: 94 (req)
16:26:35.830 INFO:     #324 chat/completions (stream): 94 tokens generated at
                       212.5 T/s · prompt 274 tokens, none cached, 274 new in
                       0.15 s (1,827 T/s) · first token 0.15 s, total 0.60 s ·
                       draft 59/105 accepted (56%) · max_tokens reached
16:26:35.863 INFO:     #325 chat/completions (stream): 90 prompt tokens ·
                       temperature: 0, greedy (req), max_tokens: 1439 (req),
                       min_tokens: 1439 (req)
16:26:37.904 INFO:     #323 chat/completions (stream): 599 tokens generated at
                       196.8 T/s · prompt 218 tokens, none cached, 218 new in
                       0.10 s · first token 0.11 s, total 3.15 s · draft 375/672
                       accepted (56%) · max_tokens reached
16:26:37.936 INFO:     #326 chat/completions (stream): 322 prompt tokens ·
                       temperature: 0, greedy (req), max_tokens: 23 (req),
                       min_tokens: 23 (req)
16:26:38.279 INFO:     #326 chat/completions (stream): 23 tokens generated at
                       229.8 T/s · prompt 322 tokens, none cached, 322 new in
                       0.20 s (1,610 T/s) · first token 0.21 s, total 0.31 s ·
                       draft 15/24 accepted (62%) · max_tokens reached
16:26:38.312 INFO:     #327 chat/completions (stream): 628 prompt tokens ·
                       temperature: 0, greedy (req), max_tokens: 93 (req),
                       min_tokens: 93 (req)
16:26:39.065 INFO:     #327 chat/completions (stream): 93 tokens generated at
                       201.4 T/s · prompt 628 tokens, none cached, 628 new in
                       0.25 s (2,512 T/s) · first token 0.25 s, total 0.72 s ·
                       draft 56/111 accepted (50%) · max_tokens reached
16:26:39.098 INFO:     #328 chat/completions (stream): 73 prompt tokens ·
                       temperature: 0, greedy (req), max_tokens: 327 (req),
                       min_tokens: 327 (req)
16:26:40.768 INFO:     #328 chat/completions (stream): 327 tokens generated at
                       211.2 T/s · prompt 73 tokens, none cached, 73 new in 0.08
                       s · first token 0.09 s, total 1.63 s · draft 206/363
                       accepted (57%) · max_tokens reached
16:26:40.801 INFO:     #329 chat/completions (stream): 90 prompt tokens ·
                       temperature: 0, greedy (req), max_tokens: 131 (req),
                       min_tokens: 131 (req)
16:26:41.571 INFO:     #329 chat/completions (stream): 131 tokens generated at
                       205.5 T/s · prompt 90 tokens, none cached, 90 new in 0.09
                       s · first token 0.10 s, total 0.73 s · draft 81/150
                       accepted (54%) · max_tokens reached
16:26:41.605 INFO:     #330 chat/completions (stream): 828 prompt tokens ·
                       temperature: 0, greedy (req), max_tokens: 39 (req),
                       min_tokens: 39 (req)
16:26:42.072 INFO:     #330 chat/completions (stream): 39 tokens generated at
                       223.0 T/s · prompt 828 tokens, none cached, 828 new in
                       0.25 s (3,312 T/s) · first token 0.26 s, total 0.43 s ·
                       draft 25/42 accepted (60%) · max_tokens reached
16:26:42.105 INFO:     #331 chat/completions (stream): 579 prompt tokens ·
                       temperature: 0, greedy (req), max_tokens: 213 (req),
                       min_tokens: 213 (req)
16:26:42.787 INFO:     #325 chat/completions (stream): 1,439 tokens generated at
                       211.7 T/s · prompt 90 tokens, none cached, 90 new in 0.08
                       s · first token 0.09 s, total 6.88 s · draft 980/1377
                       accepted (71%) · max_tokens reached
16:26:42.821 INFO:     #332 chat/completions (stream): 57 prompt tokens ·
                       temperature: 0, greedy (req), max_tokens: 56 (req),
                       min_tokens: 56 (req)
16:26:43.238 INFO:     #332 chat/completions (stream): 56 tokens generated at
                       184.4 T/s · prompt 57 tokens, none cached, 57 new in 0.07
                       s · first token 0.08 s, total 0.38 s · draft 32/72
                       accepted (44%) · max_tokens reached
16:26:43.270 INFO:     #333 chat/completions (stream): 56 prompt tokens ·
                       temperature: 0, greedy (req), max_tokens: 277 (req),
                       min_tokens: 277 (req)
16:26:43.656 INFO:     #331 chat/completions (stream): 213 tokens generated at
                       166.8 T/s · prompt 579 tokens, none cached, 579 new in
                       0.23 s (2,517 T/s) · first token 0.23 s, total 1.51 s ·
                       draft 122/273 accepted (45%) · max_tokens reached
16:26:43.690 INFO:     #334 chat/completions (stream): 196 prompt tokens ·
                       temperature: 0, greedy (req), max_tokens: 362 (req),
                       min_tokens: 362 (req)
16:26:44.782 INFO:     #333 chat/completions (stream): 277 tokens generated at
                       198.1 T/s · prompt 56 tokens, none cached, 56 new in 0.07
                       s · first token 0.08 s, total 1.47 s · draft 175/306
                       accepted (57%) · max_tokens reached
16:26:44.815 INFO:     #335 chat/completions (stream): 81 prompt tokens ·
                       temperature: 0, greedy (req), max_tokens: 1003 (req),
                       min_tokens: 1003 (req)
16:26:45.727 INFO:     #334 chat/completions (stream): 362 tokens generated at
                       191.5 T/s · prompt 196 tokens, none cached, 196 new in
                       0.10 s · first token 0.11 s, total 2.00 s · draft 220/426
                       accepted (52%) · max_tokens reached
16:26:45.760 INFO:     #336 chat/completions (stream): 255 prompt tokens ·
                       temperature: 0, greedy (req), max_tokens: 819 (req),
                       min_tokens: 819 (req)
16:26:48.763 INFO:     #335 chat/completions (stream): 1,003 tokens generated at
                       262.5 T/s · prompt 81 tokens, none cached, 81 new in 0.08
                       s · first token 0.09 s, total 3.91 s · draft 712/873
                       accepted (82%) · max_tokens reached
16:26:48.799 INFO:     #338 chat/completions (stream): 891 prompt tokens ·
                       temperature: 0, greedy (req), max_tokens: 37 (req),
                       min_tokens: 37 (req)
16:26:49.268 INFO:     #338 chat/completions (stream): 37 tokens generated at
                       241.6 T/s · prompt 891 tokens, none cached, 891 new in
                       0.27 s (3,300 T/s) · first token 0.28 s, total 0.43 s ·
                       draft 25/36 accepted (69%) · max_tokens reached
16:26:49.302 INFO:     #339 chat/completions (stream): 442 prompt tokens ·
                       temperature: 0, greedy (req), max_tokens: 43 (req),
                       min_tokens: 43 (req)
16:26:49.793 INFO:     #339 chat/completions (stream): 43 tokens generated at
                       191.8 T/s · prompt 442 tokens, none cached, 442 new in
                       0.22 s (2,009 T/s) · first token 0.23 s, total 0.45 s ·
                       draft 25/54 accepted (46%) · max_tokens reached
16:26:49.825 INFO:     #340 chat/completions (stream): 63 prompt tokens ·
                       temperature: 0, greedy (req), max_tokens: 241 (req),
                       min_tokens: 241 (req)
16:26:50.105 INFO:     #336 chat/completions (stream): 819 tokens generated at
                       195.6 T/s · prompt 255 tokens, none cached, 255 new in
                       0.11 s · first token 0.12 s, total 4.30 s · draft 530/867
                       accepted (61%) · max_tokens reached
16:26:50.137 INFO:     #341 chat/completions (stream): 155 prompt tokens ·
                       temperature: 0, greedy (req), max_tokens: 692 (req),
                       min_tokens: 692 (req)
16:26:51.311 INFO:     #340 chat/completions (stream): 241 tokens generated at
                       176.1 T/s · prompt 63 tokens, none cached, 63 new in 0.07
                       s · first token 0.08 s, total 1.44 s · draft 139/306
                       accepted (45%) · max_tokens reached
16:26:51.343 INFO:     #342 chat/completions (stream): 340 prompt tokens ·
                       temperature: 0, greedy (req), max_tokens: 14 (req),
                       min_tokens: 14 (req)
16:26:51.645 INFO:     #342 chat/completions (stream): 14 tokens generated at
                       286.6 T/s · prompt 340 tokens, none cached, 340 new in
                       0.21 s (1,619 T/s) · first token 0.22 s, total 0.26 s ·
                       draft 10/12 accepted (83%) · max_tokens reached
16:26:51.677 INFO:     #343 chat/completions (stream): 59 prompt tokens ·
                       temperature: 0, greedy (req), max_tokens: 35 (req),
                       min_tokens: 35 (req)
16:26:51.952 INFO:     #343 chat/completions (stream): 35 tokens generated at
                       215.4 T/s · prompt 59 tokens, none cached, 59 new in 0.07
                       s · first token 0.07 s, total 0.24 s · draft 22/39
                       accepted (56%) · max_tokens reached
16:26:51.983 INFO:     #344 chat/completions (stream): 71 prompt tokens ·
                       temperature: 0, greedy (req), max_tokens: 88 (req),
                       min_tokens: 88 (req)
16:26:52.514 INFO:     #344 chat/completions (stream): 88 tokens generated at
                       214.4 T/s · prompt 71 tokens, none cached, 71 new in 0.07
                       s · first token 0.07 s, total 0.49 s · draft 56/96
                       accepted (58%) · max_tokens reached
16:26:52.546 INFO:     #345 chat/completions (stream): 282 prompt tokens ·
                       temperature: 0, greedy (req), max_tokens: 6 (req),
                       min_tokens: 6 (req)
16:26:52.769 INFO:     #345 chat/completions (stream): 6 tokens generated at
                       249.3 T/s · prompt 282 tokens, none cached, 282 new in
                       0.15 s (1,880 T/s) · first token 0.16 s, total 0.18 s ·
                       draft 4/6 accepted (67%) · max_tokens reached
16:26:52.801 INFO:     #346 chat/completions (stream): 94 prompt tokens ·
                       temperature: 0, greedy (req), max_tokens: 262 (req),
                       min_tokens: 262 (req)
16:26:54.068 INFO:     #346 chat/completions (stream): 262 tokens generated at
                       231.0 T/s · prompt 94 tokens, none cached, 94 new in 0.09
                       s · first token 0.09 s, total 1.23 s · draft 173/267
                       accepted (65%) · max_tokens reached
16:26:54.101 INFO:     #347 chat/completions (stream): 491 prompt tokens ·
                       temperature: 0, greedy (req), max_tokens: 604 (req),
                       min_tokens: 604 (req)
16:26:54.867 INFO:     #341 chat/completions (stream): 692 tokens generated at
                       150.6 T/s · prompt 155 tokens, none cached, 155 new in
                       0.09 s · first token 0.09 s, total 4.69 s · draft 387/915
                       accepted (42%) · max_tokens reached
16:26:54.900 INFO:     #348 chat/completions (stream): 334 prompt tokens ·
                       temperature: 0, greedy (req), max_tokens: 28 (req),
                       min_tokens: 28 (req)
16:26:55.284 INFO:     #348 chat/completions (stream): 28 tokens generated at
                       221.9 T/s · prompt 334 tokens, none cached, 334 new in
                       0.21 s (1,590 T/s) · first token 0.22 s, total 0.34 s ·
                       draft 18/30 accepted (60%) · max_tokens reached
16:26:55.317 INFO:     #349 chat/completions (stream): 528 prompt tokens ·
                       temperature: 0, greedy (req), max_tokens: 15 (req),
                       min_tokens: 15 (req)
16:26:55.602 INFO:     #349 chat/completions (stream): 15 tokens generated at
                       235.4 T/s · prompt 528 tokens, none cached, 528 new in
                       0.17 s (3,106 T/s) · first token 0.18 s, total 0.24 s ·
                       draft 10/15 accepted (67%) · max_tokens reached
16:26:55.634 INFO:     #350 chat/completions (stream): 67 prompt tokens ·
                       temperature: 0, greedy (req), max_tokens: 318 (req),
                       min_tokens: 318 (req)
16:26:57.470 INFO:     #350 chat/completions (stream): 318 tokens generated at
                       185.5 T/s · prompt 67 tokens, none cached, 67 new in 0.07
                       s · first token 0.08 s, total 1.79 s · draft 184/402
                       accepted (46%) · max_tokens reached
16:26:57.505 INFO:     #351 chat/completions (stream): 416 prompt tokens ·
                       temperature: 0, greedy (req), max_tokens: 10 (req),
                       min_tokens: 10 (req)
16:26:57.813 INFO:     #351 chat/completions (stream): 10 tokens generated at
                       267.6 T/s · prompt 416 tokens, none cached, 416 new in
                       0.22 s (1,891 T/s) · first token 0.23 s, total 0.26 s ·
                       draft 7/9 accepted (78%) · max_tokens reached
16:26:57.845 INFO:     #352 chat/completions (stream): 118 prompt tokens ·
                       temperature: 0, greedy (req), max_tokens: 345 (req),
                       min_tokens: 345 (req)
16:26:58.190 INFO:     #347 chat/completions (stream): 604 tokens generated at
                       158.3 T/s · prompt 491 tokens, none cached, 491 new in
                       0.23 s (2,135 T/s) · first token 0.24 s, total 4.05 s ·
                       draft 360/732 accepted (49%) · max_tokens reached
16:26:58.224 INFO:     #353 chat/completions (stream): 697 prompt tokens ·
                       temperature: 0, greedy (req), max_tokens: 1321 (req),
                       min_tokens: 1321 (req)
16:26:59.731 INFO:     #352 chat/completions (stream): 345 tokens generated at
                       198.0 T/s · prompt 118 tokens, none cached, 118 new in
                       0.10 s · first token 0.10 s, total 1.85 s · draft 226/357
                       accepted (63%) · max_tokens reached
16:26:59.764 INFO:     #354 chat/completions (stream): 683 prompt tokens ·
                       temperature: 0, greedy (req), max_tokens: 9 (req),
                       min_tokens: 9 (req)
16:27:00.092 INFO:     #354 chat/completions (stream): 9 tokens generated at
                       245.1 T/s · prompt 683 tokens, none cached, 683 new in
                       0.25 s (2,732 T/s) · first token 0.26 s, total 0.29 s ·
                       draft 6/9 accepted (67%) · max_tokens reached
16:27:00.127 INFO:     #355 chat/completions (stream): 763 prompt tokens ·
                       temperature: 0, greedy (req), max_tokens: 35 (req),
                       min_tokens: 35 (req)
16:27:00.589 INFO:     #355 chat/completions (stream): 35 tokens generated at
                       230.5 T/s · prompt 763 tokens, none cached, 763 new in
                       0.26 s (2,935 T/s) · first token 0.26 s, total 0.42 s ·
                       draft 23/36 accepted (64%) · max_tokens reached
16:27:00.623 INFO:     #356 chat/completions (stream): 596 prompt tokens ·
                       temperature: 0, greedy (req), max_tokens: 11 (req),
                       min_tokens: 11 (req)
16:27:00.950 INFO:     #356 chat/completions (stream): 11 tokens generated at
                       225.2 T/s · prompt 596 tokens, none cached, 596 new in
                       0.23 s (2,591 T/s) · first token 0.24 s, total 0.28 s ·
                       draft 7/12 accepted (58%) · max_tokens reached
16:27:00.981 INFO:     #357 chat/completions (stream): 67 prompt tokens ·
                       temperature: 0, greedy (req), max_tokens: 72 (req),
                       min_tokens: 72 (req)
16:27:01.451 INFO:     #357 chat/completions (stream): 72 tokens generated at
                       209.7 T/s · prompt 67 tokens, none cached, 67 new in 0.07
                       s · first token 0.07 s, total 0.42 s · draft 45/81
                       accepted (56%) · max_tokens reached
16:27:01.485 INFO:     #358 chat/completions (stream): 266 prompt tokens ·
                       temperature: 0, greedy (req), max_tokens: 6 (req),
                       min_tokens: 6 (req)
16:27:01.692 INFO:     #358 chat/completions (stream): 6 tokens generated at
                       250.2 T/s · prompt 266 tokens, none cached, 266 new in
                       0.14 s (1,900 T/s) · first token 0.15 s, total 0.17 s ·
                       draft 4/6 accepted (67%) · max_tokens reached
16:27:01.725 INFO:     #359 chat/completions (stream): 104 prompt tokens ·
                       temperature: 0, greedy (req), max_tokens: 354 (req),
                       min_tokens: 354 (req)
16:27:03.906 INFO:     #359 chat/completions (stream): 354 tokens generated at
                       173.3 T/s · prompt 104 tokens, none cached, 104 new in
                       0.09 s · first token 0.09 s, total 2.14 s · draft 194/480
                       accepted (40%) · max_tokens reached
16:27:03.939 INFO:     #361 chat/completions (stream): 65 prompt tokens ·
                       temperature: 0, greedy (req), max_tokens: 243 (req),
                       min_tokens: 243 (req)
16:27:05.258 INFO:     #361 chat/completions (stream): 243 tokens generated at
                       202.2 T/s · prompt 65 tokens, none cached, 65 new in 0.07
                       s · first token 0.07 s, total 1.28 s · draft 149/282
                       accepted (53%) · max_tokens reached
16:27:05.291 INFO:     #362 chat/completions (stream): 62 prompt tokens ·
                       temperature: 0, greedy (req), max_tokens: 242 (req),
                       min_tokens: 242 (req)
16:27:05.600 INFO:     #353 chat/completions (stream): 1,321 tokens generated at
                       186.5 T/s · prompt 697 tokens, none cached, 697 new in
                       0.25 s (2,788 T/s) · first token 0.25 s, total 7.34 s ·
                       draft 849/1416 accepted (60%) · max_tokens reached
16:27:05.633 INFO:     #363 chat/completions (stream): 74 prompt tokens ·
                       temperature: 0, greedy (req), max_tokens: 19 (req),
                       min_tokens: 19 (req)
16:27:05.829 INFO:     #363 chat/completions (stream): 19 tokens generated at
                       258.0 T/s · prompt 74 tokens, none cached, 74 new in 0.08
                       s · first token 0.09 s, total 0.16 s · draft 13/18
                       accepted (72%) · max_tokens reached
16:27:05.862 INFO:     #364 chat/completions (stream): 871 prompt tokens ·
                       temperature: 0, greedy (req), max_tokens: 110 (req),
                       min_tokens: 110 (req)
16:27:06.696 INFO:     #364 chat/completions (stream): 110 tokens generated at
                       206.4 T/s · prompt 871 tokens, none cached, 871 new in
                       0.25 s (3,484 T/s) · first token 0.25 s, total 0.79 s ·
                       draft 68/126 accepted (54%) · max_tokens reached
16:27:06.730 INFO:     #365 chat/completions (stream): 386 prompt tokens ·
                       temperature: 0, greedy (req), max_tokens: 37 (req),
                       min_tokens: 37 (req)
16:27:07.161 INFO:     #365 chat/completions (stream): 37 tokens generated at
                       245.8 T/s · prompt 386 tokens, none cached, 386 new in
                       0.23 s (1,678 T/s) · first token 0.24 s, total 0.39 s ·
                       draft 25/36 accepted (69%) · max_tokens reached
16:27:07.193 INFO:     #366 chat/completions (stream): 365 prompt tokens ·
                       temperature: 0, greedy (req), max_tokens: 10 (req),
                       min_tokens: 10 (req)
16:27:07.452 INFO:     #362 chat/completions (stream): 242 tokens generated at
                       123.4 T/s · prompt 62 tokens, none cached, 62 new in 0.07
                       s · first token 0.08 s, total 2.04 s · draft 136/318
                       accepted (43%) · max_tokens reached
16:27:07.454 INFO:     #366 chat/completions (stream): 10 tokens generated at
                       338.7 T/s · prompt 365 tokens, none cached, 365 new in
                       0.22 s (1,659 T/s) · first token 0.22 s, total 0.25 s ·
                       draft 7/9 accepted (78%) · max_tokens reached
16:27:07.455 INFO:     #367 chat/completions (stream): 125 prompt tokens ·
                       temperature: 0, greedy (req), max_tokens: 236 (req),
                       min_tokens: 236 (req)
16:27:07.583 INFO:     #368 chat/completions (stream): 68 prompt tokens ·
                       temperature: 0, greedy (req), max_tokens: 212 (req),
                       min_tokens: 212 (req)
16:27:08.681 INFO:     #367 chat/completions (stream): 236 tokens generated at
                       218.8 T/s · prompt 125 tokens, none cached, 125 new in
                       0.10 s · first token 0.11 s, total 1.18 s · draft 157/237
                       accepted (66%) · max_tokens reached
16:27:08.715 INFO:     #369 chat/completions (stream): 604 prompt tokens ·
                       temperature: 0, greedy (req), max_tokens: 103 (req),
                       min_tokens: 103 (req)
16:27:09.095 INFO:     #368 chat/completions (stream): 212 tokens generated at
                       152.7 T/s · prompt 68 tokens, none cached, 68 new in 0.07
                       s · first token 0.08 s, total 1.46 s · draft 120/276
                       accepted (43%) · max_tokens reached
16:27:09.129 INFO:     #370 chat/completions (stream): 62 prompt tokens ·
                       temperature: 0, greedy (req), max_tokens: 76 (req),
                       min_tokens: 76 (req)
16:27:09.595 INFO:     #369 chat/completions (stream): 103 tokens generated at
                       174.9 T/s · prompt 604 tokens, none cached, 604 new in
                       0.24 s (2,517 T/s) · first token 0.25 s, total 0.83 s ·
                       draft 62/123 accepted (50%) · max_tokens reached
16:27:09.627 INFO:     #371 chat/completions (stream): 87 prompt tokens ·
                       temperature: 0, greedy (req), max_tokens: 22 (req),
                       min_tokens: 22 (req)
16:27:09.793 INFO:     #370 chat/completions (stream): 76 tokens generated at
                       131.9 T/s · prompt 62 tokens, none cached, 62 new in 0.07
                       s · first token 0.08 s, total 0.65 s · draft 37/117
                       accepted (32%) · max_tokens reached
16:27:09.794 INFO:     #371 chat/completions (stream): 22 tokens generated at
                       303.3 T/s · prompt 87 tokens, none cached, 87 new in 0.08
                       s · first token 0.09 s, total 0.16 s · draft 16/18
                       accepted (89%) · max_tokens reached
16:27:09.797 INFO:     #372 chat/completions (stream): 62 prompt tokens ·
                       temperature: 0, greedy (req), max_tokens: 160 (req),
                       min_tokens: 160 (req)
16:27:09.798 INFO:     #373 chat/completions (stream): 103 prompt tokens ·
                       temperature: 0, greedy (req), max_tokens: 483 (req),
                       min_tokens: 483 (req)
16:27:10.755 INFO:     #372 chat/completions (stream): 160 tokens generated at
                       213.8 T/s · prompt 62 tokens, none cached, 62 new in 0.16
                       s · first token 0.17 s, total 0.92 s · draft 101/177
                       accepted (57%) · max_tokens reached
16:27:10.788 INFO:     #374 chat/completions (stream): 58 prompt tokens ·
                       temperature: 0, greedy (req), max_tokens: 30 (req),
                       min_tokens: 30 (req)
16:27:11.025 INFO:     #374 chat/completions (stream): 30 tokens generated at
                       241.3 T/s · prompt 58 tokens, none cached, 58 new in 0.07
                       s · first token 0.08 s, total 0.20 s · draft 20/30
                       accepted (67%) · max_tokens reached
16:27:11.057 INFO:     #375 chat/completions (stream): 71 prompt tokens ·
                       temperature: 0, greedy (req), max_tokens: 68 (req),
                       min_tokens: 68 (req)
16:27:11.547 INFO:     #375 chat/completions (stream): 68 tokens generated at
                       183.5 T/s · prompt 71 tokens, none cached, 71 new in 0.07
                       s · first token 0.07 s, total 0.45 s · draft 39/87
                       accepted (45%) · max_tokens reached
16:27:11.581 INFO:     #376 chat/completions (stream): 828 prompt tokens ·
                       temperature: 0, greedy (req), max_tokens: 6 (req),
                       min_tokens: 6 (req)
16:27:11.892 INFO:     #376 chat/completions (stream): 6 tokens generated at
                       250.7 T/s · prompt 828 tokens, none cached, 828 new in
                       0.24 s (3,450 T/s) · first token 0.25 s, total 0.27 s ·
                       draft 4/6 accepted (67%) · max_tokens reached
16:27:11.924 INFO:     #377 chat/completions (stream): 93 prompt tokens ·
                       temperature: 0, greedy (req), max_tokens: 257 (req),
                       min_tokens: 257 (req)
16:27:12.919 INFO:     #373 chat/completions (stream): 483 tokens generated at
                       166.0 T/s · prompt 103 tokens, none cached, 103 new in
                       0.09 s · first token 0.17 s, total 3.08 s · draft 286/591
                       accepted (48%) · max_tokens reached
16:27:12.952 INFO:     #378 chat/completions (stream): 223 prompt tokens ·
                       temperature: 0, greedy (req), max_tokens: 96 (req),
                       min_tokens: 96 (req)
16:27:13.422 INFO:     #377 chat/completions (stream): 257 tokens generated at
                       188.8 T/s · prompt 93 tokens, none cached, 93 new in 0.08
                       s · first token 0.09 s, total 1.45 s · draft 157/300
                       accepted (52%) · max_tokens reached
16:27:13.460 INFO:     #379 chat/completions (stream): 542 prompt tokens ·
                       temperature: 0, greedy (req), max_tokens: 91 (req),
                       min_tokens: 91 (req)
16:27:13.772 INFO:     #378 chat/completions (stream): 96 tokens generated at
                       143.6 T/s · prompt 223 tokens, none cached, 223 new in
                       0.10 s · first token 0.11 s, total 0.77 s · draft 56/120
                       accepted (47%) · max_tokens reached
16:27:13.804 INFO:     #380 chat/completions (stream): 99 prompt tokens ·
                       temperature: 0, greedy (req), max_tokens: 413 (req),
                       min_tokens: 413 (req)
16:27:14.304 INFO:     #379 chat/completions (stream): 91 tokens generated at
                       147.0 T/s · prompt 542 tokens, none cached, 542 new in
                       0.18 s (3,011 T/s) · first token 0.19 s, total 0.80 s ·
                       draft 48/129 accepted (37%) · max_tokens reached
16:27:14.336 INFO:     #381 chat/completions (stream): 382 prompt tokens ·
                       temperature: 0, greedy (req), max_tokens: 794 (req),
                       min_tokens: 794 (req)
16:27:16.173 INFO:     #380 chat/completions (stream): 413 tokens generated at
                       184.9 T/s · prompt 99 tokens, none cached, 99 new in 0.09
                       s · first token 0.09 s, total 2.33 s · draft 258/465
                       accepted (55%) · max_tokens reached
16:27:16.206 INFO:     #382 chat/completions (stream): 470 prompt tokens ·
                       temperature: 0, greedy (req), max_tokens: 7 (req),
                       min_tokens: 7 (req)
16:27:16.508 INFO:     #382 chat/completions (stream): 7 tokens generated at
                       288.8 T/s · prompt 470 tokens, none cached, 470 new in
                       0.23 s (2,043 T/s) · first token 0.24 s, total 0.26 s ·
                       draft 5/6 accepted (83%) · max_tokens reached
16:27:16.541 INFO:     #383 chat/completions (stream): 74 prompt tokens ·
                       temperature: 0, greedy (req), max_tokens: 535 (req),
                       min_tokens: 535 (req)
16:27:18.648 INFO:     #381 chat/completions (stream): 794 tokens generated at
                       196.6 T/s · prompt 382 tokens, none cached, 382 new in
                       0.23 s (1,661 T/s) · first token 0.24 s, total 4.27 s ·
                       draft 505/867 accepted (58%) · max_tokens reached
16:27:18.682 INFO:     #385 chat/completions (stream): 787 prompt tokens ·
                       temperature: 0, greedy (req), max_tokens: 9 (req),
                       min_tokens: 9 (req)
16:27:18.975 INFO:     #385 chat/completions (stream): 9 tokens generated at
                       242.6 T/s · prompt 787 tokens, none cached, 787 new in
                       0.21 s (3,748 T/s) · first token 0.22 s, total 0.25 s ·
                       draft 6/9 accepted (67%) · max_tokens reached
16:27:19.007 INFO:     #386 chat/completions (stream): 87 prompt tokens ·
                       temperature: 0, greedy (req), max_tokens: 696 (req),
                       min_tokens: 696 (req)
16:27:19.773 INFO:     #383 chat/completions (stream): 535 tokens generated at
                       172.0 T/s · prompt 74 tokens, none cached, 74 new in 0.08
                       s · first token 0.09 s, total 3.20 s · draft 315/660
                       accepted (48%) · max_tokens reached
16:27:19.806 INFO:     #387 chat/completions (stream): 307 prompt tokens ·
                       temperature: 0, greedy (req), max_tokens: 204 (req),
                       min_tokens: 204 (req)
16:27:20.896 INFO:     #387 chat/completions (stream): 204 tokens generated at
                       239.6 T/s · prompt 307 tokens, none cached, 307 new in
                       0.19 s (1,616 T/s) · first token 0.20 s, total 1.05 s ·
                       draft 138/198 accepted (70%) · max_tokens reached
16:27:20.928 INFO:     #388 chat/completions (stream): 68 prompt tokens ·
                       temperature: 0, greedy (req), max_tokens: 367 (req),
                       min_tokens: 367 (req)
16:27:22.922 INFO:     #388 chat/completions (stream): 367 tokens generated at
                       195.8 T/s · prompt 68 tokens, none cached, 68 new in 0.07
                       s · first token 0.08 s, total 1.95 s · draft 219/444
                       accepted (49%) · max_tokens reached
16:27:22.954 INFO:     #389 chat/completions (stream): 245 prompt tokens ·
                       temperature: 0, greedy (req), max_tokens: 9 (req),
                       min_tokens: 9 (req)
16:27:23.148 INFO:     #389 chat/completions (stream): 9 tokens generated at
                       238.9 T/s · prompt 245 tokens, none cached, 245 new in
                       0.11 s · first token 0.12 s, total 0.15 s · draft 6/9
                       accepted (67%) · max_tokens reached
16:27:23.181 INFO:     #390 chat/completions (stream): 330 prompt tokens ·
                       temperature: 0, greedy (req), max_tokens: 8 (req),
                       min_tokens: 8 (req)
16:27:23.480 INFO:     #390 chat/completions (stream): 8 tokens generated at
                       131.8 T/s · prompt 330 tokens, none cached, 330 new in
                       0.21 s (1,571 T/s) · first token 0.21 s, total 0.28 s ·
                       draft 4/12 accepted (33%) · max_tokens reached
16:27:23.482 INFO:     #386 chat/completions (stream): 696 tokens generated at
                       158.9 T/s · prompt 87 tokens, none cached, 87 new in 0.08
                       s · first token 0.08 s, total 4.46 s · draft 395/903
                       accepted (44%) · max_tokens reached
16:27:23.484 INFO:     #391 chat/completions (stream): 64 prompt tokens ·
                       temperature: 0, greedy (req), max_tokens: 10 (req),
                       min_tokens: 10 (req)
16:27:23.486 INFO:     #392 chat/completions (stream): 436 prompt tokens ·
                       temperature: 0, greedy (req), max_tokens: 44 (req),
                       min_tokens: 44 (req)
16:27:23.856 INFO:     #391 chat/completions (stream): 10 tokens generated at
                       77.4 T/s · prompt 64 tokens, none cached, 64 new in 0.19
                       s · first token 0.20 s, total 0.33 s · draft 7/9 accepted
                       (78%) · max_tokens reached
16:27:23.889 INFO:     #393 chat/completions (stream): 435 prompt tokens ·
                       temperature: 0, greedy (req), max_tokens: 79 (req),
                       min_tokens: 79 (req)
16:27:24.288 INFO:     #392 chat/completions (stream): 44 tokens generated at
                       98.2 T/s · prompt 436 tokens, none cached, 436 new in
                       0.23 s (1,896 T/s) · first token 0.31 s, total 0.76 s ·
                       draft 26/54 accepted (48%) · max_tokens reached
16:27:24.322 INFO:     #394 chat/completions (stream): 94 prompt tokens ·
                       temperature: 0, greedy (req), max_tokens: 246 (req),
                       min_tokens: 246 (req)
16:27:24.615 INFO:     #393 chat/completions (stream): 79 tokens generated at
                       177.5 T/s · prompt 435 tokens, none cached, 435 new in
                       0.23 s (1,891 T/s) · first token 0.23 s, total 0.68 s ·
                       draft 54/75 accepted (72%) · max_tokens reached
16:27:24.650 INFO:     #395 chat/completions (stream): 63 prompt tokens ·
                       temperature: 0, greedy (req), max_tokens: 265 (req),
                       min_tokens: 265 (req)
16:27:25.781 INFO:     #394 chat/completions (stream): 246 tokens generated at
                       186.7 T/s · prompt 94 tokens, none cached, 94 new in 0.09
                       s · first token 0.10 s, total 1.41 s · draft 152/282
                       accepted (54%) · max_tokens reached
16:27:25.813 INFO:     #396 chat/completions (stream): 154 prompt tokens ·
                       temperature: 0, greedy (req), max_tokens: 385 (req),
                       min_tokens: 385 (req)
16:27:26.387 INFO:     #395 chat/completions (stream): 265 tokens generated at
                       164.1 T/s · prompt 63 tokens, none cached, 63 new in 0.07
                       s · first token 0.08 s, total 1.69 s · draft 146/357
                       accepted (41%) · max_tokens reached
16:27:26.422 INFO:     #397 chat/completions (stream): 61 prompt tokens ·
                       temperature: 0, greedy (req), max_tokens: 128 (req),
                       min_tokens: 128 (req)
16:27:27.122 INFO:     #397 chat/completions (stream): 128 tokens generated at
                       218.5 T/s · prompt 61 tokens, none cached, 61 new in 0.07
                       s · first token 0.08 s, total 0.66 s · draft 82/138
                       accepted (59%) · max_tokens reached
16:27:27.155 INFO:     #398 chat/completions (stream): 442 prompt tokens ·
                       temperature: 0, greedy (req), max_tokens: 153 (req),
                       min_tokens: 153 (req)
16:27:28.195 INFO:     #398 chat/completions (stream): 153 tokens generated at
                       196.7 T/s · prompt 442 tokens, none cached, 442 new in
                       0.21 s (2,105 T/s) · first token 0.21 s, total 0.99 s ·
                       draft 92/183 accepted (50%) · max_tokens reached
16:27:28.198 INFO:     #399 chat/completions (stream): 116 prompt tokens ·
                       temperature: 0, greedy (req), max_tokens: 276 (req),
                       min_tokens: 276 (req)
16:27:28.198 INFO:     #396 chat/completions (stream): 385 tokens generated at
                       168.4 T/s · prompt 154 tokens, none cached, 154 new in
                       0.09 s · first token 0.10 s, total 2.38 s · draft 224/483
                       accepted (46%) · max_tokens reached
16:27:28.341 INFO:     #400 chat/completions (stream): 213 prompt tokens ·
                       temperature: 0, greedy (req), max_tokens: 7 (req),
                       min_tokens: 7 (req)
16:27:28.511 INFO:     #400 chat/completions (stream): 7 tokens generated at
                       284.4 T/s · prompt 213 tokens, none cached, 213 new in
                       0.10 s · first token 0.10 s, total 0.13 s · draft 5/6
                       accepted (83%) · max_tokens reached
16:27:28.542 INFO:     #401 chat/completions (stream): 62 prompt tokens ·
                       temperature: 0, greedy (req), max_tokens: 342 (req),
                       min_tokens: 342 (req)
16:27:29.764 INFO:     #399 chat/completions (stream): 276 tokens generated at
                       193.9 T/s · prompt 116 tokens, none cached, 116 new in
                       0.09 s · first token 0.10 s, total 1.52 s · draft 177/297
                       accepted (60%) · max_tokens reached
16:27:29.798 INFO:     #402 chat/completions (stream): 457 prompt tokens ·
                       temperature: 0, greedy (req), max_tokens: 24 (req),
                       min_tokens: 24 (req)
16:27:30.100 INFO:     #401 chat/completions (stream): 342 tokens generated at
                       237.1 T/s · prompt 62 tokens, none cached, 62 new in 0.07
                       s · first token 0.07 s, total 1.52 s · draft 246/288
                       accepted (85%) · max_tokens reached
16:27:30.126 INFO:     #403 chat/completions (stream): 145 prompt tokens ·
                       temperature: 0, greedy (req), max_tokens: 9 (req),
                       min_tokens: 9 (req)
16:27:30.256 INFO:     #402 chat/completions (stream): 24 tokens generated at
                       270.4 T/s · prompt 457 tokens, none cached, 457 new in
                       0.23 s (1,987 T/s) · first token 0.24 s, total 0.32 s ·
                       draft 16/24 accepted (67%) · max_tokens reached
16:27:30.269 INFO:     #404 chat/completions (stream): 90 prompt tokens ·
                       temperature: 0, greedy (req), max_tokens: 196 (req),
                       min_tokens: 196 (req)
16:27:30.369 INFO:     #403 chat/completions (stream): 9 tokens generated at
                       297.0 T/s · prompt 145 tokens, none cached, 145 new in
                       0.10 s · first token 0.11 s, total 0.14 s · draft 6/9
                       accepted (67%) · max_tokens reached
16:27:30.403 INFO:     #405 chat/completions (stream): 73 prompt tokens ·
                       temperature: 0, greedy (req), max_tokens: 491 (req),
                       min_tokens: 491 (req)
16:27:31.460 INFO:     #404 chat/completions (stream): 196 tokens generated at
                       185.5 T/s · prompt 90 tokens, none cached, 90 new in 0.09
                       s · first token 0.09 s, total 1.15 s · draft 120/228
                       accepted (53%) · max_tokens reached
16:27:31.492 INFO:     #406 chat/completions (stream): 59 prompt tokens ·
                       temperature: 0, greedy (req), max_tokens: 169 (req),
                       min_tokens: 169 (req)
16:27:32.242 INFO:     #406 chat/completions (stream): 169 tokens generated at
                       265.6 T/s · prompt 59 tokens, none cached, 59 new in 0.07
                       s · first token 0.08 s, total 0.71 s · draft 119/150
                       accepted (79%) · max_tokens reached
16:27:32.276 INFO:     #408 chat/completions (stream): 566 prompt tokens ·
                       temperature: 0, greedy (req), max_tokens: 21 (req),
                       min_tokens: 21 (req)
16:27:32.669 INFO:     #408 chat/completions (stream): 21 tokens generated at
                       211.2 T/s · prompt 566 tokens, none cached, 566 new in
                       0.25 s (2,264 T/s) · first token 0.26 s, total 0.35 s ·
                       draft 13/24 accepted (54%) · max_tokens reached
16:27:32.702 INFO:     #409 chat/completions (stream): 179 prompt tokens ·
                       temperature: 0, greedy (req), max_tokens: 263 (req),
                       min_tokens: 263 (req)
16:27:33.221 INFO:     #405 chat/completions (stream): 491 tokens generated at
                       183.9 T/s · prompt 73 tokens, none cached, 73 new in 0.10
                       s · first token 0.10 s, total 2.78 s · draft 309/546
                       accepted (57%) · max_tokens reached
16:27:33.257 INFO:     #410 chat/completions (stream): 1,070 prompt tokens ·
                       temperature: 0, greedy (req), max_tokens: 168 (req),
                       min_tokens: 168 (req)
16:27:34.254 INFO:     #409 chat/completions (stream): 263 tokens generated at
                       186.4 T/s · prompt 179 tokens, none cached, 179 new in
                       0.09 s · first token 0.10 s, total 1.51 s · draft 171/276
                       accepted (62%) · max_tokens reached
16:27:34.287 INFO:     #411 chat/completions (stream): 225 prompt tokens ·
                       temperature: 0, greedy (req), max_tokens: 232 (req),
                       min_tokens: 232 (req)
16:27:34.469 INFO:     #410 chat/completions (stream): 168 tokens generated at
                       187.2 T/s · prompt 1,070 tokens, none cached, 1,070 new
                       in 0.27 s (3,963 T/s) · first token 0.27 s, total 1.17 s
                       · draft 105/189 accepted (56%) · max_tokens reached
16:27:34.504 INFO:     #412 chat/completions (stream): 489 prompt tokens ·
                       temperature: 0, greedy (req), max_tokens: 205 (req),
                       min_tokens: 205 (req)
16:27:35.790 INFO:     #411 chat/completions (stream): 232 tokens generated at
                       171.8 T/s · prompt 225 tokens, none cached, 225 new in
                       0.11 s · first token 0.12 s, total 1.47 s · draft 143/267
                       accepted (54%) · max_tokens reached
16:27:35.823 INFO:     #413 chat/completions (stream): 64 prompt tokens ·
                       temperature: 0, greedy (req), max_tokens: 66 (req),
                       min_tokens: 66 (req)
16:27:35.951 INFO:     #412 chat/completions (stream): 205 tokens generated at
                       175.1 T/s · prompt 489 tokens, none cached, 489 new in
                       0.23 s (2,126 T/s) · first token 0.24 s, total 1.41 s ·
                       draft 118/261 accepted (45%) · max_tokens reached
16:27:35.983 INFO:     #414 chat/completions (stream): 113 prompt tokens ·
                       temperature: 0, greedy (req), max_tokens: 352 (req),
                       min_tokens: 352 (req)
16:27:36.309 INFO:     #413 chat/completions (stream): 66 tokens generated at
                       178.7 T/s · prompt 64 tokens, none cached, 64 new in 0.07
                       s · first token 0.08 s, total 0.44 s · draft 43/69
                       accepted (62%) · max_tokens reached
16:27:36.342 INFO:     #415 chat/completions (stream): 447 prompt tokens ·
                       temperature: 0, greedy (req), max_tokens: 792 (req),
                       min_tokens: 792 (req)
16:27:38.120 INFO:     #414 chat/completions (stream): 352 tokens generated at
                       176.2 T/s · prompt 113 tokens, none cached, 113 new in
                       0.09 s · first token 0.09 s, total 2.09 s · draft 209/429
                       accepted (49%) · max_tokens reached
16:27:38.154 INFO:     #416 chat/completions (stream): 397 prompt tokens ·
                       temperature: 0, greedy (req), max_tokens: 5 (req),
                       min_tokens: 5 (req)
16:27:38.455 INFO:     #416 chat/completions (stream): 5 tokens generated at
                       207.6 T/s · prompt 397 tokens, none cached, 397 new in
                       0.23 s (1,726 T/s) · first token 0.24 s, total 0.26 s ·
                       draft 3/6 accepted (50%) · max_tokens reached
16:27:38.488 INFO:     #417 chat/completions (stream): 64 prompt tokens ·
                       temperature: 0, greedy (req), max_tokens: 34 (req),
                       min_tokens: 34 (req)
16:27:38.755 INFO:     #417 chat/completions (stream): 34 tokens generated at
                       224.1 T/s · prompt 64 tokens, none cached, 64 new in 0.07
                       s · first token 0.08 s, total 0.23 s · draft 22/36
                       accepted (61%) · max_tokens reached
16:27:38.788 INFO:     #418 chat/completions (stream): 746 prompt tokens ·
                       temperature: 0, greedy (req), max_tokens: 9 (req),
                       min_tokens: 9 (req)
16:27:39.124 INFO:     #418 chat/completions (stream): 9 tokens generated at
                       243.0 T/s · prompt 746 tokens, none cached, 746 new in
                       0.25 s (2,984 T/s) · first token 0.25 s, total 0.29 s ·
                       draft 6/9 accepted (67%) · max_tokens reached
16:27:39.157 INFO:     #419 chat/completions (stream): 123 prompt tokens ·
                       temperature: 0, greedy (req), max_tokens: 129 (req),
                       min_tokens: 129 (req)
16:27:39.839 INFO:     #419 chat/completions (stream): 129 tokens generated at
                       239.2 T/s · prompt 123 tokens, none cached, 123 new in
                       0.10 s · first token 0.11 s, total 0.64 s · draft 87/126
                       accepted (69%) · max_tokens reached
16:27:39.871 INFO:     #420 chat/completions (stream): 159 prompt tokens ·
                       temperature: 0, greedy (req), max_tokens: 67 (req),
                       min_tokens: 67 (req)
16:27:40.313 INFO:     #420 chat/completions (stream): 67 tokens generated at
                       220.2 T/s · prompt 159 tokens, none cached, 159 new in
                       0.09 s · first token 0.10 s, total 0.40 s · draft 43/72
                       accepted (60%) · max_tokens reached
16:27:40.346 INFO:     #421 chat/completions (stream): 207 prompt tokens ·
                       temperature: 0, greedy (req), max_tokens: 123 (req),
                       min_tokens: 123 (req)
16:27:40.839 INFO:     #415 chat/completions (stream): 792 tokens generated at
                       187.3 T/s · prompt 447 tokens, none cached, 447 new in
                       0.22 s (2,032 T/s) · first token 0.23 s, total 4.45 s ·
                       draft 517/825 accepted (63%) · max_tokens reached
16:27:40.872 INFO:     #422 chat/completions (stream): 516 prompt tokens ·
                       temperature: 0, greedy (req), max_tokens: 39 (req),
                       min_tokens: 39 (req)
16:27:41.254 INFO:     #422 chat/completions (stream): 39 tokens generated at
                       220.7 T/s · prompt 516 tokens, none cached, 516 new in
                       0.16 s (3,225 T/s) · first token 0.17 s, total 0.34 s ·
                       draft 25/42 accepted (60%) · max_tokens reached
16:27:41.273 INFO:     #423 chat/completions (stream): 726 prompt tokens ·
                       temperature: 0, greedy (req), max_tokens: 98 (req),
                       min_tokens: 98 (req)
16:27:41.420 INFO:     #421 chat/completions (stream): 123 tokens generated at
                       151.9 T/s · prompt 207 tokens, none cached, 207 new in
                       0.10 s · first token 0.11 s, total 0.92 s · draft 68/165
                       accepted (41%) · max_tokens reached
16:27:41.600 INFO:     #424 chat/completions (stream): 536 prompt tokens ·
                       temperature: 0, greedy (req), max_tokens: 8 (req),
                       min_tokens: 8 (req)
16:27:41.852 INFO:     #424 chat/completions (stream): 8 tokens generated at
                       215.8 T/s · prompt 536 tokens, none cached, 536 new in
                       0.17 s (3,153 T/s) · first token 0.18 s, total 0.21 s ·
                       draft 5/9 accepted (56%) · max_tokens reached
16:27:41.884 INFO:     #425 chat/completions (stream): 102 prompt tokens ·
                       temperature: 0, greedy (req), max_tokens: 222 (req),
                       min_tokens: 222 (req)
16:27:42.320 INFO:     #423 chat/completions (stream): 98 tokens generated at
                       137.2 T/s · prompt 726 tokens, none cached, 726 new in
                       0.29 s (2,503 T/s) · first token 0.29 s, total 1.01 s ·
                       draft 60/114 accepted (53%) · max_tokens reached
16:27:42.353 INFO:     #426 chat/completions (stream): 67 prompt tokens ·
                       temperature: 0, greedy (req), max_tokens: 425 (req),
                       min_tokens: 425 (req)
16:27:43.088 INFO:     #425 chat/completions (stream): 222 tokens generated at
                       208.0 T/s · prompt 102 tokens, none cached, 102 new in
                       0.09 s · first token 0.09 s, total 1.16 s · draft 143/237
                       accepted (60%) · max_tokens reached
16:27:43.121 INFO:     #427 chat/completions (stream): 677 prompt tokens ·
                       temperature: 0, greedy (req), max_tokens: 420 (req),
                       min_tokens: 420 (req)
16:27:45.216 INFO:     #426 chat/completions (stream): 425 tokens generated at
                       154.9 T/s · prompt 67 tokens, none cached, 67 new in 0.07
                       s · first token 0.08 s, total 2.82 s · draft 227/594
                       accepted (38%) · max_tokens reached
16:27:45.392 INFO:     #427 chat/completions (stream): 420 tokens generated at
                       207.6 T/s · prompt 677 tokens, none cached, 677 new in
                       0.24 s (2,821 T/s) · first token 0.24 s, total 2.27 s ·
                       draft 257/489 accepted (53%) · max_tokens reached
