15:42:58.748 INFO:     Sampler preset "qwen38_thinking": temperature 0.6, top_k
                       20, top_p 0.95
15:42:58.786 INFO:     exllamav3 version: 1.5.2
15:43:00.106 INFO:     Using main model MTP component for drafting
15:43:00.128 INFO:     Context: max_seq_len 262,144 tokens (configured),
                       cache_size 901,120 tokens
15:43:00.175 INFO:     Using tool format: qwen3_coder
15:43:00.175 INFO:     Using template "chat_template" for chat completions.
15:43:02.422 INFO:     Loading model
                       /models/qwen3.8-flash-next-exl3-2.50bpw-r0b0tlab (manual
                       GPU split)
Loading vision modules ━━━━━━━━━━━━━━━━━━━━━━━━━━━━━━━━━━━━━━ 100% 30/30 0:00:00
Loading draft modules  ━━━━━━━━━━━━━━━━━━━━━━━━━━━━━━━━━━━━━━ 100% 3/3   0:00:00
Loading model modules  ━━━━━━━━━━━━━━━━━━━━━━━━━━━━━━━━━━━━━━ 100% 53/53 0:00:00
EXL3_EMBED_GPU_PRUNED=1: embedding mirror 65536 of 248320 rows (320.0 MiB, prefix) on cuda:1
15:43:13.127 INFO:     Model loaded in 13.0 s

15:43:13.127 WARNING:  Disabling authentication makes your instance vulnerable.
                       Set the `disable_auth` flag to False in config.yml if you
                       want to share this instance with others.
15:43:13.127 WARNING:  With authentication disabled and `allowed_origins` left
                       at ["*"], any website open in a browser on this machine
                       can send requests to this instance and read the
                       responses, including admin endpoints. Set
                       `network.allowed_origins` to your own frontends (or [])
                       unless you use a browser-based frontend that needs it.
15:43:13.128 INFO:     Serving OAI API on http://0.0.0.0:8022 (docs at
                       http://0.0.0.0:8022/redoc)
15:43:13.618 INFO:     #3 completions: 3 prompt tokens · temperature: 0, greedy
                       (req), max_tokens: 16 (req)
densegemm lcguard: device 1: dense calls on the QSA side branch use the side scratch (hctr upper half, side slots)
densegemm lcguard: device 0: dense calls on the QSA side branch use the side scratch (hctr upper half, side slots)
15:43:13.981 INFO:     #3 completions: 16 tokens generated at 102.6 T/s · prompt
                       3 tokens, none cached, 3 new in 0.20 s · first token 0.21
                       s, total 0.36 s · draft 7/27 accepted (26%) · max_tokens
                       reached
15:43:14.385 INFO:     #5 chat/completions: 74 prompt tokens · temperature: 0,
                       greedy (req), max_tokens: 64 (req), min_tokens: 64 (req)
15:43:14.387 INFO:     #6 chat/completions: 74 prompt tokens · temperature: 0,
                       greedy (req), max_tokens: 64 (req), min_tokens: 64 (req)
15:43:14.661 INFO:     #7 chat/completions: 74 prompt tokens · temperature: 0,
                       greedy (req), max_tokens: 64 (req), min_tokens: 64 (req)
15:43:14.764 INFO:     #8 chat/completions: 74 prompt tokens · temperature: 0,
                       greedy (req), max_tokens: 64 (req), min_tokens: 64 (req)
15:43:15.237 INFO:     #5 chat/completions: 64 tokens generated at 120.3 T/s ·
                       prompt 74 tokens, none cached, 74 new in 0.24 s · first
                       token 0.25 s, total 0.78 s · draft 43/63 accepted (68%) ·
                       max_tokens reached
15:43:15.238 INFO:     #7 chat/completions: 64 tokens generated at 142.7 T/s ·
                       prompt 74 tokens, none cached, 74 new in 0.08 s · first
                       token 0.09 s, total 0.53 s · draft 43/63 accepted (68%) ·
                       max_tokens reached
15:43:15.238 INFO:     #8 chat/completions: 64 tokens generated at 168.9 T/s ·
                       prompt 74 tokens, none cached, 74 new in 0.08 s · first
                       token 0.08 s, total 0.46 s · draft 42/66 accepted (64%) ·
                       max_tokens reached
15:43:15.239 INFO:     #6 chat/completions: 64 tokens generated at 107.4 T/s ·
                       prompt 74 tokens, none cached, 74 new in 0.08 s · queued
                       0.18 s, first token 0.26 s, total 0.85 s · draft 39/75
                       accepted (52%) · max_tokens reached
15:43:28.930 INFO:     #12 chat/completions (stream): 737 prompt tokens ·
                       temperature: 0, greedy (req), max_tokens: 49 (req),
                       min_tokens: 49 (req)
15:43:29.120 INFO:     #13 chat/completions (stream): 927 prompt tokens ·
                       temperature: 0, greedy (req), max_tokens: 165 (req),
                       min_tokens: 165 (req)
15:43:29.478 INFO:     #14 chat/completions (stream): 133 prompt tokens ·
                       temperature: 0, greedy (req), max_tokens: 188 (req),
                       min_tokens: 188 (req)
15:43:29.718 INFO:     #15 chat/completions (stream): 218 prompt tokens ·
                       temperature: 0, greedy (req), max_tokens: 783 (req),
                       min_tokens: 783 (req)
15:43:30.210 INFO:     #12 chat/completions (stream): 49 tokens generated at
                       72.7 T/s · prompt 737 tokens, none cached, 737 new in
                       0.53 s (1,391 T/s) · first token 0.54 s, total 1.21 s ·
                       draft 30/57 accepted (53%) · max_tokens reached
15:43:30.262 INFO:     #16 chat/completions (stream): 291 prompt tokens ·
                       temperature: 0, greedy (req), max_tokens: 400 (req),
                       min_tokens: 400 (req)
15:43:31.158 INFO:     #13 chat/completions (stream): 165 tokens generated at
                       118.9 T/s · prompt 927 tokens, none cached, 927 new in
                       0.45 s (2,060 T/s) · queued 0.13 s, first token 0.58 s,
                       total 1.97 s · draft 109/168 accepted (65%) · max_tokens
                       reached
15:43:31.211 INFO:     #17 chat/completions (stream): 57 prompt tokens ·
                       temperature: 0, greedy (req), max_tokens: 275 (req),
                       min_tokens: 275 (req)
15:43:31.569 INFO:     #14 chat/completions (stream): 188 tokens generated at
                       104.5 T/s · prompt 133 tokens, none cached, 133 new in
                       0.11 s · queued 0.12 s, first token 0.23 s, total 2.02 s
                       · draft 114/222 accepted (51%) · max_tokens reached
15:43:31.619 INFO:     #18 chat/completions (stream): 343 prompt tokens ·
                       temperature: 0, greedy (req), max_tokens: 41 (req),
                       min_tokens: 41 (req)
15:43:32.293 INFO:     #18 chat/completions (stream): 41 tokens generated at
                       112.0 T/s · prompt 343 tokens, none cached, 343 new in
                       0.24 s (1,429 T/s) · first token 0.24 s, total 0.61 s ·
                       draft 21/60 accepted (35%) · max_tokens reached
15:43:32.344 INFO:     #20 chat/completions (stream): 234 prompt tokens ·
                       temperature: 0, greedy (req), max_tokens: 536 (req),
                       min_tokens: 536 (req)
15:43:33.419 INFO:     #16 chat/completions (stream): 400 tokens generated at
                       142.2 T/s · prompt 291 tokens, none cached, 291 new in
                       0.27 s (1,078 T/s) · first token 0.27 s, total 3.09 s ·
                       draft 269/393 accepted (68%) · max_tokens reached
15:43:33.478 INFO:     #21 chat/completions (stream): 75 prompt tokens ·
                       temperature: 0, greedy (req), max_tokens: 234 (req),
                       min_tokens: 234 (req)
15:43:33.753 INFO:     #17 chat/completions (stream): 275 tokens generated at
                       114.4 T/s · prompt 57 tokens, none cached, 57 new in 0.07
                       s · first token 0.07 s, total 2.48 s · draft 167/324
                       accepted (52%) · max_tokens reached
15:43:33.805 INFO:     #22 chat/completions (stream): 256 prompt tokens ·
                       temperature: 0, greedy (req), max_tokens: 85 (req),
                       min_tokens: 85 (req)
15:43:34.492 INFO:     #22 chat/completions (stream): 85 tokens generated at
                       175.1 T/s · prompt 256 tokens, none cached, 256 new in
                       0.12 s (2,133 T/s) · first token 0.12 s, total 0.61 s ·
                       draft 59/78 accepted (76%) · max_tokens reached
15:43:34.543 INFO:     #23 chat/completions (stream): 292 prompt tokens ·
                       temperature: 0, greedy (req), max_tokens: 46 (req),
                       min_tokens: 46 (req)
15:43:35.148 INFO:     #23 chat/completions (stream): 46 tokens generated at
                       138.2 T/s · prompt 292 tokens, none cached, 292 new in
                       0.20 s (1,460 T/s) · first token 0.21 s, total 0.54 s ·
                       draft 28/54 accepted (52%) · max_tokens reached
15:43:35.199 INFO:     #24 chat/completions (stream): 68 prompt tokens ·
                       temperature: 0, greedy (req), max_tokens: 335 (req),
                       min_tokens: 335 (req)
15:43:35.570 INFO:     #21 chat/completions (stream): 234 tokens generated at
                       120.5 T/s · prompt 75 tokens, none cached, 75 new in 0.08
                       s · first token 0.09 s, total 2.03 s · draft 150/252
                       accepted (60%) · max_tokens reached
15:43:35.621 INFO:     #25 chat/completions (stream): 183 prompt tokens ·
                       temperature: 0, greedy (req), max_tokens: 818 (req),
                       min_tokens: 818 (req)
15:43:36.810 INFO:     #15 chat/completions (stream): 783 tokens generated at
                       113.2 T/s · prompt 218 tokens, none cached, 218 new in
                       0.11 s · first token 0.11 s, total 7.03 s · draft 475/924
                       accepted (51%) · max_tokens reached
15:43:36.852 INFO:     #26 chat/completions (stream): 608 prompt tokens ·
                       temperature: 0, greedy (req), max_tokens: 12 (req),
                       min_tokens: 12 (req)
15:43:37.022 INFO:     #20 chat/completions (stream): 536 tokens generated at
                       123.3 T/s · prompt 234 tokens, none cached, 234 new in
                       0.11 s · first token 0.11 s, total 4.46 s · draft 332/612
                       accepted (54%) · max_tokens reached
15:43:37.158 INFO:     #27 chat/completions (stream): 423 prompt tokens ·
                       temperature: 0, greedy (req), max_tokens: 72 (req),
                       min_tokens: 72 (req)
15:43:37.475 INFO:     #26 chat/completions (stream): 12 tokens generated at
                       59.8 T/s · prompt 608 tokens, none cached, 608 new in
                       0.25 s (2,432 T/s) · first token 0.25 s, total 0.46 s ·
                       draft 8/12 accepted (67%) · max_tokens reached
15:43:37.527 INFO:     #28 chat/completions (stream): 414 prompt tokens ·
                       temperature: 0, greedy (req), max_tokens: 8 (req),
                       min_tokens: 8 (req)
15:43:37.873 INFO:     #28 chat/completions (stream): 8 tokens generated at
                       221.2 T/s · prompt 414 tokens, none cached, 414 new in
                       0.24 s (1,725 T/s) · first token 0.25 s, total 0.28 s ·
                       draft 6/6 accepted (100%) · max_tokens reached
15:43:37.924 INFO:     #29 chat/completions (stream): 69 prompt tokens ·
                       temperature: 0, greedy (req), max_tokens: 58 (req),
                       min_tokens: 58 (req)
15:43:38.304 INFO:     #27 chat/completions (stream): 72 tokens generated at
                       86.1 T/s · prompt 423 tokens, none cached, 423 new in
                       0.24 s (1,762 T/s) · first token 0.24 s, total 1.08 s ·
                       draft 42/90 accepted (47%) · max_tokens reached
15:43:38.355 INFO:     #30 chat/completions (stream): 352 prompt tokens ·
                       temperature: 0, greedy (req), max_tokens: 38 (req),
                       min_tokens: 38 (req)
15:43:38.676 INFO:     #29 chat/completions (stream): 58 tokens generated at
                       95.5 T/s · prompt 69 tokens, none cached, 69 new in 0.07
                       s · first token 0.07 s, total 0.68 s · draft 36/66
                       accepted (55%) · max_tokens reached
15:43:38.726 INFO:     #31 chat/completions (stream): 58 prompt tokens ·
                       temperature: 0, greedy (req), max_tokens: 306 (req),
                       min_tokens: 306 (req)
15:43:38.970 INFO:     #30 chat/completions (stream): 38 tokens generated at
                       121.8 T/s · prompt 352 tokens, none cached, 352 new in
                       0.23 s (1,530 T/s) · first token 0.23 s, total 0.55 s ·
                       draft 24/42 accepted (57%) · max_tokens reached
15:43:39.019 INFO:     #32 chat/completions (stream): 63 prompt tokens ·
                       temperature: 0, greedy (req), max_tokens: 286 (req),
                       min_tokens: 286 (req)
15:43:39.470 INFO:     #24 chat/completions (stream): 335 tokens generated at
                       81.4 T/s · prompt 68 tokens, none cached, 68 new in 0.07
                       s · first token 0.07 s, total 4.19 s · draft 175/480
                       accepted (36%) · max_tokens reached
15:43:39.521 INFO:     #33 chat/completions (stream): 498 prompt tokens ·
                       temperature: 0, greedy (req), max_tokens: 30 (req),
                       min_tokens: 30 (req)
15:43:40.044 INFO:     #33 chat/completions (stream): 30 tokens generated at
                       153.8 T/s · prompt 498 tokens, none cached, 498 new in
                       0.26 s (1,915 T/s) · first token 0.27 s, total 0.46 s ·
                       draft 19/33 accepted (58%) · max_tokens reached
15:43:40.094 INFO:     #34 chat/completions (stream): 235 prompt tokens ·
                       temperature: 0, greedy (req), max_tokens: 47 (req),
                       min_tokens: 47 (req)
15:43:40.657 INFO:     #34 chat/completions (stream): 47 tokens generated at
                       123.3 T/s · prompt 235 tokens, none cached, 235 new in
                       0.11 s · first token 0.12 s, total 0.50 s · draft 27/60
                       accepted (45%) · max_tokens reached
15:43:40.711 INFO:     #35 chat/completions (stream): 927 prompt tokens ·
                       temperature: 0, greedy (req), max_tokens: 333 (req),
                       min_tokens: 333 (req)
15:43:41.656 INFO:     #32 chat/completions (stream): 286 tokens generated at
                       114.4 T/s · prompt 63 tokens, none cached, 63 new in 0.07
                       s · first token 0.07 s, total 2.57 s · draft 185/303
                       accepted (61%) · max_tokens reached
15:43:41.706 INFO:     #36 chat/completions (stream): 303 prompt tokens ·
                       temperature: 0, greedy (req), max_tokens: 89 (req),
                       min_tokens: 89 (req)
15:43:42.205 INFO:     #31 chat/completions (stream): 306 tokens generated at
                       91.7 T/s · prompt 58 tokens, none cached, 58 new in 0.07
                       s · first token 0.07 s, total 3.41 s · draft 172/402
                       accepted (43%) · max_tokens reached
15:43:42.255 INFO:     #37 chat/completions (stream): 413 prompt tokens ·
                       temperature: 0, greedy (req), max_tokens: 8 (req),
                       min_tokens: 8 (req)
15:43:42.648 INFO:     #37 chat/completions (stream): 8 tokens generated at
                       151.2 T/s · prompt 413 tokens, none cached, 413 new in
                       0.27 s (1,530 T/s) · first token 0.27 s, total 0.33 s ·
                       draft 5/9 accepted (56%) · max_tokens reached
15:43:42.700 INFO:     #38 chat/completions (stream): 206 prompt tokens ·
                       temperature: 0, greedy (req), max_tokens: 271 (req),
                       min_tokens: 271 (req)
15:43:42.989 INFO:     #36 chat/completions (stream): 89 tokens generated at
                       88.7 T/s · prompt 303 tokens, none cached, 303 new in
                       0.21 s (1,443 T/s) · first token 0.21 s, total 1.22 s ·
                       draft 53/108 accepted (49%) · max_tokens reached
15:43:43.040 INFO:     #39 chat/completions (stream): 180 prompt tokens ·
                       temperature: 0, greedy (req), max_tokens: 20 (req),
                       min_tokens: 20 (req)
15:43:43.334 INFO:     #39 chat/completions (stream): 20 tokens generated at
                       158.0 T/s · prompt 180 tokens, none cached, 180 new in
                       0.10 s · first token 0.10 s, total 0.23 s · draft 13/21
                       accepted (62%) · max_tokens reached
15:43:43.386 INFO:     #40 chat/completions (stream): 509 prompt tokens ·
                       temperature: 0, greedy (req), max_tokens: 22 (req),
                       min_tokens: 22 (req)
15:43:43.888 INFO:     #40 chat/completions (stream): 22 tokens generated at
                       152.3 T/s · prompt 509 tokens, none cached, 509 new in
                       0.28 s (1,818 T/s) · first token 0.28 s, total 0.43 s ·
                       draft 14/24 accepted (58%) · max_tokens reached
15:43:43.938 INFO:     #41 chat/completions (stream): 330 prompt tokens ·
                       temperature: 0, greedy (req), max_tokens: 19 (req),
                       min_tokens: 19 (req)
15:43:44.361 INFO:     #41 chat/completions (stream): 19 tokens generated at
                       150.2 T/s · prompt 330 tokens, none cached, 330 new in
                       0.23 s (1,435 T/s) · first token 0.23 s, total 0.36 s ·
                       draft 12/21 accepted (57%) · max_tokens reached
15:43:44.412 INFO:     #42 chat/completions (stream): 386 prompt tokens ·
                       temperature: 0, greedy (req), max_tokens: 26 (req),
                       min_tokens: 26 (req)
15:43:44.718 INFO:     #25 chat/completions (stream): 818 tokens generated at
                       94.2 T/s · prompt 183 tokens, none cached, 183 new in
                       0.10 s · first token 0.11 s, total 8.79 s · draft 496/966
                       accepted (51%) · max_tokens reached
15:43:44.761 INFO:     #43 chat/completions (stream): 100 prompt tokens ·
                       temperature: 0, greedy (req), max_tokens: 136 (req),
                       min_tokens: 136 (req)
15:43:44.889 INFO:     #35 chat/completions (stream): 333 tokens generated at
                       89.9 T/s · prompt 927 tokens, none cached, 927 new in
                       0.31 s (2,990 T/s) · first token 0.32 s, total 4.02 s ·
                       draft 202/393 accepted (51%) · max_tokens reached
15:43:44.935 INFO:     #44 chat/completions (stream): 76 prompt tokens ·
                       temperature: 0, greedy (req), max_tokens: 401 (req),
                       min_tokens: 401 (req)
15:43:45.066 INFO:     #42 chat/completions (stream): 26 tokens generated at
                       104.0 T/s · prompt 386 tokens, none cached, 386 new in
                       0.25 s (1,544 T/s) · first token 0.26 s, total 0.51 s ·
                       draft 16/30 accepted (53%) · max_tokens reached
15:43:45.115 INFO:     #45 chat/completions (stream): 62 prompt tokens ·
                       temperature: 0, greedy (req), max_tokens: 155 (req),
                       min_tokens: 155 (req)
15:43:45.625 INFO:     #38 chat/completions (stream): 271 tokens generated at
                       98.9 T/s · prompt 206 tokens, none cached, 206 new in
                       0.11 s · first token 0.12 s, total 2.86 s · draft 176/285
                       accepted (62%) · max_tokens reached
15:43:45.676 INFO:     #46 chat/completions (stream): 73 prompt tokens ·
                       temperature: 0, greedy (req), max_tokens: 222 (req),
                       min_tokens: 222 (req)
15:43:46.075 INFO:     #43 chat/completions (stream): 136 tokens generated at
                       117.9 T/s · prompt 100 tokens, none cached, 100 new in
                       0.09 s · first token 0.09 s, total 1.25 s · draft 85/153
                       accepted (56%) · max_tokens reached
15:43:46.125 INFO:     #47 chat/completions (stream): 194 prompt tokens ·
                       temperature: 0, greedy (req), max_tokens: 201 (req),
                       min_tokens: 201 (req)
15:43:46.493 INFO:     #45 chat/completions (stream): 155 tokens generated at
                       126.8 T/s · prompt 62 tokens, none cached, 62 new in 0.07
                       s · first token 0.07 s, total 1.30 s · draft 98/171
                       accepted (57%) · max_tokens reached
15:43:46.545 INFO:     #48 chat/completions (stream): 656 prompt tokens ·
                       temperature: 0, greedy (req), max_tokens: 595 (req),
                       min_tokens: 595 (req)
15:43:47.662 INFO:     #46 chat/completions (stream): 222 tokens generated at
                       120.9 T/s · prompt 73 tokens, none cached, 73 new in 0.08
                       s · first token 0.09 s, total 1.92 s · draft 143/237
                       accepted (60%) · max_tokens reached
15:43:47.710 INFO:     #50 chat/completions (stream): 73 prompt tokens ·
                       temperature: 0, greedy (req), max_tokens: 664 (req),
                       min_tokens: 664 (req)
15:43:47.840 INFO:     #47 chat/completions (stream): 201 tokens generated at
                       137.3 T/s · prompt 194 tokens, none cached, 194 new in
                       0.10 s · first token 0.10 s, total 1.57 s · draft 137/192
                       accepted (71%) · max_tokens reached
15:43:47.891 INFO:     #51 chat/completions (stream): 85 prompt tokens ·
                       temperature: 0, greedy (req), max_tokens: 50 (req),
                       min_tokens: 50 (req)
15:43:48.297 INFO:     #51 chat/completions (stream): 50 tokens generated at
                       197.9 T/s · prompt 85 tokens, none cached, 85 new in 0.08
                       s · first token 0.08 s, total 0.34 s · draft 36/42
                       accepted (86%) · max_tokens reached
15:43:48.348 INFO:     #52 chat/completions (stream): 75 prompt tokens ·
                       temperature: 0, greedy (req), max_tokens: 202 (req),
                       min_tokens: 202 (req)
15:43:48.750 INFO:     #44 chat/completions (stream): 401 tokens generated at
                       109.4 T/s · prompt 76 tokens, none cached, 76 new in 0.08
                       s · first token 0.09 s, total 3.75 s · draft 242/477
                       accepted (51%) · max_tokens reached
15:43:48.801 INFO:     #53 chat/completions (stream): 87 prompt tokens ·
                       temperature: 0, greedy (req), max_tokens: 683 (req),
                       min_tokens: 683 (req)
15:43:50.063 INFO:     #52 chat/completions (stream): 202 tokens generated at
                       128.9 T/s · prompt 75 tokens, none cached, 75 new in 0.08
                       s · first token 0.09 s, total 1.65 s · draft 122/240
                       accepted (51%) · max_tokens reached
15:43:50.115 INFO:     #54 chat/completions (stream): 796 prompt tokens ·
                       temperature: 0, greedy (req), max_tokens: 13 (req),
                       min_tokens: 13 (req)
15:43:50.438 INFO:     #48 chat/completions (stream): 595 tokens generated at
                       168.9 T/s · prompt 656 tokens, none cached, 656 new in
                       0.28 s (2,343 T/s) · first token 0.29 s, total 3.81 s ·
                       draft 432/489 accepted (88%) · max_tokens reached
15:43:50.480 INFO:     #55 chat/completions (stream): 349 prompt tokens ·
                       temperature: 0, greedy (req), max_tokens: 70 (req),
                       min_tokens: 70 (req)
15:43:50.481 INFO:     #54 chat/completions (stream): 13 tokens generated at
                       198.1 T/s · prompt 796 tokens, none cached, 796 new in
                       0.22 s (3,618 T/s) · first token 0.23 s, total 0.29 s ·
                       draft 9/12 accepted (75%) · max_tokens reached
15:43:50.747 INFO:     #56 chat/completions (stream): 345 prompt tokens ·
                       temperature: 0, greedy (req), max_tokens: 18 (req),
                       min_tokens: 18 (req)
15:43:51.169 INFO:     #56 chat/completions (stream): 18 tokens generated at
                       148.1 T/s · prompt 345 tokens, none cached, 345 new in
                       0.23 s (1,500 T/s) · first token 0.23 s, total 0.36 s ·
                       draft 11/21 accepted (52%) · max_tokens reached
15:43:51.218 INFO:     #57 chat/completions (stream): 353 prompt tokens ·
                       temperature: 0, greedy (req), max_tokens: 52 (req),
                       min_tokens: 52 (req)
15:43:51.630 INFO:     #55 chat/completions (stream): 70 tokens generated at
                       82.2 T/s · prompt 349 tokens, none cached, 349 new in
                       0.23 s (1,517 T/s) · first token 0.24 s, total 1.09 s ·
                       draft 46/72 accepted (64%) · max_tokens reached
15:43:51.679 INFO:     #58 chat/completions (stream): 75 prompt tokens ·
                       temperature: 0, greedy (req), max_tokens: 218 (req),
                       min_tokens: 218 (req)
15:43:51.898 INFO:     #57 chat/completions (stream): 52 tokens generated at
                       139.1 T/s · prompt 353 tokens, none cached, 353 new in
                       0.24 s (1,471 T/s) · first token 0.24 s, total 0.62 s ·
                       draft 35/51 accepted (69%) · max_tokens reached
15:43:51.949 INFO:     #59 chat/completions (stream): 786 prompt tokens ·
                       temperature: 0, greedy (req), max_tokens: 792 (req),
                       min_tokens: 792 (req)
15:43:53.320 INFO:     #58 chat/completions (stream): 218 tokens generated at
                       146.0 T/s · prompt 75 tokens, none cached, 75 new in 0.08
                       s · first token 0.08 s, total 1.58 s · draft 148/210
                       accepted (70%) · max_tokens reached
15:43:53.372 INFO:     #60 chat/completions (stream): 95 prompt tokens ·
                       temperature: 0, greedy (req), max_tokens: 25 (req),
                       min_tokens: 25 (req)
15:43:53.660 INFO:     #60 chat/completions (stream): 25 tokens generated at
                       192.8 T/s · prompt 95 tokens, none cached, 95 new in 0.09
                       s · first token 0.09 s, total 0.22 s · draft 18/21
                       accepted (86%) · max_tokens reached
15:43:53.702 INFO:     #61 chat/completions (stream): 477 prompt tokens ·
                       temperature: 0, greedy (req), max_tokens: 7 (req),
                       min_tokens: 7 (req)
15:43:53.851 INFO:     #50 chat/completions (stream): 664 tokens generated at
                       113.2 T/s · prompt 73 tokens, none cached, 73 new in 0.08
                       s · first token 0.09 s, total 5.95 s · draft 421/729
                       accepted (58%) · max_tokens reached
15:43:54.010 INFO:     #62 chat/completions (stream): 238 prompt tokens ·
                       temperature: 0, greedy (req), max_tokens: 23 (req),
                       min_tokens: 23 (req)
15:43:54.175 INFO:     #61 chat/completions (stream): 7 tokens generated at
                       207.7 T/s · prompt 477 tokens, none cached, 477 new in
                       0.25 s (1,908 T/s) · first token 0.25 s, total 0.29 s ·
                       draft 5/6 accepted (83%) · max_tokens reached
15:43:54.227 INFO:     #63 chat/completions (stream): 62 prompt tokens ·
                       temperature: 0, greedy (req), max_tokens: 408 (req),
                       min_tokens: 408 (req)
15:43:54.364 INFO:     #62 chat/completions (stream): 23 tokens generated at
                       234.6 T/s · prompt 238 tokens, none cached, 238 new in
                       0.11 s · first token 0.12 s, total 0.21 s · draft 17/18
                       accepted (94%) · max_tokens reached
15:43:54.416 INFO:     #64 chat/completions (stream): 507 prompt tokens ·
                       temperature: 0, greedy (req), max_tokens: 8 (req),
                       min_tokens: 8 (req)
15:43:54.783 INFO:     #64 chat/completions (stream): 8 tokens generated at
                       214.7 T/s · prompt 507 tokens, none cached, 507 new in
                       0.26 s (1,950 T/s) · first token 0.27 s, total 0.30 s ·
                       draft 6/6 accepted (100%) · max_tokens reached
15:43:54.834 INFO:     #65 chat/completions (stream): 151 prompt tokens ·
                       temperature: 0, greedy (req), max_tokens: 7 (req),
                       min_tokens: 7 (req)
15:43:55.028 INFO:     #65 chat/completions (stream): 7 tokens generated at
                       193.4 T/s · prompt 151 tokens, none cached, 151 new in
                       0.09 s · first token 0.09 s, total 0.13 s · draft 5/6
                       accepted (83%) · max_tokens reached
15:43:55.078 INFO:     #66 chat/completions (stream): 92 prompt tokens ·
                       temperature: 0, greedy (req), max_tokens: 171 (req),
                       min_tokens: 171 (req)
15:43:56.085 INFO:     #53 chat/completions (stream): 683 tokens generated at
                       95.8 T/s · prompt 87 tokens, none cached, 87 new in 0.08
                       s · first token 0.08 s, total 7.22 s · draft 404/837
                       accepted (48%) · max_tokens reached
15:43:56.138 INFO:     #67 chat/completions (stream): 534 prompt tokens ·
                       temperature: 0, greedy (req), max_tokens: 59 (req),
                       min_tokens: 59 (req)
15:43:56.679 INFO:     #66 chat/completions (stream): 171 tokens generated at
                       118.3 T/s · prompt 92 tokens, none cached, 92 new in 0.09
                       s · first token 0.09 s, total 1.54 s · draft 104/201
                       accepted (52%) · max_tokens reached
15:43:56.730 INFO:     #68 chat/completions (stream): 63 prompt tokens ·
                       temperature: 0, greedy (req), max_tokens: 327 (req),
                       min_tokens: 327 (req)
15:43:56.906 INFO:     #67 chat/completions (stream): 59 tokens generated at
                       116.8 T/s · prompt 534 tokens, none cached, 534 new in
                       0.19 s (2,811 T/s) · first token 0.19 s, total 0.70 s ·
                       draft 36/69 accepted (52%) · max_tokens reached
15:43:56.957 INFO:     #69 chat/completions (stream): 58 prompt tokens ·
                       temperature: 0, greedy (req), max_tokens: 312 (req),
                       min_tokens: 312 (req)
15:43:57.925 INFO:     #63 chat/completions (stream): 408 tokens generated at
                       114.6 T/s · prompt 62 tokens, none cached, 62 new in 0.07
                       s · first token 0.07 s, total 3.63 s · draft 255/459
                       accepted (56%) · max_tokens reached
15:43:57.976 INFO:     #70 chat/completions (stream): 253 prompt tokens ·
                       temperature: 0, greedy (req), max_tokens: 227 (req),
                       min_tokens: 227 (req)
15:43:59.075 INFO:     #59 chat/completions (stream): 792 tokens generated at
                       115.9 T/s · prompt 786 tokens, none cached, 786 new in
                       0.23 s (3,417 T/s) · first token 0.23 s, total 7.07 s ·
                       draft 494/894 accepted (55%) · max_tokens reached
15:43:59.116 INFO:     #71 chat/completions (stream): 328 prompt tokens ·
                       temperature: 0, greedy (req), max_tokens: 161 (req),
                       min_tokens: 161 (req)
15:43:59.117 INFO:     #68 chat/completions (stream): 327 tokens generated at
                       144.9 T/s · prompt 63 tokens, none cached, 63 new in 0.07
                       s · first token 0.08 s, total 2.33 s · draft 215/336
                       accepted (64%) · max_tokens reached
15:43:59.373 INFO:     #72 chat/completions (stream): 62 prompt tokens ·
                       temperature: 0, greedy (req), max_tokens: 158 (req),
                       min_tokens: 158 (req)
15:43:59.582 INFO:     #69 chat/completions (stream): 312 tokens generated at
                       125.3 T/s · prompt 58 tokens, none cached, 58 new in 0.07
                       s · first token 0.07 s, total 2.57 s · draft 198/342
                       accepted (58%) · max_tokens reached
15:43:59.632 INFO:     #73 chat/completions (stream): 450 prompt tokens ·
                       temperature: 0, greedy (req), max_tokens: 172 (req),
                       min_tokens: 172 (req)
15:44:00.488 INFO:     #70 chat/completions (stream): 227 tokens generated at
                       97.8 T/s · prompt 253 tokens, none cached, 253 new in
                       0.12 s · first token 0.13 s, total 2.45 s · draft 127/300
                       accepted (42%) · max_tokens reached
15:44:00.540 INFO:     #74 chat/completions (stream): 840 prompt tokens ·
                       temperature: 0, greedy (req), max_tokens: 16 (req),
                       min_tokens: 16 (req)
15:44:01.050 INFO:     #74 chat/completions (stream): 16 tokens generated at
                       110.7 T/s · prompt 840 tokens, none cached, 840 new in
                       0.29 s (2,897 T/s) · first token 0.30 s, total 0.44 s ·
                       draft 8/24 accepted (33%) · max_tokens reached
15:44:01.093 INFO:     #75 chat/completions (stream): 63 prompt tokens ·
                       temperature: 0, greedy (req), max_tokens: 373 (req),
                       min_tokens: 373 (req)
15:44:01.181 INFO:     #72 chat/completions (stream): 158 tokens generated at
                       98.6 T/s · prompt 62 tokens, none cached, 62 new in 0.07
                       s · first token 0.07 s, total 1.68 s · draft 97/183
                       accepted (53%) · max_tokens reached
15:44:01.222 INFO:     #76 chat/completions (stream): 63 prompt tokens ·
                       temperature: 0, greedy (req), max_tokens: 361 (req),
                       min_tokens: 361 (req)
15:44:01.222 INFO:     #71 chat/completions (stream): 161 tokens generated at
                       92.0 T/s · prompt 328 tokens, none cached, 328 new in
                       0.22 s (1,491 T/s) · first token 0.23 s, total 1.98 s ·
                       draft 95/198 accepted (48%) · max_tokens reached
15:44:01.347 INFO:     #77 chat/completions (stream): 64 prompt tokens ·
                       temperature: 0, greedy (req), max_tokens: 400 (req),
                       min_tokens: 400 (req)
15:44:01.541 INFO:     #73 chat/completions (stream): 172 tokens generated at
                       108.5 T/s · prompt 450 tokens, none cached, 450 new in
                       0.25 s (1,800 T/s) · first token 0.25 s, total 1.84 s ·
                       draft 110/186 accepted (59%) · max_tokens reached
15:44:01.592 INFO:     #78 chat/completions (stream): 677 prompt tokens ·
                       temperature: 0, greedy (req), max_tokens: 6 (req),
                       min_tokens: 6 (req)
15:44:01.967 INFO:     #78 chat/completions (stream): 6 tokens generated at
                       170.2 T/s · prompt 677 tokens, none cached, 677 new in
                       0.27 s (2,507 T/s) · first token 0.27 s, total 0.31 s ·
                       draft 4/6 accepted (67%) · max_tokens reached
15:44:02.017 INFO:     #79 chat/completions (stream): 114 prompt tokens ·
                       temperature: 0, greedy (req), max_tokens: 443 (req),
                       min_tokens: 443 (req)
15:44:04.152 INFO:     #75 chat/completions (stream): 373 tokens generated at
                       127.9 T/s · prompt 63 tokens, none cached, 63 new in 0.07
                       s · first token 0.08 s, total 2.99 s · draft 239/402
                       accepted (59%) · max_tokens reached
15:44:04.204 INFO:     #81 chat/completions (stream): 739 prompt tokens ·
                       temperature: 0, greedy (req), max_tokens: 620 (req),
                       min_tokens: 620 (req)
15:44:04.658 INFO:     #76 chat/completions (stream): 361 tokens generated at
                       109.5 T/s · prompt 63 tokens, none cached, 63 new in 0.07
                       s · first token 0.08 s, total 3.37 s · draft 218/429
                       accepted (51%) · max_tokens reached
15:44:04.710 INFO:     #82 chat/completions (stream): 502 prompt tokens ·
                       temperature: 0, greedy (req), max_tokens: 8 (req),
                       min_tokens: 8 (req)
15:44:05.094 INFO:     #82 chat/completions (stream): 8 tokens generated at
                       148.0 T/s · prompt 502 tokens, none cached, 502 new in
                       0.26 s (1,931 T/s) · first token 0.27 s, total 0.32 s ·
                       draft 5/9 accepted (56%) · max_tokens reached
15:44:05.143 INFO:     #83 chat/completions (stream): 67 prompt tokens ·
                       temperature: 0, greedy (req), max_tokens: 309 (req),
                       min_tokens: 309 (req)
15:44:05.584 INFO:     #77 chat/completions (stream): 400 tokens generated at
                       97.6 T/s · prompt 64 tokens, none cached, 64 new in 0.07
                       s · first token 0.07 s, total 4.17 s · draft 227/519
                       accepted (44%) · max_tokens reached
15:44:05.635 INFO:     #84 chat/completions (stream): 684 prompt tokens ·
                       temperature: 0, greedy (req), max_tokens: 19 (req),
                       min_tokens: 19 (req)
15:44:06.110 INFO:     #84 chat/completions (stream): 19 tokens generated at
                       133.0 T/s · prompt 684 tokens, none cached, 684 new in
                       0.26 s (2,631 T/s) · first token 0.26 s, total 0.41 s ·
                       draft 11/24 accepted (46%) · max_tokens reached
15:44:06.159 INFO:     #85 chat/completions (stream): 67 prompt tokens ·
                       temperature: 0, greedy (req), max_tokens: 161 (req),
                       min_tokens: 161 (req)
15:44:06.301 INFO:     #79 chat/completions (stream): 443 tokens generated at
                       109.7 T/s · prompt 114 tokens, none cached, 114 new in
                       0.10 s · first token 0.10 s, total 4.14 s · draft 267/528
                       accepted (51%) · max_tokens reached
15:44:06.352 INFO:     #86 chat/completions (stream): 345 prompt tokens ·
                       temperature: 0, greedy (req), max_tokens: 20 (req),
                       min_tokens: 20 (req)
15:44:06.776 INFO:     #86 chat/completions (stream): 20 tokens generated at
                       159.6 T/s · prompt 345 tokens, none cached, 345 new in
                       0.23 s (1,500 T/s) · first token 0.23 s, total 0.36 s ·
                       draft 13/21 accepted (62%) · max_tokens reached
15:44:06.828 INFO:     #87 chat/completions (stream): 870 prompt tokens ·
                       temperature: 0, greedy (req), max_tokens: 44 (req),
                       min_tokens: 44 (req)
15:44:07.477 INFO:     #87 chat/completions (stream): 44 tokens generated at
                       161.6 T/s · prompt 870 tokens, none cached, 870 new in
                       0.29 s (3,000 T/s) · first token 0.29 s, total 0.57 s ·
                       draft 29/45 accepted (64%) · max_tokens reached
15:44:07.529 INFO:     #88 chat/completions (stream): 77 prompt tokens ·
                       temperature: 0, greedy (req), max_tokens: 142 (req),
                       min_tokens: 142 (req)
15:44:08.272 INFO:     #83 chat/completions (stream): 309 tokens generated at
                       103.3 T/s · prompt 67 tokens, none cached, 67 new in 0.07
                       s · first token 0.08 s, total 3.07 s · draft 193/348
                       accepted (55%) · max_tokens reached
15:44:08.287 INFO:     #85 chat/completions (stream): 161 tokens generated at
                       80.7 T/s · prompt 67 tokens, none cached, 67 new in 0.07
                       s · first token 0.07 s, total 2.07 s · draft 82/237
                       accepted (35%) · max_tokens reached
15:44:08.315 INFO:     #89 chat/completions (stream): 116 prompt tokens ·
                       temperature: 0, greedy (req), max_tokens: 79 (req),
                       min_tokens: 79 (req)
15:44:08.443 INFO:     #90 chat/completions (stream): 121 prompt tokens ·
                       temperature: 0, greedy (req), max_tokens: 9 (req),
                       min_tokens: 9 (req)
15:44:08.685 INFO:     #90 chat/completions (stream): 9 tokens generated at
                       125.4 T/s · prompt 121 tokens, none cached, 121 new in
                       0.10 s · first token 0.10 s, total 0.18 s · draft 5/12
                       accepted (42%) · max_tokens reached
15:44:08.735 INFO:     #91 chat/completions (stream): 188 prompt tokens ·
                       temperature: 0, greedy (req), max_tokens: 337 (req),
                       min_tokens: 337 (req)
15:44:08.922 INFO:     #88 chat/completions (stream): 142 tokens generated at
                       114.2 T/s · prompt 77 tokens, none cached, 77 new in 0.08
                       s · first token 0.09 s, total 1.33 s · draft 89/159
                       accepted (56%) · max_tokens reached
15:44:08.974 INFO:     #92 chat/completions (stream): 546 prompt tokens ·
                       temperature: 0, greedy (req), max_tokens: 16 (req),
                       min_tokens: 16 (req)
15:44:09.267 INFO:     #89 chat/completions (stream): 79 tokens generated at
                       108.7 T/s · prompt 116 tokens, none cached, 116 new in
                       0.10 s · first token 0.11 s, total 0.83 s · draft 58/63
                       accepted (92%) · max_tokens reached
15:44:09.313 INFO:     #93 chat/completions (stream): 346 prompt tokens ·
                       temperature: 0, greedy (req), max_tokens: 18 (req),
                       min_tokens: 18 (req)
15:44:09.555 INFO:     #92 chat/completions (stream): 16 tokens generated at
                       197.8 T/s · prompt 546 tokens, none cached, 546 new in
                       0.22 s (2,482 T/s) · first token 0.22 s, total 0.31 s ·
                       draft 11/15 accepted (73%) · max_tokens reached
15:44:09.607 INFO:     #94 chat/completions (stream): 399 prompt tokens ·
                       temperature: 0, greedy (req), max_tokens: 350 (req),
                       min_tokens: 350 (req)
15:44:09.945 INFO:     #93 chat/completions (stream): 18 tokens generated at
                       52.9 T/s · prompt 346 tokens, none cached, 346 new in
                       0.22 s (1,573 T/s) · first token 0.23 s, total 0.57 s ·
                       draft 12/18 accepted (67%) · max_tokens reached
15:44:09.999 INFO:     #95 chat/completions (stream): 832 prompt tokens ·
                       temperature: 0, greedy (req), max_tokens: 25 (req),
                       min_tokens: 25 (req)
15:44:10.510 INFO:     #95 chat/completions (stream): 25 tokens generated at
                       155.7 T/s · prompt 832 tokens, none cached, 832 new in
                       0.28 s (2,971 T/s) · first token 0.29 s, total 0.45 s ·
                       draft 17/24 accepted (71%) · max_tokens reached
15:44:10.559 INFO:     #96 chat/completions (stream): 62 prompt tokens ·
                       temperature: 0, greedy (req), max_tokens: 163 (req),
                       min_tokens: 163 (req)
15:44:11.211 INFO:     #81 chat/completions (stream): 620 tokens generated at
                       93.3 T/s · prompt 739 tokens, none cached, 739 new in
                       0.29 s (2,548 T/s) · first token 0.30 s, total 6.94 s ·
                       draft 388/696 accepted (56%) · max_tokens reached
15:44:11.265 INFO:     #97 chat/completions (stream): 794 prompt tokens ·
                       temperature: 0, greedy (req), max_tokens: 12 (req),
                       min_tokens: 12 (req)
15:44:11.642 INFO:     #97 chat/completions (stream): 12 tokens generated at
                       162.9 T/s · prompt 794 tokens, none cached, 794 new in
                       0.23 s (3,452 T/s) · first token 0.23 s, total 0.31 s ·
                       draft 8/12 accepted (67%) · max_tokens reached
15:44:11.694 INFO:     #98 chat/completions (stream): 489 prompt tokens ·
                       temperature: 0, greedy (req), max_tokens: 32 (req),
                       min_tokens: 32 (req)
15:44:12.215 INFO:     #98 chat/completions (stream): 32 tokens generated at
                       160.5 T/s · prompt 489 tokens, none cached, 489 new in
                       0.25 s (1,956 T/s) · first token 0.26 s, total 0.45 s ·
                       draft 21/33 accepted (64%) · max_tokens reached
15:44:12.266 INFO:     #99 chat/completions (stream): 378 prompt tokens ·
                       temperature: 0, greedy (req), max_tokens: 447 (req),
                       min_tokens: 447 (req)
15:44:12.635 INFO:     #96 chat/completions (stream): 163 tokens generated at
                       84.2 T/s · prompt 62 tokens, none cached, 62 new in 0.07
                       s · first token 0.08 s, total 2.01 s · draft 95/204
                       accepted (47%) · max_tokens reached
15:44:12.687 INFO:     #100 chat/completions (stream): 72 prompt tokens ·
                       temperature: 0, greedy (req), max_tokens: 731 (req),
                       min_tokens: 731 (req)
15:44:12.888 INFO:     #91 chat/completions (stream): 337 tokens generated at
                       84.6 T/s · prompt 188 tokens, none cached, 188 new in
                       0.10 s · first token 0.11 s, total 4.09 s · draft 213/372
                       accepted (57%) · max_tokens reached
15:44:12.938 INFO:     #101 chat/completions (stream): 76 prompt tokens ·
                       temperature: 0, greedy (req), max_tokens: 393 (req),
                       min_tokens: 393 (req)
15:44:13.523 INFO:     #94 chat/completions (stream): 350 tokens generated at
                       97.3 T/s · prompt 399 tokens, none cached, 399 new in
                       0.25 s (1,596 T/s) · first token 0.25 s, total 3.85 s ·
                       draft 217/399 accepted (54%) · max_tokens reached
15:44:13.573 INFO:     #102 chat/completions (stream): 60 prompt tokens ·
                       temperature: 0, greedy (req), max_tokens: 636 (req),
                       min_tokens: 636 (req)
15:44:15.879 INFO:     #101 chat/completions (stream): 393 tokens generated at
                       140.6 T/s · prompt 76 tokens, none cached, 76 new in 0.08
                       s · first token 0.08 s, total 2.88 s · draft 244/447
                       accepted (55%) · max_tokens reached
15:44:15.930 INFO:     #103 chat/completions (stream): 87 prompt tokens ·
                       temperature: 0, greedy (req), max_tokens: 38 (req),
                       min_tokens: 38 (req)
15:44:16.120 INFO:     #99 chat/completions (stream): 447 tokens generated at
                       127.6 T/s · prompt 378 tokens, none cached, 378 new in
                       0.28 s (1,350 T/s) · first token 0.28 s, total 3.79 s ·
                       draft 271/528 accepted (51%) · max_tokens reached
15:44:16.170 INFO:     #104 chat/completions (stream): 132 prompt tokens ·
                       temperature: 0, greedy (req), max_tokens: 61 (req),
                       min_tokens: 61 (req)
15:44:16.378 INFO:     #103 chat/completions (stream): 38 tokens generated at
                       129.4 T/s · prompt 87 tokens, none cached, 87 new in 0.08
                       s · first token 0.09 s, total 0.38 s · draft 27/33
                       accepted (82%) · max_tokens reached
15:44:16.436 INFO:     #105 chat/completions (stream): 76 prompt tokens ·
                       temperature: 0, greedy (req), max_tokens: 411 (req),
                       min_tokens: 411 (req)
15:44:16.708 INFO:     #104 chat/completions (stream): 61 tokens generated at
                       167.5 T/s · prompt 132 tokens, none cached, 132 new in
                       0.10 s · first token 0.10 s, total 0.47 s · draft 45/48
                       accepted (94%) · max_tokens reached
15:44:16.759 INFO:     #106 chat/completions (stream): 68 prompt tokens ·
                       temperature: 0, greedy (req), max_tokens: 367 (req),
                       min_tokens: 367 (req)
15:44:18.031 INFO:     #102 chat/completions (stream): 636 tokens generated at
                       147.3 T/s · prompt 60 tokens, none cached, 60 new in 0.07
                       s · first token 0.08 s, total 4.39 s · draft 419/651
                       accepted (64%) · max_tokens reached
15:44:18.082 INFO:     #108 chat/completions (stream): 123 prompt tokens ·
                       temperature: 0, greedy (req), max_tokens: 289 (req),
                       min_tokens: 289 (req)
15:44:19.059 INFO:     #100 chat/completions (stream): 731 tokens generated at
                       117.5 T/s · prompt 72 tokens, none cached, 72 new in 0.08
                       s · first token 0.09 s, total 6.31 s · draft 423/924
                       accepted (46%) · max_tokens reached
15:44:19.110 INFO:     #109 chat/completions (stream): 101 prompt tokens ·
                       temperature: 0, greedy (req), max_tokens: 518 (req),
                       min_tokens: 518 (req)
15:44:19.563 INFO:     #105 chat/completions (stream): 411 tokens generated at
                       137.9 T/s · prompt 76 tokens, none cached, 76 new in 0.08
                       s · first token 0.09 s, total 3.07 s · draft 265/438
                       accepted (61%) · max_tokens reached
15:44:19.613 INFO:     #110 chat/completions (stream): 145 prompt tokens ·
                       temperature: 0, greedy (req), max_tokens: 144 (req),
                       min_tokens: 144 (req)
15:44:19.880 INFO:     #106 chat/completions (stream): 367 tokens generated at
                       123.2 T/s · prompt 68 tokens, none cached, 68 new in 0.07
                       s · first token 0.07 s, total 3.05 s · draft 223/432
                       accepted (52%) · max_tokens reached
15:44:19.931 INFO:     #111 chat/completions (stream): 360 prompt tokens ·
                       temperature: 0, greedy (req), max_tokens: 8 (req),
                       min_tokens: 8 (req)
15:44:20.287 INFO:     #111 chat/completions (stream): 8 tokens generated at
                       150.1 T/s · prompt 360 tokens, none cached, 360 new in
                       0.23 s (1,565 T/s) · first token 0.23 s, total 0.29 s ·
                       draft 5/9 accepted (56%) · max_tokens reached
15:44:20.338 INFO:     #112 chat/completions (stream): 469 prompt tokens ·
                       temperature: 0, greedy (req), max_tokens: 465 (req),
                       min_tokens: 465 (req)
15:44:20.928 INFO:     #108 chat/completions (stream): 289 tokens generated at
                       108.0 T/s · prompt 123 tokens, none cached, 123 new in
                       0.10 s · first token 0.11 s, total 2.78 s · draft 178/333
                       accepted (53%) · max_tokens reached
15:44:20.979 INFO:     #113 chat/completions (stream): 327 prompt tokens ·
                       temperature: 0, greedy (req), max_tokens: 420 (req),
                       min_tokens: 420 (req)
15:44:21.377 INFO:     #110 chat/completions (stream): 144 tokens generated at
                       90.7 T/s · prompt 145 tokens, none cached, 145 new in
                       0.11 s · first token 0.11 s, total 1.70 s · draft 91/159
                       accepted (57%) · max_tokens reached
15:44:21.446 INFO:     #114 chat/completions (stream): 93 prompt tokens ·
                       temperature: 0, greedy (req), max_tokens: 298 (req),
                       min_tokens: 298 (req)
15:44:23.671 INFO:     #112 chat/completions (stream): 465 tokens generated at
                       154.2 T/s · prompt 469 tokens, none cached, 469 new in
                       0.24 s (1,954 T/s) · first token 0.25 s, total 3.26 s ·
                       draft 316/447 accepted (71%) · max_tokens reached
15:44:23.720 INFO:     #115 chat/completions (stream): 126 prompt tokens ·
                       temperature: 0, greedy (req), max_tokens: 325 (req),
                       min_tokens: 325 (req)
15:44:23.988 INFO:     #114 chat/completions (stream): 298 tokens generated at
                       125.2 T/s · prompt 93 tokens, none cached, 93 new in 0.08
                       s · first token 0.09 s, total 2.47 s · draft 177/363
                       accepted (49%) · max_tokens reached
15:44:24.042 INFO:     #116 chat/completions (stream): 487 prompt tokens ·
                       temperature: 0, greedy (req), max_tokens: 7 (req),
                       min_tokens: 7 (req)
15:44:24.446 INFO:     #116 chat/completions (stream): 7 tokens generated at
                       190.0 T/s · prompt 487 tokens, none cached, 487 new in
                       0.27 s (1,804 T/s) · first token 0.28 s, total 0.31 s ·
                       draft 5/6 accepted (83%) · max_tokens reached
15:44:24.502 INFO:     #117 chat/completions (stream): 334 prompt tokens ·
                       temperature: 0, greedy (req), max_tokens: 377 (req),
                       min_tokens: 377 (req)
15:44:24.914 INFO:     #109 chat/completions (stream): 518 tokens generated at
                       91.9 T/s · prompt 101 tokens, none cached, 101 new in
                       0.09 s · first token 0.10 s, total 5.73 s · draft 292/678
                       accepted (43%) · max_tokens reached
15:44:24.970 INFO:     #118 chat/completions (stream): 841 prompt tokens ·
                       temperature: 0, greedy (req), max_tokens: 429 (req),
                       min_tokens: 429 (req)
15:44:25.406 INFO:     #113 chat/completions (stream): 420 tokens generated at
                       101.6 T/s · prompt 327 tokens, none cached, 327 new in
                       0.22 s (1,486 T/s) · first token 0.23 s, total 4.36 s ·
                       draft 251/507 accepted (50%) · max_tokens reached
15:44:25.480 INFO:     #119 chat/completions (stream): 57 prompt tokens ·
                       temperature: 0, greedy (req), max_tokens: 99 (req),
                       min_tokens: 99 (req)
15:44:26.259 INFO:     #119 chat/completions (stream): 99 tokens generated at
                       154.3 T/s · prompt 57 tokens, none cached, 57 new in 0.07
                       s · first token 0.08 s, total 0.72 s · draft 64/105
                       accepted (61%) · max_tokens reached
15:44:26.309 INFO:     #120 chat/completions (stream): 147 prompt tokens ·
                       temperature: 0, greedy (req), max_tokens: 30 (req),
                       min_tokens: 30 (req)
15:44:26.668 INFO:     #120 chat/completions (stream): 30 tokens generated at
                       150.1 T/s · prompt 147 tokens, none cached, 147 new in
                       0.09 s · first token 0.10 s, total 0.30 s · draft 20/30
                       accepted (67%) · max_tokens reached
15:44:26.718 INFO:     #121 chat/completions (stream): 232 prompt tokens ·
                       temperature: 0, greedy (req), max_tokens: 78 (req),
                       min_tokens: 78 (req)
15:44:27.253 INFO:     #115 chat/completions (stream): 325 tokens generated at
                       96.7 T/s · prompt 126 tokens, none cached, 126 new in
                       0.10 s · first token 0.11 s, total 3.47 s · draft 208/351
                       accepted (59%) · max_tokens reached
15:44:27.296 INFO:     #122 chat/completions (stream): 63 prompt tokens ·
                       temperature: 0, greedy (req), max_tokens: 321 (req),
                       min_tokens: 321 (req)
15:44:27.403 INFO:     #121 chat/completions (stream): 78 tokens generated at
                       177.9 T/s · prompt 232 tokens, none cached, 232 new in
                       0.11 s · first token 0.11 s, total 0.55 s · draft 58/60
                       accepted (97%) · max_tokens reached
15:44:27.457 INFO:     #123 chat/completions (stream): 78 prompt tokens ·
                       temperature: 0, greedy (req), max_tokens: 254 (req),
                       min_tokens: 254 (req)
15:44:28.296 INFO:     #117 chat/completions (stream): 377 tokens generated at
                       108.2 T/s · prompt 334 tokens, none cached, 334 new in
                       0.24 s (1,392 T/s) · first token 0.25 s, total 3.73 s ·
                       draft 229/444 accepted (52%) · max_tokens reached
15:44:28.347 INFO:     #124 chat/completions (stream): 63 prompt tokens ·
                       temperature: 0, greedy (req), max_tokens: 194 (req),
                       min_tokens: 194 (req)
15:44:29.370 INFO:     #123 chat/completions (stream): 254 tokens generated at
                       143.6 T/s · prompt 78 tokens, none cached, 78 new in 0.08
                       s · first token 0.08 s, total 1.85 s · draft 161/279
                       accepted (58%) · max_tokens reached
15:44:29.400 INFO:     #118 chat/completions (stream): 429 tokens generated at
                       105.4 T/s · prompt 841 tokens, none cached, 841 new in
                       0.29 s (2,900 T/s) · first token 0.30 s, total 4.37 s ·
                       draft 237/576 accepted (41%) · max_tokens reached
15:44:29.415 INFO:     #125 chat/completions (stream): 629 prompt tokens ·
                       temperature: 0, greedy (req), max_tokens: 9 (req),
                       min_tokens: 9 (req)
15:44:29.707 INFO:     #126 chat/completions (stream): 57 prompt tokens ·
                       temperature: 0, greedy (req), max_tokens: 78 (req),
                       min_tokens: 78 (req)
15:44:29.879 INFO:     #125 chat/completions (stream): 9 tokens generated at
                       72.4 T/s · prompt 629 tokens, none cached, 629 new in
                       0.27 s (2,330 T/s) · first token 0.28 s, total 0.40 s ·
                       draft 6/9 accepted (67%) · max_tokens reached
15:44:29.930 INFO:     #127 chat/completions (stream): 148 prompt tokens ·
                       temperature: 0, greedy (req), max_tokens: 15 (req),
                       min_tokens: 15 (req)
15:44:30.175 INFO:     #127 chat/completions (stream): 15 tokens generated at
                       168.0 T/s · prompt 148 tokens, none cached, 148 new in
                       0.09 s · first token 0.09 s, total 0.18 s · draft 10/15
                       accepted (67%) · max_tokens reached
15:44:30.217 INFO:     #128 chat/completions (stream): 346 prompt tokens ·
                       temperature: 0, greedy (req), max_tokens: 11 (req),
                       min_tokens: 11 (req)
15:44:30.361 INFO:     #124 chat/completions (stream): 194 tokens generated at
                       110.8 T/s · prompt 63 tokens, none cached, 63 new in 0.07
                       s · first token 0.08 s, total 1.83 s · draft 119/225
                       accepted (53%) · max_tokens reached
15:44:30.499 INFO:     #129 chat/completions (stream): 74 prompt tokens ·
                       temperature: 0, greedy (req), max_tokens: 296 (req),
                       min_tokens: 296 (req)
15:44:30.660 INFO:     #128 chat/completions (stream): 11 tokens generated at
                       73.5 T/s · prompt 346 tokens, none cached, 346 new in
                       0.23 s (1,504 T/s) · first token 0.23 s, total 0.38 s ·
                       draft 7/12 accepted (58%) · max_tokens reached
15:44:30.696 INFO:     #130 chat/completions (stream): 468 prompt tokens ·
                       temperature: 0, greedy (req), max_tokens: 17 (req),
                       min_tokens: 17 (req)
15:44:30.696 INFO:     #122 chat/completions (stream): 321 tokens generated at
                       98.0 T/s · prompt 63 tokens, none cached, 63 new in 0.07
                       s · first token 0.07 s, total 3.35 s · draft 185/408
                       accepted (45%) · max_tokens reached
15:44:30.959 INFO:     #126 chat/completions (stream): 78 tokens generated at
                       87.3 T/s · prompt 57 tokens, none cached, 57 new in 0.07
                       s · first token 0.08 s, total 0.97 s · draft 47/93
                       accepted (51%) · max_tokens reached
15:44:30.973 INFO:     #131 chat/completions (stream): 400 prompt tokens ·
                       temperature: 0, greedy (req), max_tokens: 4 (req),
                       min_tokens: 4 (req)
15:44:31.240 INFO:     #132 chat/completions (stream): 216 prompt tokens ·
                       temperature: 0, greedy (req), max_tokens: 30 (req),
                       min_tokens: 30 (req)
15:44:31.402 INFO:     #131 chat/completions (stream): 4 tokens generated at
                       273.5 T/s · prompt 400 tokens, none cached, 400 new in
                       0.24 s (1,667 T/s) · first token 0.25 s, total 0.26 s ·
                       draft 3/3 accepted (100%) · max_tokens reached
15:44:31.438 INFO:     #130 chat/completions (stream): 17 tokens generated at
                       39.7 T/s · prompt 468 tokens, none cached, 468 new in
                       0.24 s (1,950 T/s) · first token 0.25 s, total 0.67 s ·
                       draft 11/18 accepted (61%) · max_tokens reached
15:44:31.452 INFO:     #133 chat/completions (stream): 200 prompt tokens ·
                       temperature: 0, greedy (req), max_tokens: 12 (req),
                       min_tokens: 12 (req)
15:44:31.596 INFO:     #134 chat/completions (stream): 160 prompt tokens ·
                       temperature: 0, greedy (req), max_tokens: 60 (req),
                       min_tokens: 60 (req)
15:44:31.751 INFO:     #132 chat/completions (stream): 30 tokens generated at
                       120.2 T/s · prompt 216 tokens, none cached, 216 new in
                       0.10 s · first token 0.10 s, total 0.35 s · draft 21/27
                       accepted (78%) · max_tokens reached
15:44:31.779 INFO:     #133 chat/completions (stream): 12 tokens generated at
                       74.2 T/s · prompt 200 tokens, none cached, 200 new in
                       0.10 s · first token 0.11 s, total 0.27 s · draft 8/12
                       accepted (67%) · max_tokens reached
15:44:31.794 INFO:     #135 chat/completions (stream): 572 prompt tokens ·
                       temperature: 0, greedy (req), max_tokens: 60 (req),
                       min_tokens: 60 (req)
15:44:32.045 INFO:     #136 chat/completions (stream): 68 prompt tokens ·
                       temperature: 0, greedy (req), max_tokens: 733 (req),
                       min_tokens: 733 (req)
15:44:32.545 INFO:     #134 chat/completions (stream): 60 tokens generated at
                       76.3 T/s · prompt 160 tokens, none cached, 160 new in
                       0.09 s · first token 0.09 s, total 0.88 s · draft 36/72
                       accepted (50%) · max_tokens reached
15:44:32.594 INFO:     #138 chat/completions (stream): 59 prompt tokens ·
                       temperature: 0, greedy (req), max_tokens: 81 (req),
                       min_tokens: 81 (req)
15:44:32.769 INFO:     #135 chat/completions (stream): 60 tokens generated at
                       88.9 T/s · prompt 572 tokens, none cached, 572 new in
                       0.23 s (2,487 T/s) · first token 0.24 s, total 0.91 s ·
                       draft 35/75 accepted (47%) · max_tokens reached
15:44:32.821 INFO:     #139 chat/completions (stream): 694 prompt tokens ·
                       temperature: 0, greedy (req), max_tokens: 34 (req),
                       min_tokens: 34 (req)
15:44:33.335 INFO:     #139 chat/completions (stream): 34 tokens generated at
                       187.4 T/s · prompt 694 tokens, none cached, 694 new in
                       0.26 s (2,669 T/s) · first token 0.26 s, total 0.45 s ·
                       draft 24/30 accepted (80%) · max_tokens reached
15:44:33.387 INFO:     #140 chat/completions (stream): 66 prompt tokens ·
                       temperature: 0, greedy (req), max_tokens: 198 (req),
                       min_tokens: 198 (req)
15:44:33.584 INFO:     #138 chat/completions (stream): 81 tokens generated at
                       95.2 T/s · prompt 59 tokens, none cached, 59 new in 0.07
                       s · first token 0.07 s, total 0.93 s · draft 51/90
                       accepted (57%) · max_tokens reached
15:44:33.635 INFO:     #141 chat/completions (stream): 477 prompt tokens ·
                       temperature: 0, greedy (req), max_tokens: 38 (req),
                       min_tokens: 38 (req)
15:44:34.227 INFO:     #141 chat/completions (stream): 38 tokens generated at
                       139.4 T/s · prompt 477 tokens, none cached, 477 new in
                       0.25 s (1,908 T/s) · first token 0.25 s, total 0.53 s ·
                       draft 23/45 accepted (51%) · max_tokens reached
15:44:34.277 INFO:     #142 chat/completions (stream): 80 prompt tokens ·
                       temperature: 0, greedy (req), max_tokens: 49 (req),
                       min_tokens: 49 (req)
15:44:34.699 INFO:     #142 chat/completions (stream): 49 tokens generated at
                       173.3 T/s · prompt 80 tokens, none cached, 80 new in 0.08
                       s · first token 0.09 s, total 0.37 s · draft 34/45
                       accepted (76%) · max_tokens reached
15:44:34.714 INFO:     #129 chat/completions (stream): 296 tokens generated at
                       72.6 T/s · prompt 74 tokens, none cached, 74 new in 0.08
                       s · first token 0.09 s, total 4.16 s · draft 167/387
                       accepted (43%) · max_tokens reached
15:44:34.742 INFO:     #143 chat/completions (stream): 124 prompt tokens ·
                       temperature: 0, greedy (req), max_tokens: 635 (req),
                       min_tokens: 635 (req)
15:44:34.863 INFO:     #144 chat/completions (stream): 411 prompt tokens ·
                       temperature: 0, greedy (req), max_tokens: 7 (req),
                       min_tokens: 7 (req)
15:44:35.201 INFO:     #144 chat/completions (stream): 7 tokens generated at
                       200.9 T/s · prompt 411 tokens, none cached, 411 new in
                       0.23 s (1,787 T/s) · first token 0.23 s, total 0.27 s ·
                       draft 5/6 accepted (83%) · max_tokens reached
15:44:35.242 INFO:     #145 chat/completions (stream): 315 prompt tokens ·
                       temperature: 0, greedy (req), max_tokens: 707 (req),
                       min_tokens: 707 (req)
15:44:35.388 INFO:     #140 chat/completions (stream): 198 tokens generated at
                       114.2 T/s · prompt 66 tokens, none cached, 66 new in 0.07
                       s · first token 0.08 s, total 1.81 s · draft 135/189
                       accepted (71%) · max_tokens reached
15:44:35.508 INFO:     #146 chat/completions (stream): 77 prompt tokens ·
                       temperature: 0, greedy (req), max_tokens: 380 (req),
                       min_tokens: 380 (req)
15:44:37.714 INFO:     #146 chat/completions (stream): 380 tokens generated at
                       184.5 T/s · prompt 77 tokens, none cached, 77 new in 0.08
                       s · first token 0.08 s, total 2.14 s · draft 268/336
                       accepted (80%) · max_tokens reached
15:44:37.765 INFO:     #147 chat/completions (stream): 266 prompt tokens ·
                       temperature: 0, greedy (req), max_tokens: 147 (req),
                       min_tokens: 147 (req)
15:44:38.742 INFO:     #147 chat/completions (stream): 147 tokens generated at
                       200.6 T/s · prompt 266 tokens, none cached, 266 new in
                       0.17 s (1,565 T/s) · first token 0.18 s, total 0.91 s ·
                       draft 108/117 accepted (92%) · max_tokens reached
15:44:38.790 INFO:     #148 chat/completions (stream): 232 prompt tokens ·
                       temperature: 0, greedy (req), max_tokens: 41 (req),
                       min_tokens: 41 (req)
15:44:38.948 INFO:     #136 chat/completions (stream): 733 tokens generated at
                       110.2 T/s · prompt 68 tokens, none cached, 68 new in 0.07
                       s · first token 0.08 s, total 6.73 s · draft 449/852
                       accepted (53%) · max_tokens reached
15:44:38.999 INFO:     #149 chat/completions (stream): 137 prompt tokens ·
                       temperature: 0, greedy (req), max_tokens: 101 (req),
                       min_tokens: 101 (req)
15:44:39.298 INFO:     #148 chat/completions (stream): 41 tokens generated at
                       123.5 T/s · prompt 232 tokens, none cached, 232 new in
                       0.11 s · first token 0.12 s, total 0.45 s · draft 28/39
                       accepted (72%) · max_tokens reached
15:44:39.347 INFO:     #150 chat/completions (stream): 135 prompt tokens ·
                       temperature: 0, greedy (req), max_tokens: 433 (req),
                       min_tokens: 433 (req)
15:44:39.759 INFO:     #143 chat/completions (stream): 635 tokens generated at
                       131.0 T/s · prompt 124 tokens, none cached, 124 new in
                       0.10 s · first token 0.11 s, total 4.95 s · draft 421/642
                       accepted (66%) · max_tokens reached
15:44:39.811 INFO:     #151 chat/completions (stream): 456 prompt tokens ·
                       temperature: 0, greedy (req), max_tokens: 342 (req),
                       min_tokens: 342 (req)
15:44:40.163 INFO:     #149 chat/completions (stream): 101 tokens generated at
                       102.0 T/s · prompt 137 tokens, none cached, 137 new in
                       0.10 s · first token 0.10 s, total 1.10 s · draft 64/111
                       accepted (58%) · max_tokens reached
15:44:40.214 INFO:     #152 chat/completions (stream): 301 prompt tokens ·
                       temperature: 0, greedy (req), max_tokens: 14 (req),
                       min_tokens: 14 (req)
15:44:40.601 INFO:     #152 chat/completions (stream): 14 tokens generated at
                       126.2 T/s · prompt 301 tokens, none cached, 301 new in
                       0.20 s (1,505 T/s) · first token 0.21 s, total 0.32 s ·
                       draft 8/18 accepted (44%) · max_tokens reached
15:44:40.653 INFO:     #153 chat/completions (stream): 823 prompt tokens ·
                       temperature: 0, greedy (req), max_tokens: 11 (req),
                       min_tokens: 11 (req)
15:44:41.061 INFO:     #153 chat/completions (stream): 11 tokens generated at
                       151.2 T/s · prompt 823 tokens, none cached, 823 new in
                       0.26 s (3,165 T/s) · first token 0.27 s, total 0.34 s ·
                       draft 7/12 accepted (58%) · max_tokens reached
15:44:41.110 INFO:     #154 chat/completions (stream): 80 prompt tokens ·
                       temperature: 0, greedy (req), max_tokens: 159 (req),
                       min_tokens: 159 (req)
15:44:41.534 INFO:     #145 chat/completions (stream): 707 tokens generated at
                       117.7 T/s · prompt 315 tokens, none cached, 315 new in
                       0.21 s (1,500 T/s) · first token 0.21 s, total 6.22 s ·
                       draft 448/777 accepted (58%) · max_tokens reached
15:44:41.584 INFO:     #155 chat/completions (stream): 71 prompt tokens ·
                       temperature: 0, greedy (req), max_tokens: 749 (req),
                       min_tokens: 749 (req)
15:44:42.279 INFO:     #154 chat/completions (stream): 159 tokens generated at
                       155.6 T/s · prompt 80 tokens, none cached, 80 new in 0.08
                       s · first token 0.08 s, total 1.11 s · draft 107/156
                       accepted (69%) · max_tokens reached
15:44:42.330 INFO:     #156 chat/completions (stream): 181 prompt tokens ·
                       temperature: 0, greedy (req), max_tokens: 482 (req),
                       min_tokens: 482 (req)
15:44:43.132 INFO:     #151 chat/completions (stream): 342 tokens generated at
                       113.5 T/s · prompt 456 tokens, none cached, 456 new in
                       0.25 s (1,824 T/s) · first token 0.26 s, total 3.27 s ·
                       draft 212/390 accepted (54%) · max_tokens reached
15:44:43.160 INFO:     #150 chat/completions (stream): 433 tokens generated at
                       118.7 T/s · prompt 135 tokens, none cached, 135 new in
                       0.10 s · first token 0.11 s, total 3.75 s · draft 280/459
                       accepted (61%) · max_tokens reached
15:44:43.174 INFO:     #157 chat/completions (stream): 336 prompt tokens ·
                       temperature: 0, greedy (req), max_tokens: 772 (req),
                       min_tokens: 772 (req)
15:44:43.405 INFO:     #158 chat/completions (stream): 410 prompt tokens ·
                       temperature: 0, greedy (req), max_tokens: 34 (req),
                       min_tokens: 34 (req)
15:44:43.934 INFO:     #158 chat/completions (stream): 34 tokens generated at
                       161.0 T/s · prompt 410 tokens, none cached, 410 new in
                       0.25 s (1,640 T/s) · first token 0.26 s, total 0.47 s ·
                       draft 22/36 accepted (61%) · max_tokens reached
15:44:43.984 INFO:     #159 chat/completions (stream): 241 prompt tokens ·
                       temperature: 0, greedy (req), max_tokens: 9 (req),
                       min_tokens: 9 (req)
15:44:44.251 INFO:     #159 chat/completions (stream): 9 tokens generated at
                       122.4 T/s · prompt 241 tokens, none cached, 241 new in
                       0.12 s · first token 0.12 s, total 0.20 s · draft 5/12
                       accepted (42%) · max_tokens reached
15:44:44.302 INFO:     #160 chat/completions (stream): 68 prompt tokens ·
                       temperature: 0, greedy (req), max_tokens: 539 (req),
                       min_tokens: 539 (req)
15:44:46.749 INFO:     #156 chat/completions (stream): 482 tokens generated at
                       113.4 T/s · prompt 181 tokens, none cached, 181 new in
                       0.10 s · first token 0.11 s, total 4.36 s · draft 280/606
                       accepted (46%) · max_tokens reached
15:44:46.800 INFO:     #161 chat/completions (stream): 59 prompt tokens ·
                       temperature: 0, greedy (req), max_tokens: 82 (req),
                       min_tokens: 82 (req)
15:44:47.526 INFO:     #161 chat/completions (stream): 82 tokens generated at
                       139.8 T/s · prompt 59 tokens, none cached, 59 new in 0.07
                       s · first token 0.08 s, total 0.66 s · draft 50/96
                       accepted (52%) · max_tokens reached
15:44:47.570 INFO:     #163 chat/completions (stream): 424 prompt tokens ·
                       temperature: 0, greedy (req), max_tokens: 590 (req),
                       min_tokens: 590 (req)
15:44:47.818 INFO:     #155 chat/completions (stream): 749 tokens generated at
                       127.4 T/s · prompt 71 tokens, none cached, 71 new in 0.07
                       s · first token 0.08 s, total 5.95 s · draft 465/852
                       accepted (55%) · max_tokens reached
15:44:47.870 INFO:     #164 chat/completions (stream): 126 prompt tokens ·
                       temperature: 0, greedy (req), max_tokens: 273 (req),
                       min_tokens: 273 (req)
15:44:48.938 INFO:     #157 chat/completions (stream): 772 tokens generated at
                       140.6 T/s · prompt 336 tokens, none cached, 336 new in
                       0.21 s (1,600 T/s) · first token 0.22 s, total 5.71 s ·
                       draft 514/774 accepted (66%) · max_tokens reached
15:44:48.980 INFO:     #165 chat/completions (stream): 522 prompt tokens ·
                       temperature: 0, greedy (req), max_tokens: 21 (req),
                       min_tokens: 21 (req)
15:44:48.981 INFO:     #160 chat/completions (stream): 539 tokens generated at
                       118.7 T/s · prompt 68 tokens, none cached, 68 new in 0.08
                       s · first token 0.09 s, total 4.63 s · draft 310/687
                       accepted (45%) · max_tokens reached
15:44:49.207 INFO:     #166 chat/completions (stream): 707 prompt tokens ·
                       temperature: 0, greedy (req), max_tokens: 16 (req),
                       min_tokens: 16 (req)
15:44:49.630 INFO:     #165 chat/completions (stream): 21 tokens generated at
                       51.9 T/s · prompt 522 tokens, none cached, 522 new in
                       0.19 s (2,747 T/s) · first token 0.20 s, total 0.60 s ·
                       draft 13/24 accepted (54%) · max_tokens reached
15:44:49.631 INFO:     #166 chat/completions (stream): 16 tokens generated at
                       178.9 T/s · prompt 707 tokens, none cached, 707 new in
                       0.28 s (2,525 T/s) · first token 0.28 s, total 0.37 s ·
                       draft 11/15 accepted (73%) · max_tokens reached
15:44:49.675 INFO:     #167 chat/completions (stream): 58 prompt tokens ·
                       temperature: 0, greedy (req), max_tokens: 261 (req),
                       min_tokens: 261 (req)
15:44:49.678 INFO:     #168 chat/completions (stream): 853 prompt tokens ·
                       temperature: 0, greedy (req), max_tokens: 6 (req),
                       min_tokens: 6 (req)
15:44:50.145 INFO:     #168 chat/completions (stream): 6 tokens generated at
                       169.2 T/s · prompt 853 tokens, none cached, 853 new in
                       0.29 s (2,941 T/s) · first token 0.37 s, total 0.40 s ·
                       draft 4/6 accepted (67%) · max_tokens reached
15:44:50.196 INFO:     #169 chat/completions (stream): 121 prompt tokens ·
                       temperature: 0, greedy (req), max_tokens: 355 (req),
                       min_tokens: 355 (req)
15:44:50.796 INFO:     #164 chat/completions (stream): 273 tokens generated at
                       98.8 T/s · prompt 126 tokens, none cached, 126 new in
                       0.10 s · first token 0.10 s, total 2.87 s · draft 168/315
                       accepted (53%) · max_tokens reached
15:44:50.845 INFO:     #170 chat/completions (stream): 364 prompt tokens ·
                       temperature: 0, greedy (req), max_tokens: 16 (req),
                       min_tokens: 16 (req)
15:44:51.241 INFO:     #170 chat/completions (stream): 16 tokens generated at
                       176.5 T/s · prompt 364 tokens, none cached, 364 new in
                       0.23 s (1,583 T/s) · first token 0.23 s, total 0.33 s ·
                       draft 11/15 accepted (73%) · max_tokens reached
15:44:51.292 INFO:     #171 chat/completions (stream): 100 prompt tokens ·
                       temperature: 0, greedy (req), max_tokens: 152 (req),
                       min_tokens: 152 (req)
15:44:52.384 INFO:     #163 chat/completions (stream): 590 tokens generated at
                       130.3 T/s · prompt 424 tokens, none cached, 424 new in
                       0.23 s (1,843 T/s) · first token 0.24 s, total 4.76 s ·
                       draft 410/540 accepted (76%) · max_tokens reached
15:44:52.397 INFO:     #171 chat/completions (stream): 152 tokens generated at
                       158.0 T/s · prompt 100 tokens, none cached, 100 new in
                       0.09 s · first token 0.09 s, total 1.06 s · draft 100/156
                       accepted (64%) · max_tokens reached
15:44:52.409 INFO:     #167 chat/completions (stream): 261 tokens generated at
                       107.7 T/s · prompt 58 tokens, none cached, 58 new in 0.25
                       s · first token 0.26 s, total 2.69 s · draft 155/318
                       accepted (49%) · max_tokens reached
15:44:52.423 INFO:     #172 chat/completions (stream): 648 prompt tokens ·
                       temperature: 0, greedy (req), max_tokens: 16 (req),
                       min_tokens: 16 (req)
15:44:52.595 INFO:     #173 chat/completions (stream): 86 prompt tokens ·
                       temperature: 0, greedy (req), max_tokens: 442 (req),
                       min_tokens: 442 (req)
15:44:52.802 INFO:     #174 chat/completions (stream): 112 prompt tokens ·
                       temperature: 0, greedy (req), max_tokens: 375 (req),
                       min_tokens: 375 (req)
15:44:53.071 INFO:     #172 chat/completions (stream): 16 tokens generated at
                       72.7 T/s · prompt 648 tokens, none cached, 648 new in
                       0.36 s (1,800 T/s) · first token 0.37 s, total 0.59 s ·
                       draft 9/21 accepted (43%) · max_tokens reached
15:44:53.121 INFO:     #175 chat/completions (stream): 56 prompt tokens ·
                       temperature: 0, greedy (req), max_tokens: 157 (req),
                       min_tokens: 157 (req)
15:44:53.675 INFO:     #169 chat/completions (stream): 355 tokens generated at
                       107.3 T/s · prompt 121 tokens, none cached, 121 new in
                       0.10 s · first token 0.11 s, total 3.41 s · draft 217/414
                       accepted (52%) · max_tokens reached
15:44:53.724 INFO:     #176 chat/completions (stream): 199 prompt tokens ·
                       temperature: 0, greedy (req), max_tokens: 17 (req),
                       min_tokens: 17 (req)
15:44:53.984 INFO:     #176 chat/completions (stream): 17 tokens generated at
                       191.5 T/s · prompt 199 tokens, none cached, 199 new in
                       0.10 s · first token 0.11 s, total 0.19 s · draft 12/15
                       accepted (80%) · max_tokens reached
15:44:54.035 INFO:     #177 chat/completions (stream): 337 prompt tokens ·
                       temperature: 0, greedy (req), max_tokens: 61 (req),
                       min_tokens: 61 (req)
15:44:54.730 INFO:     #175 chat/completions (stream): 157 tokens generated at
                       105.9 T/s · prompt 56 tokens, none cached, 56 new in 0.07
                       s · first token 0.07 s, total 1.56 s · draft 92/195
                       accepted (47%) · max_tokens reached
15:44:54.745 INFO:     #177 chat/completions (stream): 61 tokens generated at
                       140.4 T/s · prompt 337 tokens, none cached, 337 new in
                       0.22 s (1,532 T/s) · first token 0.22 s, total 0.66 s ·
                       draft 37/72 accepted (51%) · max_tokens reached
15:44:54.773 INFO:     #178 chat/completions (stream): 156 prompt tokens ·
                       temperature: 0, greedy (req), max_tokens: 153 (req),
                       min_tokens: 153 (req)
15:44:54.885 INFO:     #179 chat/completions (stream): 64 prompt tokens ·
                       temperature: 0, greedy (req), max_tokens: 114 (req),
                       min_tokens: 114 (req)
15:44:55.797 INFO:     #179 chat/completions (stream): 114 tokens generated at
                       147.4 T/s · prompt 64 tokens, none cached, 64 new in 0.07
                       s · first token 0.07 s, total 0.85 s · draft 72/126
                       accepted (57%) · max_tokens reached
15:44:55.847 INFO:     #180 chat/completions (stream): 63 prompt tokens ·
                       temperature: 0, greedy (req), max_tokens: 85 (req),
                       min_tokens: 85 (req)
15:44:55.986 INFO:     #178 chat/completions (stream): 153 tokens generated at
                       156.5 T/s · prompt 156 tokens, none cached, 156 new in
                       0.09 s · first token 0.10 s, total 1.07 s · draft 103/150
                       accepted (69%) · max_tokens reached
15:44:56.036 INFO:     #181 chat/completions (stream): 482 prompt tokens ·
                       temperature: 0, greedy (req), max_tokens: 225 (req),
                       min_tokens: 225 (req)
15:44:56.581 INFO:     #174 chat/completions (stream): 375 tokens generated at
                       103.7 T/s · prompt 112 tokens, none cached, 112 new in
                       0.09 s · first token 0.09 s, total 3.71 s · draft 220/465
                       accepted (47%) · max_tokens reached
15:44:56.632 INFO:     #182 chat/completions (stream): 66 prompt tokens ·
                       temperature: 0, greedy (req), max_tokens: 345 (req),
                       min_tokens: 345 (req)
15:44:56.858 INFO:     #180 chat/completions (stream): 85 tokens generated at
                       96.5 T/s · prompt 63 tokens, none cached, 63 new in 0.07
                       s · first token 0.08 s, total 0.96 s · draft 53/96
                       accepted (55%) · max_tokens reached
15:44:56.873 INFO:     #173 chat/completions (stream): 442 tokens generated at
                       109.6 T/s · prompt 86 tokens, none cached, 86 new in 0.08
                       s · queued 0.11 s, first token 0.19 s, total 4.22 s ·
                       draft 273/507 accepted (54%) · max_tokens reached
15:44:56.901 INFO:     #183 chat/completions (stream): 76 prompt tokens ·
                       temperature: 0, greedy (req), max_tokens: 139 (req),
                       min_tokens: 139 (req)
15:44:56.999 INFO:     #184 chat/completions (stream): 389 prompt tokens ·
                       temperature: 0, greedy (req), max_tokens: 13 (req),
                       min_tokens: 13 (req)
15:44:57.380 INFO:     #184 chat/completions (stream): 13 tokens generated at
                       183.8 T/s · prompt 389 tokens, none cached, 389 new in
                       0.24 s (1,621 T/s) · first token 0.24 s, total 0.32 s ·
                       draft 9/12 accepted (75%) · max_tokens reached
15:44:57.443 INFO:     #185 chat/completions (stream): 68 prompt tokens ·
                       temperature: 0, greedy (req), max_tokens: 264 (req),
                       min_tokens: 264 (req)
15:44:58.039 INFO:     #181 chat/completions (stream): 225 tokens generated at
                       133.2 T/s · prompt 482 tokens, none cached, 482 new in
                       0.25 s (1,928 T/s) · first token 0.25 s, total 1.94 s ·
                       draft 156/207 accepted (75%) · max_tokens reached
15:44:58.089 INFO:     #186 chat/completions (stream): 71 prompt tokens ·
                       temperature: 0, greedy (req), max_tokens: 307 (req),
                       min_tokens: 307 (req)
15:44:58.411 INFO:     #183 chat/completions (stream): 139 tokens generated at
                       102.0 T/s · prompt 76 tokens, none cached, 76 new in 0.08
                       s · first token 0.08 s, total 1.45 s · draft 84/165
                       accepted (51%) · max_tokens reached
15:44:58.476 INFO:     #187 chat/completions (stream): 59 prompt tokens ·
                       temperature: 0, greedy (req), max_tokens: 191 (req),
                       min_tokens: 191 (req)
15:44:59.374 INFO:     #185 chat/completions (stream): 264 tokens generated at
                       148.0 T/s · prompt 68 tokens, none cached, 68 new in 0.07
                       s · first token 0.08 s, total 1.86 s · draft 173/273
                       accepted (63%) · max_tokens reached
15:44:59.445 INFO:     #188 chat/completions (stream): 64 prompt tokens ·
                       temperature: 0, greedy (req), max_tokens: 1181 (req),
                       min_tokens: 1181 (req)
15:44:59.831 INFO:     #187 chat/completions (stream): 191 tokens generated at
                       156.0 T/s · prompt 59 tokens, none cached, 59 new in 0.07
                       s · first token 0.07 s, total 1.30 s · draft 128/189
                       accepted (68%) · max_tokens reached
15:44:59.858 INFO:     #182 chat/completions (stream): 345 tokens generated at
                       111.6 T/s · prompt 66 tokens, none cached, 66 new in 0.07
                       s · first token 0.08 s, total 3.17 s · draft 206/417
                       accepted (49%) · max_tokens reached
15:44:59.872 INFO:     #189 chat/completions (stream): 101 prompt tokens ·
                       temperature: 0, greedy (req), max_tokens: 236 (req),
                       min_tokens: 236 (req)
15:45:00.002 INFO:     #190 chat/completions (stream): 448 prompt tokens ·
                       temperature: 0, greedy (req), max_tokens: 360 (req),
                       min_tokens: 360 (req)
15:45:01.249 INFO:     #186 chat/completions (stream): 307 tokens generated at
                       101.8 T/s · prompt 71 tokens, none cached, 71 new in 0.08
                       s · first token 0.09 s, total 3.10 s · draft 166/423
                       accepted (39%) · max_tokens reached
15:45:01.299 INFO:     #191 chat/completions (stream): 72 prompt tokens ·
                       temperature: 0, greedy (req), max_tokens: 294 (req),
                       min_tokens: 294 (req)
15:45:01.961 INFO:     #189 chat/completions (stream): 236 tokens generated at
                       122.5 T/s · prompt 101 tokens, none cached, 101 new in
                       0.09 s · first token 0.10 s, total 2.02 s · draft 147/267
                       accepted (55%) · max_tokens reached
15:45:02.013 INFO:     #192 chat/completions (stream): 276 prompt tokens ·
                       temperature: 0, greedy (req), max_tokens: 6 (req),
                       min_tokens: 6 (req)
15:45:02.276 INFO:     #192 chat/completions (stream): 6 tokens generated at
                       172.2 T/s · prompt 276 tokens, none cached, 276 new in
                       0.16 s (1,725 T/s) · first token 0.17 s, total 0.20 s ·
                       draft 4/6 accepted (67%) · max_tokens reached
15:45:02.325 INFO:     #194 chat/completions (stream): 186 prompt tokens ·
                       temperature: 0, greedy (req), max_tokens: 42 (req),
                       min_tokens: 42 (req)
15:45:02.737 INFO:     #190 chat/completions (stream): 360 tokens generated at
                       148.2 T/s · prompt 448 tokens, none cached, 448 new in
                       0.24 s (1,867 T/s) · first token 0.24 s, total 2.67 s ·
                       draft 243/351 accepted (69%) · max_tokens reached
15:45:02.779 INFO:     #195 chat/completions (stream): 219 prompt tokens ·
                       temperature: 0, greedy (req), max_tokens: 11 (req),
                       min_tokens: 11 (req)
15:45:02.779 INFO:     #194 chat/completions (stream): 42 tokens generated at
                       140.3 T/s · prompt 186 tokens, none cached, 186 new in
                       0.09 s · first token 0.10 s, total 0.39 s · draft 25/51
                       accepted (49%) · max_tokens reached
15:45:02.938 INFO:     #196 chat/completions (stream): 62 prompt tokens ·
                       temperature: 0, greedy (req), max_tokens: 304 (req),
                       min_tokens: 304 (req)
15:45:03.092 INFO:     #195 chat/completions (stream): 11 tokens generated at
                       78.6 T/s · prompt 219 tokens, none cached, 219 new in
                       0.10 s · first token 0.11 s, total 0.25 s · draft 7/12
                       accepted (58%) · max_tokens reached
15:45:03.141 INFO:     #197 chat/completions (stream): 66 prompt tokens ·
                       temperature: 0, greedy (req), max_tokens: 225 (req),
                       min_tokens: 225 (req)
15:45:03.597 INFO:     #191 chat/completions (stream): 294 tokens generated at
                       136.6 T/s · prompt 72 tokens, none cached, 72 new in 0.08
                       s · first token 0.09 s, total 2.24 s · draft 200/282
                       accepted (71%) · max_tokens reached
15:45:03.646 INFO:     #198 chat/completions (stream): 584 prompt tokens ·
                       temperature: 0, greedy (req), max_tokens: 10 (req),
                       min_tokens: 10 (req)
15:45:04.014 INFO:     #198 chat/completions (stream): 10 tokens generated at
                       189.3 T/s · prompt 584 tokens, none cached, 584 new in
                       0.24 s (2,433 T/s) · first token 0.24 s, total 0.30 s ·
                       draft 7/9 accepted (78%) · max_tokens reached
15:45:04.065 INFO:     #199 chat/completions (stream): 442 prompt tokens ·
                       temperature: 0, greedy (req), max_tokens: 86 (req),
                       min_tokens: 86 (req)
15:45:04.998 INFO:     #199 chat/completions (stream): 86 tokens generated at
                       136.4 T/s · prompt 442 tokens, none cached, 442 new in
                       0.23 s (1,922 T/s) · first token 0.24 s, total 0.87 s ·
                       draft 52/102 accepted (51%) · max_tokens reached
15:45:05.048 INFO:     #200 chat/completions (stream): 78 prompt tokens ·
                       temperature: 0, greedy (req), max_tokens: 147 (req),
                       min_tokens: 147 (req)
15:45:05.267 INFO:     #197 chat/completions (stream): 225 tokens generated at
                       113.5 T/s · prompt 66 tokens, none cached, 66 new in 0.07
                       s · first token 0.07 s, total 2.06 s · draft 144/243
                       accepted (59%) · max_tokens reached
15:45:05.319 INFO:     #201 chat/completions (stream): 64 prompt tokens ·
                       temperature: 0, greedy (req), max_tokens: 450 (req),
                       min_tokens: 450 (req)
15:45:05.983 INFO:     #200 chat/completions (stream): 147 tokens generated at
                       185.7 T/s · prompt 78 tokens, none cached, 78 new in 0.08
                       s · first token 0.09 s, total 0.88 s · draft 107/120
                       accepted (89%) · max_tokens reached
15:45:06.011 INFO:     #196 chat/completions (stream): 304 tokens generated at
                       103.3 T/s · prompt 62 tokens, none cached, 62 new in 0.07
                       s · first token 0.07 s, total 3.02 s · draft 177/381
                       accepted (46%) · max_tokens reached
15:45:06.025 INFO:     #202 chat/completions (stream): 69 prompt tokens ·
                       temperature: 0, greedy (req), max_tokens: 300 (req),
                       min_tokens: 300 (req)
15:45:06.138 INFO:     #203 chat/completions (stream): 70 prompt tokens ·
                       temperature: 0, greedy (req), max_tokens: 540 (req),
                       min_tokens: 540 (req)
15:45:07.624 INFO:     #188 chat/completions (stream): 1,181 tokens generated at
                       146.9 T/s · prompt 64 tokens, none cached, 64 new in 0.07
                       s · first token 0.08 s, total 8.11 s · draft 823/1074
                       accepted (77%) · max_tokens reached
15:45:07.674 INFO:     #204 chat/completions (stream): 72 prompt tokens ·
                       temperature: 0, greedy (req), max_tokens: 830 (req),
                       min_tokens: 830 (req)
15:45:08.508 INFO:     #202 chat/completions (stream): 300 tokens generated at
                       128.3 T/s · prompt 69 tokens, none cached, 69 new in 0.07
                       s · first token 0.08 s, total 2.41 s · draft 180/360
                       accepted (50%) · max_tokens reached
15:45:08.557 INFO:     #205 chat/completions (stream): 97 prompt tokens ·
                       temperature: 0, greedy (req), max_tokens: 31 (req),
                       min_tokens: 31 (req)
15:45:08.851 INFO:     #205 chat/completions (stream): 31 tokens generated at
                       219.9 T/s · prompt 97 tokens, none cached, 97 new in 0.08
                       s · first token 0.09 s, total 0.23 s · draft 23/24
                       accepted (96%) · max_tokens reached
15:45:08.894 INFO:     #206 chat/completions (stream): 798 prompt tokens ·
                       temperature: 0, greedy (req), max_tokens: 9 (req),
                       min_tokens: 9 (req)
15:45:09.089 INFO:     #201 chat/completions (stream): 450 tokens generated at
                       130.2 T/s · prompt 64 tokens, none cached, 64 new in 0.07
                       s · first token 0.08 s, total 3.53 s · draft 275/525
                       accepted (52%) · max_tokens reached
15:45:09.165 INFO:     #207 chat/completions (stream): 69 prompt tokens ·
                       temperature: 0, greedy (req), max_tokens: 29 (req),
                       min_tokens: 29 (req)
15:45:09.306 INFO:     #206 chat/completions (stream): 9 tokens generated at
                       188.1 T/s · prompt 798 tokens, none cached, 798 new in
                       0.22 s (3,627 T/s) · first token 0.22 s, total 0.27 s ·
                       draft 6/9 accepted (67%) · max_tokens reached
15:45:09.356 INFO:     #208 chat/completions (stream): 486 prompt tokens ·
                       temperature: 0, greedy (req), max_tokens: 16 (req),
                       min_tokens: 16 (req)
15:45:09.671 INFO:     #207 chat/completions (stream): 29 tokens generated at
                       113.8 T/s · prompt 69 tokens, none cached, 69 new in 0.07
                       s · first token 0.07 s, total 0.33 s · draft 21/24
                       accepted (88%) · max_tokens reached
15:45:09.715 INFO:     #209 chat/completions (stream): 254 prompt tokens ·
                       temperature: 0, greedy (req), max_tokens: 10 (req),
                       min_tokens: 10 (req)
15:45:09.862 INFO:     #208 chat/completions (stream): 16 tokens generated at
                       207.7 T/s · prompt 486 tokens, none cached, 486 new in
                       0.25 s (1,944 T/s) · first token 0.25 s, total 0.33 s ·
                       draft 11/15 accepted (73%) · max_tokens reached
15:45:09.911 INFO:     #210 chat/completions (stream): 626 prompt tokens ·
                       temperature: 0, greedy (req), max_tokens: 59 (req),
                       min_tokens: 59 (req)
15:45:10.200 INFO:     #209 chat/completions (stream): 10 tokens generated at
                       153.6 T/s · prompt 254 tokens, none cached, 254 new in
                       0.11 s · first token 0.12 s, total 0.18 s · draft 6/12
                       accepted (50%) · max_tokens reached
15:45:10.252 INFO:     #211 chat/completions (stream): 692 prompt tokens ·
                       temperature: 0, greedy (req), max_tokens: 109 (req),
                       min_tokens: 109 (req)
15:45:10.852 INFO:     #210 chat/completions (stream): 59 tokens generated at
                       95.2 T/s · prompt 626 tokens, none cached, 626 new in
                       0.25 s (2,504 T/s) · first token 0.25 s, total 0.88 s ·
                       draft 40/57 accepted (70%) · max_tokens reached
15:45:10.899 INFO:     #212 chat/completions (stream): 66 prompt tokens ·
                       temperature: 0, greedy (req), max_tokens: 207 (req),
                       min_tokens: 207 (req)
15:45:11.394 INFO:     #211 chat/completions (stream): 109 tokens generated at
                       141.7 T/s · prompt 692 tokens, none cached, 692 new in
                       0.30 s (2,307 T/s) · first token 0.30 s, total 1.07 s ·
                       draft 69/120 accepted (57%) · max_tokens reached
15:45:11.450 INFO:     #213 chat/completions (stream): 655 prompt tokens ·
                       temperature: 0, greedy (req), max_tokens: 24 (req),
                       min_tokens: 24 (req)
15:45:11.736 INFO:     #203 chat/completions (stream): 540 tokens generated at
                       104.0 T/s · prompt 70 tokens, none cached, 70 new in 0.07
                       s · first token 0.07 s, total 5.27 s · draft 324/648
                       accepted (50%) · max_tokens reached
15:45:11.786 INFO:     #214 chat/completions (stream): 87 prompt tokens ·
                       temperature: 0, greedy (req), max_tokens: 385 (req),
                       min_tokens: 385 (req)
15:45:12.046 INFO:     #213 chat/completions (stream): 24 tokens generated at
                       91.5 T/s · prompt 655 tokens, none cached, 655 new in
                       0.26 s (2,519 T/s) · first token 0.27 s, total 0.53 s ·
                       draft 14/30 accepted (47%) · max_tokens reached
15:45:12.096 INFO:     #215 chat/completions (stream): 190 prompt tokens ·
                       temperature: 0, greedy (req), max_tokens: 51 (req),
                       min_tokens: 51 (req)
15:45:12.555 INFO:     #215 chat/completions (stream): 51 tokens generated at
                       173.8 T/s · prompt 190 tokens, none cached, 190 new in
                       0.10 s · first token 0.10 s, total 0.40 s · draft 35/48
                       accepted (73%) · max_tokens reached
15:45:12.606 INFO:     #216 chat/completions (stream): 350 prompt tokens ·
                       temperature: 0, greedy (req), max_tokens: 47 (req),
                       min_tokens: 47 (req)
15:45:13.093 INFO:     #212 chat/completions (stream): 207 tokens generated at
                       100.9 T/s · prompt 66 tokens, none cached, 66 new in 0.07
                       s · first token 0.08 s, total 2.13 s · draft 127/240
                       accepted (53%) · max_tokens reached
15:45:13.142 INFO:     #217 chat/completions (stream): 119 prompt tokens ·
                       temperature: 0, greedy (req), max_tokens: 5 (req),
                       min_tokens: 5 (req)
15:45:13.303 INFO:     #216 chat/completions (stream): 47 tokens generated at
                       153.0 T/s · prompt 350 tokens, none cached, 350 new in
                       0.22 s (1,591 T/s) · first token 0.23 s, total 0.53 s ·
                       draft 29/54 accepted (54%) · max_tokens reached
15:45:13.331 INFO:     #217 chat/completions (stream): 5 tokens generated at
                       160.1 T/s · prompt 119 tokens, none cached, 119 new in
                       0.10 s · first token 0.11 s, total 0.14 s · draft 3/6
                       accepted (50%) · max_tokens reached
15:45:13.345 INFO:     #218 chat/completions (stream): 496 prompt tokens ·
                       temperature: 0, greedy (req), max_tokens: 29 (req),
                       min_tokens: 29 (req)
15:45:13.608 INFO:     #219 chat/completions (stream): 773 prompt tokens ·
                       temperature: 0, greedy (req), max_tokens: 29 (req),
                       min_tokens: 29 (req)
15:45:14.005 INFO:     #218 chat/completions (stream): 29 tokens generated at
                       82.7 T/s · prompt 496 tokens, none cached, 496 new in
                       0.24 s (2,067 T/s) · first token 0.25 s, total 0.60 s ·
                       draft 20/27 accepted (74%) · max_tokens reached
15:45:14.047 INFO:     #220 chat/completions (stream): 59 prompt tokens ·
                       temperature: 0, greedy (req), max_tokens: 300 (req),
                       min_tokens: 300 (req)
15:45:14.136 INFO:     #219 chat/completions (stream): 29 tokens generated at
                       154.8 T/s · prompt 773 tokens, none cached, 773 new in
                       0.20 s (3,865 T/s) · first token 0.20 s, total 0.39 s ·
                       draft 18/33 accepted (55%) · max_tokens reached
15:45:14.185 INFO:     #221 chat/completions (stream): 84 prompt tokens ·
                       temperature: 0, greedy (req), max_tokens: 308 (req),
                       min_tokens: 308 (req)
15:45:15.655 INFO:     #204 chat/completions (stream): 830 tokens generated at
                       105.9 T/s · prompt 72 tokens, none cached, 72 new in 0.07
                       s · first token 0.08 s, total 7.91 s · draft 533/891
                       accepted (60%) · max_tokens reached
15:45:15.705 INFO:     #222 chat/completions (stream): 309 prompt tokens ·
                       temperature: 0, greedy (req), max_tokens: 12 (req),
                       min_tokens: 12 (req)
15:45:16.042 INFO:     #222 chat/completions (stream): 12 tokens generated at
                       170.5 T/s · prompt 309 tokens, none cached, 309 new in
                       0.20 s (1,545 T/s) · first token 0.21 s, total 0.28 s ·
                       draft 8/12 accepted (67%) · max_tokens reached
15:45:16.085 INFO:     #223 chat/completions (stream): 124 prompt tokens ·
                       temperature: 0, greedy (req), max_tokens: 8 (req),
                       min_tokens: 8 (req)
15:45:16.222 INFO:     #214 chat/completions (stream): 385 tokens generated at
                       92.1 T/s · prompt 87 tokens, none cached, 87 new in 0.08
                       s · first token 0.09 s, total 4.27 s · draft 214/513
                       accepted (42%) · max_tokens reached
15:45:16.266 INFO:     #224 chat/completions (stream): 217 prompt tokens ·
                       temperature: 0, greedy (req), max_tokens: 607 (req),
                       min_tokens: 607 (req)
15:45:16.408 INFO:     #223 chat/completions (stream): 8 tokens generated at
                       164.6 T/s · prompt 124 tokens, none cached, 124 new in
                       0.10 s · first token 0.10 s, total 0.15 s · draft 5/9
                       accepted (56%) · max_tokens reached
15:45:16.476 INFO:     #225 chat/completions (stream): 384 prompt tokens ·
                       temperature: 0, greedy (req), max_tokens: 805 (req),
                       min_tokens: 805 (req)
15:45:16.990 INFO:     #221 chat/completions (stream): 308 tokens generated at
                       116.2 T/s · prompt 84 tokens, none cached, 84 new in 0.08
                       s · first token 0.09 s, total 2.74 s · draft 195/339
                       accepted (58%) · max_tokens reached
15:45:17.041 INFO:     #227 chat/completions (stream): 72 prompt tokens ·
                       temperature: 0, greedy (req), max_tokens: 223 (req),
                       min_tokens: 223 (req)
15:45:17.511 INFO:     #220 chat/completions (stream): 300 tokens generated at
                       90.2 T/s · prompt 59 tokens, none cached, 59 new in 0.07
                       s · first token 0.08 s, total 3.40 s · draft 159/423
                       accepted (38%) · max_tokens reached
15:45:17.561 INFO:     #228 chat/completions (stream): 268 prompt tokens ·
                       temperature: 0, greedy (req), max_tokens: 21 (req),
                       min_tokens: 21 (req)
15:45:17.938 INFO:     #228 chat/completions (stream): 21 tokens generated at
                       145.8 T/s · prompt 268 tokens, none cached, 268 new in
                       0.16 s (1,675 T/s) · first token 0.17 s, total 0.31 s ·
                       draft 13/24 accepted (54%) · max_tokens reached
15:45:17.988 INFO:     #229 chat/completions (stream): 209 prompt tokens ·
                       temperature: 0, greedy (req), max_tokens: 209 (req),
                       min_tokens: 209 (req)
15:45:19.206 INFO:     #227 chat/completions (stream): 223 tokens generated at
                       110.2 T/s · prompt 72 tokens, none cached, 72 new in 0.07
                       s · first token 0.08 s, total 2.10 s · draft 125/294
                       accepted (43%) · max_tokens reached
15:45:19.234 INFO:     #229 chat/completions (stream): 209 tokens generated at
                       192.4 T/s · prompt 209 tokens, none cached, 209 new in
                       0.10 s · first token 0.11 s, total 1.19 s · draft 149/180
                       accepted (83%) · max_tokens reached
15:45:19.248 INFO:     #230 chat/completions (stream): 178 prompt tokens ·
                       temperature: 0, greedy (req), max_tokens: 18 (req),
                       min_tokens: 18 (req)
15:45:19.385 INFO:     #231 chat/completions (stream): 62 prompt tokens ·
                       temperature: 0, greedy (req), max_tokens: 94 (req),
                       min_tokens: 94 (req)
15:45:19.630 INFO:     #230 chat/completions (stream): 18 tokens generated at
                       83.4 T/s · prompt 178 tokens, none cached, 178 new in
                       0.09 s · first token 0.10 s, total 0.31 s · draft 10/24
                       accepted (42%) · max_tokens reached
15:45:19.680 INFO:     #232 chat/completions (stream): 100 prompt tokens ·
                       temperature: 0, greedy (req), max_tokens: 91 (req),
                       min_tokens: 91 (req)
15:45:20.337 INFO:     #231 chat/completions (stream): 94 tokens generated at
                       114.0 T/s · prompt 62 tokens, none cached, 62 new in 0.07
                       s · first token 0.07 s, total 0.90 s · draft 53/123
                       accepted (43%) · max_tokens reached
15:45:20.337 INFO:     #232 chat/completions (stream): 91 tokens generated at
                       178.9 T/s · prompt 100 tokens, none cached, 100 new in
                       0.09 s · first token 0.09 s, total 0.60 s · draft 63/84
                       accepted (75%) · max_tokens reached
15:45:20.380 INFO:     #233 chat/completions (stream): 88 prompt tokens ·
                       temperature: 0, greedy (req), max_tokens: 323 (req),
                       min_tokens: 323 (req)
15:45:20.382 INFO:     #234 chat/completions (stream): 73 prompt tokens ·
                       temperature: 0, greedy (req), max_tokens: 229 (req),
                       min_tokens: 229 (req)
15:45:21.418 INFO:     #224 chat/completions (stream): 607 tokens generated at
                       121.9 T/s · prompt 217 tokens, none cached, 217 new in
                       0.10 s · first token 0.10 s, total 5.08 s · draft 383/672
                       accepted (57%) · max_tokens reached
15:45:21.475 INFO:     #235 chat/completions (stream): 68 prompt tokens ·
                       temperature: 0, greedy (req), max_tokens: 534 (req),
                       min_tokens: 534 (req)
15:45:22.473 INFO:     #234 chat/completions (stream): 229 tokens generated at
                       123.5 T/s · prompt 73 tokens, none cached, 73 new in 0.07
                       s · first token 0.16 s, total 2.02 s · draft 131/294
                       accepted (45%) · max_tokens reached
15:45:22.523 INFO:     #236 chat/completions (stream): 164 prompt tokens ·
                       temperature: 0, greedy (req), max_tokens: 41 (req),
                       min_tokens: 41 (req)
15:45:22.938 INFO:     #236 chat/completions (stream): 41 tokens generated at
                       161.2 T/s · prompt 164 tokens, none cached, 164 new in
                       0.09 s · first token 0.10 s, total 0.35 s · draft 27/42
                       accepted (64%) · max_tokens reached
15:45:22.990 INFO:     #237 chat/completions (stream): 662 prompt tokens ·
                       temperature: 0, greedy (req), max_tokens: 243 (req),
                       min_tokens: 243 (req)
15:45:23.457 INFO:     #233 chat/completions (stream): 323 tokens generated at
                       114.0 T/s · prompt 88 tokens, none cached, 88 new in 0.16
                       s · first token 0.17 s, total 3.01 s · draft 188/405
                       accepted (46%) · max_tokens reached
15:45:23.498 INFO:     #238 chat/completions (stream): 106 prompt tokens ·
                       temperature: 0, greedy (req), max_tokens: 40 (req),
                       min_tokens: 40 (req)
15:45:23.498 INFO:     #225 chat/completions (stream): 805 tokens generated at
                       119.5 T/s · prompt 384 tokens, none cached, 384 new in
                       0.23 s (1,670 T/s) · first token 0.23 s, total 6.97 s ·
                       draft 493/936 accepted (53%) · max_tokens reached
15:45:23.648 INFO:     #239 chat/completions (stream): 802 prompt tokens ·
                       temperature: 0, greedy (req), max_tokens: 6 (req),
                       min_tokens: 6 (req)
15:45:24.010 INFO:     #239 chat/completions (stream): 6 tokens generated at
                       168.1 T/s · prompt 802 tokens, none cached, 802 new in
                       0.25 s (3,208 T/s) · first token 0.25 s, total 0.29 s ·
                       draft 4/6 accepted (67%) · max_tokens reached
15:45:24.060 INFO:     #240 chat/completions (stream): 717 prompt tokens ·
                       temperature: 0, greedy (req), max_tokens: 21 (req),
                       min_tokens: 21 (req)
15:45:24.360 INFO:     #238 chat/completions (stream): 40 tokens generated at
                       92.6 T/s · prompt 106 tokens, none cached, 106 new in
                       0.09 s · first token 0.10 s, total 0.53 s · draft 29/33
                       accepted (88%) · max_tokens reached
15:45:24.418 INFO:     #241 chat/completions (stream): 114 prompt tokens ·
                       temperature: 0, greedy (req), max_tokens: 93 (req),
                       min_tokens: 93 (req)
15:45:24.647 INFO:     #240 chat/completions (stream): 21 tokens generated at
                       90.8 T/s · prompt 717 tokens, none cached, 717 new in
                       0.27 s (2,656 T/s) · first token 0.28 s, total 0.51 s ·
                       draft 15/18 accepted (83%) · max_tokens reached
15:45:24.702 INFO:     #242 chat/completions (stream): 75 prompt tokens ·
                       temperature: 0, greedy (req), max_tokens: 517 (req),
                       min_tokens: 517 (req)
15:45:25.796 INFO:     #235 chat/completions (stream): 534 tokens generated at
                       127.6 T/s · prompt 68 tokens, none cached, 68 new in 0.07
                       s · first token 0.07 s, total 4.26 s · draft 366/504
                       accepted (73%) · max_tokens reached
15:45:25.808 INFO:     #241 chat/completions (stream): 93 tokens generated at
                       75.8 T/s · prompt 114 tokens, none cached, 114 new in
                       0.11 s · first token 0.12 s, total 1.34 s · draft 33/180
                       accepted (18%) · max_tokens reached
15:45:25.830 INFO:     #243 chat/completions (stream): 61 prompt tokens ·
                       temperature: 0, greedy (req), max_tokens: 201 (req),
                       min_tokens: 201 (req)
15:45:25.831 INFO:     #237 chat/completions (stream): 243 tokens generated at
                       95.5 T/s · prompt 662 tokens, none cached, 662 new in
                       0.24 s (2,758 T/s) · first token 0.25 s, total 2.79 s ·
                       draft 148/285 accepted (52%) · max_tokens reached
15:45:25.919 INFO:     #244 chat/completions (stream): 167 prompt tokens ·
                       temperature: 0, greedy (req), max_tokens: 13 (req),
                       min_tokens: 13 (req)
15:45:26.048 INFO:     #245 chat/completions (stream): 65 prompt tokens ·
                       temperature: 0, greedy (req), max_tokens: 177 (req),
                       min_tokens: 177 (req)
15:45:26.224 INFO:     #244 chat/completions (stream): 13 tokens generated at
                       90.2 T/s · prompt 167 tokens, none cached, 167 new in
                       0.09 s · first token 0.10 s, total 0.24 s · draft 9/12
                       accepted (75%) · max_tokens reached
15:45:26.275 INFO:     #246 chat/completions (stream): 637 prompt tokens ·
                       temperature: 0, greedy (req), max_tokens: 1147 (req),
                       min_tokens: 1147 (req)
15:45:27.525 INFO:     #243 chat/completions (stream): 201 tokens generated at
                       129.3 T/s · prompt 61 tokens, none cached, 61 new in 0.07
                       s · first token 0.08 s, total 1.63 s · draft 138/189
                       accepted (73%) · max_tokens reached
15:45:27.573 INFO:     #247 chat/completions (stream): 690 prompt tokens ·
                       temperature: 0, greedy (req), max_tokens: 10 (req),
                       min_tokens: 10 (req)
15:45:27.864 INFO:     #245 chat/completions (stream): 177 tokens generated at
                       123.5 T/s · prompt 65 tokens, none cached, 65 new in 0.07
                       s · first token 0.07 s, total 1.51 s · draft 111/198
                       accepted (56%) · max_tokens reached
15:45:27.908 INFO:     #248 chat/completions (stream): 57 prompt tokens ·
                       temperature: 0, greedy (req), max_tokens: 285 (req),
                       min_tokens: 285 (req)
15:45:28.012 INFO:     #247 chat/completions (stream): 10 tokens generated at
                       212.2 T/s · prompt 690 tokens, none cached, 690 new in
                       0.25 s (2,760 T/s) · first token 0.26 s, total 0.30 s ·
                       draft 7/9 accepted (78%) · max_tokens reached
15:45:28.063 INFO:     #249 chat/completions (stream): 76 prompt tokens ·
                       temperature: 0, greedy (req), max_tokens: 562 (req),
                       min_tokens: 562 (req)
15:45:29.641 INFO:     #242 chat/completions (stream): 517 tokens generated at
                       108.1 T/s · prompt 75 tokens, none cached, 75 new in 0.08
                       s · first token 0.09 s, total 4.87 s · draft 302/645
                       accepted (47%) · max_tokens reached
15:45:29.692 INFO:     #250 chat/completions (stream): 540 prompt tokens ·
                       temperature: 0, greedy (req), max_tokens: 8 (req),
                       min_tokens: 8 (req)
15:45:30.004 INFO:     #250 chat/completions (stream): 8 tokens generated at
                       151.6 T/s · prompt 540 tokens, none cached, 540 new in
                       0.19 s (2,842 T/s) · first token 0.20 s, total 0.25 s ·
                       draft 5/9 accepted (56%) · max_tokens reached
15:45:30.054 INFO:     #251 chat/completions (stream): 60 prompt tokens ·
                       temperature: 0, greedy (req), max_tokens: 198 (req),
                       min_tokens: 198 (req)
15:45:30.263 INFO:     #248 chat/completions (stream): 285 tokens generated at
                       128.4 T/s · prompt 57 tokens, none cached, 57 new in 0.07
                       s · first token 0.07 s, total 2.29 s · draft 181/312
                       accepted (58%) · max_tokens reached
15:45:30.313 INFO:     #252 chat/completions (stream): 58 prompt tokens ·
                       temperature: 0, greedy (req), max_tokens: 31 (req),
                       min_tokens: 31 (req)
15:45:30.648 INFO:     #252 chat/completions (stream): 31 tokens generated at
                       155.1 T/s · prompt 58 tokens, none cached, 58 new in 0.07
                       s · first token 0.08 s, total 0.28 s · draft 20/33
                       accepted (61%) · max_tokens reached
15:45:30.698 INFO:     #253 chat/completions (stream): 449 prompt tokens ·
                       temperature: 0, greedy (req), max_tokens: 25 (req),
                       min_tokens: 25 (req)
15:45:31.180 INFO:     #253 chat/completions (stream): 25 tokens generated at
                       139.5 T/s · prompt 449 tokens, none cached, 449 new in
                       0.23 s (1,952 T/s) · first token 0.23 s, total 0.41 s ·
                       draft 15/30 accepted (50%) · max_tokens reached
15:45:31.231 INFO:     #254 chat/completions (stream): 392 prompt tokens ·
                       temperature: 0, greedy (req), max_tokens: 17 (req),
                       min_tokens: 17 (req)
15:45:31.643 INFO:     #254 chat/completions (stream): 17 tokens generated at
                       158.9 T/s · prompt 392 tokens, none cached, 392 new in
                       0.24 s (1,633 T/s) · first token 0.25 s, total 0.35 s ·
                       draft 11/18 accepted (61%) · max_tokens reached
15:45:31.692 INFO:     #255 chat/completions (stream): 112 prompt tokens ·
                       temperature: 0, greedy (req), max_tokens: 556 (req),
                       min_tokens: 556 (req)
15:45:32.001 INFO:     #251 chat/completions (stream): 198 tokens generated at
                       109.5 T/s · prompt 60 tokens, none cached, 60 new in 0.07
                       s · first token 0.07 s, total 1.88 s · draft 129/207
                       accepted (62%) · max_tokens reached
15:45:32.051 INFO:     #257 chat/completions (stream): 79 prompt tokens ·
                       temperature: 0, greedy (req), max_tokens: 165 (req),
                       min_tokens: 165 (req)
15:45:33.061 INFO:     #249 chat/completions (stream): 562 tokens generated at
                       115.8 T/s · prompt 76 tokens, none cached, 76 new in 0.08
                       s · first token 0.08 s, total 4.94 s · draft 344/654
                       accepted (53%) · max_tokens reached
15:45:33.111 INFO:     #258 chat/completions (stream): 63 prompt tokens ·
                       temperature: 0, greedy (req), max_tokens: 650 (req),
                       min_tokens: 650 (req)
15:45:33.413 INFO:     #257 chat/completions (stream): 165 tokens generated at
                       136.0 T/s · prompt 79 tokens, none cached, 79 new in 0.08
                       s · first token 0.08 s, total 1.30 s · draft 102/189
                       accepted (54%) · max_tokens reached
15:45:33.475 INFO:     #259 chat/completions (stream): 68 prompt tokens ·
                       temperature: 0, greedy (req), max_tokens: 434 (req),
                       min_tokens: 434 (req)
15:45:35.633 INFO:     #255 chat/completions (stream): 556 tokens generated at
                       147.2 T/s · prompt 112 tokens, none cached, 112 new in
                       0.09 s · first token 0.10 s, total 3.87 s · draft 362/582
                       accepted (62%) · max_tokens reached
15:45:35.686 INFO:     #260 chat/completions (stream): 527 prompt tokens ·
                       temperature: 0, greedy (req), max_tokens: 78 (req),
                       min_tokens: 78 (req)
15:45:36.001 INFO:     #246 chat/completions (stream): 1,147 tokens generated at
                       122.2 T/s · prompt 637 tokens, none cached, 637 new in
                       0.26 s (2,450 T/s) · first token 0.26 s, total 9.66 s ·
                       draft 718/1287 accepted (56%) · max_tokens reached
15:45:36.050 INFO:     #261 chat/completions (stream): 65 prompt tokens ·
                       temperature: 0, greedy (req), max_tokens: 352 (req),
                       min_tokens: 352 (req)
15:45:36.562 INFO:     #260 chat/completions (stream): 78 tokens generated at
                       126.0 T/s · prompt 527 tokens, none cached, 527 new in
                       0.19 s (2,774 T/s) · first token 0.20 s, total 0.81 s ·
                       draft 48/90 accepted (53%) · max_tokens reached
15:45:36.611 INFO:     #262 chat/completions (stream): 342 prompt tokens ·
                       temperature: 0, greedy (req), max_tokens: 44 (req),
                       min_tokens: 44 (req)
15:45:37.022 INFO:     #259 chat/completions (stream): 434 tokens generated at
                       127.5 T/s · prompt 68 tokens, none cached, 68 new in 0.07
                       s · first token 0.08 s, total 3.48 s · draft 272/486
                       accepted (56%) · max_tokens reached
15:45:37.071 INFO:     #263 chat/completions (stream): 448 prompt tokens ·
                       temperature: 0, greedy (req), max_tokens: 55 (req),
                       min_tokens: 55 (req)
15:45:37.403 INFO:     #262 chat/completions (stream): 44 tokens generated at
                       87.8 T/s · prompt 342 tokens, none cached, 342 new in
                       0.22 s (1,555 T/s) · first token 0.23 s, total 0.73 s ·
                       draft 27/51 accepted (53%) · max_tokens reached
15:45:37.456 INFO:     #264 chat/completions (stream): 399 prompt tokens ·
                       temperature: 0, greedy (req), max_tokens: 15 (req),
                       min_tokens: 15 (req)
15:45:37.871 INFO:     #264 chat/completions (stream): 15 tokens generated at
                       138.8 T/s · prompt 399 tokens, none cached, 399 new in
                       0.24 s (1,662 T/s) · first token 0.25 s, total 0.35 s ·
                       draft 9/18 accepted (50%) · max_tokens reached
15:45:37.918 INFO:     #265 chat/completions (stream): 72 prompt tokens ·
                       temperature: 0, greedy (req), max_tokens: 279 (req),
                       min_tokens: 279 (req)
15:45:38.048 INFO:     #263 chat/completions (stream): 55 tokens generated at
                       91.6 T/s · prompt 448 tokens, none cached, 448 new in
                       0.23 s (1,948 T/s) · first token 0.23 s, total 0.84 s ·
                       draft 33/66 accepted (50%) · max_tokens reached
15:45:38.098 INFO:     #266 chat/completions (stream): 64 prompt tokens ·
                       temperature: 0, greedy (req), max_tokens: 150 (req),
                       min_tokens: 150 (req)
15:45:38.308 INFO:     #258 chat/completions (stream): 650 tokens generated at
                       128.5 T/s · prompt 63 tokens, none cached, 63 new in 0.07
                       s · first token 0.08 s, total 5.13 s · draft 431/657
                       accepted (66%) · max_tokens reached
15:45:38.358 INFO:     #267 chat/completions (stream): 340 prompt tokens ·
                       temperature: 0, greedy (req), max_tokens: 26 (req),
                       min_tokens: 26 (req)
15:45:38.819 INFO:     #267 chat/completions (stream): 26 tokens generated at
                       148.4 T/s · prompt 340 tokens, none cached, 340 new in
                       0.22 s (1,545 T/s) · first token 0.22 s, total 0.40 s ·
                       draft 16/30 accepted (53%) · max_tokens reached
15:45:38.870 INFO:     #268 chat/completions (stream): 66 prompt tokens ·
                       temperature: 0, greedy (req), max_tokens: 12 (req),
                       min_tokens: 12 (req)
15:45:39.068 INFO:     #268 chat/completions (stream): 12 tokens generated at
                       223.0 T/s · prompt 66 tokens, none cached, 66 new in 0.07
                       s · first token 0.08 s, total 0.13 s · draft 9/9 accepted
                       (100%) · max_tokens reached
15:45:39.118 INFO:     #269 chat/completions (stream): 446 prompt tokens ·
                       temperature: 0, greedy (req), max_tokens: 8 (req),
                       min_tokens: 8 (req)
15:45:39.377 INFO:     #261 chat/completions (stream): 352 tokens generated at
                       118.2 T/s · prompt 65 tokens, none cached, 65 new in 0.07
                       s · first token 0.07 s, total 3.05 s · draft 242/330
                       accepted (73%) · max_tokens reached
15:45:39.430 INFO:     #270 chat/completions (stream): 99 prompt tokens ·
                       temperature: 0, greedy (req), max_tokens: 429 (req),
                       min_tokens: 429 (req)
15:45:39.556 INFO:     #269 chat/completions (stream): 8 tokens generated at
                       167.3 T/s · prompt 446 tokens, none cached, 446 new in
                       0.22 s (2,027 T/s) · first token 0.22 s, total 0.27 s ·
                       draft 5/9 accepted (56%) · max_tokens reached
15:45:39.606 INFO:     #271 chat/completions (stream): 70 prompt tokens ·
                       temperature: 0, greedy (req), max_tokens: 772 (req),
                       min_tokens: 772 (req)
15:45:39.911 INFO:     #266 chat/completions (stream): 150 tokens generated at
                       89.6 T/s · prompt 64 tokens, none cached, 64 new in 0.07
                       s · first token 0.08 s, total 1.75 s · draft 91/177
                       accepted (51%) · max_tokens reached
15:45:39.960 INFO:     #272 chat/completions (stream): 391 prompt tokens ·
                       temperature: 0, greedy (req), max_tokens: 46 (req),
                       min_tokens: 46 (req)
15:45:40.616 INFO:     #272 chat/completions (stream): 46 tokens generated at
                       130.6 T/s · prompt 391 tokens, none cached, 391 new in
                       0.23 s (1,700 T/s) · first token 0.23 s, total 0.59 s ·
                       draft 27/57 accepted (47%) · max_tokens reached
15:45:40.665 INFO:     #273 chat/completions (stream): 60 prompt tokens ·
                       temperature: 0, greedy (req), max_tokens: 75 (req),
                       min_tokens: 75 (req)
15:45:40.839 INFO:     #265 chat/completions (stream): 279 tokens generated at
                       100.6 T/s · prompt 72 tokens, none cached, 72 new in 0.08
                       s · first token 0.09 s, total 2.86 s · draft 178/303
                       accepted (59%) · max_tokens reached
15:45:40.890 INFO:     #274 chat/completions (stream): 691 prompt tokens ·
                       temperature: 0, greedy (req), max_tokens: 139 (req),
                       min_tokens: 139 (req)
15:45:41.506 INFO:     #273 chat/completions (stream): 75 tokens generated at
                       106.4 T/s · prompt 60 tokens, none cached, 60 new in 0.07
                       s · first token 0.08 s, total 0.78 s · draft 49/78
                       accepted (63%) · max_tokens reached
15:45:41.556 INFO:     #275 chat/completions (stream): 68 prompt tokens ·
                       temperature: 0, greedy (req), max_tokens: 282 (req),
                       min_tokens: 282 (req)
15:45:42.149 INFO:     #274 chat/completions (stream): 139 tokens generated at
                       148.7 T/s · prompt 691 tokens, none cached, 691 new in
                       0.26 s (2,658 T/s) · first token 0.26 s, total 1.20 s ·
                       draft 91/144 accepted (63%) · max_tokens reached
15:45:42.199 INFO:     #276 chat/completions (stream): 63 prompt tokens ·
                       temperature: 0, greedy (req), max_tokens: 98 (req),
                       min_tokens: 98 (req)
15:45:42.923 INFO:     #276 chat/completions (stream): 98 tokens generated at
                       167.4 T/s · prompt 63 tokens, none cached, 63 new in 0.07
                       s · first token 0.07 s, total 0.66 s · draft 66/96
                       accepted (69%) · max_tokens reached
15:45:42.975 INFO:     #277 chat/completions (stream): 815 prompt tokens ·
                       temperature: 0, greedy (req), max_tokens: 282 (req),
                       min_tokens: 282 (req)
15:45:43.707 INFO:     #270 chat/completions (stream): 429 tokens generated at
                       104.2 T/s · prompt 99 tokens, none cached, 99 new in 0.09
                       s · first token 0.10 s, total 4.21 s · draft 254/525
                       accepted (48%) · max_tokens reached
15:45:43.758 INFO:     #278 chat/completions (stream): 84 prompt tokens ·
                       temperature: 0, greedy (req), max_tokens: 278 (req),
                       min_tokens: 278 (req)
15:45:44.036 INFO:     #275 chat/completions (stream): 282 tokens generated at
                       120.8 T/s · prompt 68 tokens, none cached, 68 new in 0.07
                       s · first token 0.08 s, total 2.41 s · draft 174/324
                       accepted (54%) · max_tokens reached
15:45:44.085 INFO:     #279 chat/completions (stream): 60 prompt tokens ·
                       temperature: 0, greedy (req), max_tokens: 202 (req),
                       min_tokens: 202 (req)
15:45:45.656 INFO:     #277 chat/completions (stream): 282 tokens generated at
                       119.5 T/s · prompt 815 tokens, none cached, 815 new in
                       0.25 s (3,260 T/s) · first token 0.26 s, total 2.61 s ·
                       draft 162/360 accepted (45%) · max_tokens reached
15:45:45.705 INFO:     #280 chat/completions (stream): 62 prompt tokens ·
                       temperature: 0, greedy (req), max_tokens: 105 (req),
                       min_tokens: 105 (req)
15:45:45.967 INFO:     #278 chat/completions (stream): 278 tokens generated at
                       135.1 T/s · prompt 84 tokens, none cached, 84 new in 0.08
                       s · first token 0.09 s, total 2.14 s · draft 173/315
                       accepted (55%) · max_tokens reached
15:45:46.011 INFO:     #281 chat/completions (stream): 61 prompt tokens ·
                       temperature: 0, greedy (req), max_tokens: 61 (req),
                       min_tokens: 61 (req)
15:45:46.116 INFO:     #279 chat/completions (stream): 202 tokens generated at
                       110.7 T/s · prompt 60 tokens, none cached, 60 new in 0.07
                       s · first token 0.07 s, total 1.90 s · draft 106/288
                       accepted (37%) · max_tokens reached
15:45:46.166 INFO:     #282 chat/completions (stream): 65 prompt tokens ·
                       temperature: 0, greedy (req), max_tokens: 210 (req),
                       min_tokens: 210 (req)
15:45:46.375 INFO:     #271 chat/completions (stream): 772 tokens generated at
                       116.5 T/s · prompt 70 tokens, none cached, 70 new in 0.07
                       s · first token 0.07 s, total 6.70 s · draft 474/894
                       accepted (53%) · max_tokens reached
15:45:46.438 INFO:     #283 chat/completions (stream): 60 prompt tokens ·
                       temperature: 0, greedy (req), max_tokens: 41 (req),
                       min_tokens: 41 (req)
15:45:46.726 INFO:     #281 chat/completions (stream): 61 tokens generated at
                       104.6 T/s · prompt 61 tokens, none cached, 61 new in 0.07
                       s · first token 0.07 s, total 0.66 s · draft 36/75
                       accepted (48%) · max_tokens reached
15:45:46.758 INFO:     #284 chat/completions (stream): 60 prompt tokens ·
                       temperature: 0, greedy (req), max_tokens: 287 (req),
                       min_tokens: 287 (req)
15:45:46.759 INFO:     #280 chat/completions (stream): 105 tokens generated at
                       112.0 T/s · prompt 62 tokens, none cached, 62 new in 0.07
                       s · first token 0.08 s, total 1.01 s · draft 63/126
                       accepted (50%) · max_tokens reached
15:45:46.760 INFO:     #283 chat/completions (stream): 41 tokens generated at
                       202.2 T/s · prompt 60 tokens, none cached, 60 new in 0.07
                       s · first token 0.08 s, total 0.28 s · draft 29/36
                       accepted (81%) · max_tokens reached
15:45:46.873 INFO:     #285 chat/completions (stream): 107 prompt tokens ·
                       temperature: 0, greedy (req), max_tokens: 176 (req),
                       min_tokens: 176 (req)
15:45:46.873 INFO:     #286 chat/completions (stream): 70 prompt tokens ·
                       temperature: 0, greedy (req), max_tokens: 276 (req),
                       min_tokens: 276 (req)
15:45:47.823 INFO:     #282 chat/completions (stream): 210 tokens generated at
                       138.2 T/s · prompt 65 tokens, none cached, 65 new in 0.07
                       s · first token 0.07 s, total 1.59 s · draft 140/210
                       accepted (67%) · max_tokens reached
15:45:47.873 INFO:     #288 chat/completions (stream): 987 prompt tokens ·
                       temperature: 0, greedy (req), max_tokens: 113 (req),
                       min_tokens: 113 (req)
15:45:48.564 INFO:     #285 chat/completions (stream): 176 tokens generated at
                       121.5 T/s · prompt 107 tokens, none cached, 107 new in
                       0.17 s · first token 0.18 s, total 1.63 s · draft 111/195
                       accepted (57%) · max_tokens reached
15:45:48.615 INFO:     #289 chat/completions (stream): 731 prompt tokens ·
                       temperature: 0, greedy (req), max_tokens: 694 (req),
                       min_tokens: 694 (req)
15:45:49.193 INFO:     #288 chat/completions (stream): 113 tokens generated at
                       118.6 T/s · prompt 987 tokens, none cached, 987 new in
                       0.30 s (3,290 T/s) · first token 0.31 s, total 1.26 s ·
                       draft 74/117 accepted (63%) · max_tokens reached
15:45:49.242 INFO:     #290 chat/completions (stream): 67 prompt tokens ·
                       temperature: 0, greedy (req), max_tokens: 84 (req),
                       min_tokens: 84 (req)
15:45:49.735 INFO:     #284 chat/completions (stream): 287 tokens generated at
                       101.2 T/s · prompt 60 tokens, none cached, 60 new in 0.07
                       s · first token 0.08 s, total 2.91 s · draft 172/345
                       accepted (50%) · max_tokens reached
15:45:49.785 INFO:     #291 chat/completions (stream): 91 prompt tokens ·
                       temperature: 0, greedy (req), max_tokens: 464 (req),
                       min_tokens: 464 (req)
15:45:49.938 INFO:     #286 chat/completions (stream): 276 tokens generated at
                       101.0 T/s · prompt 70 tokens, none cached, 70 new in 0.08
                       s · queued 0.10 s, first token 0.18 s, total 2.91 s ·
                       draft 157/357 accepted (44%) · max_tokens reached
15:45:49.981 INFO:     #292 chat/completions (stream): 114 prompt tokens ·
                       temperature: 0, greedy (req), max_tokens: 425 (req),
                       min_tokens: 425 (req)
15:45:50.113 INFO:     #290 chat/completions (stream): 84 tokens generated at
                       132.9 T/s · prompt 67 tokens, none cached, 67 new in 0.07
                       s · first token 0.08 s, total 0.71 s · draft 54/90
                       accepted (60%) · max_tokens reached
15:45:50.162 INFO:     #293 chat/completions (stream): 60 prompt tokens ·
                       temperature: 0, greedy (req), max_tokens: 64 (req),
                       min_tokens: 64 (req)
15:45:50.743 INFO:     #293 chat/completions (stream): 64 tokens generated at
                       145.0 T/s · prompt 60 tokens, none cached, 60 new in 0.07
                       s · first token 0.07 s, total 0.52 s · draft 40/72
                       accepted (56%) · max_tokens reached
15:45:50.795 INFO:     #294 chat/completions (stream): 89 prompt tokens ·
                       temperature: 0, greedy (req), max_tokens: 609 (req),
                       min_tokens: 609 (req)
15:45:53.397 INFO:     #292 chat/completions (stream): 425 tokens generated at
                       130.8 T/s · prompt 114 tokens, none cached, 114 new in
                       0.10 s · first token 0.10 s, total 3.35 s · draft 255/510
                       accepted (50%) · max_tokens reached
15:45:53.452 INFO:     #295 chat/completions (stream): 648 prompt tokens ·
                       temperature: 0, greedy (req), max_tokens: 6 (req),
                       min_tokens: 6 (req)
15:45:53.734 INFO:     #291 chat/completions (stream): 464 tokens generated at
                       131.1 T/s · prompt 91 tokens, none cached, 91 new in 0.08
                       s · first token 0.09 s, total 3.62 s · draft 282/546
                       accepted (52%) · max_tokens reached
15:45:53.777 INFO:     #296 chat/completions (stream): 113 prompt tokens ·
                       temperature: 0, greedy (req), max_tokens: 71 (req),
                       min_tokens: 71 (req)
15:45:53.908 INFO:     #295 chat/completions (stream): 6 tokens generated at
                       192.7 T/s · prompt 648 tokens, none cached, 648 new in
                       0.26 s (2,492 T/s) · first token 0.27 s, total 0.30 s ·
                       draft 4/6 accepted (67%) · max_tokens reached
15:45:53.958 INFO:     #297 chat/completions (stream): 68 prompt tokens ·
                       temperature: 0, greedy (req), max_tokens: 169 (req),
                       min_tokens: 169 (req)
15:45:54.367 INFO:     #296 chat/completions (stream): 71 tokens generated at
                       166.2 T/s · prompt 113 tokens, none cached, 113 new in
                       0.09 s · first token 0.10 s, total 0.52 s · draft 51/60
                       accepted (85%) · max_tokens reached
15:45:54.419 INFO:     #298 chat/completions (stream): 164 prompt tokens ·
                       temperature: 0, greedy (req), max_tokens: 302 (req),
                       min_tokens: 302 (req)
15:45:55.145 INFO:     #289 chat/completions (stream): 694 tokens generated at
                       111.9 T/s · prompt 731 tokens, none cached, 731 new in
                       0.26 s (2,812 T/s) · first token 0.27 s, total 6.47 s ·
                       draft 401/879 accepted (46%) · max_tokens reached
15:45:55.195 INFO:     #299 chat/completions (stream): 75 prompt tokens ·
                       temperature: 0, greedy (req), max_tokens: 306 (req),
                       min_tokens: 306 (req)
15:45:55.489 INFO:     #297 chat/completions (stream): 169 tokens generated at
                       123.6 T/s · prompt 68 tokens, none cached, 68 new in 0.07
                       s · first token 0.07 s, total 1.44 s · draft 102/201
                       accepted (51%) · max_tokens reached
15:45:55.539 INFO:     #300 chat/completions (stream): 256 prompt tokens ·
                       temperature: 0, greedy (req), max_tokens: 28 (req),
                       min_tokens: 28 (req)
15:45:55.845 INFO:     #294 chat/completions (stream): 609 tokens generated at
                       124.3 T/s · prompt 89 tokens, none cached, 89 new in 0.08
                       s · first token 0.09 s, total 4.98 s · draft 377/696
                       accepted (54%) · max_tokens reached
15:45:55.889 INFO:     #301 chat/completions (stream): 137 prompt tokens ·
                       temperature: 0, greedy (req), max_tokens: 52 (req),
                       min_tokens: 52 (req)
15:45:56.033 INFO:     #300 chat/completions (stream): 28 tokens generated at
                       135.6 T/s · prompt 256 tokens, none cached, 256 new in
                       0.11 s (2,327 T/s) · first token 0.12 s, total 0.32 s ·
                       draft 16/36 accepted (44%) · max_tokens reached
15:45:56.086 INFO:     #302 chat/completions (stream): 840 prompt tokens ·
                       temperature: 0, greedy (req), max_tokens: 11 (req),
                       min_tokens: 11 (req)
15:45:56.525 INFO:     #302 chat/completions (stream): 11 tokens generated at
                       119.4 T/s · prompt 840 tokens, none cached, 840 new in
                       0.28 s (3,000 T/s) · first token 0.28 s, total 0.38 s ·
                       draft 6/15 accepted (40%) · max_tokens reached
15:45:56.566 INFO:     #303 chat/completions (stream): 77 prompt tokens ·
                       temperature: 0, greedy (req), max_tokens: 259 (req),
                       min_tokens: 259 (req)
15:45:56.667 INFO:     #301 chat/completions (stream): 52 tokens generated at
                       99.4 T/s · prompt 137 tokens, none cached, 137 new in
                       0.11 s · first token 0.11 s, total 0.64 s · draft 37/45
                       accepted (82%) · max_tokens reached
15:45:56.719 INFO:     #304 chat/completions (stream): 434 prompt tokens ·
                       temperature: 0, greedy (req), max_tokens: 25 (req),
                       min_tokens: 25 (req)
15:45:57.153 INFO:     #304 chat/completions (stream): 25 tokens generated at
                       174.4 T/s · prompt 434 tokens, none cached, 434 new in
                       0.22 s (1,973 T/s) · first token 0.22 s, total 0.37 s ·
                       draft 17/24 accepted (71%) · max_tokens reached
15:45:57.204 INFO:     #305 chat/completions (stream): 136 prompt tokens ·
                       temperature: 0, greedy (req), max_tokens: 292 (req),
                       min_tokens: 292 (req)
15:45:57.991 INFO:     #298 chat/completions (stream): 302 tokens generated at
                       88.6 T/s · prompt 164 tokens, none cached, 164 new in
                       0.09 s · first token 0.10 s, total 3.50 s · draft 166/408
                       accepted (41%) · max_tokens reached
15:45:58.042 INFO:     #306 chat/completions (stream): 151 prompt tokens ·
                       temperature: 0, greedy (req), max_tokens: 435 (req),
                       min_tokens: 435 (req)
15:45:58.342 INFO:     #299 chat/completions (stream): 306 tokens generated at
                       102.1 T/s · prompt 75 tokens, none cached, 75 new in 0.08
                       s · first token 0.09 s, total 3.08 s · draft 193/339
                       accepted (57%) · max_tokens reached
15:45:58.395 INFO:     #307 chat/completions (stream): 884 prompt tokens ·
                       temperature: 0, greedy (req), max_tokens: 18 (req),
                       min_tokens: 18 (req)
15:45:58.894 INFO:     #307 chat/completions (stream): 18 tokens generated at
                       165.8 T/s · prompt 884 tokens, none cached, 884 new in
                       0.32 s (2,762 T/s) · first token 0.33 s, total 0.43 s ·
                       draft 12/18 accepted (67%) · max_tokens reached
15:45:58.944 INFO:     #308 chat/completions (stream): 311 prompt tokens ·
                       temperature: 0, greedy (req), max_tokens: 195 (req),
                       min_tokens: 195 (req)
15:45:59.308 INFO:     #303 chat/completions (stream): 259 tokens generated at
                       99.9 T/s · prompt 77 tokens, none cached, 77 new in 0.08
                       s · first token 0.09 s, total 2.68 s · draft 165/282
                       accepted (59%) · max_tokens reached
15:45:59.360 INFO:     #309 chat/completions (stream): 425 prompt tokens ·
                       temperature: 0, greedy (req), max_tokens: 28 (req),
                       min_tokens: 28 (req)
15:45:59.866 INFO:     #309 chat/completions (stream): 28 tokens generated at
                       131.4 T/s · prompt 425 tokens, none cached, 425 new in
                       0.22 s (1,932 T/s) · first token 0.23 s, total 0.44 s ·
                       draft 16/36 accepted (44%) · max_tokens reached
15:45:59.918 INFO:     #310 chat/completions (stream): 804 prompt tokens ·
                       temperature: 0, greedy (req), max_tokens: 15 (req),
                       min_tokens: 15 (req)
15:46:00.238 INFO:     #305 chat/completions (stream): 292 tokens generated at
                       104.4 T/s · prompt 136 tokens, none cached, 136 new in
                       0.11 s · first token 0.12 s, total 2.91 s · draft 190/306
                       accepted (62%) · max_tokens reached
15:46:00.282 INFO:     #311 chat/completions (stream): 614 prompt tokens ·
                       temperature: 0, greedy (req), max_tokens: 11 (req),
                       min_tokens: 11 (req)
15:46:00.547 INFO:     #310 chat/completions (stream): 15 tokens generated at
                       190.6 T/s · prompt 804 tokens, none cached, 804 new in
                       0.25 s (3,216 T/s) · first token 0.26 s, total 0.33 s ·
                       draft 10/15 accepted (67%) · max_tokens reached
15:46:00.598 INFO:     #312 chat/completions (stream): 289 prompt tokens ·
                       temperature: 0, greedy (req), max_tokens: 22 (req),
                       min_tokens: 22 (req)
15:46:00.807 INFO:     #311 chat/completions (stream): 11 tokens generated at
                       169.2 T/s · prompt 614 tokens, none cached, 614 new in
                       0.24 s (2,558 T/s) · first token 0.24 s, total 0.31 s ·
                       draft 7/12 accepted (58%) · max_tokens reached
15:46:00.857 INFO:     #313 chat/completions (stream): 63 prompt tokens ·
                       temperature: 0, greedy (req), max_tokens: 193 (req),
                       min_tokens: 193 (req)
15:46:00.993 INFO:     #312 chat/completions (stream): 22 tokens generated at
                       228.5 T/s · prompt 289 tokens, none cached, 289 new in
                       0.16 s (1,806 T/s) · first token 0.17 s, total 0.26 s ·
                       draft 16/18 accepted (89%) · max_tokens reached
15:46:01.044 INFO:     #314 chat/completions (stream): 225 prompt tokens ·
                       temperature: 0, greedy (req), max_tokens: 242 (req),
                       min_tokens: 242 (req)
15:46:01.511 INFO:     #308 chat/completions (stream): 195 tokens generated at
                       85.1 T/s · prompt 311 tokens, none cached, 311 new in
                       0.20 s (1,555 T/s) · first token 0.21 s, total 2.50 s ·
                       draft 121/222 accepted (55%) · max_tokens reached
15:46:01.563 INFO:     #315 chat/completions (stream): 70 prompt tokens ·
                       temperature: 0, greedy (req), max_tokens: 102 (req),
                       min_tokens: 102 (req)
15:46:02.313 INFO:     #315 chat/completions (stream): 102 tokens generated at
                       169.2 T/s · prompt 70 tokens, none cached, 70 new in 0.08
                       s · first token 0.09 s, total 0.69 s · draft 69/99
                       accepted (70%) · max_tokens reached
15:46:02.364 INFO:     #317 chat/completions (stream): 248 prompt tokens ·
                       temperature: 0, greedy (req), max_tokens: 8 (req),
                       min_tokens: 8 (req)
15:46:02.596 INFO:     #317 chat/completions (stream): 8 tokens generated at
                       149.7 T/s · prompt 248 tokens, none cached, 248 new in
                       0.11 s · first token 0.12 s, total 0.17 s · draft 5/9
                       accepted (56%) · max_tokens reached
15:46:02.641 INFO:     #318 chat/completions (stream): 91 prompt tokens ·
                       temperature: 0, greedy (req), max_tokens: 333 (req),
                       min_tokens: 333 (req)
15:46:02.761 INFO:     #313 chat/completions (stream): 193 tokens generated at
                       114.8 T/s · prompt 63 tokens, none cached, 63 new in 0.07
                       s · first token 0.07 s, total 1.76 s · draft 116/231
                       accepted (50%) · max_tokens reached
15:46:02.804 INFO:     #319 chat/completions (stream): 86 prompt tokens ·
                       temperature: 0, greedy (req), max_tokens: 334 (req),
                       min_tokens: 334 (req)
15:46:02.924 INFO:     #314 chat/completions (stream): 242 tokens generated at
                       149.1 T/s · prompt 225 tokens, none cached, 225 new in
                       0.10 s · first token 0.11 s, total 1.73 s · draft 167/225
                       accepted (74%) · max_tokens reached
15:46:02.973 INFO:     #320 chat/completions (stream): 322 prompt tokens ·
                       temperature: 0, greedy (req), max_tokens: 326 (req),
                       min_tokens: 326 (req)
15:46:03.227 INFO:     #306 chat/completions (stream): 435 tokens generated at
                       89.9 T/s · prompt 151 tokens, none cached, 151 new in
                       0.08 s · first token 0.09 s, total 4.92 s · draft 264/513
                       accepted (51%) · max_tokens reached
15:46:03.276 INFO:     #321 chat/completions (stream): 81 prompt tokens ·
                       temperature: 0, greedy (req), max_tokens: 353 (req),
                       min_tokens: 353 (req)
15:46:05.528 INFO:     #319 chat/completions (stream): 334 tokens generated at
                       129.9 T/s · prompt 86 tokens, none cached, 86 new in 0.08
                       s · first token 0.08 s, total 2.66 s · draft 207/381
                       accepted (54%) · max_tokens reached
15:46:05.571 INFO:     #322 chat/completions (stream): 218 prompt tokens ·
                       temperature: 0, greedy (req), max_tokens: 599 (req),
                       min_tokens: 599 (req)
15:46:05.707 INFO:     #318 chat/completions (stream): 333 tokens generated at
                       118.4 T/s · prompt 91 tokens, none cached, 91 new in 0.08
                       s · first token 0.08 s, total 2.90 s · draft 196/411
                       accepted (48%) · max_tokens reached
15:46:05.734 INFO:     #320 chat/completions (stream): 326 tokens generated at
                       136.4 T/s · prompt 322 tokens, none cached, 322 new in
                       0.20 s (1,610 T/s) · first token 0.20 s, total 2.59 s ·
                       draft 198/384 accepted (52%) · max_tokens reached
15:46:05.748 INFO:     #323 chat/completions (stream): 274 prompt tokens ·
                       temperature: 0, greedy (req), max_tokens: 94 (req),
                       min_tokens: 94 (req)
15:46:05.927 INFO:     #324 chat/completions (stream): 90 prompt tokens ·
                       temperature: 0, greedy (req), max_tokens: 1439 (req),
                       min_tokens: 1439 (req)
15:46:06.530 INFO:     #321 chat/completions (stream): 353 tokens generated at
                       113.7 T/s · prompt 81 tokens, none cached, 81 new in 0.08
                       s · first token 0.08 s, total 3.19 s · draft 200/459
                       accepted (44%) · max_tokens reached
15:46:06.573 INFO:     #325 chat/completions (stream): 322 prompt tokens ·
                       temperature: 0, greedy (req), max_tokens: 23 (req),
                       min_tokens: 23 (req)
15:46:06.706 INFO:     #323 chat/completions (stream): 94 tokens generated at
                       151.8 T/s · prompt 274 tokens, none cached, 274 new in
                       0.16 s (1,712 T/s) · first token 0.17 s, total 0.78 s ·
                       draft 65/87 accepted (75%) · max_tokens reached
15:46:06.830 INFO:     #326 chat/completions (stream): 628 prompt tokens ·
                       temperature: 0, greedy (req), max_tokens: 93 (req),
                       min_tokens: 93 (req)
15:46:07.216 INFO:     #325 chat/completions (stream): 23 tokens generated at
                       61.8 T/s · prompt 322 tokens, none cached, 322 new in
                       0.20 s (1,610 T/s) · first token 0.21 s, total 0.58 s ·
                       draft 15/24 accepted (62%) · max_tokens reached
15:46:07.265 INFO:     #327 chat/completions (stream): 73 prompt tokens ·
                       temperature: 0, greedy (req), max_tokens: 327 (req),
                       min_tokens: 327 (req)
15:46:07.855 INFO:     #326 chat/completions (stream): 93 tokens generated at
                       131.7 T/s · prompt 628 tokens, none cached, 628 new in
                       0.25 s (2,512 T/s) · first token 0.25 s, total 0.96 s ·
                       draft 57/108 accepted (53%) · max_tokens reached
15:46:07.905 INFO:     #328 chat/completions (stream): 90 prompt tokens ·
                       temperature: 0, greedy (req), max_tokens: 131 (req),
                       min_tokens: 131 (req)
15:46:08.800 INFO:     #328 chat/completions (stream): 131 tokens generated at
                       176.9 T/s · prompt 90 tokens, none cached, 90 new in 0.08
                       s · first token 0.09 s, total 0.83 s · draft 91/120
                       accepted (76%) · max_tokens reached
15:46:08.853 INFO:     #329 chat/completions (stream): 828 prompt tokens ·
                       temperature: 0, greedy (req), max_tokens: 39 (req),
                       min_tokens: 39 (req)
15:46:09.444 INFO:     #329 chat/completions (stream): 39 tokens generated at
                       155.3 T/s · prompt 828 tokens, none cached, 828 new in
                       0.25 s (3,312 T/s) · first token 0.26 s, total 0.51 s ·
                       draft 25/42 accepted (60%) · max_tokens reached
15:46:09.498 INFO:     #330 chat/completions (stream): 579 prompt tokens ·
                       temperature: 0, greedy (req), max_tokens: 213 (req),
                       min_tokens: 213 (req)
15:46:10.140 INFO:     #327 chat/completions (stream): 327 tokens generated at
                       119.8 T/s · prompt 73 tokens, none cached, 73 new in 0.08
                       s · first token 0.09 s, total 2.81 s · draft 206/363
                       accepted (57%) · max_tokens reached
15:46:10.189 INFO:     #331 chat/completions (stream): 57 prompt tokens ·
                       temperature: 0, greedy (req), max_tokens: 56 (req),
                       min_tokens: 56 (req)
15:46:10.778 INFO:     #331 chat/completions (stream): 56 tokens generated at
                       124.1 T/s · prompt 57 tokens, none cached, 57 new in 0.07
                       s · first token 0.08 s, total 0.53 s · draft 32/72
                       accepted (44%) · max_tokens reached
15:46:10.829 INFO:     #332 chat/completions (stream): 56 prompt tokens ·
                       temperature: 0, greedy (req), max_tokens: 277 (req),
                       min_tokens: 277 (req)
15:46:11.167 INFO:     #322 chat/completions (stream): 599 tokens generated at
                       110.5 T/s · prompt 218 tokens, none cached, 218 new in
                       0.10 s · first token 0.11 s, total 5.53 s · draft 375/672
                       accepted (56%) · max_tokens reached
15:46:11.219 INFO:     #333 chat/completions (stream): 196 prompt tokens ·
                       temperature: 0, greedy (req), max_tokens: 362 (req),
                       min_tokens: 362 (req)
15:46:11.673 INFO:     #330 chat/completions (stream): 213 tokens generated at
                       113.8 T/s · prompt 579 tokens, none cached, 579 new in
                       0.23 s (2,517 T/s) · first token 0.24 s, total 2.11 s ·
                       draft 123/270 accepted (46%) · max_tokens reached
15:46:11.725 INFO:     #334 chat/completions (stream): 81 prompt tokens ·
                       temperature: 0, greedy (req), max_tokens: 1003 (req),
                       min_tokens: 1003 (req)
15:46:13.002 INFO:     #332 chat/completions (stream): 277 tokens generated at
                       136.1 T/s · prompt 56 tokens, none cached, 56 new in 0.07
                       s · first token 0.08 s, total 2.11 s · draft 176/303
                       accepted (58%) · max_tokens reached
15:46:13.052 INFO:     #335 chat/completions (stream): 255 prompt tokens ·
                       temperature: 0, greedy (req), max_tokens: 819 (req),
                       min_tokens: 819 (req)
15:46:14.131 INFO:     #333 chat/completions (stream): 362 tokens generated at
                       132.0 T/s · prompt 196 tokens, none cached, 196 new in
                       0.10 s · first token 0.11 s, total 2.85 s · draft 223/417
                       accepted (53%) · max_tokens reached
15:46:14.183 INFO:     #336 chat/completions (stream): 891 prompt tokens ·
                       temperature: 0, greedy (req), max_tokens: 37 (req),
                       min_tokens: 37 (req)
15:46:14.748 INFO:     #336 chat/completions (stream): 37 tokens generated at
                       168.5 T/s · prompt 891 tokens, none cached, 891 new in
                       0.27 s (3,300 T/s) · first token 0.27 s, total 0.49 s ·
                       draft 25/36 accepted (69%) · max_tokens reached
15:46:14.800 INFO:     #337 chat/completions (stream): 442 prompt tokens ·
                       temperature: 0, greedy (req), max_tokens: 43 (req),
                       min_tokens: 43 (req)
15:46:15.456 INFO:     #337 chat/completions (stream): 43 tokens generated at
                       125.2 T/s · prompt 442 tokens, none cached, 442 new in
                       0.23 s (1,922 T/s) · first token 0.24 s, total 0.58 s ·
                       draft 24/57 accepted (42%) · max_tokens reached
15:46:15.505 INFO:     #338 chat/completions (stream): 63 prompt tokens ·
                       temperature: 0, greedy (req), max_tokens: 241 (req),
                       min_tokens: 241 (req)
15:46:17.002 INFO:     #324 chat/completions (stream): 1,439 tokens generated at
                       131.7 T/s · prompt 90 tokens, none cached, 90 new in 0.08
                       s · first token 0.08 s, total 11.0 s · draft 947/1476
                       accepted (64%) · max_tokens reached
15:46:17.053 INFO:     #340 chat/completions (stream): 155 prompt tokens ·
                       temperature: 0, greedy (req), max_tokens: 692 (req),
                       min_tokens: 692 (req)
15:46:17.572 INFO:     #338 chat/completions (stream): 241 tokens generated at
                       125.1 T/s · prompt 63 tokens, none cached, 63 new in 0.07
                       s · first token 0.08 s, total 2.00 s · draft 140/303
                       accepted (46%) · max_tokens reached
15:46:17.623 INFO:     #341 chat/completions (stream): 340 prompt tokens ·
                       temperature: 0, greedy (req), max_tokens: 14 (req),
                       min_tokens: 14 (req)
15:46:17.983 INFO:     #341 chat/completions (stream): 14 tokens generated at
                       195.8 T/s · prompt 340 tokens, none cached, 340 new in
                       0.22 s (1,545 T/s) · first token 0.23 s, total 0.30 s ·
                       draft 10/12 accepted (83%) · max_tokens reached
15:46:18.033 INFO:     #342 chat/completions (stream): 59 prompt tokens ·
                       temperature: 0, greedy (req), max_tokens: 35 (req),
                       min_tokens: 35 (req)
15:46:18.283 INFO:     #334 chat/completions (stream): 1,003 tokens generated at
                       156.6 T/s · prompt 81 tokens, none cached, 81 new in 0.08
                       s · first token 0.09 s, total 6.49 s · draft 706/891
                       accepted (79%) · max_tokens reached
15:46:18.334 INFO:     #343 chat/completions (stream): 71 prompt tokens ·
                       temperature: 0, greedy (req), max_tokens: 88 (req),
                       min_tokens: 88 (req)
15:46:18.487 INFO:     #342 chat/completions (stream): 35 tokens generated at
                       154.7 T/s · prompt 59 tokens, none cached, 59 new in 0.07
                       s · first token 0.08 s, total 0.30 s · draft 22/39
                       accepted (56%) · max_tokens reached
15:46:18.539 INFO:     #344 chat/completions (stream): 282 prompt tokens ·
                       temperature: 0, greedy (req), max_tokens: 6 (req),
                       min_tokens: 6 (req)
15:46:18.801 INFO:     #344 chat/completions (stream): 6 tokens generated at
                       162.8 T/s · prompt 282 tokens, none cached, 282 new in
                       0.16 s (1,762 T/s) · first token 0.16 s, total 0.20 s ·
                       draft 4/6 accepted (67%) · max_tokens reached
15:46:18.850 INFO:     #345 chat/completions (stream): 94 prompt tokens ·
                       temperature: 0, greedy (req), max_tokens: 262 (req),
                       min_tokens: 262 (req)
15:46:19.312 INFO:     #343 chat/completions (stream): 88 tokens generated at
                       105.6 T/s · prompt 71 tokens, none cached, 71 new in 0.07
                       s · first token 0.08 s, total 0.91 s · draft 54/102
                       accepted (53%) · max_tokens reached
15:46:19.373 INFO:     #346 chat/completions (stream): 491 prompt tokens ·
                       temperature: 0, greedy (req), max_tokens: 604 (req),
                       min_tokens: 604 (req)
15:46:19.874 INFO:     #335 chat/completions (stream): 819 tokens generated at
                       123.3 T/s · prompt 255 tokens, none cached, 255 new in
                       0.11 s · first token 0.12 s, total 6.75 s · draft 530/867
                       accepted (61%) · max_tokens reached
15:46:19.924 INFO:     #347 chat/completions (stream): 334 prompt tokens ·
                       temperature: 0, greedy (req), max_tokens: 28 (req),
                       min_tokens: 28 (req)
15:46:20.387 INFO:     #347 chat/completions (stream): 28 tokens generated at
                       157.3 T/s · prompt 334 tokens, none cached, 334 new in
                       0.21 s (1,590 T/s) · first token 0.21 s, total 0.39 s ·
                       draft 18/30 accepted (60%) · max_tokens reached
15:46:20.445 INFO:     #348 chat/completions (stream): 528 prompt tokens ·
                       temperature: 0, greedy (req), max_tokens: 15 (req),
                       min_tokens: 15 (req)
15:46:20.798 INFO:     #348 chat/completions (stream): 15 tokens generated at
                       141.0 T/s · prompt 528 tokens, none cached, 528 new in
                       0.18 s (2,933 T/s) · first token 0.19 s, total 0.29 s ·
                       draft 9/18 accepted (50%) · max_tokens reached
15:46:20.848 INFO:     #349 chat/completions (stream): 67 prompt tokens ·
                       temperature: 0, greedy (req), max_tokens: 318 (req),
                       min_tokens: 318 (req)
15:46:21.244 INFO:     #345 chat/completions (stream): 262 tokens generated at
                       117.1 T/s · prompt 94 tokens, none cached, 94 new in 0.09
                       s · first token 0.10 s, total 2.33 s · draft 173/267
                       accepted (65%) · max_tokens reached
15:46:21.293 INFO:     #350 chat/completions (stream): 416 prompt tokens ·
                       temperature: 0, greedy (req), max_tokens: 10 (req),
                       min_tokens: 10 (req)
15:46:21.653 INFO:     #350 chat/completions (stream): 10 tokens generated at
                       188.9 T/s · prompt 416 tokens, none cached, 416 new in
                       0.24 s (1,733 T/s) · first token 0.24 s, total 0.30 s ·
                       draft 7/9 accepted (78%) · max_tokens reached
15:46:21.703 INFO:     #351 chat/completions (stream): 118 prompt tokens ·
                       temperature: 0, greedy (req), max_tokens: 345 (req),
                       min_tokens: 345 (req)
15:46:23.633 INFO:     #340 chat/completions (stream): 692 tokens generated at
                       107.8 T/s · prompt 155 tokens, none cached, 155 new in
                       0.09 s · first token 0.10 s, total 6.51 s · draft 421/813
                       accepted (52%) · max_tokens reached
15:46:23.685 INFO:     #352 chat/completions (stream): 697 prompt tokens ·
                       temperature: 0, greedy (req), max_tokens: 1321 (req),
                       min_tokens: 1321 (req)
15:46:24.223 INFO:     #349 chat/completions (stream): 318 tokens generated at
                       98.6 T/s · prompt 67 tokens, none cached, 67 new in 0.07
                       s · first token 0.07 s, total 3.30 s · draft 171/441
                       accepted (39%) · max_tokens reached
15:46:24.282 INFO:     #353 chat/completions (stream): 683 prompt tokens ·
                       temperature: 0, greedy (req), max_tokens: 9 (req),
                       min_tokens: 9 (req)
15:46:24.658 INFO:     #351 chat/completions (stream): 345 tokens generated at
                       123.5 T/s · prompt 118 tokens, none cached, 118 new in
                       0.10 s · first token 0.11 s, total 2.90 s · draft 220/375
                       accepted (59%) · max_tokens reached
15:46:24.677 INFO:     #353 chat/completions (stream): 9 tokens generated at
                       162.2 T/s · prompt 683 tokens, none cached, 683 new in
                       0.27 s (2,530 T/s) · first token 0.28 s, total 0.33 s ·
                       draft 6/9 accepted (67%) · max_tokens reached
15:46:24.709 INFO:     #354 chat/completions (stream): 763 prompt tokens ·
                       temperature: 0, greedy (req), max_tokens: 35 (req),
                       min_tokens: 35 (req)
15:46:24.882 INFO:     #355 chat/completions (stream): 596 prompt tokens ·
                       temperature: 0, greedy (req), max_tokens: 11 (req),
                       min_tokens: 11 (req)
15:46:25.370 INFO:     #355 chat/completions (stream): 11 tokens generated at
                       158.6 T/s · prompt 596 tokens, none cached, 596 new in
                       0.24 s (2,483 T/s) · queued 0.12 s, first token 0.36 s,
                       total 0.43 s · draft 7/12 accepted (58%) · max_tokens
                       reached
15:46:25.419 INFO:     #356 chat/completions (stream): 67 prompt tokens ·
                       temperature: 0, greedy (req), max_tokens: 72 (req),
                       min_tokens: 72 (req)
15:46:25.562 INFO:     #354 chat/completions (stream): 35 tokens generated at
                       123.8 T/s · prompt 763 tokens, none cached, 763 new in
                       0.42 s (1,817 T/s) · first token 0.43 s, total 0.71 s ·
                       draft 23/36 accepted (64%) · max_tokens reached
15:46:25.613 INFO:     #357 chat/completions (stream): 266 prompt tokens ·
                       temperature: 0, greedy (req), max_tokens: 6 (req),
                       min_tokens: 6 (req)
15:46:25.864 INFO:     #357 chat/completions (stream): 6 tokens generated at
                       167.0 T/s · prompt 266 tokens, none cached, 266 new in
                       0.14 s (1,900 T/s) · first token 0.15 s, total 0.18 s ·
                       draft 4/6 accepted (67%) · max_tokens reached
15:46:25.915 INFO:     #358 chat/completions (stream): 104 prompt tokens ·
                       temperature: 0, greedy (req), max_tokens: 354 (req),
                       min_tokens: 354 (req)
15:46:26.112 INFO:     #346 chat/completions (stream): 604 tokens generated at
                       93.8 T/s · prompt 491 tokens, none cached, 491 new in
                       0.23 s (2,135 T/s) · first token 0.24 s, total 6.67 s ·
                       draft 358/738 accepted (49%) · max_tokens reached
15:46:26.162 INFO:     #359 chat/completions (stream): 65 prompt tokens ·
                       temperature: 0, greedy (req), max_tokens: 243 (req),
                       min_tokens: 243 (req)
15:46:26.319 INFO:     #356 chat/completions (stream): 72 tokens generated at
                       95.4 T/s · prompt 67 tokens, none cached, 67 new in 0.07
                       s · first token 0.08 s, total 0.83 s · draft 45/81
                       accepted (56%) · max_tokens reached
15:46:26.368 INFO:     #360 chat/completions (stream): 62 prompt tokens ·
                       temperature: 0, greedy (req), max_tokens: 242 (req),
                       min_tokens: 242 (req)
15:46:28.229 INFO:     #359 chat/completions (stream): 243 tokens generated at
                       126.0 T/s · prompt 65 tokens, none cached, 65 new in 0.07
                       s · first token 0.08 s, total 2.00 s · draft 140/309
                       accepted (45%) · max_tokens reached
15:46:28.278 INFO:     #361 chat/completions (stream): 74 prompt tokens ·
                       temperature: 0, greedy (req), max_tokens: 19 (req),
                       min_tokens: 19 (req)
15:46:28.532 INFO:     #360 chat/completions (stream): 242 tokens generated at
                       118.8 T/s · prompt 62 tokens, none cached, 62 new in 0.07
                       s · first token 0.07 s, total 2.11 s · draft 134/324
                       accepted (41%) · max_tokens reached
15:46:28.533 INFO:     #361 chat/completions (stream): 19 tokens generated at
                       160.2 T/s · prompt 74 tokens, none cached, 74 new in 0.08
                       s · first token 0.09 s, total 0.20 s · draft 13/18
                       accepted (72%) · max_tokens reached
15:46:28.576 INFO:     #362 chat/completions (stream): 386 prompt tokens ·
                       temperature: 0, greedy (req), max_tokens: 37 (req),
                       min_tokens: 37 (req)
15:46:28.579 INFO:     #363 chat/completions (stream): 871 prompt tokens ·
                       temperature: 0, greedy (req), max_tokens: 110 (req),
                       min_tokens: 110 (req)
15:46:29.344 INFO:     #362 chat/completions (stream): 37 tokens generated at
                       173.1 T/s · prompt 386 tokens, none cached, 386 new in
                       0.48 s (804 T/s) · first token 0.49 s, total 0.71 s ·
                       draft 25/36 accepted (69%) · max_tokens reached
15:46:29.395 INFO:     #364 chat/completions (stream): 365 prompt tokens ·
                       temperature: 0, greedy (req), max_tokens: 10 (req),
                       min_tokens: 10 (req)
15:46:29.695 INFO:     #358 chat/completions (stream): 354 tokens generated at
                       104.7 T/s · prompt 104 tokens, none cached, 104 new in
                       0.09 s · first token 0.10 s, total 3.48 s · draft 202/456
                       accepted (44%) · max_tokens reached
15:46:29.736 INFO:     #365 chat/completions (stream): 125 prompt tokens ·
                       temperature: 0, greedy (req), max_tokens: 236 (req),
                       min_tokens: 236 (req)
15:46:29.857 INFO:     #364 chat/completions (stream): 10 tokens generated at
                       214.0 T/s · prompt 365 tokens, none cached, 365 new in
                       0.25 s (1,460 T/s) · first token 0.26 s, total 0.30 s ·
                       draft 7/9 accepted (78%) · max_tokens reached
15:46:29.906 INFO:     #366 chat/completions (stream): 68 prompt tokens ·
                       temperature: 0, greedy (req), max_tokens: 212 (req),
                       min_tokens: 212 (req)
15:46:30.263 INFO:     #363 chat/completions (stream): 110 tokens generated at
                       97.1 T/s · prompt 871 tokens, none cached, 871 new in
                       0.36 s (2,419 T/s) · queued 0.13 s, first token 0.49 s,
                       total 1.62 s · draft 68/126 accepted (54%) · max_tokens
                       reached
15:46:30.314 INFO:     #367 chat/completions (stream): 604 prompt tokens ·
                       temperature: 0, greedy (req), max_tokens: 103 (req),
                       min_tokens: 103 (req)
15:46:31.355 INFO:     #367 chat/completions (stream): 103 tokens generated at
                       141.8 T/s · prompt 604 tokens, none cached, 604 new in
                       0.24 s (2,517 T/s) · first token 0.24 s, total 0.97 s ·
                       draft 63/120 accepted (52%) · max_tokens reached
15:46:31.406 INFO:     #368 chat/completions (stream): 62 prompt tokens ·
                       temperature: 0, greedy (req), max_tokens: 76 (req),
                       min_tokens: 76 (req)
15:46:31.616 INFO:     #365 chat/completions (stream): 236 tokens generated at
                       138.1 T/s · prompt 125 tokens, none cached, 125 new in
                       0.10 s · first token 0.10 s, total 1.81 s · draft 162/222
                       accepted (73%) · max_tokens reached
15:46:31.666 INFO:     #369 chat/completions (stream): 87 prompt tokens ·
                       temperature: 0, greedy (req), max_tokens: 22 (req),
                       min_tokens: 22 (req)
15:46:31.929 INFO:     #369 chat/completions (stream): 22 tokens generated at
                       201.3 T/s · prompt 87 tokens, none cached, 87 new in 0.08
                       s · first token 0.09 s, total 0.19 s · draft 16/18
                       accepted (89%) · max_tokens reached
15:46:31.978 INFO:     #370 chat/completions (stream): 62 prompt tokens ·
                       temperature: 0, greedy (req), max_tokens: 160 (req),
                       min_tokens: 160 (req)
15:46:32.135 INFO:     #366 chat/completions (stream): 212 tokens generated at
                       101.7 T/s · prompt 68 tokens, none cached, 68 new in 0.07
                       s · first token 0.07 s, total 2.16 s · draft 121/273
                       accepted (44%) · max_tokens reached
15:46:32.185 INFO:     #372 chat/completions (stream): 103 prompt tokens ·
                       temperature: 0, greedy (req), max_tokens: 483 (req),
                       min_tokens: 483 (req)
15:46:32.476 INFO:     #368 chat/completions (stream): 76 tokens generated at
                       83.5 T/s · prompt 62 tokens, none cached, 62 new in 0.08
                       s · first token 0.09 s, total 1.00 s · draft 38/114
                       accepted (33%) · max_tokens reached
15:46:32.526 INFO:     #373 chat/completions (stream): 58 prompt tokens ·
                       temperature: 0, greedy (req), max_tokens: 30 (req),
                       min_tokens: 30 (req)
15:46:32.843 INFO:     #373 chat/completions (stream): 30 tokens generated at
                       167.7 T/s · prompt 58 tokens, none cached, 58 new in 0.07
                       s · first token 0.08 s, total 0.25 s · draft 20/30
                       accepted (67%) · max_tokens reached
15:46:32.894 INFO:     #374 chat/completions (stream): 71 prompt tokens ·
                       temperature: 0, greedy (req), max_tokens: 68 (req),
                       min_tokens: 68 (req)
15:46:33.318 INFO:     #370 chat/completions (stream): 160 tokens generated at
                       133.1 T/s · prompt 62 tokens, none cached, 62 new in 0.07
                       s · first token 0.08 s, total 1.28 s · draft 105/165
                       accepted (64%) · max_tokens reached
15:46:33.370 INFO:     #375 chat/completions (stream): 828 prompt tokens ·
                       temperature: 0, greedy (req), max_tokens: 6 (req),
                       min_tokens: 6 (req)
15:46:33.716 INFO:     #375 chat/completions (stream): 6 tokens generated at
                       170.2 T/s · prompt 828 tokens, none cached, 828 new in
                       0.24 s (3,450 T/s) · first token 0.25 s, total 0.28 s ·
                       draft 4/6 accepted (67%) · max_tokens reached
15:46:33.757 INFO:     #376 chat/completions (stream): 93 prompt tokens ·
                       temperature: 0, greedy (req), max_tokens: 257 (req),
                       min_tokens: 257 (req)
15:46:33.758 INFO:     #374 chat/completions (stream): 68 tokens generated at
                       93.2 T/s · prompt 71 tokens, none cached, 71 new in 0.07
                       s · first token 0.07 s, total 0.80 s · draft 39/87
                       accepted (45%) · max_tokens reached
15:46:33.896 INFO:     #377 chat/completions (stream): 223 prompt tokens ·
                       temperature: 0, greedy (req), max_tokens: 96 (req),
                       min_tokens: 96 (req)
15:46:34.734 INFO:     #377 chat/completions (stream): 96 tokens generated at
                       144.3 T/s · prompt 223 tokens, none cached, 223 new in
                       0.10 s · first token 0.10 s, total 0.77 s · draft 60/108
                       accepted (56%) · max_tokens reached
15:46:34.786 INFO:     #378 chat/completions (stream): 542 prompt tokens ·
                       temperature: 0, greedy (req), max_tokens: 91 (req),
                       min_tokens: 91 (req)
15:46:35.772 INFO:     #378 chat/completions (stream): 91 tokens generated at
                       124.4 T/s · prompt 542 tokens, none cached, 542 new in
                       0.18 s (3,011 T/s) · first token 0.19 s, total 0.92 s ·
                       draft 50/123 accepted (41%) · max_tokens reached
15:46:35.817 INFO:     #379 chat/completions (stream): 99 prompt tokens ·
                       temperature: 0, greedy (req), max_tokens: 413 (req),
                       min_tokens: 413 (req)
15:46:35.943 INFO:     #352 chat/completions (stream): 1,321 tokens generated at
                       111.6 T/s · prompt 697 tokens, none cached, 697 new in
                       0.26 s (2,681 T/s) · first token 0.27 s, total 12.1 s ·
                       draft 845/1428 accepted (59%) · max_tokens reached
15:46:35.994 INFO:     #380 chat/completions (stream): 382 prompt tokens ·
                       temperature: 0, greedy (req), max_tokens: 794 (req),
                       min_tokens: 794 (req)
15:46:36.276 INFO:     #376 chat/completions (stream): 257 tokens generated at
                       119.8 T/s · prompt 93 tokens, none cached, 93 new in 0.08
                       s · first token 0.09 s, total 2.23 s · draft 157/300
                       accepted (52%) · max_tokens reached
15:46:36.325 INFO:     #381 chat/completions (stream): 470 prompt tokens ·
                       temperature: 0, greedy (req), max_tokens: 7 (req),
                       min_tokens: 7 (req)
15:46:36.663 INFO:     #381 chat/completions (stream): 7 tokens generated at
                       196.0 T/s · prompt 470 tokens, none cached, 470 new in
                       0.23 s (2,043 T/s) · first token 0.24 s, total 0.27 s ·
                       draft 5/6 accepted (83%) · max_tokens reached
15:46:36.711 INFO:     #382 chat/completions (stream): 74 prompt tokens ·
                       temperature: 0, greedy (req), max_tokens: 535 (req),
                       min_tokens: 535 (req)
15:46:37.176 INFO:     #372 chat/completions (stream): 483 tokens generated at
                       100.0 T/s · prompt 103 tokens, none cached, 103 new in
                       0.09 s · first token 0.10 s, total 4.92 s · draft 284/597
                       accepted (48%) · max_tokens reached
15:46:37.229 INFO:     #383 chat/completions (stream): 787 prompt tokens ·
                       temperature: 0, greedy (req), max_tokens: 9 (req),
                       min_tokens: 9 (req)
15:46:37.608 INFO:     #383 chat/completions (stream): 9 tokens generated at
                       168.9 T/s · prompt 787 tokens, none cached, 787 new in
                       0.26 s (3,027 T/s) · first token 0.27 s, total 0.32 s ·
                       draft 6/9 accepted (67%) · max_tokens reached
15:46:37.657 INFO:     #384 chat/completions (stream): 87 prompt tokens ·
                       temperature: 0, greedy (req), max_tokens: 696 (req),
                       min_tokens: 696 (req)
15:46:39.688 INFO:     #379 chat/completions (stream): 413 tokens generated at
                       111.3 T/s · prompt 99 tokens, none cached, 99 new in 0.09
                       s · first token 0.10 s, total 3.81 s · draft 253/480
                       accepted (53%) · max_tokens reached
15:46:39.739 INFO:     #385 chat/completions (stream): 307 prompt tokens ·
                       temperature: 0, greedy (req), max_tokens: 204 (req),
                       min_tokens: 204 (req)
15:46:41.361 INFO:     #385 chat/completions (stream): 204 tokens generated at
                       150.7 T/s · prompt 307 tokens, none cached, 307 new in
                       0.20 s (1,535 T/s) · first token 0.21 s, total 1.56 s ·
                       draft 131/219 accepted (60%) · max_tokens reached
15:46:41.402 INFO:     #386 chat/completions (stream): 68 prompt tokens ·
                       temperature: 0, greedy (req), max_tokens: 367 (req),
                       min_tokens: 367 (req)
15:46:41.403 INFO:     #382 chat/completions (stream): 535 tokens generated at
                       117.5 T/s · prompt 74 tokens, none cached, 74 new in 0.07
                       s · first token 0.08 s, total 4.63 s · draft 313/666
                       accepted (47%) · max_tokens reached
15:46:41.531 INFO:     #387 chat/completions (stream): 245 prompt tokens ·
                       temperature: 0, greedy (req), max_tokens: 9 (req),
                       min_tokens: 9 (req)
15:46:41.778 INFO:     #387 chat/completions (stream): 9 tokens generated at
                       126.5 T/s · prompt 245 tokens, none cached, 245 new in
                       0.11 s · first token 0.11 s, total 0.19 s · draft 5/12
                       accepted (42%) · max_tokens reached
15:46:41.827 INFO:     #388 chat/completions (stream): 330 prompt tokens ·
                       temperature: 0, greedy (req), max_tokens: 8 (req),
                       min_tokens: 8 (req)
15:46:42.180 INFO:     #388 chat/completions (stream): 8 tokens generated at
                       112.6 T/s · prompt 330 tokens, none cached, 330 new in
                       0.21 s (1,571 T/s) · first token 0.21 s, total 0.29 s ·
                       draft 4/12 accepted (33%) · max_tokens reached
15:46:42.230 INFO:     #389 chat/completions (stream): 64 prompt tokens ·
                       temperature: 0, greedy (req), max_tokens: 10 (req),
                       min_tokens: 10 (req)
15:46:42.421 INFO:     #389 chat/completions (stream): 10 tokens generated at
                       188.3 T/s · prompt 64 tokens, none cached, 64 new in 0.07
                       s · first token 0.08 s, total 0.13 s · draft 7/9 accepted
                       (78%) · max_tokens reached
15:46:42.473 INFO:     #390 chat/completions (stream): 436 prompt tokens ·
                       temperature: 0, greedy (req), max_tokens: 44 (req),
                       min_tokens: 44 (req)
15:46:42.844 INFO:     #380 chat/completions (stream): 794 tokens generated at
                       121.2 T/s · prompt 382 tokens, none cached, 382 new in
                       0.23 s (1,661 T/s) · first token 0.23 s, total 6.78 s ·
                       draft 511/849 accepted (60%) · max_tokens reached
15:46:42.895 INFO:     #391 chat/completions (stream): 435 prompt tokens ·
                       temperature: 0, greedy (req), max_tokens: 79 (req),
                       min_tokens: 79 (req)
15:46:43.304 INFO:     #390 chat/completions (stream): 44 tokens generated at
                       83.0 T/s · prompt 436 tokens, none cached, 436 new in
                       0.23 s (1,896 T/s) · first token 0.24 s, total 0.77 s ·
                       draft 26/54 accepted (48%) · max_tokens reached
15:46:43.355 INFO:     #392 chat/completions (stream): 94 prompt tokens ·
                       temperature: 0, greedy (req), max_tokens: 246 (req),
                       min_tokens: 246 (req)
15:46:43.728 INFO:     #391 chat/completions (stream): 79 tokens generated at
                       147.9 T/s · prompt 435 tokens, none cached, 435 new in
                       0.23 s (1,891 T/s) · first token 0.24 s, total 0.77 s ·
                       draft 54/75 accepted (72%) · max_tokens reached
15:46:43.778 INFO:     #393 chat/completions (stream): 63 prompt tokens ·
                       temperature: 0, greedy (req), max_tokens: 265 (req),
                       min_tokens: 265 (req)
15:46:44.448 INFO:     #384 chat/completions (stream): 696 tokens generated at
                       105.0 T/s · prompt 87 tokens, none cached, 87 new in 0.08
                       s · first token 0.09 s, total 6.72 s · draft 396/900
                       accepted (44%) · max_tokens reached
15:46:44.497 INFO:     #394 chat/completions (stream): 154 prompt tokens ·
                       temperature: 0, greedy (req), max_tokens: 385 (req),
                       min_tokens: 385 (req)
15:46:45.130 INFO:     #386 chat/completions (stream): 367 tokens generated at
                       102.3 T/s · prompt 68 tokens, none cached, 68 new in 0.07
                       s · first token 0.08 s, total 3.66 s · draft 223/432
                       accepted (52%) · max_tokens reached
15:46:45.180 INFO:     #395 chat/completions (stream): 61 prompt tokens ·
                       temperature: 0, greedy (req), max_tokens: 128 (req),
                       min_tokens: 128 (req)
15:46:45.438 INFO:     #392 chat/completions (stream): 246 tokens generated at
                       128.7 T/s · prompt 94 tokens, none cached, 94 new in 0.09
                       s · first token 0.10 s, total 2.01 s · draft 151/285
                       accepted (53%) · max_tokens reached
15:46:45.489 INFO:     #396 chat/completions (stream): 442 prompt tokens ·
                       temperature: 0, greedy (req), max_tokens: 153 (req),
                       min_tokens: 153 (req)
15:46:46.283 INFO:     #393 chat/completions (stream): 265 tokens generated at
                       112.0 T/s · prompt 63 tokens, none cached, 63 new in 0.07
                       s · first token 0.07 s, total 2.44 s · draft 153/336
                       accepted (46%) · max_tokens reached
15:46:46.331 INFO:     #397 chat/completions (stream): 116 prompt tokens ·
                       temperature: 0, greedy (req), max_tokens: 276 (req),
                       min_tokens: 276 (req)
15:46:46.478 INFO:     #395 chat/completions (stream): 128 tokens generated at
                       120.3 T/s · prompt 61 tokens, none cached, 61 new in 0.07
                       s · first token 0.08 s, total 1.14 s · draft 80/144
                       accepted (56%) · max_tokens reached
15:46:46.530 INFO:     #398 chat/completions (stream): 213 prompt tokens ·
                       temperature: 0, greedy (req), max_tokens: 7 (req),
                       min_tokens: 7 (req)
15:46:46.734 INFO:     #398 chat/completions (stream): 7 tokens generated at
                       193.1 T/s · prompt 213 tokens, none cached, 213 new in
                       0.10 s · first token 0.11 s, total 0.14 s · draft 5/6
                       accepted (83%) · max_tokens reached
15:46:46.784 INFO:     #399 chat/completions (stream): 62 prompt tokens ·
                       temperature: 0, greedy (req), max_tokens: 342 (req),
                       min_tokens: 342 (req)
15:46:47.137 INFO:     #396 chat/completions (stream): 153 tokens generated at
                       112.7 T/s · prompt 442 tokens, none cached, 442 new in
                       0.22 s (2,009 T/s) · first token 0.23 s, total 1.58 s ·
                       draft 91/186 accepted (49%) · max_tokens reached
15:46:47.188 INFO:     #401 chat/completions (stream): 457 prompt tokens ·
                       temperature: 0, greedy (req), max_tokens: 24 (req),
                       min_tokens: 24 (req)
15:46:47.631 INFO:     #401 chat/completions (stream): 24 tokens generated at
                       163.1 T/s · prompt 457 tokens, none cached, 457 new in
                       0.23 s (1,987 T/s) · first token 0.23 s, total 0.38 s ·
                       draft 16/24 accepted (67%) · max_tokens reached
15:46:47.684 INFO:     #402 chat/completions (stream): 145 prompt tokens ·
                       temperature: 0, greedy (req), max_tokens: 9 (req),
                       min_tokens: 9 (req)
15:46:47.908 INFO:     #402 chat/completions (stream): 9 tokens generated at
                       169.1 T/s · prompt 145 tokens, none cached, 145 new in
                       0.10 s · first token 0.11 s, total 0.16 s · draft 6/9
                       accepted (67%) · max_tokens reached
15:46:47.957 INFO:     #403 chat/completions (stream): 90 prompt tokens ·
                       temperature: 0, greedy (req), max_tokens: 196 (req),
                       min_tokens: 196 (req)
15:46:48.470 INFO:     #394 chat/completions (stream): 385 tokens generated at
                       101.2 T/s · prompt 154 tokens, none cached, 154 new in
                       0.09 s · first token 0.10 s, total 3.90 s · draft 223/486
                       accepted (46%) · max_tokens reached
15:46:48.521 INFO:     #404 chat/completions (stream): 73 prompt tokens ·
                       temperature: 0, greedy (req), max_tokens: 491 (req),
                       min_tokens: 491 (req)
15:46:48.978 INFO:     #397 chat/completions (stream): 276 tokens generated at
                       111.3 T/s · prompt 116 tokens, none cached, 116 new in
                       0.09 s · first token 0.10 s, total 2.57 s · draft 173/309
                       accepted (56%) · max_tokens reached
15:46:49.028 INFO:     #405 chat/completions (stream): 59 prompt tokens ·
                       temperature: 0, greedy (req), max_tokens: 169 (req),
                       min_tokens: 169 (req)
15:46:49.183 INFO:     #399 chat/completions (stream): 342 tokens generated at
                       151.3 T/s · prompt 62 tokens, none cached, 62 new in 0.07
                       s · first token 0.08 s, total 2.34 s · draft 246/288
                       accepted (85%) · max_tokens reached
15:46:49.235 INFO:     #406 chat/completions (stream): 566 prompt tokens ·
                       temperature: 0, greedy (req), max_tokens: 21 (req),
                       min_tokens: 21 (req)
15:46:49.676 INFO:     #406 chat/completions (stream): 21 tokens generated at
                       144.6 T/s · prompt 566 tokens, none cached, 566 new in
                       0.23 s (2,461 T/s) · first token 0.24 s, total 0.38 s ·
                       draft 13/24 accepted (54%) · max_tokens reached
15:46:49.728 INFO:     #407 chat/completions (stream): 179 prompt tokens ·
                       temperature: 0, greedy (req), max_tokens: 263 (req),
                       min_tokens: 263 (req)
15:46:50.056 INFO:     #403 chat/completions (stream): 196 tokens generated at
                       100.8 T/s · prompt 90 tokens, none cached, 90 new in 0.08
                       s · first token 0.08 s, total 2.03 s · draft 113/249
                       accepted (45%) · max_tokens reached
15:46:50.108 INFO:     #408 chat/completions (stream): 1,070 prompt tokens ·
                       temperature: 0, greedy (req), max_tokens: 168 (req),
                       min_tokens: 168 (req)
15:46:50.595 INFO:     #405 chat/completions (stream): 169 tokens generated at
                       118.1 T/s · prompt 59 tokens, none cached, 59 new in 0.07
                       s · first token 0.08 s, total 1.51 s · draft 120/147
                       accepted (82%) · max_tokens reached
15:46:50.645 INFO:     #409 chat/completions (stream): 225 prompt tokens ·
                       temperature: 0, greedy (req), max_tokens: 232 (req),
                       min_tokens: 232 (req)
15:46:51.664 INFO:     #408 chat/completions (stream): 168 tokens generated at
                       137.9 T/s · prompt 1,070 tokens, none cached, 1,070 new
                       in 0.27 s (3,963 T/s) · first token 0.27 s, total 1.49 s
                       · draft 106/186 accepted (57%) · max_tokens reached
15:46:51.715 INFO:     #410 chat/completions (stream): 489 prompt tokens ·
                       temperature: 0, greedy (req), max_tokens: 205 (req),
                       min_tokens: 205 (req)
15:46:52.237 INFO:     #407 chat/completions (stream): 263 tokens generated at
                       112.2 T/s · prompt 179 tokens, none cached, 179 new in
                       0.09 s · first token 0.10 s, total 2.44 s · draft 164/297
                       accepted (55%) · max_tokens reached
15:46:52.287 INFO:     #411 chat/completions (stream): 64 prompt tokens ·
                       temperature: 0, greedy (req), max_tokens: 66 (req),
                       min_tokens: 66 (req)
15:46:52.687 INFO:     #409 chat/completions (stream): 232 tokens generated at
                       124.5 T/s · prompt 225 tokens, none cached, 225 new in
                       0.11 s · first token 0.12 s, total 1.98 s · draft 144/264
                       accepted (55%) · max_tokens reached
15:46:52.737 INFO:     #412 chat/completions (stream): 113 prompt tokens ·
                       temperature: 0, greedy (req), max_tokens: 352 (req),
                       min_tokens: 352 (req)
15:46:52.957 INFO:     #411 chat/completions (stream): 66 tokens generated at
                       124.8 T/s · prompt 64 tokens, none cached, 64 new in 0.07
                       s · first token 0.08 s, total 0.60 s · draft 42/72
                       accepted (58%) · max_tokens reached
15:46:53.008 INFO:     #413 chat/completions (stream): 447 prompt tokens ·
                       temperature: 0, greedy (req), max_tokens: 792 (req),
                       min_tokens: 792 (req)
15:46:53.831 INFO:     #404 chat/completions (stream): 491 tokens generated at
                       94.8 T/s · prompt 73 tokens, none cached, 73 new in 0.07
                       s · first token 0.08 s, total 5.25 s · draft 276/645
                       accepted (43%) · max_tokens reached
15:46:53.831 INFO:     #410 chat/completions (stream): 205 tokens generated at
                       112.5 T/s · prompt 489 tokens, none cached, 489 new in
                       0.23 s (2,126 T/s) · first token 0.24 s, total 2.06 s ·
                       draft 125/240 accepted (52%) · max_tokens reached
15:46:53.873 INFO:     #414 chat/completions (stream): 397 prompt tokens ·
                       temperature: 0, greedy (req), max_tokens: 5 (req),
                       min_tokens: 5 (req)
15:46:53.875 INFO:     #415 chat/completions (stream): 64 prompt tokens ·
                       temperature: 0, greedy (req), max_tokens: 34 (req),
                       min_tokens: 34 (req)
15:46:54.286 INFO:     #414 chat/completions (stream): 5 tokens generated at
                       146.7 T/s · prompt 397 tokens, none cached, 397 new in
                       0.30 s (1,323 T/s) · first token 0.31 s, total 0.35 s ·
                       draft 3/6 accepted (50%) · max_tokens reached
15:46:54.337 INFO:     #416 chat/completions (stream): 746 prompt tokens ·
                       temperature: 0, greedy (req), max_tokens: 9 (req),
                       min_tokens: 9 (req)
15:46:54.673 INFO:     #415 chat/completions (stream): 34 tokens generated at
                       62.2 T/s · prompt 64 tokens, none cached, 64 new in 0.07
                       s · queued 0.12 s, first token 0.19 s, total 0.74 s ·
                       draft 22/36 accepted (61%) · max_tokens reached
15:46:54.700 INFO:     #416 chat/completions (stream): 9 tokens generated at
                       191.0 T/s · prompt 746 tokens, none cached, 746 new in
                       0.26 s (2,869 T/s) · first token 0.27 s, total 0.31 s ·
                       draft 6/9 accepted (67%) · max_tokens reached
15:46:54.714 INFO:     #417 chat/completions (stream): 123 prompt tokens ·
                       temperature: 0, greedy (req), max_tokens: 129 (req),
                       min_tokens: 129 (req)
15:46:54.849 INFO:     #418 chat/completions (stream): 159 prompt tokens ·
                       temperature: 0, greedy (req), max_tokens: 67 (req),
                       min_tokens: 67 (req)
15:46:55.395 INFO:     #418 chat/completions (stream): 67 tokens generated at
                       173.2 T/s · prompt 159 tokens, none cached, 159 new in
                       0.09 s · first token 0.09 s, total 0.48 s · draft 45/66
                       accepted (68%) · max_tokens reached
15:46:55.460 INFO:     #419 chat/completions (stream): 207 prompt tokens ·
                       temperature: 0, greedy (req), max_tokens: 123 (req),
                       min_tokens: 123 (req)
15:46:55.830 INFO:     #417 chat/completions (stream): 129 tokens generated at
                       136.0 T/s · prompt 123 tokens, none cached, 123 new in
                       0.10 s · first token 0.11 s, total 1.06 s · draft 87/126
                       accepted (69%) · max_tokens reached
15:46:55.882 INFO:     #420 chat/completions (stream): 516 prompt tokens ·
                       temperature: 0, greedy (req), max_tokens: 39 (req),
                       min_tokens: 39 (req)
15:46:56.366 INFO:     #420 chat/completions (stream): 39 tokens generated at
                       156.2 T/s · prompt 516 tokens, none cached, 516 new in
                       0.16 s (3,225 T/s) · first token 0.17 s, total 0.41 s ·
                       draft 25/42 accepted (60%) · max_tokens reached
15:46:56.418 INFO:     #421 chat/completions (stream): 726 prompt tokens ·
                       temperature: 0, greedy (req), max_tokens: 98 (req),
                       min_tokens: 98 (req)
15:46:56.802 INFO:     #412 chat/completions (stream): 352 tokens generated at
                       90.3 T/s · prompt 113 tokens, none cached, 113 new in
                       0.09 s · first token 0.10 s, total 3.99 s · draft 211/423
                       accepted (50%) · max_tokens reached
15:46:56.853 INFO:     #422 chat/completions (stream): 536 prompt tokens ·
                       temperature: 0, greedy (req), max_tokens: 8 (req),
                       min_tokens: 8 (req)
15:46:57.095 INFO:     #419 chat/completions (stream): 123 tokens generated at
                       85.2 T/s · prompt 207 tokens, none cached, 207 new in
                       0.10 s · first token 0.11 s, total 1.55 s · draft 71/156
                       accepted (46%) · max_tokens reached
15:46:57.135 INFO:     #423 chat/completions (stream): 102 prompt tokens ·
                       temperature: 0, greedy (req), max_tokens: 222 (req),
                       min_tokens: 222 (req)
15:46:57.135 INFO:     #422 chat/completions (stream): 8 tokens generated at
                       171.9 T/s · prompt 536 tokens, none cached, 536 new in
                       0.18 s (2,978 T/s) · first token 0.18 s, total 0.23 s ·
                       draft 5/9 accepted (56%) · max_tokens reached
15:46:57.280 INFO:     #424 chat/completions (stream): 67 prompt tokens ·
                       temperature: 0, greedy (req), max_tokens: 425 (req),
                       min_tokens: 425 (req)
15:46:57.740 INFO:     #421 chat/completions (stream): 98 tokens generated at
                       99.0 T/s · prompt 726 tokens, none cached, 726 new in
                       0.26 s (2,792 T/s) · first token 0.27 s, total 1.26 s ·
                       draft 60/114 accepted (53%) · max_tokens reached
15:46:57.792 INFO:     #425 chat/completions (stream): 677 prompt tokens ·
                       temperature: 0, greedy (req), max_tokens: 420 (req),
                       min_tokens: 420 (req)
15:46:58.920 INFO:     #423 chat/completions (stream): 222 tokens generated at
                       136.7 T/s · prompt 102 tokens, none cached, 102 new in
                       0.09 s · first token 0.10 s, total 1.72 s · draft 149/219
                       accepted (68%) · max_tokens reached
15:47:00.115 INFO:     #413 chat/completions (stream): 792 tokens generated at
                       116.1 T/s · prompt 447 tokens, none cached, 447 new in
                       0.23 s (1,943 T/s) · first token 0.24 s, total 7.06 s ·
                       draft 498/882 accepted (56%) · max_tokens reached
15:47:00.405 INFO:     #425 chat/completions (stream): 420 tokens generated at
                       179.6 T/s · prompt 677 tokens, none cached, 677 new in
                       0.24 s (2,821 T/s) · first token 0.25 s, total 2.58 s ·
                       draft 274/438 accepted (63%) · max_tokens reached
15:47:00.406 INFO:     #424 chat/completions (stream): 425 tokens generated at
                       139.7 T/s · prompt 67 tokens, none cached, 67 new in 0.07
                       s · first token 0.07 s, total 3.12 s · draft 252/519
                       accepted (49%) · max_tokens reached
