16:31:58.444 INFO:     Sampler preset "qwen38_thinking": temperature 0.6, top_k
                       20, top_p 0.95
16:31:58.447 INFO:     exllamav3 version: 1.5.2
16:31:59.769 INFO:     Using main model MTP component for drafting
16:31:59.792 INFO:     Context: max_seq_len 262,144 tokens (configured),
                       cache_size 901,120 tokens
16:31:59.841 INFO:     Using tool format: qwen3_coder
16:31:59.841 INFO:     Using template "chat_template" for chat completions.
16:32:02.053 INFO:     Loading model
                       /models/qwen3.8-flash-next-exl3-2.50bpw-r0b0tlab (manual
                       GPU split)
Loading vision modules ━━━━━━━━━━━━━━━━━━━━━━━━━━━━━━━━━━━━━━ 100% 30/30 0:00:00
Loading draft modules  ━━━━━━━━━━━━━━━━━━━━━━━━━━━━━━━━━━━━━━ 100% 3/3   0:00:00
Loading model modules  ━━━━━━━━━━━━━━━━━━━━━━━━━━━━━━━━━━━━━━ 100% 53/53 0:00:00
EXL3_EMBED_GPU_PRUNED=1: embedding mirror 65536 of 248320 rows (320.0 MiB, prefix) on cuda:1
16:32:12.952 INFO:     Model loaded in 13.1 s

16:32:12.952 WARNING:  Disabling authentication makes your instance vulnerable.
                       Set the `disable_auth` flag to False in config.yml if you
                       want to share this instance with others.
16:32:12.953 WARNING:  With authentication disabled and `allowed_origins` left
                       at ["*"], any website open in a browser on this machine
                       can send requests to this instance and read the
                       responses, including admin endpoints. Set
                       `network.allowed_origins` to your own frontends (or [])
                       unless you use a browser-based frontend that needs it.
16:32:12.953 INFO:     Serving OAI API on http://0.0.0.0:8022 (docs at
                       http://0.0.0.0:8022/redoc)
16:32:13.377 INFO:     #3 completions: 3 prompt tokens · temperature: 0, greedy
                       (req), max_tokens: 16 (req)
densegemm lcguard: device 1: dense calls on the QSA side branch use the side scratch (hctr upper half, side slots)
densegemm lcguard: device 0: dense calls on the QSA side branch use the side scratch (hctr upper half, side slots)
16:32:13.763 INFO:     #3 completions: 16 tokens generated at 96.6 T/s · prompt
                       3 tokens, none cached, 3 new in 0.21 s · first token 0.22
                       s, total 0.38 s · draft 7/27 accepted (26%) · max_tokens
                       reached
16:32:14.162 INFO:     #5 chat/completions: 74 prompt tokens · temperature: 0,
                       greedy (req), max_tokens: 64 (req), min_tokens: 64 (req)
16:32:14.164 INFO:     #6 chat/completions: 74 prompt tokens · temperature: 0,
                       greedy (req), max_tokens: 64 (req), min_tokens: 64 (req)
16:32:14.165 INFO:     #7 chat/completions: 74 prompt tokens · temperature: 0,
                       greedy (req), max_tokens: 64 (req), min_tokens: 64 (req)
16:32:14.483 INFO:     #8 chat/completions: 74 prompt tokens · temperature: 0,
                       greedy (req), max_tokens: 64 (req), min_tokens: 64 (req)
16:32:14.585 INFO:     #9 chat/completions: 74 prompt tokens · temperature: 0,
                       greedy (req), max_tokens: 64 (req), min_tokens: 64 (req)
16:32:14.687 INFO:     #10 chat/completions: 74 prompt tokens · temperature: 0,
                       greedy (req), max_tokens: 64 (req), min_tokens: 64 (req)
16:32:14.791 INFO:     #11 chat/completions: 74 prompt tokens · temperature: 0,
                       greedy (req), max_tokens: 64 (req), min_tokens: 64 (req)
16:32:14.894 INFO:     #12 chat/completions: 74 prompt tokens · temperature: 0,
                       greedy (req), max_tokens: 64 (req), min_tokens: 64 (req)
16:32:15.476 INFO:     #5 chat/completions: 64 tokens generated at 69.0 T/s ·
                       prompt 74 tokens, none cached, 74 new in 0.28 s · first
                       token 0.30 s, total 1.22 s · draft 39/52 accepted (75%) ·
                       max_tokens reached
16:32:15.476 INFO:     #6 chat/completions: 64 tokens generated at 69.0 T/s ·
                       prompt 74 tokens, none cached, 74 new in 0.16 s · queued
                       0.14 s, first token 0.30 s, total 1.23 s · draft 39/52
                       accepted (75%) · max_tokens reached
16:32:15.477 INFO:     #7 chat/completions: 64 tokens generated at 69.0 T/s ·
                       prompt 74 tokens, none cached, 74 new in 0.08 s · queued
                       0.22 s, first token 0.30 s, total 1.22 s · draft 39/52
                       accepted (75%) · max_tokens reached
16:32:15.478 INFO:     #8 chat/completions: 64 tokens generated at 72.3 T/s ·
                       prompt 74 tokens, none cached, 74 new in 0.08 s · first
                       token 0.09 s, total 0.97 s · draft 37/55 accepted (67%) ·
                       max_tokens reached
16:32:15.479 INFO:     #10 chat/completions: 64 tokens generated at 93.5 T/s ·
                       prompt 74 tokens, none cached, 74 new in 0.08 s · first
                       token 0.09 s, total 0.77 s · draft 39/50 accepted (78%) ·
                       max_tokens reached
16:32:15.480 INFO:     #9 chat/completions: 64 tokens generated at 79.3 T/s ·
                       prompt 74 tokens, none cached, 74 new in 0.08 s · first
                       token 0.08 s, total 0.89 s · draft 37/55 accepted (67%) ·
                       max_tokens reached
16:32:15.480 INFO:     #11 chat/completions: 64 tokens generated at 106.5 T/s ·
                       prompt 74 tokens, none cached, 74 new in 0.08 s · first
                       token 0.09 s, total 0.69 s · draft 39/51 accepted (76%) ·
                       max_tokens reached
16:32:15.481 INFO:     #12 chat/completions: 64 tokens generated at 128.5 T/s ·
                       prompt 74 tokens, none cached, 74 new in 0.08 s · first
                       token 0.08 s, total 0.58 s · draft 40/49 accepted (82%) ·
                       max_tokens reached
16:32:29.125 INFO:     #16 chat/completions (stream): 737 prompt tokens ·
                       temperature: 0, greedy (req), max_tokens: 49 (req),
                       min_tokens: 49 (req)
16:32:29.312 INFO:     #17 chat/completions (stream): 927 prompt tokens ·
                       temperature: 0, greedy (req), max_tokens: 165 (req),
                       min_tokens: 165 (req)
16:32:29.665 INFO:     #18 chat/completions (stream): 133 prompt tokens ·
                       temperature: 0, greedy (req), max_tokens: 188 (req),
                       min_tokens: 188 (req)
16:32:29.905 INFO:     #19 chat/completions (stream): 291 prompt tokens ·
                       temperature: 0, greedy (req), max_tokens: 400 (req),
                       min_tokens: 400 (req)
16:32:30.061 INFO:     #20 chat/completions (stream): 343 prompt tokens ·
                       temperature: 0, greedy (req), max_tokens: 41 (req),
                       min_tokens: 41 (req)
16:32:30.283 INFO:     #21 chat/completions (stream): 57 prompt tokens ·
                       temperature: 0, greedy (req), max_tokens: 275 (req),
                       min_tokens: 275 (req)
16:32:30.469 INFO:     #22 chat/completions (stream): 234 prompt tokens ·
                       temperature: 0, greedy (req), max_tokens: 536 (req),
                       min_tokens: 536 (req)
16:32:30.612 INFO:     #23 chat/completions (stream): 218 prompt tokens ·
                       temperature: 0, greedy (req), max_tokens: 783 (req),
                       min_tokens: 783 (req)
16:32:31.164 INFO:     #16 chat/completions (stream): 49 tokens generated at
                       34.6 T/s · prompt 737 tokens, none cached, 737 new in
                       0.52 s (1,417 T/s) · first token 0.53 s, total 1.94 s ·
                       draft 28/46 accepted (61%) · max_tokens reached
16:32:31.230 INFO:     #24 chat/completions (stream): 75 prompt tokens ·
                       temperature: 0, greedy (req), max_tokens: 234 (req),
                       min_tokens: 234 (req)
16:32:31.334 INFO:     #20 chat/completions (stream): 41 tokens generated at
                       57.0 T/s · prompt 343 tokens, none cached, 343 new in
                       0.31 s (1,106 T/s) · first token 0.38 s, total 1.10 s ·
                       draft 20/42 accepted (48%) · max_tokens reached
16:32:31.407 INFO:     #25 chat/completions (stream): 256 prompt tokens ·
                       temperature: 0, greedy (req), max_tokens: 85 (req),
                       min_tokens: 85 (req)
16:32:32.390 INFO:     #25 chat/completions (stream): 85 tokens generated at
                       113.5 T/s · prompt 256 tokens, none cached, 256 new in
                       0.13 s (1,969 T/s) · first token 0.13 s, total 0.88 s ·
                       draft 55/60 accepted (92%) · max_tokens reached
16:32:32.472 INFO:     #27 chat/completions (stream): 292 prompt tokens ·
                       temperature: 0, greedy (req), max_tokens: 46 (req),
                       min_tokens: 46 (req)
16:32:32.730 INFO:     #17 chat/completions (stream): 165 tokens generated at
                       64.5 T/s · prompt 927 tokens, none cached, 927 new in
                       0.45 s (2,060 T/s) · queued 0.13 s, first token 0.58 s,
                       total 3.14 s · draft 98/137 accepted (72%) · max_tokens
                       reached
16:32:32.803 INFO:     #28 chat/completions (stream): 68 prompt tokens ·
                       temperature: 0, greedy (req), max_tokens: 335 (req),
                       min_tokens: 335 (req)
16:32:33.003 INFO:     #18 chat/completions (stream): 188 tokens generated at
                       62.3 T/s · prompt 133 tokens, none cached, 133 new in
                       0.11 s · queued 0.12 s, first token 0.23 s, total 3.24 s
                       · draft 113/153 accepted (74%) · max_tokens reached
16:32:33.073 INFO:     #29 chat/completions (stream): 183 prompt tokens ·
                       temperature: 0, greedy (req), max_tokens: 818 (req),
                       min_tokens: 818 (req)
16:32:33.454 INFO:     #27 chat/completions (stream): 46 tokens generated at
                       69.9 T/s · prompt 292 tokens, none cached, 292 new in
                       0.20 s (1,460 T/s) · first token 0.21 s, total 0.86 s ·
                       draft 26/40 accepted (65%) · max_tokens reached
16:32:33.527 INFO:     #30 chat/completions (stream): 608 prompt tokens ·
                       temperature: 0, greedy (req), max_tokens: 12 (req),
                       min_tokens: 12 (req)
16:32:33.983 INFO:     #30 chat/completions (stream): 12 tokens generated at
                       122.6 T/s · prompt 608 tokens, none cached, 608 new in
                       0.26 s (2,338 T/s) · first token 0.27 s, total 0.36 s ·
                       draft 8/8 accepted (100%) · max_tokens reached
16:32:34.057 INFO:     #31 chat/completions (stream): 423 prompt tokens ·
                       temperature: 0, greedy (req), max_tokens: 72 (req),
                       min_tokens: 72 (req)
16:32:34.650 INFO:     #21 chat/completions (stream): 275 tokens generated at
                       66.9 T/s · prompt 57 tokens, none cached, 57 new in 0.07
                       s · first token 0.16 s, total 4.27 s · draft 160/230
                       accepted (70%) · max_tokens reached
16:32:34.718 INFO:     #32 chat/completions (stream): 414 prompt tokens ·
                       temperature: 0, greedy (req), max_tokens: 8 (req),
                       min_tokens: 8 (req)
16:32:34.718 INFO:     #24 chat/completions (stream): 234 tokens generated at
                       70.6 T/s · prompt 75 tokens, none cached, 75 new in 0.08
                       s · first token 0.08 s, total 3.40 s · draft 140/188
                       accepted (74%) · max_tokens reached
16:32:35.019 INFO:     #33 chat/completions (stream): 69 prompt tokens ·
                       temperature: 0, greedy (req), max_tokens: 58 (req),
                       min_tokens: 58 (req)
16:32:35.212 INFO:     #32 chat/completions (stream): 8 tokens generated at 53.6
                       T/s · prompt 414 tokens, none cached, 414 new in 0.25 s
                       (1,656 T/s) · first token 0.26 s, total 0.41 s · draft
                       5/6 accepted (83%) · max_tokens reached
16:32:35.283 INFO:     #34 chat/completions (stream): 352 prompt tokens ·
                       temperature: 0, greedy (req), max_tokens: 38 (req),
                       min_tokens: 38 (req)
16:32:35.777 INFO:     #31 chat/completions (stream): 72 tokens generated at
                       52.4 T/s · prompt 423 tokens, none cached, 423 new in
                       0.24 s (1,762 T/s) · first token 0.24 s, total 1.62 s ·
                       draft 38/68 accepted (56%) · max_tokens reached
16:32:35.849 INFO:     #35 chat/completions (stream): 58 prompt tokens ·
                       temperature: 0, greedy (req), max_tokens: 306 (req),
                       min_tokens: 306 (req)
16:32:36.080 INFO:     #34 chat/completions (stream): 38 tokens generated at
                       83.5 T/s · prompt 352 tokens, none cached, 352 new in
                       0.25 s (1,408 T/s) · first token 0.25 s, total 0.71 s ·
                       draft 22/32 accepted (69%) · max_tokens reached
16:32:36.103 INFO:     #33 chat/completions (stream): 58 tokens generated at
                       63.2 T/s · prompt 69 tokens, none cached, 69 new in 0.07
                       s · first token 0.07 s, total 0.99 s · draft 32/52
                       accepted (62%) · max_tokens reached
16:32:36.148 INFO:     #36 chat/completions (stream): 63 prompt tokens ·
                       temperature: 0, greedy (req), max_tokens: 286 (req),
                       min_tokens: 286 (req)
16:32:36.243 INFO:     #37 chat/completions (stream): 498 prompt tokens ·
                       temperature: 0, greedy (req), max_tokens: 30 (req),
                       min_tokens: 30 (req)
16:32:36.580 INFO:     #19 chat/completions (stream): 400 tokens generated at
                       67.9 T/s · prompt 291 tokens, none cached, 291 new in
                       0.35 s (831 T/s) · first token 0.36 s, total 6.24 s ·
                       draft 242/317 accepted (76%) · max_tokens reached
16:32:36.652 INFO:     #38 chat/completions (stream): 235 prompt tokens ·
                       temperature: 0, greedy (req), max_tokens: 47 (req),
                       min_tokens: 47 (req)
16:32:37.036 INFO:     #37 chat/completions (stream): 30 tokens generated at
                       74.0 T/s · prompt 498 tokens, none cached, 498 new in
                       0.29 s (1,717 T/s) · first token 0.29 s, total 0.70 s ·
                       draft 18/24 accepted (75%) · max_tokens reached
16:32:37.109 INFO:     #39 chat/completions (stream): 927 prompt tokens ·
                       temperature: 0, greedy (req), max_tokens: 333 (req),
                       min_tokens: 333 (req)
16:32:37.695 INFO:     #38 chat/completions (stream): 47 tokens generated at
                       56.3 T/s · prompt 235 tokens, none cached, 235 new in
                       0.11 s · first token 0.11 s, total 0.95 s · draft 25/44
                       accepted (57%) · max_tokens reached
16:32:37.768 INFO:     #40 chat/completions (stream): 303 prompt tokens ·
                       temperature: 0, greedy (req), max_tokens: 89 (req),
                       min_tokens: 89 (req)
16:32:39.067 INFO:     #40 chat/completions (stream): 89 tokens generated at
                       89.6 T/s · prompt 303 tokens, none cached, 303 new in
                       0.22 s (1,377 T/s) · first token 0.23 s, total 1.22 s ·
                       draft 50/78 accepted (64%) · max_tokens reached
16:32:39.087 INFO:     #22 chat/completions (stream): 536 tokens generated at
                       63.7 T/s · prompt 234 tokens, none cached, 234 new in
                       0.11 s · first token 0.12 s, total 8.53 s · draft 303/466
                       accepted (65%) · max_tokens reached
16:32:39.106 INFO:     #28 chat/completions (stream): 335 tokens generated at
                       54.5 T/s · prompt 68 tokens, none cached, 68 new in 0.08
                       s · first token 0.08 s, total 6.23 s · draft 171/328
                       accepted (52%) · max_tokens reached
16:32:39.126 INFO:     #41 chat/completions (stream): 413 prompt tokens ·
                       temperature: 0, greedy (req), max_tokens: 8 (req),
                       min_tokens: 8 (req)
16:32:39.276 INFO:     #42 chat/completions (stream): 206 prompt tokens ·
                       temperature: 0, greedy (req), max_tokens: 271 (req),
                       min_tokens: 271 (req)
16:32:39.507 INFO:     #43 chat/completions (stream): 180 prompt tokens ·
                       temperature: 0, greedy (req), max_tokens: 20 (req),
                       min_tokens: 20 (req)
16:32:39.748 INFO:     #41 chat/completions (stream): 8 tokens generated at 45.8
                       T/s · prompt 413 tokens, none cached, 413 new in 0.35 s
                       (1,180 T/s) · first token 0.36 s, total 0.53 s · draft
                       5/6 accepted (83%) · max_tokens reached
16:32:39.820 INFO:     #44 chat/completions (stream): 509 prompt tokens ·
                       temperature: 0, greedy (req), max_tokens: 22 (req),
                       min_tokens: 22 (req)
16:32:40.139 INFO:     #43 chat/completions (stream): 20 tokens generated at
                       107.8 T/s · prompt 180 tokens, none cached, 180 new in
                       0.10 s · first token 0.11 s, total 0.29 s · draft 12/16
                       accepted (75%) · max_tokens reached
16:32:40.212 INFO:     #45 chat/completions (stream): 330 prompt tokens ·
                       temperature: 0, greedy (req), max_tokens: 19 (req),
                       min_tokens: 19 (req)
16:32:40.594 INFO:     #44 chat/completions (stream): 22 tokens generated at
                       54.1 T/s · prompt 509 tokens, none cached, 509 new in
                       0.27 s (1,885 T/s) · first token 0.27 s, total 0.68 s ·
                       draft 14/16 accepted (88%) · max_tokens reached
16:32:40.666 INFO:     #46 chat/completions (stream): 386 prompt tokens ·
                       temperature: 0, greedy (req), max_tokens: 26 (req),
                       min_tokens: 26 (req)
16:32:40.970 INFO:     #45 chat/completions (stream): 19 tokens generated at
                       98.6 T/s · prompt 330 tokens, none cached, 330 new in
                       0.23 s (1,435 T/s) · first token 0.23 s, total 0.43 s ·
                       draft 11/16 accepted (69%) · max_tokens reached
16:32:41.044 INFO:     #47 chat/completions (stream): 100 prompt tokens ·
                       temperature: 0, greedy (req), max_tokens: 136 (req),
                       min_tokens: 136 (req)
16:32:41.305 INFO:     #36 chat/completions (stream): 286 tokens generated at
                       57.3 T/s · prompt 63 tokens, none cached, 63 new in 0.07
                       s · first token 0.07 s, total 5.07 s · draft 167/238
                       accepted (70%) · max_tokens reached
16:32:41.370 INFO:     #48 chat/completions (stream): 76 prompt tokens ·
                       temperature: 0, greedy (req), max_tokens: 401 (req),
                       min_tokens: 401 (req)
16:32:41.477 INFO:     #46 chat/completions (stream): 26 tokens generated at
                       68.4 T/s · prompt 386 tokens, none cached, 386 new in
                       0.25 s (1,544 T/s) · first token 0.26 s, total 0.64 s ·
                       draft 14/24 accepted (58%) · max_tokens reached
16:32:41.549 INFO:     #49 chat/completions (stream): 62 prompt tokens ·
                       temperature: 0, greedy (req), max_tokens: 155 (req),
                       min_tokens: 155 (req)
16:32:41.911 INFO:     #35 chat/completions (stream): 306 tokens generated at
                       51.9 T/s · prompt 58 tokens, none cached, 58 new in 0.07
                       s · first token 0.08 s, total 5.97 s · draft 158/296
                       accepted (53%) · max_tokens reached
16:32:41.982 INFO:     #50 chat/completions (stream): 73 prompt tokens ·
                       temperature: 0, greedy (req), max_tokens: 222 (req),
                       min_tokens: 222 (req)
16:32:42.827 INFO:     #47 chat/completions (stream): 136 tokens generated at
                       85.5 T/s · prompt 100 tokens, none cached, 100 new in
                       0.09 s · first token 0.09 s, total 1.69 s · draft 81/110
                       accepted (74%) · max_tokens reached
16:32:42.899 INFO:     #51 chat/completions (stream): 194 prompt tokens ·
                       temperature: 0, greedy (req), max_tokens: 201 (req),
                       min_tokens: 201 (req)
16:32:43.077 INFO:     #39 chat/completions (stream): 333 tokens generated at
                       61.2 T/s · prompt 927 tokens, none cached, 927 new in
                       0.32 s (2,897 T/s) · first token 0.33 s, total 5.77 s ·
                       draft 178/310 accepted (57%) · max_tokens reached
16:32:43.151 INFO:     #52 chat/completions (stream): 656 prompt tokens ·
                       temperature: 0, greedy (req), max_tokens: 595 (req),
                       min_tokens: 595 (req)
16:32:43.785 INFO:     #49 chat/completions (stream): 155 tokens generated at
                       74.7 T/s · prompt 62 tokens, none cached, 62 new in 0.07
                       s · first token 0.07 s, total 2.15 s · draft 90/130
                       accepted (69%) · max_tokens reached
16:32:43.842 INFO:     #53 chat/completions (stream): 73 prompt tokens ·
                       temperature: 0, greedy (req), max_tokens: 664 (req),
                       min_tokens: 664 (req)
16:32:43.843 INFO:     #23 chat/completions (stream): 783 tokens generated at
                       60.0 T/s · prompt 218 tokens, none cached, 218 new in
                       0.11 s · first token 0.12 s, total 13.2 s · draft 430/706
                       accepted (61%) · max_tokens reached
16:32:43.844 INFO:     #42 chat/completions (stream): 271 tokens generated at
                       63.3 T/s · prompt 206 tokens, none cached, 206 new in
                       0.11 s · queued 0.10 s, first token 0.21 s, total 4.49 s
                       · draft 157/228 accepted (69%) · max_tokens reached
16:32:43.992 INFO:     #54 chat/completions (stream): 85 prompt tokens ·
                       temperature: 0, greedy (req), max_tokens: 50 (req),
                       min_tokens: 50 (req)
16:32:43.994 INFO:     #55 chat/completions (stream): 75 prompt tokens ·
                       temperature: 0, greedy (req), max_tokens: 202 (req),
                       min_tokens: 202 (req)
16:32:44.698 INFO:     #54 chat/completions (stream): 50 tokens generated at
                       113.3 T/s · prompt 85 tokens, none cached, 85 new in 0.16
                       s · first token 0.17 s, total 0.61 s · draft 33/34
                       accepted (97%) · max_tokens reached
16:32:44.769 INFO:     #56 chat/completions (stream): 87 prompt tokens ·
                       temperature: 0, greedy (req), max_tokens: 683 (req),
                       min_tokens: 683 (req)
16:32:45.255 INFO:     #50 chat/completions (stream): 222 tokens generated at
                       71.8 T/s · prompt 73 tokens, none cached, 73 new in 0.08
                       s · first token 0.08 s, total 3.18 s · draft 126/192
                       accepted (66%) · max_tokens reached
16:32:45.329 INFO:     #57 chat/completions (stream): 796 prompt tokens ·
                       temperature: 0, greedy (req), max_tokens: 13 (req),
                       min_tokens: 13 (req)
16:32:45.783 INFO:     #57 chat/completions (stream): 13 tokens generated at
                       103.1 T/s · prompt 796 tokens, none cached, 796 new in
                       0.23 s (3,461 T/s) · first token 0.23 s, total 0.36 s ·
                       draft 8/10 accepted (80%) · max_tokens reached
16:32:45.855 INFO:     #58 chat/completions (stream): 349 prompt tokens ·
                       temperature: 0, greedy (req), max_tokens: 70 (req),
                       min_tokens: 70 (req)
16:32:46.142 INFO:     #51 chat/completions (stream): 201 tokens generated at
                       71.2 T/s · prompt 194 tokens, none cached, 194 new in
                       0.10 s · first token 0.11 s, total 2.93 s · draft 119/164
                       accepted (73%) · max_tokens reached
16:32:46.217 INFO:     #59 chat/completions (stream): 345 prompt tokens ·
                       temperature: 0, greedy (req), max_tokens: 18 (req),
                       min_tokens: 18 (req)
16:32:46.754 INFO:     #59 chat/completions (stream): 18 tokens generated at
                       90.8 T/s · prompt 345 tokens, none cached, 345 new in
                       0.24 s (1,438 T/s) · first token 0.24 s, total 0.44 s ·
                       draft 10/16 accepted (62%) · max_tokens reached
16:32:46.827 INFO:     #60 chat/completions (stream): 353 prompt tokens ·
                       temperature: 0, greedy (req), max_tokens: 52 (req),
                       min_tokens: 52 (req)
16:32:47.291 INFO:     #29 chat/completions (stream): 818 tokens generated at
                       58.3 T/s · prompt 183 tokens, none cached, 183 new in
                       0.10 s · first token 0.10 s, total 14.1 s · draft 451/734
                       accepted (61%) · max_tokens reached
16:32:47.292 INFO:     #58 chat/completions (stream): 70 tokens generated at
                       63.1 T/s · prompt 349 tokens, none cached, 349 new in
                       0.23 s (1,517 T/s) · first token 0.24 s, total 1.34 s ·
                       draft 43/54 accepted (80%) · max_tokens reached
16:32:47.358 INFO:     #62 chat/completions (stream): 75 prompt tokens ·
                       temperature: 0, greedy (req), max_tokens: 218 (req),
                       min_tokens: 218 (req)
16:32:47.359 INFO:     #63 chat/completions (stream): 786 prompt tokens ·
                       temperature: 0, greedy (req), max_tokens: 792 (req),
                       min_tokens: 792 (req)
16:32:47.938 INFO:     #55 chat/completions (stream): 202 tokens generated at
                       54.8 T/s · prompt 75 tokens, none cached, 75 new in 0.08
                       s · first token 0.17 s, total 3.86 s · draft 103/198
                       accepted (52%) · max_tokens reached
16:32:47.960 INFO:     #60 chat/completions (stream): 52 tokens generated at
                       65.6 T/s · prompt 353 tokens, none cached, 353 new in
                       0.25 s (1,412 T/s) · first token 0.26 s, total 1.05 s ·
                       draft 31/42 accepted (74%) · max_tokens reached
16:32:48.005 INFO:     #64 chat/completions (stream): 95 prompt tokens ·
                       temperature: 0, greedy (req), max_tokens: 25 (req),
                       min_tokens: 25 (req)
16:32:48.121 INFO:     #65 chat/completions (stream): 477 prompt tokens ·
                       temperature: 0, greedy (req), max_tokens: 7 (req),
                       min_tokens: 7 (req)
16:32:48.497 INFO:     #48 chat/completions (stream): 401 tokens generated at
                       58.8 T/s · prompt 76 tokens, none cached, 76 new in 0.08
                       s · first token 0.08 s, total 6.91 s · draft 214/374
                       accepted (57%) · max_tokens reached
16:32:48.564 INFO:     #66 chat/completions (stream): 238 prompt tokens ·
                       temperature: 0, greedy (req), max_tokens: 23 (req),
                       min_tokens: 23 (req)
16:32:48.565 INFO:     #65 chat/completions (stream): 7 tokens generated at 81.6
                       T/s · prompt 477 tokens, none cached, 477 new in 0.26 s
                       (1,835 T/s) · first token 0.26 s, total 0.35 s · draft
                       4/6 accepted (67%) · max_tokens reached
16:32:48.746 INFO:     #67 chat/completions (stream): 62 prompt tokens ·
                       temperature: 0, greedy (req), max_tokens: 408 (req),
                       min_tokens: 408 (req)
16:32:48.842 INFO:     #64 chat/completions (stream): 25 tokens generated at
                       53.5 T/s · prompt 95 tokens, none cached, 95 new in 0.09
                       s · first token 0.10 s, total 0.56 s · draft 16/18
                       accepted (89%) · max_tokens reached
16:32:48.914 INFO:     #68 chat/completions (stream): 507 prompt tokens ·
                       temperature: 0, greedy (req), max_tokens: 8 (req),
                       min_tokens: 8 (req)
16:32:49.267 INFO:     #66 chat/completions (stream): 23 tokens generated at
                       59.7 T/s · prompt 238 tokens, none cached, 238 new in
                       0.11 s · first token 0.12 s, total 0.50 s · draft 15/16
                       accepted (94%) · max_tokens reached
16:32:49.334 INFO:     #69 chat/completions (stream): 151 prompt tokens ·
                       temperature: 0, greedy (req), max_tokens: 7 (req),
                       min_tokens: 7 (req)
16:32:49.335 INFO:     #68 chat/completions (stream): 8 tokens generated at
                       122.8 T/s · prompt 507 tokens, none cached, 507 new in
                       0.26 s (1,950 T/s) · first token 0.26 s, total 0.33 s ·
                       draft 5/6 accepted (83%) · max_tokens reached
16:32:49.510 INFO:     #70 chat/completions (stream): 92 prompt tokens ·
                       temperature: 0, greedy (req), max_tokens: 171 (req),
                       min_tokens: 171 (req)
16:32:49.690 INFO:     #69 chat/completions (stream): 7 tokens generated at
                       103.1 T/s · prompt 151 tokens, none cached, 151 new in
                       0.10 s · first token 0.11 s, total 0.17 s · draft 4/6
                       accepted (67%) · max_tokens reached
16:32:49.761 INFO:     #71 chat/completions (stream): 534 prompt tokens ·
                       temperature: 0, greedy (req), max_tokens: 59 (req),
                       min_tokens: 59 (req)
16:32:50.769 INFO:     #71 chat/completions (stream): 59 tokens generated at
                       83.0 T/s · prompt 534 tokens, none cached, 534 new in
                       0.20 s (2,670 T/s) · first token 0.20 s, total 0.92 s ·
                       draft 31/56 accepted (55%) · max_tokens reached
16:32:50.840 INFO:     #72 chat/completions (stream): 63 prompt tokens ·
                       temperature: 0, greedy (req), max_tokens: 327 (req),
                       min_tokens: 327 (req)
16:32:50.984 INFO:     #62 chat/completions (stream): 218 tokens generated at
                       68.6 T/s · prompt 75 tokens, none cached, 75 new in 0.27
                       s · first token 0.28 s, total 3.46 s · draft 134/168
                       accepted (80%) · max_tokens reached
16:32:51.057 INFO:     #73 chat/completions (stream): 58 prompt tokens ·
                       temperature: 0, greedy (req), max_tokens: 312 (req),
                       min_tokens: 312 (req)
16:32:51.448 INFO:     #52 chat/completions (stream): 595 tokens generated at
                       75.3 T/s · prompt 656 tokens, none cached, 656 new in
                       0.29 s (2,262 T/s) · first token 0.29 s, total 8.20 s ·
                       draft 384/422 accepted (91%) · max_tokens reached
16:32:51.521 INFO:     #74 chat/completions (stream): 253 prompt tokens ·
                       temperature: 0, greedy (req), max_tokens: 227 (req),
                       min_tokens: 227 (req)
16:32:52.121 INFO:     #70 chat/completions (stream): 171 tokens generated at
                       70.6 T/s · prompt 92 tokens, none cached, 92 new in 0.09
                       s · first token 0.09 s, total 2.52 s · draft 91/160
                       accepted (57%) · max_tokens reached
16:32:52.195 INFO:     #75 chat/completions (stream): 328 prompt tokens ·
                       temperature: 0, greedy (req), max_tokens: 161 (req),
                       min_tokens: 161 (req)
16:32:54.378 INFO:     #75 chat/completions (stream): 161 tokens generated at
                       86.6 T/s · prompt 328 tokens, none cached, 328 new in
                       0.23 s (1,426 T/s) · first token 0.24 s, total 2.09 s ·
                       draft 88/146 accepted (60%) · max_tokens reached
16:32:54.423 INFO:     #53 chat/completions (stream): 664 tokens generated at
                       63.8 T/s · prompt 73 tokens, none cached, 73 new in 0.08
                       s · first token 0.09 s, total 10.5 s · draft 365/598
                       accepted (61%) · max_tokens reached
16:32:54.446 INFO:     #76 chat/completions (stream): 62 prompt tokens ·
                       temperature: 0, greedy (req), max_tokens: 158 (req),
                       min_tokens: 158 (req)
16:32:54.569 INFO:     #77 chat/completions (stream): 450 prompt tokens ·
                       temperature: 0, greedy (req), max_tokens: 172 (req),
                       min_tokens: 172 (req)
16:32:54.890 INFO:     #67 chat/completions (stream): 408 tokens generated at
                       71.0 T/s · prompt 62 tokens, none cached, 62 new in 0.07
                       s · first token 0.07 s, total 5.82 s · draft 223/370
                       accepted (60%) · max_tokens reached
16:32:54.911 INFO:     #74 chat/completions (stream): 227 tokens generated at
                       73.7 T/s · prompt 253 tokens, none cached, 253 new in
                       0.11 s · first token 0.11 s, total 3.20 s · draft 121/212
                       accepted (57%) · max_tokens reached
16:32:54.948 INFO:     #78 chat/completions (stream): 840 prompt tokens ·
                       temperature: 0, greedy (req), max_tokens: 16 (req),
                       min_tokens: 16 (req)
16:32:54.949 INFO:     #73 chat/completions (stream): 312 tokens generated at
                       83.4 T/s · prompt 58 tokens, none cached, 58 new in 0.07
                       s · first token 0.07 s, total 3.82 s · draft 188/248
                       accepted (76%) · max_tokens reached
16:32:55.174 INFO:     #79 chat/completions (stream): 63 prompt tokens ·
                       temperature: 0, greedy (req), max_tokens: 373 (req),
                       min_tokens: 373 (req)
16:32:55.374 INFO:     #80 chat/completions (stream): 63 prompt tokens ·
                       temperature: 0, greedy (req), max_tokens: 361 (req),
                       min_tokens: 361 (req)
16:32:55.586 INFO:     #72 chat/completions (stream): 327 tokens generated at
                       71.4 T/s · prompt 63 tokens, none cached, 63 new in 0.07
                       s · first token 0.08 s, total 4.65 s · draft 188/278
                       accepted (68%) · max_tokens reached
16:32:55.654 INFO:     #81 chat/completions (stream): 64 prompt tokens ·
                       temperature: 0, greedy (req), max_tokens: 400 (req),
                       min_tokens: 400 (req)
16:32:55.773 INFO:     #78 chat/completions (stream): 16 tokens generated at
                       57.0 T/s · prompt 840 tokens, none cached, 840 new in
                       0.37 s (2,270 T/s) · first token 0.38 s, total 0.66 s ·
                       draft 7/18 accepted (39%) · max_tokens reached
16:32:55.844 INFO:     #82 chat/completions (stream): 677 prompt tokens ·
                       temperature: 0, greedy (req), max_tokens: 6 (req),
                       min_tokens: 6 (req)
16:32:56.271 INFO:     #82 chat/completions (stream): 6 tokens generated at
                       121.3 T/s · prompt 677 tokens, none cached, 677 new in
                       0.28 s (2,418 T/s) · first token 0.28 s, total 0.33 s ·
                       draft 4/4 accepted (100%) · max_tokens reached
16:32:56.340 INFO:     #83 chat/completions (stream): 114 prompt tokens ·
                       temperature: 0, greedy (req), max_tokens: 443 (req),
                       min_tokens: 443 (req)
16:32:56.489 INFO:     #56 chat/completions (stream): 683 tokens generated at
                       59.7 T/s · prompt 87 tokens, none cached, 87 new in 0.08
                       s · first token 0.09 s, total 11.5 s · draft 372/622
                       accepted (60%) · max_tokens reached
16:32:56.559 INFO:     #84 chat/completions (stream): 739 prompt tokens ·
                       temperature: 0, greedy (req), max_tokens: 620 (req),
                       min_tokens: 620 (req)
16:32:57.819 INFO:     #76 chat/completions (stream): 158 tokens generated at
                       49.4 T/s · prompt 62 tokens, none cached, 62 new in 0.07
                       s · first token 0.08 s, total 3.28 s · draft 82/152
                       accepted (54%) · max_tokens reached
16:32:57.888 INFO:     #85 chat/completions (stream): 502 prompt tokens ·
                       temperature: 0, greedy (req), max_tokens: 8 (req),
                       min_tokens: 8 (req)
16:32:57.888 INFO:     #77 chat/completions (stream): 172 tokens generated at
                       58.0 T/s · prompt 450 tokens, none cached, 450 new in
                       0.26 s (1,731 T/s) · first token 0.26 s, total 3.23 s ·
                       draft 96/152 accepted (63%) · max_tokens reached
16:32:58.210 INFO:     #86 chat/completions (stream): 67 prompt tokens ·
                       temperature: 0, greedy (req), max_tokens: 309 (req),
                       min_tokens: 309 (req)
16:32:58.411 INFO:     #85 chat/completions (stream): 8 tokens generated at 52.2
                       T/s · prompt 502 tokens, none cached, 502 new in 0.27 s
                       (1,859 T/s) · first token 0.28 s, total 0.43 s · draft
                       5/6 accepted (83%) · max_tokens reached
16:32:58.501 INFO:     #87 chat/completions (stream): 684 prompt tokens ·
                       temperature: 0, greedy (req), max_tokens: 19 (req),
                       min_tokens: 19 (req)
16:32:59.053 INFO:     #87 chat/completions (stream): 19 tokens generated at
                       106.7 T/s · prompt 684 tokens, none cached, 684 new in
                       0.27 s (2,533 T/s) · first token 0.27 s, total 0.45 s ·
                       draft 12/14 accepted (86%) · max_tokens reached
16:32:59.125 INFO:     #88 chat/completions (stream): 67 prompt tokens ·
                       temperature: 0, greedy (req), max_tokens: 161 (req),
                       min_tokens: 161 (req)
16:32:59.985 INFO:     #63 chat/completions (stream): 792 tokens generated at
                       64.9 T/s · prompt 786 tokens, none cached, 786 new in
                       0.24 s (3,275 T/s) · first token 0.33 s, total 12.5 s ·
                       draft 448/688 accepted (65%) · max_tokens reached
16:33:00.058 INFO:     #89 chat/completions (stream): 345 prompt tokens ·
                       temperature: 0, greedy (req), max_tokens: 20 (req),
                       min_tokens: 20 (req)
16:33:00.645 INFO:     #89 chat/completions (stream): 20 tokens generated at
                       81.5 T/s · prompt 345 tokens, none cached, 345 new in
                       0.24 s (1,438 T/s) · first token 0.25 s, total 0.49 s ·
                       draft 11/18 accepted (61%) · max_tokens reached
16:33:00.718 INFO:     #90 chat/completions (stream): 870 prompt tokens ·
                       temperature: 0, greedy (req), max_tokens: 44 (req),
                       min_tokens: 44 (req)
16:33:01.246 INFO:     #79 chat/completions (stream): 373 tokens generated at
                       64.1 T/s · prompt 63 tokens, none cached, 63 new in 0.07
                       s · first token 0.15 s, total 5.97 s · draft 218/310
                       accepted (70%) · max_tokens reached
16:33:01.317 INFO:     #91 chat/completions (stream): 77 prompt tokens ·
                       temperature: 0, greedy (req), max_tokens: 142 (req),
                       min_tokens: 142 (req)
16:33:01.447 INFO:     #80 chat/completions (stream): 361 tokens generated at
                       62.0 T/s · prompt 63 tokens, none cached, 63 new in 0.07
                       s · first token 0.07 s, total 5.90 s · draft 203/316
                       accepted (64%) · max_tokens reached
16:33:01.522 INFO:     #92 chat/completions (stream): 116 prompt tokens ·
                       temperature: 0, greedy (req), max_tokens: 79 (req),
                       min_tokens: 79 (req)
16:33:01.718 INFO:     #90 chat/completions (stream): 44 tokens generated at
                       88.6 T/s · prompt 870 tokens, none cached, 870 new in
                       0.30 s (2,900 T/s) · first token 0.31 s, total 0.80 s ·
                       draft 27/34 accepted (79%) · max_tokens reached
16:33:01.792 INFO:     #93 chat/completions (stream): 121 prompt tokens ·
                       temperature: 0, greedy (req), max_tokens: 9 (req),
                       min_tokens: 9 (req)
16:33:01.991 INFO:     #88 chat/completions (stream): 161 tokens generated at
                       62.3 T/s · prompt 67 tokens, none cached, 67 new in 0.07
                       s · first token 0.08 s, total 2.66 s · draft 86/150
                       accepted (57%) · max_tokens reached
16:33:02.058 INFO:     #94 chat/completions (stream): 188 prompt tokens ·
                       temperature: 0, greedy (req), max_tokens: 337 (req),
                       min_tokens: 337 (req)
16:33:02.185 INFO:     #93 chat/completions (stream): 9 tokens generated at 96.2
                       T/s · prompt 121 tokens, none cached, 121 new in 0.10 s ·
                       first token 0.11 s, total 0.20 s · draft 5/8 accepted
                       (62%) · max_tokens reached
16:33:02.256 INFO:     #96 chat/completions (stream): 546 prompt tokens ·
                       temperature: 0, greedy (req), max_tokens: 16 (req),
                       min_tokens: 16 (req)
16:33:02.773 INFO:     #96 chat/completions (stream): 16 tokens generated at
                       107.2 T/s · prompt 546 tokens, none cached, 546 new in
                       0.28 s (1,950 T/s) · first token 0.28 s, total 0.43 s ·
                       draft 10/12 accepted (83%) · max_tokens reached
16:33:02.793 INFO:     #81 chat/completions (stream): 400 tokens generated at
                       57.3 T/s · prompt 64 tokens, none cached, 64 new in 0.07
                       s · first token 0.08 s, total 7.06 s · draft 218/364
                       accepted (60%) · max_tokens reached
16:33:02.813 INFO:     #92 chat/completions (stream): 79 tokens generated at
                       71.0 T/s · prompt 116 tokens, none cached, 116 new in
                       0.10 s · first token 0.11 s, total 1.22 s · draft 52/54
                       accepted (96%) · max_tokens reached
16:33:02.833 INFO:     #97 chat/completions (stream): 346 prompt tokens ·
                       temperature: 0, greedy (req), max_tokens: 18 (req),
                       min_tokens: 18 (req)
16:33:02.986 INFO:     #98 chat/completions (stream): 399 prompt tokens ·
                       temperature: 0, greedy (req), max_tokens: 350 (req),
                       min_tokens: 350 (req)
16:33:03.223 INFO:     #99 chat/completions (stream): 832 prompt tokens ·
                       temperature: 0, greedy (req), max_tokens: 25 (req),
                       min_tokens: 25 (req)
16:33:03.811 INFO:     #86 chat/completions (stream): 309 tokens generated at
                       56.9 T/s · prompt 67 tokens, none cached, 67 new in 0.07
                       s · first token 0.07 s, total 5.51 s · draft 179/260
                       accepted (69%) · max_tokens reached
16:33:03.834 INFO:     #97 chat/completions (stream): 18 tokens generated at
                       32.9 T/s · prompt 346 tokens, none cached, 346 new in
                       0.36 s (961 T/s) · first token 0.37 s, total 0.91 s ·
                       draft 11/14 accepted (79%) · max_tokens reached
16:33:03.879 INFO:     #100 chat/completions (stream): 62 prompt tokens ·
                       temperature: 0, greedy (req), max_tokens: 163 (req),
                       min_tokens: 163 (req)
16:33:03.976 INFO:     #101 chat/completions (stream): 794 prompt tokens ·
                       temperature: 0, greedy (req), max_tokens: 12 (req),
                       min_tokens: 12 (req)
16:33:04.266 INFO:     #99 chat/completions (stream): 25 tokens generated at
                       99.6 T/s · prompt 832 tokens, none cached, 832 new in
                       0.29 s (2,869 T/s) · queued 0.11 s, first token 0.40 s,
                       total 0.66 s · draft 14/22 accepted (64%) · max_tokens
                       reached
16:33:04.333 INFO:     #102 chat/completions (stream): 489 prompt tokens ·
                       temperature: 0, greedy (req), max_tokens: 32 (req),
                       min_tokens: 32 (req)
16:33:04.639 INFO:     #83 chat/completions (stream): 443 tokens generated at
                       56.5 T/s · prompt 114 tokens, none cached, 114 new in
                       0.10 s · first token 0.11 s, total 7.95 s · draft 251/384
                       accepted (65%) · max_tokens reached
16:33:04.681 INFO:     #101 chat/completions (stream): 12 tokens generated at
                       109.2 T/s · prompt 794 tokens, none cached, 794 new in
                       0.24 s (3,308 T/s) · first token 0.24 s, total 0.35 s ·
                       draft 7/10 accepted (70%) · max_tokens reached
16:33:04.699 INFO:     #103 chat/completions (stream): 378 prompt tokens ·
                       temperature: 0, greedy (req), max_tokens: 447 (req),
                       min_tokens: 447 (req)
16:33:04.975 INFO:     #104 chat/completions (stream): 72 prompt tokens ·
                       temperature: 0, greedy (req), max_tokens: 731 (req),
                       min_tokens: 731 (req)
16:33:05.079 INFO:     #91 chat/completions (stream): 142 tokens generated at
                       43.3 T/s · prompt 77 tokens, none cached, 77 new in 0.08
                       s · first token 0.09 s, total 3.36 s · draft 80/124
                       accepted (65%) · max_tokens reached
16:33:05.147 INFO:     #105 chat/completions (stream): 76 prompt tokens ·
                       temperature: 0, greedy (req), max_tokens: 393 (req),
                       min_tokens: 393 (req)
16:33:05.414 INFO:     #102 chat/completions (stream): 32 tokens generated at
                       45.4 T/s · prompt 489 tokens, none cached, 489 new in
                       0.28 s (1,746 T/s) · first token 0.29 s, total 0.99 s ·
                       draft 18/28 accepted (64%) · max_tokens reached
16:33:05.495 INFO:     #106 chat/completions (stream): 60 prompt tokens ·
                       temperature: 0, greedy (req), max_tokens: 636 (req),
                       min_tokens: 636 (req)
16:33:06.773 INFO:     #100 chat/completions (stream): 163 tokens generated at
                       59.9 T/s · prompt 62 tokens, none cached, 62 new in 0.07
                       s · first token 0.08 s, total 2.80 s · draft 90/146
                       accepted (62%) · max_tokens reached
16:33:06.844 INFO:     #107 chat/completions (stream): 87 prompt tokens ·
                       temperature: 0, greedy (req), max_tokens: 38 (req),
                       min_tokens: 38 (req)
16:33:07.074 INFO:     #84 chat/completions (stream): 620 tokens generated at
                       61.3 T/s · prompt 739 tokens, none cached, 739 new in
                       0.30 s (2,463 T/s) · first token 0.30 s, total 10.4 s ·
                       draft 357/526 accepted (68%) · max_tokens reached
16:33:07.146 INFO:     #108 chat/completions (stream): 132 prompt tokens ·
                       temperature: 0, greedy (req), max_tokens: 61 (req),
                       min_tokens: 61 (req)
16:33:07.500 INFO:     #107 chat/completions (stream): 38 tokens generated at
                       84.9 T/s · prompt 87 tokens, none cached, 87 new in 0.08
                       s · first token 0.09 s, total 0.53 s · draft 24/28
                       accepted (86%) · max_tokens reached
16:33:07.572 INFO:     #109 chat/completions (stream): 76 prompt tokens ·
                       temperature: 0, greedy (req), max_tokens: 411 (req),
                       min_tokens: 411 (req)
16:33:07.973 INFO:     #108 chat/completions (stream): 61 tokens generated at
                       98.2 T/s · prompt 132 tokens, none cached, 132 new in
                       0.10 s · first token 0.11 s, total 0.73 s · draft 40/42
                       accepted (95%) · max_tokens reached
16:33:08.045 INFO:     #110 chat/completions (stream): 68 prompt tokens ·
                       temperature: 0, greedy (req), max_tokens: 367 (req),
                       min_tokens: 367 (req)
16:33:08.776 INFO:     #98 chat/completions (stream): 350 tokens generated at
                       68.0 T/s · prompt 399 tokens, none cached, 399 new in
                       0.46 s (867 T/s) · first token 0.55 s, total 5.70 s ·
                       draft 199/302 accepted (66%) · max_tokens reached
16:33:08.850 INFO:     #111 chat/completions (stream): 123 prompt tokens ·
                       temperature: 0, greedy (req), max_tokens: 289 (req),
                       min_tokens: 289 (req)
16:33:09.072 INFO:     #94 chat/completions (stream): 337 tokens generated at
                       49.4 T/s · prompt 188 tokens, none cached, 188 new in
                       0.10 s · first token 0.10 s, total 6.92 s · draft 158/358
                       accepted (44%) · max_tokens reached
16:33:09.145 INFO:     #112 chat/completions (stream): 101 prompt tokens ·
                       temperature: 0, greedy (req), max_tokens: 518 (req),
                       min_tokens: 518 (req)
16:33:10.196 INFO:     #105 chat/completions (stream): 393 tokens generated at
                       80.6 T/s · prompt 76 tokens, none cached, 76 new in 0.08
                       s · first token 0.08 s, total 4.96 s · draft 223/340
                       accepted (66%) · max_tokens reached
16:33:10.269 INFO:     #113 chat/completions (stream): 145 prompt tokens ·
                       temperature: 0, greedy (req), max_tokens: 144 (req),
                       min_tokens: 144 (req)
16:33:10.770 INFO:     #103 chat/completions (stream): 447 tokens generated at
                       78.1 T/s · prompt 378 tokens, none cached, 378 new in
                       0.25 s (1,512 T/s) · first token 0.26 s, total 5.98 s ·
                       draft 254/386 accepted (66%) · max_tokens reached
16:33:10.842 INFO:     #114 chat/completions (stream): 360 prompt tokens ·
                       temperature: 0, greedy (req), max_tokens: 8 (req),
                       min_tokens: 8 (req)
16:33:11.251 INFO:     #114 chat/completions (stream): 8 tokens generated at
                       115.0 T/s · prompt 360 tokens, none cached, 360 new in
                       0.24 s (1,500 T/s) · first token 0.25 s, total 0.32 s ·
                       draft 5/6 accepted (83%) · max_tokens reached
16:33:11.323 INFO:     #115 chat/completions (stream): 469 prompt tokens ·
                       temperature: 0, greedy (req), max_tokens: 465 (req),
                       min_tokens: 465 (req)
16:33:12.357 INFO:     #113 chat/completions (stream): 144 tokens generated at
                       76.6 T/s · prompt 145 tokens, none cached, 145 new in
                       0.11 s · first token 0.12 s, total 2.00 s · draft 87/114
                       accepted (76%) · max_tokens reached
16:33:12.455 INFO:     #116 chat/completions (stream): 327 prompt tokens ·
                       temperature: 0, greedy (req), max_tokens: 420 (req),
                       min_tokens: 420 (req)
16:33:12.934 INFO:     #111 chat/completions (stream): 289 tokens generated at
                       74.4 T/s · prompt 123 tokens, none cached, 123 new in
                       0.10 s · first token 0.11 s, total 3.99 s · draft 169/240
                       accepted (70%) · max_tokens reached
16:33:13.007 INFO:     #117 chat/completions (stream): 93 prompt tokens ·
                       temperature: 0, greedy (req), max_tokens: 298 (req),
                       min_tokens: 298 (req)
16:33:13.267 INFO:     #109 chat/completions (stream): 411 tokens generated at
                       74.5 T/s · prompt 76 tokens, none cached, 76 new in 0.08
                       s · first token 0.08 s, total 5.60 s · draft 236/350
                       accepted (67%) · max_tokens reached
16:33:13.339 INFO:     #118 chat/completions (stream): 126 prompt tokens ·
                       temperature: 0, greedy (req), max_tokens: 325 (req),
                       min_tokens: 325 (req)
16:33:13.539 INFO:     #110 chat/completions (stream): 367 tokens generated at
                       70.4 T/s · prompt 68 tokens, none cached, 68 new in 0.07
                       s · first token 0.08 s, total 5.29 s · draft 201/332
                       accepted (61%) · max_tokens reached
16:33:13.611 INFO:     #119 chat/completions (stream): 487 prompt tokens ·
                       temperature: 0, greedy (req), max_tokens: 7 (req),
                       min_tokens: 7 (req)
16:33:14.042 INFO:     #119 chat/completions (stream): 7 tokens generated at
                       94.5 T/s · prompt 487 tokens, none cached, 487 new in
                       0.26 s (1,873 T/s) · first token 0.26 s, total 0.34 s ·
                       draft 4/6 accepted (67%) · max_tokens reached
16:33:14.111 INFO:     #120 chat/completions (stream): 334 prompt tokens ·
                       temperature: 0, greedy (req), max_tokens: 377 (req),
                       min_tokens: 377 (req)
16:33:14.387 INFO:     #106 chat/completions (stream): 636 tokens generated at
                       74.7 T/s · prompt 60 tokens, none cached, 60 new in 0.07
                       s · first token 0.08 s, total 8.59 s · draft 365/542
                       accepted (67%) · max_tokens reached
16:33:14.475 INFO:     #121 chat/completions (stream): 841 prompt tokens ·
                       temperature: 0, greedy (req), max_tokens: 429 (req),
                       min_tokens: 429 (req)
16:33:15.716 INFO:     #104 chat/completions (stream): 731 tokens generated at
                       69.2 T/s · prompt 72 tokens, none cached, 72 new in 0.08
                       s · first token 0.08 s, total 10.7 s · draft 403/656
                       accepted (61%) · max_tokens reached
16:33:15.787 INFO:     #122 chat/completions (stream): 57 prompt tokens ·
                       temperature: 0, greedy (req), max_tokens: 99 (req),
                       min_tokens: 99 (req)
16:33:16.943 INFO:     #122 chat/completions (stream): 99 tokens generated at
                       99.9 T/s · prompt 57 tokens, none cached, 57 new in 0.07
                       s · first token 0.08 s, total 1.07 s · draft 59/80
                       accepted (74%) · max_tokens reached
16:33:17.016 INFO:     #123 chat/completions (stream): 147 prompt tokens ·
                       temperature: 0, greedy (req), max_tokens: 30 (req),
                       min_tokens: 30 (req)
16:33:17.383 INFO:     #117 chat/completions (stream): 298 tokens generated at
                       71.1 T/s · prompt 93 tokens, none cached, 93 new in 0.09
                       s · first token 0.10 s, total 4.28 s · draft 168/260
                       accepted (65%) · max_tokens reached
16:33:17.444 INFO:     #125 chat/completions (stream): 232 prompt tokens ·
                       temperature: 0, greedy (req), max_tokens: 78 (req),
                       min_tokens: 78 (req)
16:33:17.444 INFO:     #112 chat/completions (stream): 518 tokens generated at
                       63.8 T/s · prompt 101 tokens, none cached, 101 new in
                       0.09 s · first token 0.10 s, total 8.21 s · draft 266/504
                       accepted (53%) · max_tokens reached
16:33:17.580 INFO:     #123 chat/completions (stream): 30 tokens generated at
                       110.7 T/s · prompt 147 tokens, none cached, 147 new in
                       0.09 s · first token 0.10 s, total 0.37 s · draft 19/22
                       accepted (86%) · max_tokens reached
16:33:17.625 INFO:     #126 chat/completions (stream): 63 prompt tokens ·
                       temperature: 0, greedy (req), max_tokens: 321 (req),
                       min_tokens: 321 (req)
16:33:17.723 INFO:     #127 chat/completions (stream): 78 prompt tokens ·
                       temperature: 0, greedy (req), max_tokens: 254 (req),
                       min_tokens: 254 (req)
16:33:17.898 INFO:     #115 chat/completions (stream): 465 tokens generated at
                       75.8 T/s · prompt 469 tokens, none cached, 469 new in
                       0.25 s (1,876 T/s) · first token 0.26 s, total 6.39 s ·
                       draft 276/378 accepted (73%) · max_tokens reached
16:33:17.971 INFO:     #128 chat/completions (stream): 63 prompt tokens ·
                       temperature: 0, greedy (req), max_tokens: 194 (req),
                       min_tokens: 194 (req)
16:33:18.292 INFO:     #118 chat/completions (stream): 325 tokens generated at
                       68.4 T/s · prompt 126 tokens, none cached, 126 new in
                       0.10 s · first token 0.11 s, total 4.86 s · draft 181/288
                       accepted (63%) · max_tokens reached
16:33:18.368 INFO:     #129 chat/completions (stream): 629 prompt tokens ·
                       temperature: 0, greedy (req), max_tokens: 9 (req),
                       min_tokens: 9 (req)
16:33:18.766 INFO:     #125 chat/completions (stream): 78 tokens generated at
                       69.9 T/s · prompt 232 tokens, none cached, 232 new in
                       0.11 s · first token 0.12 s, total 1.23 s · draft 52/52
                       accepted (100%) · max_tokens reached
16:33:18.833 INFO:     #130 chat/completions (stream): 57 prompt tokens ·
                       temperature: 0, greedy (req), max_tokens: 78 (req),
                       min_tokens: 78 (req)
16:33:18.833 INFO:     #129 chat/completions (stream): 9 tokens generated at
                       96.2 T/s · prompt 629 tokens, none cached, 629 new in
                       0.28 s (2,246 T/s) · first token 0.29 s, total 0.38 s ·
                       draft 5/8 accepted (62%) · max_tokens reached
16:33:18.978 INFO:     #131 chat/completions (stream): 148 prompt tokens ·
                       temperature: 0, greedy (req), max_tokens: 15 (req),
                       min_tokens: 15 (req)
16:33:19.281 INFO:     #116 chat/completions (stream): 420 tokens generated at
                       64.6 T/s · prompt 327 tokens, none cached, 327 new in
                       0.23 s (1,422 T/s) · first token 0.24 s, total 6.74 s ·
                       draft 229/382 accepted (60%) · max_tokens reached
16:33:19.327 INFO:     #131 chat/completions (stream): 15 tokens generated at
                       90.2 T/s · prompt 148 tokens, none cached, 148 new in
                       0.09 s · first token 0.09 s, total 0.26 s · draft 8/14
                       accepted (57%) · max_tokens reached
16:33:19.349 INFO:     #132 chat/completions (stream): 346 prompt tokens ·
                       temperature: 0, greedy (req), max_tokens: 11 (req),
                       min_tokens: 11 (req)
16:33:19.619 INFO:     #133 chat/completions (stream): 74 prompt tokens ·
                       temperature: 0, greedy (req), max_tokens: 296 (req),
                       min_tokens: 296 (req)
16:33:19.814 INFO:     #120 chat/completions (stream): 377 tokens generated at
                       70.0 T/s · prompt 334 tokens, none cached, 334 new in
                       0.22 s (1,518 T/s) · first token 0.23 s, total 5.61 s ·
                       draft 218/318 accepted (69%) · max_tokens reached
16:33:19.860 INFO:     #132 chat/completions (stream): 11 tokens generated at
                       62.7 T/s · prompt 346 tokens, none cached, 346 new in
                       0.24 s (1,442 T/s) · first token 0.25 s, total 0.42 s ·
                       draft 7/8 accepted (88%) · max_tokens reached
16:33:19.882 INFO:     #134 chat/completions (stream): 468 prompt tokens ·
                       temperature: 0, greedy (req), max_tokens: 17 (req),
                       min_tokens: 17 (req)
16:33:20.169 INFO:     #135 chat/completions (stream): 400 prompt tokens ·
                       temperature: 0, greedy (req), max_tokens: 4 (req),
                       min_tokens: 4 (req)
16:33:20.570 INFO:     #135 chat/completions (stream): 4 tokens generated at
                       81.8 T/s · prompt 400 tokens, none cached, 400 new in
                       0.26 s (1,538 T/s) · first token 0.27 s, total 0.31 s ·
                       draft 2/4 accepted (50%) · max_tokens reached
16:33:20.634 INFO:     #136 chat/completions (stream): 216 prompt tokens ·
                       temperature: 0, greedy (req), max_tokens: 30 (req),
                       min_tokens: 30 (req)
16:33:20.635 INFO:     #134 chat/completions (stream): 17 tokens generated at
                       42.0 T/s · prompt 468 tokens, none cached, 468 new in
                       0.26 s (1,800 T/s) · first token 0.27 s, total 0.67 s ·
                       draft 10/14 accepted (71%) · max_tokens reached
16:33:20.804 INFO:     #137 chat/completions (stream): 200 prompt tokens ·
                       temperature: 0, greedy (req), max_tokens: 12 (req),
                       min_tokens: 12 (req)
16:33:20.805 INFO:     #130 chat/completions (stream): 78 tokens generated at
                       45.6 T/s · prompt 57 tokens, none cached, 57 new in 0.07
                       s · first token 0.08 s, total 1.78 s · draft 42/72
                       accepted (58%) · max_tokens reached
16:33:20.982 INFO:     #138 chat/completions (stream): 160 prompt tokens ·
                       temperature: 0, greedy (req), max_tokens: 60 (req),
                       min_tokens: 60 (req)
16:33:21.219 INFO:     #137 chat/completions (stream): 12 tokens generated at
                       55.7 T/s · prompt 200 tokens, none cached, 200 new in
                       0.10 s · first token 0.11 s, total 0.32 s · draft 7/10
                       accepted (70%) · max_tokens reached
16:33:21.263 INFO:     #136 chat/completions (stream): 30 tokens generated at
                       68.7 T/s · prompt 216 tokens, none cached, 216 new in
                       0.10 s · first token 0.11 s, total 0.54 s · draft 20/20
                       accepted (100%) · max_tokens reached
16:33:21.286 INFO:     #139 chat/completions (stream): 572 prompt tokens ·
                       temperature: 0, greedy (req), max_tokens: 60 (req),
                       min_tokens: 60 (req)
16:33:21.554 INFO:     #140 chat/completions (stream): 68 prompt tokens ·
                       temperature: 0, greedy (req), max_tokens: 733 (req),
                       min_tokens: 733 (req)
16:33:22.076 INFO:     #128 chat/completions (stream): 194 tokens generated at
                       49.3 T/s · prompt 63 tokens, none cached, 63 new in 0.07
                       s · first token 0.08 s, total 4.01 s · draft 104/180
                       accepted (58%) · max_tokens reached
16:33:22.140 INFO:     #141 chat/completions (stream): 59 prompt tokens ·
                       temperature: 0, greedy (req), max_tokens: 81 (req),
                       min_tokens: 81 (req)
16:33:22.140 INFO:     #138 chat/completions (stream): 60 tokens generated at
                       61.6 T/s · prompt 160 tokens, none cached, 160 new in
                       0.09 s · first token 0.09 s, total 1.07 s · draft 32/56
                       accepted (57%) · max_tokens reached
16:33:22.273 INFO:     #142 chat/completions (stream): 694 prompt tokens ·
                       temperature: 0, greedy (req), max_tokens: 34 (req),
                       min_tokens: 34 (req)
16:33:22.274 INFO:     #121 chat/completions (stream): 429 tokens generated at
                       58.5 T/s · prompt 841 tokens, none cached, 841 new in
                       0.30 s (2,803 T/s) · first token 0.31 s, total 7.64 s ·
                       draft 220/418 accepted (53%) · max_tokens reached
16:33:22.594 INFO:     #127 chat/completions (stream): 254 tokens generated at
                       57.4 T/s · prompt 78 tokens, none cached, 78 new in 0.08
                       s · first token 0.08 s, total 4.51 s · draft 149/210
                       accepted (71%) · max_tokens reached
16:33:22.616 INFO:     #143 chat/completions (stream): 66 prompt tokens ·
                       temperature: 0, greedy (req), max_tokens: 198 (req),
                       min_tokens: 198 (req)
16:33:22.736 INFO:     #144 chat/completions (stream): 477 prompt tokens ·
                       temperature: 0, greedy (req), max_tokens: 38 (req),
                       min_tokens: 38 (req)
16:33:23.015 INFO:     #139 chat/completions (stream): 60 tokens generated at
                       55.3 T/s · prompt 572 tokens, none cached, 572 new in
                       0.24 s (2,383 T/s) · first token 0.25 s, total 1.33 s ·
                       draft 32/56 accepted (57%) · max_tokens reached
16:33:23.084 INFO:     #145 chat/completions (stream): 80 prompt tokens ·
                       temperature: 0, greedy (req), max_tokens: 49 (req),
                       min_tokens: 49 (req)
16:33:23.334 INFO:     #142 chat/completions (stream): 34 tokens generated at
                       50.9 T/s · prompt 694 tokens, none cached, 694 new in
                       0.29 s (2,393 T/s) · first token 0.30 s, total 0.96 s ·
                       draft 22/24 accepted (92%) · max_tokens reached
16:33:23.406 INFO:     #146 chat/completions (stream): 124 prompt tokens ·
                       temperature: 0, greedy (req), max_tokens: 635 (req),
                       min_tokens: 635 (req)
16:33:23.666 INFO:     #144 chat/completions (stream): 38 tokens generated at
                       65.3 T/s · prompt 477 tokens, none cached, 477 new in
                       0.25 s (1,908 T/s) · first token 0.25 s, total 0.84 s ·
                       draft 22/32 accepted (69%) · max_tokens reached
16:33:23.736 INFO:     #147 chat/completions (stream): 411 prompt tokens ·
                       temperature: 0, greedy (req), max_tokens: 7 (req),
                       min_tokens: 7 (req)
16:33:24.072 INFO:     #145 chat/completions (stream): 49 tokens generated at
                       68.1 T/s · prompt 80 tokens, none cached, 80 new in 0.08
                       s · first token 0.09 s, total 0.80 s · draft 29/40
                       accepted (72%) · max_tokens reached
16:33:24.095 INFO:     #141 chat/completions (stream): 81 tokens generated at
                       45.3 T/s · prompt 59 tokens, none cached, 59 new in 0.07
                       s · first token 0.08 s, total 1.87 s · draft 47/68
                       accepted (69%) · max_tokens reached
16:33:24.139 INFO:     #148 chat/completions (stream): 315 prompt tokens ·
                       temperature: 0, greedy (req), max_tokens: 707 (req),
                       min_tokens: 707 (req)
16:33:24.140 INFO:     #147 chat/completions (stream): 7 tokens generated at
                       104.7 T/s · prompt 411 tokens, none cached, 411 new in
                       0.24 s (1,712 T/s) · first token 0.25 s, total 0.31 s ·
                       draft 4/6 accepted (67%) · max_tokens reached
16:33:24.308 INFO:     #149 chat/completions (stream): 77 prompt tokens ·
                       temperature: 0, greedy (req), max_tokens: 380 (req),
                       min_tokens: 380 (req)
16:33:24.525 INFO:     #150 chat/completions (stream): 266 prompt tokens ·
                       temperature: 0, greedy (req), max_tokens: 147 (req),
                       min_tokens: 147 (req)
16:33:25.086 INFO:     #126 chat/completions (stream): 321 tokens generated at
                       44.0 T/s · prompt 63 tokens, none cached, 63 new in 0.07
                       s · first token 0.07 s, total 7.36 s · draft 162/318
                       accepted (51%) · max_tokens reached
16:33:25.159 INFO:     #151 chat/completions (stream): 232 prompt tokens ·
                       temperature: 0, greedy (req), max_tokens: 41 (req),
                       min_tokens: 41 (req)
16:33:25.738 INFO:     #133 chat/completions (stream): 296 tokens generated at
                       49.8 T/s · prompt 74 tokens, none cached, 74 new in 0.08
                       s · first token 0.09 s, total 6.03 s · draft 162/268
                       accepted (60%) · max_tokens reached
16:33:25.761 INFO:     #151 chat/completions (stream): 41 tokens generated at
                       102.3 T/s · prompt 232 tokens, none cached, 232 new in
                       0.11 s · first token 0.12 s, total 0.52 s · draft 25/32
                       accepted (78%) · max_tokens reached
16:33:25.797 INFO:     #152 chat/completions (stream): 137 prompt tokens ·
                       temperature: 0, greedy (req), max_tokens: 101 (req),
                       min_tokens: 101 (req)
16:33:25.929 INFO:     #153 chat/completions (stream): 135 prompt tokens ·
                       temperature: 0, greedy (req), max_tokens: 433 (req),
                       min_tokens: 433 (req)
16:33:26.062 INFO:     #143 chat/completions (stream): 198 tokens generated at
                       64.7 T/s · prompt 66 tokens, none cached, 66 new in 0.07
                       s · first token 0.08 s, total 3.14 s · draft 123/150
                       accepted (82%) · max_tokens reached
16:33:26.132 INFO:     #154 chat/completions (stream): 456 prompt tokens ·
                       temperature: 0, greedy (req), max_tokens: 342 (req),
                       min_tokens: 342 (req)
16:33:26.614 INFO:     #150 chat/completions (stream): 147 tokens generated at
                       82.0 T/s · prompt 266 tokens, none cached, 266 new in
                       0.20 s (1,330 T/s) · first token 0.21 s, total 2.00 s ·
                       draft 97/100 accepted (97%) · max_tokens reached
16:33:26.689 INFO:     #155 chat/completions (stream): 301 prompt tokens ·
                       temperature: 0, greedy (req), max_tokens: 14 (req),
                       min_tokens: 14 (req)
16:33:27.140 INFO:     #155 chat/completions (stream): 14 tokens generated at
                       96.9 T/s · prompt 301 tokens, none cached, 301 new in
                       0.21 s (1,433 T/s) · first token 0.22 s, total 0.36 s ·
                       draft 8/12 accepted (67%) · max_tokens reached
16:33:27.209 INFO:     #156 chat/completions (stream): 823 prompt tokens ·
                       temperature: 0, greedy (req), max_tokens: 11 (req),
                       min_tokens: 11 (req)
16:33:27.699 INFO:     #156 chat/completions (stream): 11 tokens generated at
                       118.2 T/s · prompt 823 tokens, none cached, 823 new in
                       0.30 s (2,743 T/s) · first token 0.31 s, total 0.40 s ·
                       draft 7/8 accepted (88%) · max_tokens reached
16:33:27.769 INFO:     #157 chat/completions (stream): 80 prompt tokens ·
                       temperature: 0, greedy (req), max_tokens: 159 (req),
                       min_tokens: 159 (req)
16:33:27.946 INFO:     #152 chat/completions (stream): 101 tokens generated at
                       54.3 T/s · prompt 137 tokens, none cached, 137 new in
                       0.10 s · first token 0.11 s, total 1.97 s · draft 57/88
                       accepted (65%) · max_tokens reached
16:33:28.016 INFO:     #158 chat/completions (stream): 71 prompt tokens ·
                       temperature: 0, greedy (req), max_tokens: 749 (req),
                       min_tokens: 749 (req)
16:33:29.495 INFO:     #149 chat/completions (stream): 380 tokens generated at
                       77.2 T/s · prompt 77 tokens, none cached, 77 new in 0.08
                       s · first token 0.17 s, total 5.09 s · draft 235/290
                       accepted (81%) · max_tokens reached
16:33:29.567 INFO:     #159 chat/completions (stream): 181 prompt tokens ·
                       temperature: 0, greedy (req), max_tokens: 482 (req),
                       min_tokens: 482 (req)
16:33:29.809 INFO:     #157 chat/completions (stream): 159 tokens generated at
                       85.4 T/s · prompt 80 tokens, none cached, 80 new in 0.08
                       s · first token 0.09 s, total 1.95 s · draft 91/136
                       accepted (67%) · max_tokens reached
16:33:29.882 INFO:     #160 chat/completions (stream): 336 prompt tokens ·
                       temperature: 0, greedy (req), max_tokens: 772 (req),
                       min_tokens: 772 (req)
16:33:31.067 INFO:     #154 chat/completions (stream): 342 tokens generated at
                       74.6 T/s · prompt 456 tokens, none cached, 456 new in
                       0.25 s (1,824 T/s) · first token 0.25 s, total 4.84 s ·
                       draft 193/298 accepted (65%) · max_tokens reached
16:33:31.142 INFO:     #161 chat/completions (stream): 410 prompt tokens ·
                       temperature: 0, greedy (req), max_tokens: 34 (req),
                       min_tokens: 34 (req)
16:33:31.626 INFO:     #153 chat/completions (stream): 433 tokens generated at
                       78.8 T/s · prompt 135 tokens, none cached, 135 new in
                       0.10 s · first token 0.10 s, total 5.60 s · draft 266/334
                       accepted (80%) · max_tokens reached
16:33:31.698 INFO:     #162 chat/completions (stream): 241 prompt tokens ·
                       temperature: 0, greedy (req), max_tokens: 9 (req),
                       min_tokens: 9 (req)
16:33:31.990 INFO:     #161 chat/completions (stream): 34 tokens generated at
                       66.2 T/s · prompt 410 tokens, none cached, 410 new in
                       0.24 s (1,708 T/s) · first token 0.25 s, total 0.76 s ·
                       draft 19/30 accepted (63%) · max_tokens reached
16:33:32.014 INFO:     #162 chat/completions (stream): 9 tokens generated at
                       91.3 T/s · prompt 241 tokens, none cached, 241 new in
                       0.12 s · first token 0.13 s, total 0.22 s · draft 5/8
                       accepted (62%) · max_tokens reached
16:33:32.059 INFO:     #163 chat/completions (stream): 68 prompt tokens ·
                       temperature: 0, greedy (req), max_tokens: 539 (req),
                       min_tokens: 539 (req)
16:33:32.165 INFO:     #165 chat/completions (stream): 59 prompt tokens ·
                       temperature: 0, greedy (req), max_tokens: 82 (req),
                       min_tokens: 82 (req)
16:33:32.520 INFO:     #146 chat/completions (stream): 635 tokens generated at
                       71.5 T/s · prompt 124 tokens, none cached, 124 new in
                       0.11 s · first token 0.12 s, total 9.00 s · draft 382/506
                       accepted (75%) · max_tokens reached
16:33:32.593 INFO:     #166 chat/completions (stream): 424 prompt tokens ·
                       temperature: 0, greedy (req), max_tokens: 590 (req),
                       min_tokens: 590 (req)
16:33:33.373 INFO:     #140 chat/completions (stream): 733 tokens generated at
                       62.9 T/s · prompt 68 tokens, none cached, 68 new in 0.07
                       s · first token 0.08 s, total 11.7 s · draft 410/646
                       accepted (63%) · max_tokens reached
16:33:33.396 INFO:     #165 chat/completions (stream): 82 tokens generated at
                       76.8 T/s · prompt 59 tokens, none cached, 59 new in 0.07
                       s · first token 0.07 s, total 1.14 s · draft 48/68
                       accepted (71%) · max_tokens reached
16:33:33.448 INFO:     #167 chat/completions (stream): 126 prompt tokens ·
                       temperature: 0, greedy (req), max_tokens: 273 (req),
                       min_tokens: 273 (req)
16:33:33.574 INFO:     #168 chat/completions (stream): 522 prompt tokens ·
                       temperature: 0, greedy (req), max_tokens: 21 (req),
                       min_tokens: 21 (req)
16:33:34.093 INFO:     #168 chat/completions (stream): 21 tokens generated at
                       94.7 T/s · prompt 522 tokens, none cached, 522 new in
                       0.19 s (2,747 T/s) · first token 0.19 s, total 0.42 s ·
                       draft 12/18 accepted (67%) · max_tokens reached
16:33:34.166 INFO:     #169 chat/completions (stream): 707 prompt tokens ·
                       temperature: 0, greedy (req), max_tokens: 16 (req),
                       min_tokens: 16 (req)
16:33:34.534 INFO:     #148 chat/completions (stream): 707 tokens generated at
                       73.1 T/s · prompt 315 tokens, none cached, 315 new in
                       0.33 s (955 T/s) · first token 0.34 s, total 10.0 s ·
                       draft 422/570 accepted (74%) · max_tokens reached
16:33:34.607 INFO:     #170 chat/completions (stream): 853 prompt tokens ·
                       temperature: 0, greedy (req), max_tokens: 6 (req),
                       min_tokens: 6 (req)
16:33:35.022 INFO:     #169 chat/completions (stream): 16 tokens generated at
                       36.0 T/s · prompt 707 tokens, none cached, 707 new in
                       0.32 s (2,209 T/s) · first token 0.33 s, total 0.77 s ·
                       draft 9/14 accepted (64%) · max_tokens reached
16:33:35.044 INFO:     #170 chat/completions (stream): 6 tokens generated at
                       125.3 T/s · prompt 853 tokens, none cached, 853 new in
                       0.30 s (2,843 T/s) · first token 0.31 s, total 0.35 s ·
                       draft 4/4 accepted (100%) · max_tokens reached
16:33:35.088 INFO:     #171 chat/completions (stream): 58 prompt tokens ·
                       temperature: 0, greedy (req), max_tokens: 261 (req),
                       min_tokens: 261 (req)
16:33:35.184 INFO:     #172 chat/completions (stream): 121 prompt tokens ·
                       temperature: 0, greedy (req), max_tokens: 355 (req),
                       min_tokens: 355 (req)
16:33:37.162 INFO:     #159 chat/completions (stream): 482 tokens generated at
                       65.2 T/s · prompt 181 tokens, none cached, 181 new in
                       0.10 s · first token 0.11 s, total 7.50 s · draft 261/442
                       accepted (59%) · max_tokens reached
16:33:37.235 INFO:     #173 chat/completions (stream): 364 prompt tokens ·
                       temperature: 0, greedy (req), max_tokens: 16 (req),
                       min_tokens: 16 (req)
16:33:37.720 INFO:     #167 chat/completions (stream): 273 tokens generated at
                       66.8 T/s · prompt 126 tokens, none cached, 126 new in
                       0.10 s · first token 0.11 s, total 4.19 s · draft 154/238
                       accepted (65%) · max_tokens reached
16:33:37.721 INFO:     #173 chat/completions (stream): 16 tokens generated at
                       106.9 T/s · prompt 364 tokens, none cached, 364 new in
                       0.24 s (1,517 T/s) · first token 0.25 s, total 0.39 s ·
                       draft 10/12 accepted (83%) · max_tokens reached
16:33:37.790 INFO:     #174 chat/completions (stream): 648 prompt tokens ·
                       temperature: 0, greedy (req), max_tokens: 16 (req),
                       min_tokens: 16 (req)
16:33:37.792 INFO:     #175 chat/completions (stream): 100 prompt tokens ·
                       temperature: 0, greedy (req), max_tokens: 152 (req),
                       min_tokens: 152 (req)
16:33:38.499 INFO:     #174 chat/completions (stream): 16 tokens generated at
                       73.4 T/s · prompt 648 tokens, none cached, 648 new in
                       0.37 s (1,751 T/s) · first token 0.38 s, total 0.60 s ·
                       draft 7/18 accepted (39%) · max_tokens reached
16:33:38.571 INFO:     #176 chat/completions (stream): 86 prompt tokens ·
                       temperature: 0, greedy (req), max_tokens: 442 (req),
                       min_tokens: 442 (req)
16:33:39.023 INFO:     #171 chat/completions (stream): 261 tokens generated at
                       69.2 T/s · prompt 58 tokens, none cached, 58 new in 0.07
                       s · first token 0.08 s, total 3.85 s · draft 140/242
                       accepted (58%) · max_tokens reached
16:33:39.046 INFO:     #158 chat/completions (stream): 749 tokens generated at
                       69.0 T/s · prompt 71 tokens, none cached, 71 new in 0.07
                       s · first token 0.08 s, total 10.9 s · draft 419/660
                       accepted (63%) · max_tokens reached
16:33:39.091 INFO:     #177 chat/completions (stream): 112 prompt tokens ·
                       temperature: 0, greedy (req), max_tokens: 375 (req),
                       min_tokens: 375 (req)
16:33:39.214 INFO:     #178 chat/completions (stream): 56 prompt tokens ·
                       temperature: 0, greedy (req), max_tokens: 157 (req),
                       min_tokens: 157 (req)
16:33:39.772 INFO:     #172 chat/completions (stream): 355 tokens generated at
                       80.8 T/s · prompt 121 tokens, none cached, 121 new in
                       0.10 s · first token 0.10 s, total 4.50 s · draft 212/286
                       accepted (74%) · max_tokens reached
16:33:39.842 INFO:     #179 chat/completions (stream): 199 prompt tokens ·
                       temperature: 0, greedy (req), max_tokens: 17 (req),
                       min_tokens: 17 (req)
16:33:40.113 INFO:     #175 chat/completions (stream): 152 tokens generated at
                       77.0 T/s · prompt 100 tokens, none cached, 100 new in
                       0.09 s · queued 0.16 s, first token 0.25 s, total 2.23 s
                       · draft 91/122 accepted (75%) · max_tokens reached
16:33:40.182 INFO:     #180 chat/completions (stream): 337 prompt tokens ·
                       temperature: 0, greedy (req), max_tokens: 61 (req),
                       min_tokens: 61 (req)
16:33:40.183 INFO:     #179 chat/completions (stream): 17 tokens generated at
                       119.5 T/s · prompt 199 tokens, none cached, 199 new in
                       0.10 s · first token 0.11 s, total 0.25 s · draft 11/12
                       accepted (92%) · max_tokens reached
16:33:40.478 INFO:     #181 chat/completions (stream): 156 prompt tokens ·
                       temperature: 0, greedy (req), max_tokens: 153 (req),
                       min_tokens: 153 (req)
16:33:40.760 INFO:     #166 chat/completions (stream): 590 tokens generated at
                       75.3 T/s · prompt 424 tokens, none cached, 424 new in
                       0.24 s (1,767 T/s) · first token 0.25 s, total 8.08 s ·
                       draft 364/452 accepted (81%) · max_tokens reached
16:33:40.803 INFO:     #163 chat/completions (stream): 539 tokens generated at
                       62.9 T/s · prompt 68 tokens, none cached, 68 new in 0.08
                       s · first token 0.09 s, total 8.66 s · draft 295/488
                       accepted (60%) · max_tokens reached
16:33:40.825 INFO:     #182 chat/completions (stream): 64 prompt tokens ·
                       temperature: 0, greedy (req), max_tokens: 114 (req),
                       min_tokens: 114 (req)
16:33:40.947 INFO:     #183 chat/completions (stream): 63 prompt tokens ·
                       temperature: 0, greedy (req), max_tokens: 85 (req),
                       min_tokens: 85 (req)
16:33:41.371 INFO:     #160 chat/completions (stream): 772 tokens generated at
                       69.1 T/s · prompt 336 tokens, none cached, 336 new in
                       0.22 s (1,527 T/s) · first token 0.23 s, total 11.4 s ·
                       draft 445/654 accepted (68%) · max_tokens reached
16:33:41.394 INFO:     #180 chat/completions (stream): 61 tokens generated at
                       68.3 T/s · prompt 337 tokens, none cached, 337 new in
                       0.23 s (1,465 T/s) · first token 0.24 s, total 1.13 s ·
                       draft 34/54 accepted (63%) · max_tokens reached
16:33:41.448 INFO:     #184 chat/completions (stream): 482 prompt tokens ·
                       temperature: 0, greedy (req), max_tokens: 225 (req),
                       min_tokens: 225 (req)
16:33:41.601 INFO:     #185 chat/completions (stream): 66 prompt tokens ·
                       temperature: 0, greedy (req), max_tokens: 345 (req),
                       min_tokens: 345 (req)
16:33:41.949 INFO:     #178 chat/completions (stream): 157 tokens generated at
                       61.1 T/s · prompt 56 tokens, none cached, 56 new in 0.07
                       s · first token 0.07 s, total 2.65 s · draft 87/140
                       accepted (62%) · max_tokens reached
16:33:42.020 INFO:     #186 chat/completions (stream): 76 prompt tokens ·
                       temperature: 0, greedy (req), max_tokens: 139 (req),
                       min_tokens: 139 (req)
16:33:42.367 INFO:     #183 chat/completions (stream): 85 tokens generated at
                       67.8 T/s · prompt 63 tokens, none cached, 63 new in 0.07
                       s · first token 0.07 s, total 1.33 s · draft 49/72
                       accepted (68%) · max_tokens reached
16:33:42.450 INFO:     #187 chat/completions (stream): 389 prompt tokens ·
                       temperature: 0, greedy (req), max_tokens: 13 (req),
                       min_tokens: 13 (req)
16:33:42.865 INFO:     #181 chat/completions (stream): 153 tokens generated at
                       69.5 T/s · prompt 156 tokens, none cached, 156 new in
                       0.09 s · first token 0.10 s, total 2.30 s · draft 93/120
                       accepted (78%) · max_tokens reached
16:33:42.903 INFO:     #182 chat/completions (stream): 114 tokens generated at
                       59.3 T/s · prompt 64 tokens, none cached, 64 new in 0.07
                       s · first token 0.08 s, total 2.00 s · draft 63/102
                       accepted (62%) · max_tokens reached
16:33:42.922 INFO:     #188 chat/completions (stream): 68 prompt tokens ·
                       temperature: 0, greedy (req), max_tokens: 264 (req),
                       min_tokens: 264 (req)
16:33:42.923 INFO:     #187 chat/completions (stream): 13 tokens generated at
                       92.3 T/s · prompt 389 tokens, none cached, 389 new in
                       0.25 s (1,556 T/s) · first token 0.26 s, total 0.40 s ·
                       draft 7/12 accepted (58%) · max_tokens reached
16:33:43.046 INFO:     #189 chat/completions (stream): 71 prompt tokens ·
                       temperature: 0, greedy (req), max_tokens: 307 (req),
                       min_tokens: 307 (req)
16:33:43.150 INFO:     #190 chat/completions (stream): 59 prompt tokens ·
                       temperature: 0, greedy (req), max_tokens: 191 (req),
                       min_tokens: 191 (req)
16:33:44.150 INFO:     #186 chat/completions (stream): 139 tokens generated at
                       71.2 T/s · prompt 76 tokens, none cached, 76 new in 0.08
                       s · first token 0.09 s, total 2.04 s · draft 77/124
                       accepted (62%) · max_tokens reached
16:33:44.224 INFO:     #191 chat/completions (stream): 64 prompt tokens ·
                       temperature: 0, greedy (req), max_tokens: 1181 (req),
                       min_tokens: 1181 (req)
16:33:44.688 INFO:     #184 chat/completions (stream): 225 tokens generated at
                       80.1 T/s · prompt 482 tokens, none cached, 482 new in
                       0.33 s (1,461 T/s) · first token 0.34 s, total 3.14 s ·
                       draft 134/182 accepted (74%) · max_tokens reached
16:33:44.757 INFO:     #192 chat/completions (stream): 101 prompt tokens ·
                       temperature: 0, greedy (req), max_tokens: 236 (req),
                       min_tokens: 236 (req)
16:33:44.922 INFO:     #176 chat/completions (stream): 442 tokens generated at
                       72.8 T/s · prompt 86 tokens, none cached, 86 new in 0.08
                       s · first token 0.09 s, total 6.16 s · draft 259/366
                       accepted (71%) · max_tokens reached
16:33:44.996 INFO:     #193 chat/completions (stream): 448 prompt tokens ·
                       temperature: 0, greedy (req), max_tokens: 360 (req),
                       min_tokens: 360 (req)
16:33:45.341 INFO:     #177 chat/completions (stream): 375 tokens generated at
                       63.0 T/s · prompt 112 tokens, none cached, 112 new in
                       0.09 s · first token 0.10 s, total 6.05 s · draft 202/346
                       accepted (58%) · max_tokens reached
16:33:45.412 INFO:     #194 chat/completions (stream): 72 prompt tokens ·
                       temperature: 0, greedy (req), max_tokens: 294 (req),
                       min_tokens: 294 (req)
16:33:45.692 INFO:     #190 chat/completions (stream): 191 tokens generated at
                       80.3 T/s · prompt 59 tokens, none cached, 59 new in 0.07
                       s · first token 0.07 s, total 2.45 s · draft 113/156
                       accepted (72%) · max_tokens reached
16:33:45.762 INFO:     #195 chat/completions (stream): 276 prompt tokens ·
                       temperature: 0, greedy (req), max_tokens: 6 (req),
                       min_tokens: 6 (req)
16:33:46.074 INFO:     #195 chat/completions (stream): 6 tokens generated at
                       127.0 T/s · prompt 276 tokens, none cached, 276 new in
                       0.17 s (1,624 T/s) · first token 0.17 s, total 0.22 s ·
                       draft 4/4 accepted (100%) · max_tokens reached
16:33:46.144 INFO:     #196 chat/completions (stream): 186 prompt tokens ·
                       temperature: 0, greedy (req), max_tokens: 42 (req),
                       min_tokens: 42 (req)
16:33:46.665 INFO:     #188 chat/completions (stream): 264 tokens generated at
                       73.9 T/s · prompt 68 tokens, none cached, 68 new in 0.07
                       s · first token 0.08 s, total 3.65 s · draft 153/222
                       accepted (69%) · max_tokens reached
16:33:46.732 INFO:     #197 chat/completions (stream): 219 prompt tokens ·
                       temperature: 0, greedy (req), max_tokens: 11 (req),
                       min_tokens: 11 (req)
16:33:46.887 INFO:     #196 chat/completions (stream): 42 tokens generated at
                       94.3 T/s · prompt 186 tokens, none cached, 186 new in
                       0.09 s · first token 0.10 s, total 0.54 s · draft 24/36
                       accepted (67%) · max_tokens reached
16:33:46.957 INFO:     #198 chat/completions (stream): 62 prompt tokens ·
                       temperature: 0, greedy (req), max_tokens: 304 (req),
                       min_tokens: 304 (req)
16:33:47.118 INFO:     #197 chat/completions (stream): 11 tokens generated at
                       97.2 T/s · prompt 219 tokens, none cached, 219 new in
                       0.10 s · first token 0.11 s, total 0.22 s · draft 6/10
                       accepted (60%) · max_tokens reached
16:33:47.140 INFO:     #185 chat/completions (stream): 345 tokens generated at
                       65.5 T/s · prompt 66 tokens, none cached, 66 new in 0.07
                       s · queued 0.11 s, first token 0.18 s, total 5.45 s ·
                       draft 186/318 accepted (58%) · max_tokens reached
16:33:47.184 INFO:     #200 chat/completions (stream): 66 prompt tokens ·
                       temperature: 0, greedy (req), max_tokens: 225 (req),
                       min_tokens: 225 (req)
16:33:47.290 INFO:     #201 chat/completions (stream): 584 prompt tokens ·
                       temperature: 0, greedy (req), max_tokens: 10 (req),
                       min_tokens: 10 (req)
16:33:47.739 INFO:     #201 chat/completions (stream): 10 tokens generated at
                       105.9 T/s · prompt 584 tokens, none cached, 584 new in
                       0.26 s (2,246 T/s) · first token 0.27 s, total 0.36 s ·
                       draft 6/8 accepted (75%) · max_tokens reached
16:33:47.812 INFO:     #202 chat/completions (stream): 442 prompt tokens ·
                       temperature: 0, greedy (req), max_tokens: 86 (req),
                       min_tokens: 86 (req)
16:33:48.351 INFO:     #189 chat/completions (stream): 307 tokens generated at
                       59.9 T/s · prompt 71 tokens, none cached, 71 new in 0.08
                       s · first token 0.09 s, total 5.21 s · draft 157/300
                       accepted (52%) · max_tokens reached
16:33:48.423 INFO:     #203 chat/completions (stream): 78 prompt tokens ·
                       temperature: 0, greedy (req), max_tokens: 147 (req),
                       min_tokens: 147 (req)
16:33:48.672 INFO:     #192 chat/completions (stream): 236 tokens generated at
                       63.3 T/s · prompt 101 tokens, none cached, 101 new in
                       0.09 s · first token 0.10 s, total 3.82 s · draft 137/198
                       accepted (69%) · max_tokens reached
16:33:48.745 INFO:     #204 chat/completions (stream): 64 prompt tokens ·
                       temperature: 0, greedy (req), max_tokens: 450 (req),
                       min_tokens: 450 (req)
16:33:49.266 INFO:     #202 chat/completions (stream): 86 tokens generated at
                       77.5 T/s · prompt 442 tokens, none cached, 442 new in
                       0.24 s (1,842 T/s) · first token 0.25 s, total 1.35 s ·
                       draft 47/78 accepted (60%) · max_tokens reached
16:33:49.338 INFO:     #205 chat/completions (stream): 69 prompt tokens ·
                       temperature: 0, greedy (req), max_tokens: 300 (req),
                       min_tokens: 300 (req)
16:33:49.849 INFO:     #194 chat/completions (stream): 294 tokens generated at
                       69.2 T/s · prompt 72 tokens, none cached, 72 new in 0.08
                       s · first token 0.09 s, total 4.34 s · draft 168/252
                       accepted (67%) · max_tokens reached
16:33:49.922 INFO:     #206 chat/completions (stream): 70 prompt tokens ·
                       temperature: 0, greedy (req), max_tokens: 540 (req),
                       min_tokens: 540 (req)
16:33:50.088 INFO:     #203 chat/completions (stream): 147 tokens generated at
                       104.0 T/s · prompt 78 tokens, none cached, 78 new in 0.08
                       s · first token 0.09 s, total 1.50 s · draft 96/102
                       accepted (94%) · max_tokens reached
16:33:50.131 INFO:     #193 chat/completions (stream): 360 tokens generated at
                       75.1 T/s · prompt 448 tokens, none cached, 448 new in
                       0.25 s (1,792 T/s) · first token 0.25 s, total 5.05 s ·
                       draft 218/284 accepted (77%) · max_tokens reached
16:33:50.154 INFO:     #207 chat/completions (stream): 72 prompt tokens ·
                       temperature: 0, greedy (req), max_tokens: 830 (req),
                       min_tokens: 830 (req)
16:33:50.280 INFO:     #208 chat/completions (stream): 97 prompt tokens ·
                       temperature: 0, greedy (req), max_tokens: 31 (req),
                       min_tokens: 31 (req)
16:33:50.543 INFO:     #200 chat/completions (stream): 225 tokens generated at
                       70.6 T/s · prompt 66 tokens, none cached, 66 new in 0.07
                       s · first token 0.08 s, total 3.26 s · draft 133/184
                       accepted (72%) · max_tokens reached
16:33:50.614 INFO:     #209 chat/completions (stream): 798 prompt tokens ·
                       temperature: 0, greedy (req), max_tokens: 9 (req),
                       min_tokens: 9 (req)
16:33:50.945 INFO:     #208 chat/completions (stream): 31 tokens generated at
                       67.6 T/s · prompt 97 tokens, none cached, 97 new in 0.08
                       s · first token 0.08 s, total 0.54 s · draft 20/22
                       accepted (91%) · max_tokens reached
16:33:51.009 INFO:     #210 chat/completions (stream): 69 prompt tokens ·
                       temperature: 0, greedy (req), max_tokens: 29 (req),
                       min_tokens: 29 (req)
16:33:51.113 INFO:     #209 chat/completions (stream): 9 tokens generated at
                       98.9 T/s · prompt 798 tokens, none cached, 798 new in
                       0.23 s (3,470 T/s) · first token 0.24 s, total 0.33 s ·
                       draft 5/8 accepted (62%) · max_tokens reached
16:33:51.186 INFO:     #211 chat/completions (stream): 486 prompt tokens ·
                       temperature: 0, greedy (req), max_tokens: 16 (req),
                       min_tokens: 16 (req)
16:33:51.681 INFO:     #210 chat/completions (stream): 29 tokens generated at
                       57.5 T/s · prompt 69 tokens, none cached, 69 new in 0.07
                       s · first token 0.08 s, total 0.58 s · draft 18/22
                       accepted (82%) · max_tokens reached
16:33:51.682 INFO:     #211 chat/completions (stream): 16 tokens generated at
                       109.1 T/s · prompt 486 tokens, none cached, 486 new in
                       0.26 s (1,869 T/s) · first token 0.26 s, total 0.41 s ·
                       draft 10/12 accepted (83%) · max_tokens reached
16:33:51.749 INFO:     #212 chat/completions (stream): 626 prompt tokens ·
                       temperature: 0, greedy (req), max_tokens: 59 (req),
                       min_tokens: 59 (req)
16:33:51.751 INFO:     #213 chat/completions (stream): 254 prompt tokens ·
                       temperature: 0, greedy (req), max_tokens: 10 (req),
                       min_tokens: 10 (req)
16:33:52.297 INFO:     #213 chat/completions (stream): 10 tokens generated at
                       51.8 T/s · prompt 254 tokens, none cached, 254 new in
                       0.11 s · queued 0.15 s, first token 0.26 s, total 0.45 s
                       · draft 6/8 accepted (75%) · max_tokens reached
16:33:52.362 INFO:     #214 chat/completions (stream): 692 prompt tokens ·
                       temperature: 0, greedy (req), max_tokens: 109 (req),
                       min_tokens: 109 (req)
16:33:52.535 INFO:     #198 chat/completions (stream): 304 tokens generated at
                       57.8 T/s · prompt 62 tokens, none cached, 62 new in 0.07
                       s · first token 0.08 s, total 5.34 s · draft 164/280
                       accepted (59%) · max_tokens reached
16:33:52.706 INFO:     #215 chat/completions (stream): 66 prompt tokens ·
                       temperature: 0, greedy (req), max_tokens: 207 (req),
                       min_tokens: 207 (req)
16:33:53.036 INFO:     #212 chat/completions (stream): 59 tokens generated at
                       72.7 T/s · prompt 626 tokens, none cached, 626 new in
                       0.37 s (1,692 T/s) · first token 0.38 s, total 1.19 s ·
                       draft 38/42 accepted (90%) · max_tokens reached
16:33:53.106 INFO:     #216 chat/completions (stream): 655 prompt tokens ·
                       temperature: 0, greedy (req), max_tokens: 24 (req),
                       min_tokens: 24 (req)
16:33:53.744 INFO:     #216 chat/completions (stream): 24 tokens generated at
                       89.6 T/s · prompt 655 tokens, none cached, 655 new in
                       0.27 s (2,426 T/s) · first token 0.28 s, total 0.54 s ·
                       draft 14/20 accepted (70%) · max_tokens reached
16:33:53.811 INFO:     #217 chat/completions (stream): 87 prompt tokens ·
                       temperature: 0, greedy (req), max_tokens: 385 (req),
                       min_tokens: 385 (req)
16:33:54.209 INFO:     #214 chat/completions (stream): 109 tokens generated at
                       73.8 T/s · prompt 692 tokens, none cached, 692 new in
                       0.27 s (2,563 T/s) · first token 0.28 s, total 1.75 s ·
                       draft 65/88 accepted (74%) · max_tokens reached
16:33:54.280 INFO:     #218 chat/completions (stream): 190 prompt tokens ·
                       temperature: 0, greedy (req), max_tokens: 51 (req),
                       min_tokens: 51 (req)
16:33:54.718 INFO:     #205 chat/completions (stream): 300 tokens generated at
                       57.7 T/s · prompt 69 tokens, none cached, 69 new in 0.07
                       s · first token 0.08 s, total 5.28 s · draft 163/274
                       accepted (59%) · max_tokens reached
16:33:54.791 INFO:     #219 chat/completions (stream): 350 prompt tokens ·
                       temperature: 0, greedy (req), max_tokens: 47 (req),
                       min_tokens: 47 (req)
16:33:55.166 INFO:     #218 chat/completions (stream): 51 tokens generated at
                       73.5 T/s · prompt 190 tokens, none cached, 190 new in
                       0.10 s · first token 0.10 s, total 0.80 s · draft 32/38
                       accepted (84%) · max_tokens reached
16:33:55.234 INFO:     #220 chat/completions (stream): 119 prompt tokens ·
                       temperature: 0, greedy (req), max_tokens: 5 (req),
                       min_tokens: 5 (req)
16:33:55.496 INFO:     #220 chat/completions (stream): 5 tokens generated at
                       105.4 T/s · prompt 119 tokens, none cached, 119 new in
                       0.10 s · first token 0.10 s, total 0.15 s · draft 3/4
                       accepted (75%) · max_tokens reached
16:33:55.566 INFO:     #221 chat/completions (stream): 496 prompt tokens ·
                       temperature: 0, greedy (req), max_tokens: 29 (req),
                       min_tokens: 29 (req)
16:33:55.884 INFO:     #219 chat/completions (stream): 47 tokens generated at
                       87.5 T/s · prompt 350 tokens, none cached, 350 new in
                       0.23 s (1,522 T/s) · first token 0.24 s, total 0.77 s ·
                       draft 29/36 accepted (81%) · max_tokens reached
16:33:55.956 INFO:     #222 chat/completions (stream): 773 prompt tokens ·
                       temperature: 0, greedy (req), max_tokens: 29 (req),
                       min_tokens: 29 (req)
16:33:56.355 INFO:     #215 chat/completions (stream): 207 tokens generated at
                       59.4 T/s · prompt 66 tokens, none cached, 66 new in 0.07
                       s · first token 0.07 s, total 3.56 s · draft 112/190
                       accepted (59%) · max_tokens reached
16:33:56.356 INFO:     #221 chat/completions (stream): 29 tokens generated at
                       64.1 T/s · prompt 496 tokens, none cached, 496 new in
                       0.25 s (1,984 T/s) · first token 0.26 s, total 0.71 s ·
                       draft 18/22 accepted (82%) · max_tokens reached
16:33:56.422 INFO:     #223 chat/completions (stream): 84 prompt tokens ·
                       temperature: 0, greedy (req), max_tokens: 308 (req),
                       min_tokens: 308 (req)
16:33:56.424 INFO:     #224 chat/completions (stream): 59 prompt tokens ·
                       temperature: 0, greedy (req), max_tokens: 300 (req),
                       min_tokens: 300 (req)
16:33:56.696 INFO:     #222 chat/completions (stream): 29 tokens generated at
                       67.3 T/s · prompt 773 tokens, none cached, 773 new in
                       0.21 s (3,681 T/s) · first token 0.21 s, total 0.65 s ·
                       draft 17/24 accepted (71%) · max_tokens reached
16:33:56.759 INFO:     #225 chat/completions (stream): 309 prompt tokens ·
                       temperature: 0, greedy (req), max_tokens: 12 (req),
                       min_tokens: 12 (req)
16:33:56.760 INFO:     #204 chat/completions (stream): 450 tokens generated at
                       57.3 T/s · prompt 64 tokens, none cached, 64 new in 0.07
                       s · first token 0.08 s, total 7.93 s · draft 243/414
                       accepted (59%) · max_tokens reached
16:33:57.014 INFO:     #226 chat/completions (stream): 124 prompt tokens ·
                       temperature: 0, greedy (req), max_tokens: 8 (req),
                       min_tokens: 8 (req)
16:33:57.274 INFO:     #225 chat/completions (stream): 12 tokens generated at
                       54.6 T/s · prompt 309 tokens, none cached, 309 new in
                       0.20 s (1,545 T/s) · first token 0.21 s, total 0.43 s ·
                       draft 7/10 accepted (70%) · max_tokens reached
16:33:57.275 INFO:     #226 chat/completions (stream): 8 tokens generated at
                       113.0 T/s · prompt 124 tokens, none cached, 124 new in
                       0.10 s · first token 0.10 s, total 0.18 s · draft 5/6
                       accepted (83%) · max_tokens reached
16:33:57.344 INFO:     #227 chat/completions (stream): 384 prompt tokens ·
                       temperature: 0, greedy (req), max_tokens: 805 (req),
                       min_tokens: 805 (req)
16:33:57.346 INFO:     #228 chat/completions (stream): 217 prompt tokens ·
                       temperature: 0, greedy (req), max_tokens: 607 (req),
                       min_tokens: 607 (req)
16:33:59.273 INFO:     #206 chat/completions (stream): 540 tokens generated at
                       58.8 T/s · prompt 70 tokens, none cached, 70 new in 0.07
                       s · first token 0.08 s, total 9.25 s · draft 297/486
                       accepted (61%) · max_tokens reached
16:33:59.346 INFO:     #229 chat/completions (stream): 72 prompt tokens ·
                       temperature: 0, greedy (req), max_tokens: 223 (req),
                       min_tokens: 223 (req)
16:33:59.936 INFO:     #217 chat/completions (stream): 385 tokens generated at
                       64.8 T/s · prompt 87 tokens, none cached, 87 new in 0.08
                       s · first token 0.09 s, total 6.03 s · draft 210/350
                       accepted (60%) · max_tokens reached
16:34:00.006 INFO:     #230 chat/completions (stream): 268 prompt tokens ·
                       temperature: 0, greedy (req), max_tokens: 21 (req),
                       min_tokens: 21 (req)
16:34:00.525 INFO:     #230 chat/completions (stream): 21 tokens generated at
                       92.1 T/s · prompt 268 tokens, none cached, 268 new in
                       0.17 s (1,576 T/s) · first token 0.18 s, total 0.40 s ·
                       draft 12/18 accepted (67%) · max_tokens reached
16:34:00.592 INFO:     #231 chat/completions (stream): 209 prompt tokens ·
                       temperature: 0, greedy (req), max_tokens: 209 (req),
                       min_tokens: 209 (req)
16:34:00.743 INFO:     #223 chat/completions (stream): 308 tokens generated at
                       77.7 T/s · prompt 84 tokens, none cached, 84 new in 0.15
                       s · first token 0.16 s, total 4.13 s · draft 181/254
                       accepted (71%) · max_tokens reached
16:34:00.812 INFO:     #232 chat/completions (stream): 178 prompt tokens ·
                       temperature: 0, greedy (req), max_tokens: 18 (req),
                       min_tokens: 18 (req)
16:34:01.177 INFO:     #232 chat/completions (stream): 18 tokens generated at
                       103.9 T/s · prompt 178 tokens, none cached, 178 new in
                       0.09 s · first token 0.09 s, total 0.27 s · draft 11/14
                       accepted (79%) · max_tokens reached
16:34:01.245 INFO:     #233 chat/completions (stream): 62 prompt tokens ·
                       temperature: 0, greedy (req), max_tokens: 94 (req),
                       min_tokens: 94 (req)
16:34:01.361 INFO:     #224 chat/completions (stream): 300 tokens generated at
                       65.0 T/s · prompt 59 tokens, none cached, 59 new in 0.07
                       s · first token 0.16 s, total 4.78 s · draft 154/292
                       accepted (53%) · max_tokens reached
16:34:01.405 INFO:     #191 chat/completions (stream): 1,181 tokens generated at
                       69.7 T/s · prompt 64 tokens, none cached, 64 new in 0.07
                       s · first token 0.08 s, total 17.0 s · draft 705/952
                       accepted (74%) · max_tokens reached
16:34:01.451 INFO:     #234 chat/completions (stream): 100 prompt tokens ·
                       temperature: 0, greedy (req), max_tokens: 91 (req),
                       min_tokens: 91 (req)
16:34:01.596 INFO:     #235 chat/completions (stream): 73 prompt tokens ·
                       temperature: 0, greedy (req), max_tokens: 229 (req),
                       min_tokens: 229 (req)
16:34:02.292 INFO:     #207 chat/completions (stream): 830 tokens generated at
                       69.4 T/s · prompt 72 tokens, none cached, 72 new in 0.07
                       s · first token 0.08 s, total 12.0 s · draft 499/662
                       accepted (75%) · max_tokens reached
16:34:02.365 INFO:     #237 chat/completions (stream): 88 prompt tokens ·
                       temperature: 0, greedy (req), max_tokens: 323 (req),
                       min_tokens: 323 (req)
16:34:02.647 INFO:     #234 chat/completions (stream): 91 tokens generated at
                       90.6 T/s · prompt 100 tokens, none cached, 100 new in
                       0.09 s · first token 0.10 s, total 1.10 s · draft 57/68
                       accepted (84%) · max_tokens reached
16:34:02.716 INFO:     #238 chat/completions (stream): 68 prompt tokens ·
                       temperature: 0, greedy (req), max_tokens: 534 (req),
                       min_tokens: 534 (req)
16:34:02.844 INFO:     #233 chat/completions (stream): 94 tokens generated at
                       69.5 T/s · prompt 62 tokens, none cached, 62 new in 0.07
                       s · first token 0.08 s, total 1.43 s · draft 50/88
                       accepted (57%) · max_tokens reached
16:34:02.910 INFO:     #239 chat/completions (stream): 164 prompt tokens ·
                       temperature: 0, greedy (req), max_tokens: 41 (req),
                       min_tokens: 41 (req)
16:34:03.028 INFO:     #229 chat/completions (stream): 223 tokens generated at
                       65.3 T/s · prompt 72 tokens, none cached, 72 new in 0.07
                       s · first token 0.08 s, total 3.49 s · draft 115/216
                       accepted (53%) · max_tokens reached
16:34:03.100 INFO:     #240 chat/completions (stream): 662 prompt tokens ·
                       temperature: 0, greedy (req), max_tokens: 243 (req),
                       min_tokens: 243 (req)
16:34:03.493 INFO:     #231 chat/completions (stream): 209 tokens generated at
                       77.9 T/s · prompt 209 tokens, none cached, 209 new in
                       0.10 s · first token 0.11 s, total 2.79 s · draft 133/152
                       accepted (88%) · max_tokens reached
16:34:03.561 INFO:     #241 chat/completions (stream): 106 prompt tokens ·
                       temperature: 0, greedy (req), max_tokens: 40 (req),
                       min_tokens: 40 (req)
16:34:03.821 INFO:     #239 chat/completions (stream): 41 tokens generated at
                       56.6 T/s · prompt 164 tokens, none cached, 164 new in
                       0.09 s · first token 0.10 s, total 0.82 s · draft 25/32
                       accepted (78%) · max_tokens reached
16:34:03.894 INFO:     #242 chat/completions (stream): 802 prompt tokens ·
                       temperature: 0, greedy (req), max_tokens: 6 (req),
                       min_tokens: 6 (req)
16:34:04.300 INFO:     #242 chat/completions (stream): 6 tokens generated at
                       125.6 T/s · prompt 802 tokens, none cached, 802 new in
                       0.26 s (3,085 T/s) · first token 0.26 s, total 0.31 s ·
                       draft 4/4 accepted (100%) · max_tokens reached
16:34:04.346 INFO:     #241 chat/completions (stream): 40 tokens generated at
                       67.0 T/s · prompt 106 tokens, none cached, 106 new in
                       0.09 s · first token 0.10 s, total 0.69 s · draft 25/30
                       accepted (83%) · max_tokens reached
16:34:04.370 INFO:     #243 chat/completions (stream): 717 prompt tokens ·
                       temperature: 0, greedy (req), max_tokens: 21 (req),
                       min_tokens: 21 (req)
16:34:04.671 INFO:     #244 chat/completions (stream): 114 prompt tokens ·
                       temperature: 0, greedy (req), max_tokens: 93 (req),
                       min_tokens: 93 (req)
16:34:05.044 INFO:     #243 chat/completions (stream): 21 tokens generated at
                       69.6 T/s · prompt 717 tokens, none cached, 717 new in
                       0.27 s (2,656 T/s) · first token 0.28 s, total 0.58 s ·
                       draft 13/16 accepted (81%) · max_tokens reached
16:34:05.116 INFO:     #245 chat/completions (stream): 75 prompt tokens ·
                       temperature: 0, greedy (req), max_tokens: 517 (req),
                       min_tokens: 517 (req)
16:34:05.567 INFO:     #235 chat/completions (stream): 229 tokens generated at
                       60.3 T/s · prompt 73 tokens, none cached, 73 new in 0.08
                       s · first token 0.08 s, total 3.88 s · draft 125/208
                       accepted (60%) · max_tokens reached
16:34:05.639 INFO:     #246 chat/completions (stream): 61 prompt tokens ·
                       temperature: 0, greedy (req), max_tokens: 201 (req),
                       min_tokens: 201 (req)
16:34:06.615 INFO:     #244 chat/completions (stream): 93 tokens generated at
                       53.1 T/s · prompt 114 tokens, none cached, 114 new in
                       0.10 s · first token 0.11 s, total 1.86 s · draft 29/128
                       accepted (23%) · max_tokens reached
16:34:06.680 INFO:     #247 chat/completions (stream): 167 prompt tokens ·
                       temperature: 0, greedy (req), max_tokens: 13 (req),
                       min_tokens: 13 (req)
16:34:06.681 INFO:     #228 chat/completions (stream): 607 tokens generated at
                       67.3 T/s · prompt 217 tokens, none cached, 217 new in
                       0.11 s · queued 0.13 s, first token 0.24 s, total 9.25 s
                       · draft 327/560 accepted (58%) · max_tokens reached
16:34:06.845 INFO:     #248 chat/completions (stream): 65 prompt tokens ·
                       temperature: 0, greedy (req), max_tokens: 177 (req),
                       min_tokens: 177 (req)
16:34:07.093 INFO:     #247 chat/completions (stream): 13 tokens generated at
                       58.2 T/s · prompt 167 tokens, none cached, 167 new in
                       0.09 s · first token 0.10 s, total 0.32 s · draft 7/12
                       accepted (58%) · max_tokens reached
16:34:07.167 INFO:     #249 chat/completions (stream): 637 prompt tokens ·
                       temperature: 0, greedy (req), max_tokens: 1147 (req),
                       min_tokens: 1147 (req)
16:34:07.606 INFO:     #240 chat/completions (stream): 243 tokens generated at
                       58.4 T/s · prompt 662 tokens, none cached, 662 new in
                       0.25 s (2,648 T/s) · first token 0.26 s, total 4.41 s ·
                       draft 125/236 accepted (53%) · max_tokens reached
16:34:07.678 INFO:     #250 chat/completions (stream): 690 prompt tokens ·
                       temperature: 0, greedy (req), max_tokens: 10 (req),
                       min_tokens: 10 (req)
16:34:08.037 INFO:     #237 chat/completions (stream): 323 tokens generated at
                       59.8 T/s · prompt 88 tokens, none cached, 88 new in 0.08
                       s · first token 0.09 s, total 5.48 s · draft 176/294
                       accepted (60%) · max_tokens reached
16:34:08.102 INFO:     #251 chat/completions (stream): 57 prompt tokens ·
                       temperature: 0, greedy (req), max_tokens: 285 (req),
                       min_tokens: 285 (req)
16:34:08.198 INFO:     #250 chat/completions (stream): 10 tokens generated at
                       112.6 T/s · prompt 690 tokens, none cached, 690 new in
                       0.26 s (2,654 T/s) · first token 0.27 s, total 0.35 s ·
                       draft 6/8 accepted (75%) · max_tokens reached
16:34:08.273 INFO:     #252 chat/completions (stream): 76 prompt tokens ·
                       temperature: 0, greedy (req), max_tokens: 562 (req),
                       min_tokens: 562 (req)
16:34:08.549 INFO:     #246 chat/completions (stream): 201 tokens generated at
                       73.3 T/s · prompt 61 tokens, none cached, 61 new in 0.07
                       s · first token 0.08 s, total 2.82 s · draft 122/158
                       accepted (77%) · max_tokens reached
16:34:08.622 INFO:     #253 chat/completions (stream): 540 prompt tokens ·
                       temperature: 0, greedy (req), max_tokens: 8 (req),
                       min_tokens: 8 (req)
16:34:08.985 INFO:     #253 chat/completions (stream): 8 tokens generated at
                       111.0 T/s · prompt 540 tokens, none cached, 540 new in
                       0.19 s (2,842 T/s) · first token 0.20 s, total 0.27 s ·
                       draft 5/6 accepted (83%) · max_tokens reached
16:34:09.058 INFO:     #254 chat/completions (stream): 60 prompt tokens ·
                       temperature: 0, greedy (req), max_tokens: 198 (req),
                       min_tokens: 198 (req)
16:34:09.851 INFO:     #248 chat/completions (stream): 177 tokens generated at
                       62.5 T/s · prompt 65 tokens, none cached, 65 new in 0.08
                       s · first token 0.08 s, total 2.92 s · draft 96/162
                       accepted (59%) · max_tokens reached
16:34:09.874 INFO:     #227 chat/completions (stream): 805 tokens generated at
                       66.6 T/s · prompt 384 tokens, none cached, 384 new in
                       0.34 s (1,129 T/s) · first token 0.35 s, total 12.4 s ·
                       draft 437/736 accepted (59%) · max_tokens reached
16:34:09.920 INFO:     #255 chat/completions (stream): 58 prompt tokens ·
                       temperature: 0, greedy (req), max_tokens: 31 (req),
                       min_tokens: 31 (req)
16:34:10.018 INFO:     #256 chat/completions (stream): 449 prompt tokens ·
                       temperature: 0, greedy (req), max_tokens: 25 (req),
                       min_tokens: 25 (req)
16:34:10.497 INFO:     #238 chat/completions (stream): 534 tokens generated at
                       70.4 T/s · prompt 68 tokens, none cached, 68 new in 0.08
                       s · first token 0.09 s, total 7.67 s · draft 325/418
                       accepted (78%) · max_tokens reached
16:34:10.563 INFO:     #257 chat/completions (stream): 392 prompt tokens ·
                       temperature: 0, greedy (req), max_tokens: 17 (req),
                       min_tokens: 17 (req)
16:34:10.828 INFO:     #256 chat/completions (stream): 25 tokens generated at
                       97.2 T/s · prompt 449 tokens, none cached, 449 new in
                       0.24 s (1,871 T/s) · first token 0.24 s, total 0.50 s ·
                       draft 15/20 accepted (75%) · max_tokens reached
16:34:10.851 INFO:     #255 chat/completions (stream): 31 tokens generated at
                       56.4 T/s · prompt 58 tokens, none cached, 58 new in 0.07
                       s · first token 0.08 s, total 0.63 s · draft 18/26
                       accepted (69%) · max_tokens reached
16:34:10.896 INFO:     #258 chat/completions (stream): 112 prompt tokens ·
                       temperature: 0, greedy (req), max_tokens: 556 (req),
                       min_tokens: 556 (req)
16:34:11.018 INFO:     #259 chat/completions (stream): 79 prompt tokens ·
                       temperature: 0, greedy (req), max_tokens: 165 (req),
                       min_tokens: 165 (req)
16:34:11.267 INFO:     #257 chat/completions (stream): 17 tokens generated at
                       46.5 T/s · prompt 392 tokens, none cached, 392 new in
                       0.24 s (1,633 T/s) · first token 0.25 s, total 0.61 s ·
                       draft 9/16 accepted (56%) · max_tokens reached
16:34:11.337 INFO:     #260 chat/completions (stream): 63 prompt tokens ·
                       temperature: 0, greedy (req), max_tokens: 650 (req),
                       min_tokens: 650 (req)
16:34:11.983 INFO:     #254 chat/completions (stream): 198 tokens generated at
                       71.8 T/s · prompt 60 tokens, none cached, 60 new in 0.07
                       s · first token 0.08 s, total 2.83 s · draft 116/164
                       accepted (71%) · max_tokens reached
16:34:12.053 INFO:     #261 chat/completions (stream): 68 prompt tokens ·
                       temperature: 0, greedy (req), max_tokens: 434 (req),
                       min_tokens: 434 (req)
16:34:12.561 INFO:     #251 chat/completions (stream): 285 tokens generated at
                       66.3 T/s · prompt 57 tokens, none cached, 57 new in 0.07
                       s · first token 0.08 s, total 4.37 s · draft 156/258
                       accepted (60%) · max_tokens reached
16:34:12.631 INFO:     #262 chat/completions (stream): 527 prompt tokens ·
                       temperature: 0, greedy (req), max_tokens: 78 (req),
                       min_tokens: 78 (req)
16:34:13.214 INFO:     #245 chat/completions (stream): 517 tokens generated at
                       65.2 T/s · prompt 75 tokens, none cached, 75 new in 0.08
                       s · first token 0.09 s, total 8.01 s · draft 279/476
                       accepted (59%) · max_tokens reached
16:34:13.277 INFO:     #263 chat/completions (stream): 65 prompt tokens ·
                       temperature: 0, greedy (req), max_tokens: 352 (req),
                       min_tokens: 352 (req)
16:34:13.374 INFO:     #259 chat/completions (stream): 165 tokens generated at
                       78.1 T/s · prompt 79 tokens, none cached, 79 new in 0.08
                       s · first token 0.08 s, total 2.20 s · draft 91/148
                       accepted (61%) · max_tokens reached
16:34:13.449 INFO:     #264 chat/completions (stream): 342 prompt tokens ·
                       temperature: 0, greedy (req), max_tokens: 44 (req),
                       min_tokens: 44 (req)
16:34:14.070 INFO:     #262 chat/completions (stream): 78 tokens generated at
                       68.0 T/s · prompt 527 tokens, none cached, 527 new in
                       0.20 s (2,635 T/s) · first token 0.21 s, total 1.35 s ·
                       draft 41/74 accepted (55%) · max_tokens reached
16:34:14.142 INFO:     #265 chat/completions (stream): 448 prompt tokens ·
                       temperature: 0, greedy (req), max_tokens: 55 (req),
                       min_tokens: 55 (req)
16:34:14.449 INFO:     #264 chat/completions (stream): 44 tokens generated at
                       95.5 T/s · prompt 342 tokens, none cached, 342 new in
                       0.23 s (1,487 T/s) · first token 0.23 s, total 0.70 s ·
                       draft 24/40 accepted (60%) · max_tokens reached
16:34:14.519 INFO:     #266 chat/completions (stream): 399 prompt tokens ·
                       temperature: 0, greedy (req), max_tokens: 15 (req),
                       min_tokens: 15 (req)
16:34:15.020 INFO:     #266 chat/completions (stream): 15 tokens generated at
                       92.2 T/s · prompt 399 tokens, none cached, 399 new in
                       0.24 s (1,662 T/s) · first token 0.25 s, total 0.41 s ·
                       draft 8/14 accepted (57%) · max_tokens reached
16:34:15.089 INFO:     #267 chat/completions (stream): 72 prompt tokens ·
                       temperature: 0, greedy (req), max_tokens: 279 (req),
                       min_tokens: 279 (req)
16:34:15.360 INFO:     #265 chat/completions (stream): 55 tokens generated at
                       62.1 T/s · prompt 448 tokens, none cached, 448 new in
                       0.23 s (1,948 T/s) · first token 0.24 s, total 1.12 s ·
                       draft 30/50 accepted (60%) · max_tokens reached
16:34:15.455 INFO:     #268 chat/completions (stream): 64 prompt tokens ·
                       temperature: 0, greedy (req), max_tokens: 150 (req),
                       min_tokens: 150 (req)
16:34:16.567 INFO:     #252 chat/completions (stream): 562 tokens generated at
                       69.2 T/s · prompt 76 tokens, none cached, 76 new in 0.08
                       s · first token 0.09 s, total 8.20 s · draft 314/496
                       accepted (63%) · max_tokens reached
16:34:16.640 INFO:     #269 chat/completions (stream): 340 prompt tokens ·
                       temperature: 0, greedy (req), max_tokens: 26 (req),
                       min_tokens: 26 (req)
16:34:17.292 INFO:     #269 chat/completions (stream): 26 tokens generated at
                       79.9 T/s · prompt 340 tokens, none cached, 340 new in
                       0.22 s (1,545 T/s) · first token 0.23 s, total 0.55 s ·
                       draft 13/26 accepted (50%) · max_tokens reached
16:34:17.366 INFO:     #271 chat/completions (stream): 66 prompt tokens ·
                       temperature: 0, greedy (req), max_tokens: 12 (req),
                       min_tokens: 12 (req)
16:34:17.563 INFO:     #268 chat/completions (stream): 150 tokens generated at
                       77.4 T/s · prompt 64 tokens, none cached, 64 new in 0.07
                       s · first token 0.08 s, total 2.01 s · draft 83/134
                       accepted (62%) · max_tokens reached
16:34:17.632 INFO:     #272 chat/completions (stream): 446 prompt tokens ·
                       temperature: 0, greedy (req), max_tokens: 8 (req),
                       min_tokens: 8 (req)
16:34:17.633 INFO:     #271 chat/completions (stream): 12 tokens generated at
                       126.6 T/s · prompt 66 tokens, none cached, 66 new in 0.07
                       s · first token 0.08 s, total 0.17 s · draft 8/8 accepted
                       (100%) · max_tokens reached
16:34:17.917 INFO:     #273 chat/completions (stream): 99 prompt tokens ·
                       temperature: 0, greedy (req), max_tokens: 429 (req),
                       min_tokens: 429 (req)
16:34:18.130 INFO:     #272 chat/completions (stream): 8 tokens generated at
                       48.2 T/s · prompt 446 tokens, none cached, 446 new in
                       0.23 s (1,939 T/s) · first token 0.24 s, total 0.40 s ·
                       draft 5/6 accepted (83%) · max_tokens reached
16:34:18.192 INFO:     #274 chat/completions (stream): 70 prompt tokens ·
                       temperature: 0, greedy (req), max_tokens: 772 (req),
                       min_tokens: 772 (req)
16:34:18.316 INFO:     #258 chat/completions (stream): 556 tokens generated at
                       77.7 T/s · prompt 112 tokens, none cached, 112 new in
                       0.09 s · first token 0.10 s, total 7.25 s · draft 337/438
                       accepted (77%) · max_tokens reached
16:34:18.317 INFO:     #263 chat/completions (stream): 352 tokens generated at
                       73.3 T/s · prompt 65 tokens, none cached, 65 new in 0.07
                       s · first token 0.08 s, total 4.88 s · draft 211/282
                       accepted (75%) · max_tokens reached
16:34:18.386 INFO:     #275 chat/completions (stream): 391 prompt tokens ·
                       temperature: 0, greedy (req), max_tokens: 46 (req),
                       min_tokens: 46 (req)
16:34:18.388 INFO:     #276 chat/completions (stream): 60 prompt tokens ·
                       temperature: 0, greedy (req), max_tokens: 75 (req),
                       min_tokens: 75 (req)
16:34:19.095 INFO:     #267 chat/completions (stream): 279 tokens generated at
                       72.8 T/s · prompt 72 tokens, none cached, 72 new in 0.08
                       s · first token 0.09 s, total 3.92 s · draft 166/226
                       accepted (73%) · max_tokens reached
16:34:19.120 INFO:     #261 chat/completions (stream): 434 tokens generated at
                       62.9 T/s · prompt 68 tokens, none cached, 68 new in 0.07
                       s · first token 0.08 s, total 6.97 s · draft 232/404
                       accepted (57%) · max_tokens reached
16:34:19.166 INFO:     #277 chat/completions (stream): 691 prompt tokens ·
                       temperature: 0, greedy (req), max_tokens: 139 (req),
                       min_tokens: 139 (req)
16:34:19.341 INFO:     #278 chat/completions (stream): 68 prompt tokens ·
                       temperature: 0, greedy (req), max_tokens: 282 (req),
                       min_tokens: 282 (req)
16:34:19.706 INFO:     #275 chat/completions (stream): 46 tokens generated at
                       52.3 T/s · prompt 391 tokens, none cached, 391 new in
                       0.34 s (1,150 T/s) · first token 0.35 s, total 1.23 s ·
                       draft 24/44 accepted (55%) · max_tokens reached
16:34:19.777 INFO:     #279 chat/completions (stream): 63 prompt tokens ·
                       temperature: 0, greedy (req), max_tokens: 98 (req),
                       min_tokens: 98 (req)
16:34:19.967 INFO:     #276 chat/completions (stream): 75 tokens generated at
                       59.2 T/s · prompt 60 tokens, none cached, 60 new in 0.07
                       s · queued 0.15 s, first token 0.22 s, total 1.49 s ·
                       draft 44/62 accepted (71%) · max_tokens reached
16:34:20.040 INFO:     #280 chat/completions (stream): 815 prompt tokens ·
                       temperature: 0, greedy (req), max_tokens: 282 (req),
                       min_tokens: 282 (req)
16:34:20.469 INFO:     #260 chat/completions (stream): 650 tokens generated at
                       72.5 T/s · prompt 63 tokens, none cached, 63 new in 0.07
                       s · first token 0.08 s, total 9.04 s · draft 393/514
                       accepted (76%) · max_tokens reached
16:34:20.540 INFO:     #281 chat/completions (stream): 84 prompt tokens ·
                       temperature: 0, greedy (req), max_tokens: 278 (req),
                       min_tokens: 278 (req)
16:34:21.190 INFO:     #279 chat/completions (stream): 98 tokens generated at
                       78.5 T/s · prompt 63 tokens, none cached, 63 new in 0.07
                       s · first token 0.08 s, total 1.32 s · draft 59/78
                       accepted (76%) · max_tokens reached
16:34:21.259 INFO:     #282 chat/completions (stream): 60 prompt tokens ·
                       temperature: 0, greedy (req), max_tokens: 202 (req),
                       min_tokens: 202 (req)
16:34:21.521 INFO:     #277 chat/completions (stream): 139 tokens generated at
                       74.6 T/s · prompt 691 tokens, none cached, 691 new in
                       0.37 s (1,868 T/s) · first token 0.38 s, total 2.24 s ·
                       draft 80/118 accepted (68%) · max_tokens reached
16:34:21.593 INFO:     #283 chat/completions (stream): 62 prompt tokens ·
                       temperature: 0, greedy (req), max_tokens: 105 (req),
                       min_tokens: 105 (req)
16:34:22.976 INFO:     #283 chat/completions (stream): 105 tokens generated at
                       86.2 T/s · prompt 62 tokens, none cached, 62 new in 0.07
                       s · first token 0.07 s, total 1.29 s · draft 57/96
                       accepted (59%) · max_tokens reached
16:34:23.047 INFO:     #284 chat/completions (stream): 61 prompt tokens ·
                       temperature: 0, greedy (req), max_tokens: 61 (req),
                       min_tokens: 61 (req)
16:34:23.217 INFO:     #278 chat/completions (stream): 282 tokens generated at
                       80.5 T/s · prompt 68 tokens, none cached, 68 new in 0.07
                       s · queued 0.13 s, first token 0.20 s, total 3.70 s ·
                       draft 161/242 accepted (67%) · max_tokens reached
16:34:23.291 INFO:     #285 chat/completions (stream): 65 prompt tokens ·
                       temperature: 0, greedy (req), max_tokens: 210 (req),
                       min_tokens: 210 (req)
16:34:23.816 INFO:     #249 chat/completions (stream): 1,147 tokens generated at
                       70.5 T/s · prompt 637 tokens, none cached, 637 new in
                       0.27 s (2,359 T/s) · first token 0.28 s, total 16.6 s ·
                       draft 663/968 accepted (68%) · max_tokens reached
16:34:23.887 INFO:     #286 chat/completions (stream): 60 prompt tokens ·
                       temperature: 0, greedy (req), max_tokens: 41 (req),
                       min_tokens: 41 (req)
16:34:24.081 INFO:     #284 chat/completions (stream): 61 tokens generated at
                       70.7 T/s · prompt 61 tokens, none cached, 61 new in 0.07
                       s · first token 0.08 s, total 0.94 s · draft 32/58
                       accepted (55%) · max_tokens reached
16:34:24.125 INFO:     #280 chat/completions (stream): 282 tokens generated at
                       75.6 T/s · prompt 815 tokens, none cached, 815 new in
                       0.26 s (3,135 T/s) · first token 0.27 s, total 3.99 s ·
                       draft 149/266 accepted (56%) · max_tokens reached
16:34:24.126 INFO:     #281 chat/completions (stream): 278 tokens generated at
                       81.6 T/s · prompt 84 tokens, none cached, 84 new in 0.08
                       s · first token 0.09 s, total 3.49 s · draft 155/246
                       accepted (63%) · max_tokens reached
16:34:24.147 INFO:     #287 chat/completions (stream): 60 prompt tokens ·
                       temperature: 0, greedy (req), max_tokens: 287 (req),
                       min_tokens: 287 (req)
16:34:24.269 INFO:     #288 chat/completions (stream): 70 prompt tokens ·
                       temperature: 0, greedy (req), max_tokens: 276 (req),
                       min_tokens: 276 (req)
16:34:24.273 INFO:     #289 chat/completions (stream): 107 prompt tokens ·
                       temperature: 0, greedy (req), max_tokens: 176 (req),
                       min_tokens: 176 (req)
16:34:24.511 INFO:     #273 chat/completions (stream): 429 tokens generated at
                       70.0 T/s · prompt 99 tokens, none cached, 99 new in 0.09
                       s · first token 0.10 s, total 6.23 s · draft 239/380
                       accepted (63%) · max_tokens reached
16:34:24.588 INFO:     #290 chat/completions (stream): 987 prompt tokens ·
                       temperature: 0, greedy (req), max_tokens: 113 (req),
                       min_tokens: 113 (req)
16:34:24.589 INFO:     #282 chat/completions (stream): 202 tokens generated at
                       64.1 T/s · prompt 60 tokens, none cached, 60 new in 0.07
                       s · first token 0.08 s, total 3.23 s · draft 98/208
                       accepted (47%) · max_tokens reached
16:34:24.961 INFO:     #291 chat/completions (stream): 731 prompt tokens ·
                       temperature: 0, greedy (req), max_tokens: 694 (req),
                       min_tokens: 694 (req)
16:34:25.257 INFO:     #286 chat/completions (stream): 41 tokens generated at
                       48.9 T/s · prompt 60 tokens, none cached, 60 new in 0.07
                       s · first token 0.08 s, total 0.91 s · draft 25/32
                       accepted (78%) · max_tokens reached
16:34:25.328 INFO:     #292 chat/completions (stream): 67 prompt tokens ·
                       temperature: 0, greedy (req), max_tokens: 84 (req),
                       min_tokens: 84 (req)
16:34:26.356 INFO:     #292 chat/completions (stream): 84 tokens generated at
                       98.3 T/s · prompt 67 tokens, none cached, 67 new in 0.07
                       s · first token 0.08 s, total 0.93 s · draft 50/68
                       accepted (74%) · max_tokens reached
16:34:26.425 INFO:     #293 chat/completions (stream): 91 prompt tokens ·
                       temperature: 0, greedy (req), max_tokens: 464 (req),
                       min_tokens: 464 (req)
16:34:26.579 INFO:     #285 chat/completions (stream): 210 tokens generated at
                       69.2 T/s · prompt 65 tokens, none cached, 65 new in 0.07
                       s · first token 0.08 s, total 3.11 s · draft 126/168
                       accepted (75%) · max_tokens reached
16:34:26.622 INFO:     #290 chat/completions (stream): 113 tokens generated at
                       69.7 T/s · prompt 987 tokens, none cached, 987 new in
                       0.32 s (3,084 T/s) · first token 0.33 s, total 1.95 s ·
                       draft 64/98 accepted (65%) · max_tokens reached
16:34:26.644 INFO:     #294 chat/completions (stream): 114 prompt tokens ·
                       temperature: 0, greedy (req), max_tokens: 425 (req),
                       min_tokens: 425 (req)
16:34:26.790 INFO:     #295 chat/completions (stream): 60 prompt tokens ·
                       temperature: 0, greedy (req), max_tokens: 64 (req),
                       min_tokens: 64 (req)
16:34:27.232 INFO:     #289 chat/completions (stream): 176 tokens generated at
                       65.9 T/s · prompt 107 tokens, none cached, 107 new in
                       0.10 s · first token 0.19 s, total 2.86 s · draft 103/146
                       accepted (71%) · max_tokens reached
16:34:27.303 INFO:     #296 chat/completions (stream): 89 prompt tokens ·
                       temperature: 0, greedy (req), max_tokens: 609 (req),
                       min_tokens: 609 (req)
16:34:27.719 INFO:     #295 chat/completions (stream): 64 tokens generated at
                       83.9 T/s · prompt 60 tokens, none cached, 60 new in 0.07
                       s · first token 0.07 s, total 0.84 s · draft 37/54
                       accepted (69%) · max_tokens reached
16:34:27.793 INFO:     #297 chat/completions (stream): 648 prompt tokens ·
                       temperature: 0, greedy (req), max_tokens: 6 (req),
                       min_tokens: 6 (req)
16:34:28.218 INFO:     #297 chat/completions (stream): 6 tokens generated at
                       120.9 T/s · prompt 648 tokens, none cached, 648 new in
                       0.27 s (2,400 T/s) · first token 0.28 s, total 0.33 s ·
                       draft 4/4 accepted (100%) · max_tokens reached
16:34:28.289 INFO:     #298 chat/completions (stream): 113 prompt tokens ·
                       temperature: 0, greedy (req), max_tokens: 71 (req),
                       min_tokens: 71 (req)
16:34:29.093 INFO:     #298 chat/completions (stream): 71 tokens generated at
                       115.3 T/s · prompt 113 tokens, none cached, 113 new in
                       0.09 s · first token 0.10 s, total 0.71 s · draft 47/48
                       accepted (98%) · max_tokens reached
16:34:29.116 INFO:     #287 chat/completions (stream): 287 tokens generated at
                       59.8 T/s · prompt 60 tokens, none cached, 60 new in 0.07
                       s · first token 0.08 s, total 4.88 s · draft 154/266
                       accepted (58%) · max_tokens reached
16:34:29.157 INFO:     #299 chat/completions (stream): 68 prompt tokens ·
                       temperature: 0, greedy (req), max_tokens: 169 (req),
                       min_tokens: 169 (req)
16:34:29.258 INFO:     #300 chat/completions (stream): 164 prompt tokens ·
                       temperature: 0, greedy (req), max_tokens: 302 (req),
                       min_tokens: 302 (req)
16:34:29.400 INFO:     #288 chat/completions (stream): 276 tokens generated at
                       59.1 T/s · prompt 70 tokens, none cached, 70 new in 0.18
                       s · first token 0.20 s, total 4.87 s · draft 140/272
                       accepted (51%) · max_tokens reached
16:34:29.473 INFO:     #301 chat/completions (stream): 75 prompt tokens ·
                       temperature: 0, greedy (req), max_tokens: 306 (req),
                       min_tokens: 306 (req)
16:34:30.049 INFO:     #274 chat/completions (stream): 772 tokens generated at
                       66.1 T/s · prompt 70 tokens, none cached, 70 new in 0.08
                       s · first token 0.08 s, total 11.8 s · draft 429/686
                       accepted (63%) · max_tokens reached
16:34:30.122 INFO:     #302 chat/completions (stream): 256 prompt tokens ·
                       temperature: 0, greedy (req), max_tokens: 28 (req),
                       min_tokens: 28 (req)
16:34:30.696 INFO:     #302 chat/completions (stream): 28 tokens generated at
                       76.8 T/s · prompt 256 tokens, none cached, 256 new in
                       0.11 s (2,327 T/s) · first token 0.11 s, total 0.48 s ·
                       draft 14/28 accepted (50%) · max_tokens reached
16:34:30.769 INFO:     #303 chat/completions (stream): 137 prompt tokens ·
                       temperature: 0, greedy (req), max_tokens: 52 (req),
                       min_tokens: 52 (req)
16:34:31.416 INFO:     #299 chat/completions (stream): 169 tokens generated at
                       80.8 T/s · prompt 68 tokens, none cached, 68 new in 0.07
                       s · first token 0.08 s, total 2.17 s · draft 101/136
                       accepted (74%) · max_tokens reached
16:34:31.449 INFO:     #303 chat/completions (stream): 52 tokens generated at
                       110.4 T/s · prompt 137 tokens, none cached, 137 new in
                       0.11 s · first token 0.12 s, total 0.59 s · draft 33/38
                       accepted (87%) · max_tokens reached
16:34:31.495 INFO:     #304 chat/completions (stream): 840 prompt tokens ·
                       temperature: 0, greedy (req), max_tokens: 11 (req),
                       min_tokens: 11 (req)
16:34:31.702 INFO:     #305 chat/completions (stream): 77 prompt tokens ·
                       temperature: 0, greedy (req), max_tokens: 259 (req),
                       min_tokens: 259 (req)
16:34:32.107 INFO:     #304 chat/completions (stream): 11 tokens generated at
                       74.5 T/s · prompt 840 tokens, none cached, 840 new in
                       0.36 s (2,333 T/s) · first token 0.37 s, total 0.51 s ·
                       draft 5/12 accepted (42%) · max_tokens reached
16:34:32.180 INFO:     #307 chat/completions (stream): 434 prompt tokens ·
                       temperature: 0, greedy (req), max_tokens: 25 (req),
                       min_tokens: 25 (req)
16:34:32.746 INFO:     #307 chat/completions (stream): 25 tokens generated at
                       105.7 T/s · prompt 434 tokens, none cached, 434 new in
                       0.23 s (1,887 T/s) · first token 0.24 s, total 0.47 s ·
                       draft 16/18 accepted (89%) · max_tokens reached
16:34:32.817 INFO:     #308 chat/completions (stream): 136 prompt tokens ·
                       temperature: 0, greedy (req), max_tokens: 292 (req),
                       min_tokens: 292 (req)
16:34:33.423 INFO:     #294 chat/completions (stream): 425 tokens generated at
                       64.6 T/s · prompt 114 tokens, none cached, 114 new in
                       0.09 s · first token 0.10 s, total 6.68 s · draft 226/398
                       accepted (57%) · max_tokens reached
16:34:33.497 INFO:     #309 chat/completions (stream): 151 prompt tokens ·
                       temperature: 0, greedy (req), max_tokens: 435 (req),
                       min_tokens: 435 (req)
16:34:33.797 INFO:     #293 chat/completions (stream): 464 tokens generated at
                       64.5 T/s · prompt 91 tokens, none cached, 91 new in 0.08
                       s · first token 0.09 s, total 7.28 s · draft 247/434
                       accepted (57%) · max_tokens reached
16:34:33.798 INFO:     #301 chat/completions (stream): 306 tokens generated at
                       73.7 T/s · prompt 75 tokens, none cached, 75 new in 0.08
                       s · first token 0.08 s, total 4.24 s · draft 178/256
                       accepted (70%) · max_tokens reached
16:34:33.863 INFO:     #310 chat/completions (stream): 884 prompt tokens ·
                       temperature: 0, greedy (req), max_tokens: 18 (req),
                       min_tokens: 18 (req)
16:34:33.865 INFO:     #311 chat/completions (stream): 311 prompt tokens ·
                       temperature: 0, greedy (req), max_tokens: 195 (req),
                       min_tokens: 195 (req)
16:34:34.402 INFO:     #300 chat/completions (stream): 302 tokens generated at
                       67.3 T/s · prompt 164 tokens, none cached, 164 new in
                       0.09 s · first token 0.09 s, total 4.58 s · draft 163/278
                       accepted (59%) · max_tokens reached
16:34:34.473 INFO:     #312 chat/completions (stream): 425 prompt tokens ·
                       temperature: 0, greedy (req), max_tokens: 28 (req),
                       min_tokens: 28 (req)
16:34:34.830 INFO:     #310 chat/completions (stream): 18 tokens generated at
                       47.6 T/s · prompt 884 tokens, none cached, 884 new in
                       0.48 s (1,842 T/s) · first token 0.49 s, total 0.87 s ·
                       draft 11/14 accepted (79%) · max_tokens reached
16:34:34.902 INFO:     #313 chat/completions (stream): 804 prompt tokens ·
                       temperature: 0, greedy (req), max_tokens: 15 (req),
                       min_tokens: 15 (req)
16:34:35.346 INFO:     #312 chat/completions (stream): 28 tokens generated at
                       50.7 T/s · prompt 425 tokens, none cached, 425 new in
                       0.23 s (1,848 T/s) · first token 0.24 s, total 0.79 s ·
                       draft 15/26 accepted (58%) · max_tokens reached
16:34:35.391 INFO:     #313 chat/completions (stream): 15 tokens generated at
                       109.5 T/s · prompt 804 tokens, none cached, 804 new in
                       0.26 s (3,092 T/s) · first token 0.27 s, total 0.40 s ·
                       draft 9/12 accepted (75%) · max_tokens reached
16:34:35.414 INFO:     #314 chat/completions (stream): 614 prompt tokens ·
                       temperature: 0, greedy (req), max_tokens: 11 (req),
                       min_tokens: 11 (req)
16:34:35.700 INFO:     #315 chat/completions (stream): 289 prompt tokens ·
                       temperature: 0, greedy (req), max_tokens: 22 (req),
                       min_tokens: 22 (req)
16:34:36.005 INFO:     #314 chat/completions (stream): 11 tokens generated at
                       45.6 T/s · prompt 614 tokens, none cached, 614 new in
                       0.26 s (2,362 T/s) · first token 0.27 s, total 0.51 s ·
                       draft 7/8 accepted (88%) · max_tokens reached
16:34:36.049 INFO:     #291 chat/completions (stream): 694 tokens generated at
                       64.7 T/s · prompt 731 tokens, none cached, 731 new in
                       0.27 s (2,707 T/s) · first token 0.28 s, total 11.0 s ·
                       draft 391/606 accepted (65%) · max_tokens reached
16:34:36.067 INFO:     #316 chat/completions (stream): 63 prompt tokens ·
                       temperature: 0, greedy (req), max_tokens: 193 (req),
                       min_tokens: 193 (req)
16:34:36.184 INFO:     #317 chat/completions (stream): 225 prompt tokens ·
                       temperature: 0, greedy (req), max_tokens: 242 (req),
                       min_tokens: 242 (req)
16:34:36.314 INFO:     #315 chat/completions (stream): 22 tokens generated at
                       124.2 T/s · prompt 289 tokens, none cached, 289 new in
                       0.17 s (1,700 T/s) · first token 0.17 s, total 0.35 s ·
                       draft 14/16 accepted (88%) · max_tokens reached
16:34:36.385 INFO:     #318 chat/completions (stream): 70 prompt tokens ·
                       temperature: 0, greedy (req), max_tokens: 102 (req),
                       min_tokens: 102 (req)
16:34:36.555 INFO:     #305 chat/completions (stream): 259 tokens generated at
                       57.3 T/s · prompt 77 tokens, none cached, 77 new in 0.08
                       s · first token 0.16 s, total 4.68 s · draft 149/220
                       accepted (68%) · max_tokens reached
16:34:36.624 INFO:     #319 chat/completions (stream): 248 prompt tokens ·
                       temperature: 0, greedy (req), max_tokens: 8 (req),
                       min_tokens: 8 (req)
16:34:36.900 INFO:     #319 chat/completions (stream): 8 tokens generated at
                       113.7 T/s · prompt 248 tokens, none cached, 248 new in
                       0.11 s · first token 0.11 s, total 0.19 s · draft 5/6
                       accepted (83%) · max_tokens reached
16:34:36.971 INFO:     #320 chat/completions (stream): 91 prompt tokens ·
                       temperature: 0, greedy (req), max_tokens: 333 (req),
                       min_tokens: 333 (req)
16:34:37.542 INFO:     #296 chat/completions (stream): 609 tokens generated at
                       60.5 T/s · prompt 89 tokens, none cached, 89 new in 0.08
                       s · first token 0.09 s, total 10.1 s · draft 333/552
                       accepted (60%) · max_tokens reached
16:34:37.588 INFO:     #308 chat/completions (stream): 292 tokens generated at
                       64.0 T/s · prompt 136 tokens, none cached, 136 new in
                       0.11 s · first token 0.12 s, total 4.68 s · draft 177/230
                       accepted (77%) · max_tokens reached
16:34:37.611 INFO:     #321 chat/completions (stream): 86 prompt tokens ·
                       temperature: 0, greedy (req), max_tokens: 334 (req),
                       min_tokens: 334 (req)
16:34:37.745 INFO:     #322 chat/completions (stream): 322 prompt tokens ·
                       temperature: 0, greedy (req), max_tokens: 326 (req),
                       min_tokens: 326 (req)
16:34:37.985 INFO:     #318 chat/completions (stream): 102 tokens generated at
                       89.2 T/s · prompt 70 tokens, none cached, 70 new in 0.07
                       s · first token 0.08 s, total 1.22 s · draft 62/80
                       accepted (78%) · max_tokens reached
16:34:38.053 INFO:     #323 chat/completions (stream): 81 prompt tokens ·
                       temperature: 0, greedy (req), max_tokens: 353 (req),
                       min_tokens: 353 (req)
16:34:38.181 INFO:     #311 chat/completions (stream): 195 tokens generated at
                       53.5 T/s · prompt 311 tokens, none cached, 311 new in
                       0.31 s (1,003 T/s) · queued 0.19 s, first token 0.50 s,
                       total 4.14 s · draft 106/178 accepted (60%) · max_tokens
                       reached
16:34:38.250 INFO:     #324 chat/completions (stream): 218 prompt tokens ·
                       temperature: 0, greedy (req), max_tokens: 599 (req),
                       min_tokens: 599 (req)
16:34:39.274 INFO:     #316 chat/completions (stream): 193 tokens generated at
                       63.5 T/s · prompt 63 tokens, none cached, 63 new in 0.07
                       s · first token 0.08 s, total 3.12 s · draft 101/184
                       accepted (55%) · max_tokens reached
16:34:39.297 INFO:     #317 chat/completions (stream): 242 tokens generated at
                       83.0 T/s · prompt 225 tokens, none cached, 225 new in
                       0.10 s · first token 0.10 s, total 3.02 s · draft 151/182
                       accepted (83%) · max_tokens reached
16:34:39.342 INFO:     #325 chat/completions (stream): 274 prompt tokens ·
                       temperature: 0, greedy (req), max_tokens: 94 (req),
                       min_tokens: 94 (req)
16:34:39.493 INFO:     #326 chat/completions (stream): 90 prompt tokens ·
                       temperature: 0, greedy (req), max_tokens: 1439 (req),
                       min_tokens: 1439 (req)
16:34:40.584 INFO:     #325 chat/completions (stream): 94 tokens generated at
                       105.2 T/s · prompt 274 tokens, none cached, 274 new in
                       0.25 s (1,096 T/s) · first token 0.26 s, total 1.15 s ·
                       draft 57/74 accepted (77%) · max_tokens reached
16:34:40.629 INFO:     #309 chat/completions (stream): 435 tokens generated at
                       62.6 T/s · prompt 151 tokens, none cached, 151 new in
                       0.08 s · first token 0.09 s, total 7.04 s · draft 245/380
                       accepted (64%) · max_tokens reached
16:34:40.651 INFO:     #327 chat/completions (stream): 322 prompt tokens ·
                       temperature: 0, greedy (req), max_tokens: 23 (req),
                       min_tokens: 23 (req)
16:34:40.891 INFO:     #328 chat/completions (stream): 628 prompt tokens ·
                       temperature: 0, greedy (req), max_tokens: 93 (req),
                       min_tokens: 93 (req)
16:34:41.451 INFO:     #327 chat/completions (stream): 23 tokens generated at
                       48.0 T/s · prompt 322 tokens, none cached, 322 new in
                       0.21 s (1,533 T/s) · first token 0.22 s, total 0.70 s ·
                       draft 13/20 accepted (65%) · max_tokens reached
16:34:41.520 INFO:     #329 chat/completions (stream): 73 prompt tokens ·
                       temperature: 0, greedy (req), max_tokens: 327 (req),
                       min_tokens: 327 (req)
16:34:41.841 INFO:     #320 chat/completions (stream): 333 tokens generated at
                       71.1 T/s · prompt 91 tokens, none cached, 91 new in 0.08
                       s · first token 0.08 s, total 4.77 s · draft 188/290
                       accepted (65%) · max_tokens reached
16:34:41.910 INFO:     #330 chat/completions (stream): 90 prompt tokens ·
                       temperature: 0, greedy (req), max_tokens: 131 (req),
                       min_tokens: 131 (req)
16:34:42.405 INFO:     #322 chat/completions (stream): 326 tokens generated at
                       74.9 T/s · prompt 322 tokens, none cached, 322 new in
                       0.21 s (1,533 T/s) · first token 0.22 s, total 4.57 s ·
                       draft 187/278 accepted (67%) · max_tokens reached
16:34:42.475 INFO:     #328 chat/completions (stream): 93 tokens generated at
                       77.0 T/s · prompt 628 tokens, none cached, 628 new in
                       0.26 s (2,415 T/s) · first token 0.26 s, total 1.47 s ·
                       draft 50/86 accepted (58%) · max_tokens reached
16:34:42.498 INFO:     #331 chat/completions (stream): 828 prompt tokens ·
                       temperature: 0, greedy (req), max_tokens: 39 (req),
                       min_tokens: 39 (req)
16:34:42.789 INFO:     #332 chat/completions (stream): 579 prompt tokens ·
                       temperature: 0, greedy (req), max_tokens: 213 (req),
                       min_tokens: 213 (req)
16:34:43.255 INFO:     #321 chat/completions (stream): 334 tokens generated at
                       61.2 T/s · prompt 86 tokens, none cached, 86 new in 0.08
                       s · first token 0.09 s, total 5.55 s · draft 177/314
                       accepted (56%) · max_tokens reached
16:34:43.324 INFO:     #333 chat/completions (stream): 57 prompt tokens ·
                       temperature: 0, greedy (req), max_tokens: 56 (req),
                       min_tokens: 56 (req)
16:34:43.537 INFO:     #331 chat/completions (stream): 39 tokens generated at
                       57.0 T/s · prompt 828 tokens, none cached, 828 new in
                       0.26 s (3,185 T/s) · first token 0.27 s, total 0.95 s ·
                       draft 23/32 accepted (72%) · max_tokens reached
16:34:43.607 INFO:     #334 chat/completions (stream): 56 prompt tokens ·
                       temperature: 0, greedy (req), max_tokens: 277 (req),
                       min_tokens: 277 (req)
16:34:43.914 INFO:     #323 chat/completions (stream): 353 tokens generated at
                       62.1 T/s · prompt 81 tokens, none cached, 81 new in 0.08
                       s · first token 0.09 s, total 5.77 s · draft 181/344
                       accepted (53%) · max_tokens reached
16:34:43.981 INFO:     #335 chat/completions (stream): 196 prompt tokens ·
                       temperature: 0, greedy (req), max_tokens: 362 (req),
                       min_tokens: 362 (req)
16:34:44.108 INFO:     #330 chat/completions (stream): 131 tokens generated at
                       68.5 T/s · prompt 90 tokens, none cached, 90 new in 0.08
                       s · first token 0.09 s, total 2.00 s · draft 77/108
                       accepted (71%) · max_tokens reached
16:34:44.180 INFO:     #336 chat/completions (stream): 81 prompt tokens ·
                       temperature: 0, greedy (req), max_tokens: 1003 (req),
                       min_tokens: 1003 (req)
16:34:44.355 INFO:     #333 chat/completions (stream): 56 tokens generated at
                       71.7 T/s · prompt 57 tokens, none cached, 57 new in 0.07
                       s · first token 0.08 s, total 0.86 s · draft 30/52
                       accepted (58%) · max_tokens reached
16:34:44.426 INFO:     #337 chat/completions (stream): 255 prompt tokens ·
                       temperature: 0, greedy (req), max_tokens: 819 (req),
                       min_tokens: 819 (req)
16:34:46.007 INFO:     #332 chat/completions (stream): 213 tokens generated at
                       74.1 T/s · prompt 579 tokens, none cached, 579 new in
                       0.24 s (2,412 T/s) · first token 0.24 s, total 3.12 s ·
                       draft 112/202 accepted (55%) · max_tokens reached
16:34:46.078 INFO:     #338 chat/completions (stream): 891 prompt tokens ·
                       temperature: 0, greedy (req), max_tokens: 37 (req),
                       min_tokens: 37 (req)
16:34:46.274 INFO:     #329 chat/completions (stream): 327 tokens generated at
                       74.2 T/s · prompt 73 tokens, none cached, 73 new in 0.08
                       s · first token 0.09 s, total 4.49 s · draft 186/282
                       accepted (66%) · max_tokens reached
16:34:46.452 INFO:     #339 chat/completions (stream): 442 prompt tokens ·
                       temperature: 0, greedy (req), max_tokens: 43 (req),
                       min_tokens: 43 (req)
16:34:47.055 INFO:     #338 chat/completions (stream): 37 tokens generated at
                       62.3 T/s · prompt 891 tokens, none cached, 891 new in
                       0.28 s (3,182 T/s) · first token 0.29 s, total 0.88 s ·
                       draft 22/30 accepted (73%) · max_tokens reached
16:34:47.123 INFO:     #341 chat/completions (stream): 63 prompt tokens ·
                       temperature: 0, greedy (req), max_tokens: 241 (req),
                       min_tokens: 241 (req)
16:34:47.124 INFO:     #324 chat/completions (stream): 599 tokens generated at
                       69.1 T/s · prompt 218 tokens, none cached, 218 new in
                       0.10 s · first token 0.10 s, total 8.78 s · draft 332/534
                       accepted (62%) · max_tokens reached
16:34:47.270 INFO:     #342 chat/completions (stream): 155 prompt tokens ·
                       temperature: 0, greedy (req), max_tokens: 692 (req),
                       min_tokens: 692 (req)
16:34:47.474 INFO:     #339 chat/completions (stream): 43 tokens generated at
                       74.7 T/s · prompt 442 tokens, none cached, 442 new in
                       0.24 s (1,842 T/s) · first token 0.25 s, total 0.82 s ·
                       draft 22/42 accepted (52%) · max_tokens reached
16:34:47.541 INFO:     #343 chat/completions (stream): 340 prompt tokens ·
                       temperature: 0, greedy (req), max_tokens: 14 (req),
                       min_tokens: 14 (req)
16:34:47.788 INFO:     #334 chat/completions (stream): 277 tokens generated at
                       72.6 T/s · prompt 56 tokens, none cached, 56 new in 0.07
                       s · first token 0.08 s, total 3.89 s · draft 159/236
                       accepted (67%) · max_tokens reached
16:34:47.859 INFO:     #344 chat/completions (stream): 59 prompt tokens ·
                       temperature: 0, greedy (req), max_tokens: 35 (req),
                       min_tokens: 35 (req)
16:34:48.047 INFO:     #343 chat/completions (stream): 14 tokens generated at
                       73.4 T/s · prompt 340 tokens, none cached, 340 new in
                       0.22 s (1,545 T/s) · first token 0.23 s, total 0.42 s ·
                       draft 9/10 accepted (90%) · max_tokens reached
16:34:48.116 INFO:     #345 chat/completions (stream): 71 prompt tokens ·
                       temperature: 0, greedy (req), max_tokens: 88 (req),
                       min_tokens: 88 (req)
16:34:48.452 INFO:     #344 chat/completions (stream): 35 tokens generated at
                       85.4 T/s · prompt 59 tokens, none cached, 59 new in 0.07
                       s · first token 0.08 s, total 0.48 s · draft 21/28
                       accepted (75%) · max_tokens reached
16:34:48.526 INFO:     #346 chat/completions (stream): 282 prompt tokens ·
                       temperature: 0, greedy (req), max_tokens: 6 (req),
                       min_tokens: 6 (req)
16:34:48.840 INFO:     #346 chat/completions (stream): 6 tokens generated at
                       122.1 T/s · prompt 282 tokens, none cached, 282 new in
                       0.16 s (1,762 T/s) · first token 0.17 s, total 0.21 s ·
                       draft 4/4 accepted (100%) · max_tokens reached
16:34:48.912 INFO:     #347 chat/completions (stream): 94 prompt tokens ·
                       temperature: 0, greedy (req), max_tokens: 262 (req),
                       min_tokens: 262 (req)
16:34:49.403 INFO:     #335 chat/completions (stream): 362 tokens generated at
                       69.3 T/s · prompt 196 tokens, none cached, 196 new in
                       0.10 s · first token 0.11 s, total 5.32 s · draft 207/310
                       accepted (67%) · max_tokens reached
16:34:49.475 INFO:     #348 chat/completions (stream): 491 prompt tokens ·
                       temperature: 0, greedy (req), max_tokens: 604 (req),
                       min_tokens: 604 (req)
16:34:49.743 INFO:     #345 chat/completions (stream): 88 tokens generated at
                       71.5 T/s · prompt 71 tokens, none cached, 71 new in 0.07
                       s · first token 0.08 s, total 1.31 s · draft 48/80
                       accepted (60%) · max_tokens reached
16:34:49.817 INFO:     #349 chat/completions (stream): 334 prompt tokens ·
                       temperature: 0, greedy (req), max_tokens: 28 (req),
                       min_tokens: 28 (req)
16:34:50.413 INFO:     #349 chat/completions (stream): 28 tokens generated at
                       102.6 T/s · prompt 334 tokens, none cached, 334 new in
                       0.22 s (1,518 T/s) · first token 0.23 s, total 0.50 s ·
                       draft 17/22 accepted (77%) · max_tokens reached
16:34:50.503 INFO:     #350 chat/completions (stream): 528 prompt tokens ·
                       temperature: 0, greedy (req), max_tokens: 15 (req),
                       min_tokens: 15 (req)
16:34:50.964 INFO:     #350 chat/completions (stream): 15 tokens generated at
                       84.9 T/s · prompt 528 tokens, none cached, 528 new in
                       0.18 s (2,933 T/s) · first token 0.19 s, total 0.36 s ·
                       draft 8/14 accepted (57%) · max_tokens reached
16:34:51.038 INFO:     #351 chat/completions (stream): 67 prompt tokens ·
                       temperature: 0, greedy (req), max_tokens: 318 (req),
                       min_tokens: 318 (req)
16:34:51.311 INFO:     #341 chat/completions (stream): 241 tokens generated at
                       60.0 T/s · prompt 63 tokens, none cached, 63 new in 0.07
                       s · first token 0.08 s, total 4.09 s · draft 133/216
                       accepted (62%) · max_tokens reached
16:34:51.384 INFO:     #352 chat/completions (stream): 416 prompt tokens ·
                       temperature: 0, greedy (req), max_tokens: 10 (req),
                       min_tokens: 10 (req)
16:34:51.824 INFO:     #352 chat/completions (stream): 10 tokens generated at
                       99.7 T/s · prompt 416 tokens, none cached, 416 new in
                       0.24 s (1,733 T/s) · first token 0.25 s, total 0.35 s ·
                       draft 6/8 accepted (75%) · max_tokens reached
16:34:51.900 INFO:     #353 chat/completions (stream): 118 prompt tokens ·
                       temperature: 0, greedy (req), max_tokens: 345 (req),
                       min_tokens: 345 (req)
16:34:52.575 INFO:     #347 chat/completions (stream): 262 tokens generated at
                       75.4 T/s · prompt 94 tokens, none cached, 94 new in 0.09
                       s · first token 0.10 s, total 3.57 s · draft 162/200
                       accepted (81%) · max_tokens reached
16:34:52.651 INFO:     #354 chat/completions (stream): 697 prompt tokens ·
                       temperature: 0, greedy (req), max_tokens: 1321 (req),
                       min_tokens: 1321 (req)
16:34:55.669 INFO:     #351 chat/completions (stream): 318 tokens generated at
                       71.3 T/s · prompt 67 tokens, none cached, 67 new in 0.07
                       s · first token 0.08 s, total 4.53 s · draft 164/308
                       accepted (53%) · max_tokens reached
16:34:55.738 INFO:     #355 chat/completions (stream): 683 prompt tokens ·
                       temperature: 0, greedy (req), max_tokens: 9 (req),
                       min_tokens: 9 (req)
16:34:55.739 INFO:     #337 chat/completions (stream): 819 tokens generated at
                       73.8 T/s · prompt 255 tokens, none cached, 255 new in
                       0.11 s · first token 0.12 s, total 11.2 s · draft 472/694
                       accepted (68%) · max_tokens reached
16:34:56.054 INFO:     #356 chat/completions (stream): 763 prompt tokens ·
                       temperature: 0, greedy (req), max_tokens: 35 (req),
                       min_tokens: 35 (req)
16:34:56.476 INFO:     #355 chat/completions (stream): 9 tokens generated at
                       25.2 T/s · prompt 683 tokens, none cached, 683 new in
                       0.26 s (2,627 T/s) · first token 0.27 s, total 0.62 s ·
                       draft 5/8 accepted (62%) · max_tokens reached
16:34:56.551 INFO:     #357 chat/completions (stream): 596 prompt tokens ·
                       temperature: 0, greedy (req), max_tokens: 11 (req),
                       min_tokens: 11 (req)
16:34:56.894 INFO:     #353 chat/completions (stream): 345 tokens generated at
                       73.2 T/s · prompt 118 tokens, none cached, 118 new in
                       0.10 s · first token 0.11 s, total 4.82 s · draft 194/302
                       accepted (64%) · max_tokens reached
16:34:56.959 INFO:     #358 chat/completions (stream): 67 prompt tokens ·
                       temperature: 0, greedy (req), max_tokens: 72 (req),
                       min_tokens: 72 (req)
16:34:57.081 INFO:     #357 chat/completions (stream): 11 tokens generated at
                       94.4 T/s · prompt 596 tokens, none cached, 596 new in
                       0.24 s (2,483 T/s) · first token 0.25 s, total 0.36 s ·
                       draft 6/10 accepted (60%) · max_tokens reached
16:34:57.104 INFO:     #356 chat/completions (stream): 35 tokens generated at
                       58.2 T/s · prompt 763 tokens, none cached, 763 new in
                       0.28 s (2,725 T/s) · first token 0.28 s, total 0.89 s ·
                       draft 20/30 accepted (67%) · max_tokens reached
16:34:57.150 INFO:     #359 chat/completions (stream): 266 prompt tokens ·
                       temperature: 0, greedy (req), max_tokens: 6 (req),
                       min_tokens: 6 (req)
16:34:57.289 INFO:     #360 chat/completions (stream): 104 prompt tokens ·
                       temperature: 0, greedy (req), max_tokens: 354 (req),
                       min_tokens: 354 (req)
16:34:57.469 INFO:     #336 chat/completions (stream): 1,003 tokens generated at
                       77.9 T/s · prompt 81 tokens, none cached, 81 new in 0.08
                       s · first token 0.08 s, total 13.0 s · draft 620/766
                       accepted (81%) · max_tokens reached
16:34:57.533 INFO:     #361 chat/completions (stream): 65 prompt tokens ·
                       temperature: 0, greedy (req), max_tokens: 243 (req),
                       min_tokens: 243 (req)
16:34:57.534 INFO:     #359 chat/completions (stream): 6 tokens generated at
                       123.4 T/s · prompt 266 tokens, none cached, 266 new in
                       0.24 s (1,108 T/s) · first token 0.24 s, total 0.29 s ·
                       draft 4/4 accepted (100%) · max_tokens reached
16:34:57.678 INFO:     #362 chat/completions (stream): 62 prompt tokens ·
                       temperature: 0, greedy (req), max_tokens: 242 (req),
                       min_tokens: 242 (req)
16:34:58.253 INFO:     #326 chat/completions (stream): 1,439 tokens generated at
                       77.5 T/s · prompt 90 tokens, none cached, 90 new in 0.08
                       s · first token 0.11 s, total 18.7 s · draft 893/1092
                       accepted (82%) · max_tokens reached
16:34:58.254 INFO:     #358 chat/completions (stream): 72 tokens generated at
                       63.7 T/s · prompt 67 tokens, none cached, 67 new in 0.07
                       s · first token 0.08 s, total 1.21 s · draft 40/64
                       accepted (62%) · max_tokens reached
16:34:58.320 INFO:     #363 chat/completions (stream): 74 prompt tokens ·
                       temperature: 0, greedy (req), max_tokens: 19 (req),
                       min_tokens: 19 (req)
16:34:58.322 INFO:     #364 chat/completions (stream): 871 prompt tokens ·
                       temperature: 0, greedy (req), max_tokens: 110 (req),
                       min_tokens: 110 (req)
16:34:58.938 INFO:     #363 chat/completions (stream): 19 tokens generated at
                       73.0 T/s · prompt 74 tokens, none cached, 74 new in 0.25
                       s · first token 0.26 s, total 0.52 s · draft 12/14
                       accepted (86%) · max_tokens reached
16:34:59.012 INFO:     #365 chat/completions (stream): 386 prompt tokens ·
                       temperature: 0, greedy (req), max_tokens: 37 (req),
                       min_tokens: 37 (req)
16:34:59.453 INFO:     #348 chat/completions (stream): 604 tokens generated at
                       62.8 T/s · prompt 491 tokens, none cached, 491 new in
                       0.24 s (2,046 T/s) · first token 0.25 s, total 9.86 s ·
                       draft 328/552 accepted (59%) · max_tokens reached
16:34:59.525 INFO:     #366 chat/completions (stream): 365 prompt tokens ·
                       temperature: 0, greedy (req), max_tokens: 10 (req),
                       min_tokens: 10 (req)
16:34:59.911 INFO:     #365 chat/completions (stream): 37 tokens generated at
                       65.3 T/s · prompt 386 tokens, none cached, 386 new in
                       0.25 s (1,544 T/s) · first token 0.26 s, total 0.82 s ·
                       draft 23/28 accepted (82%) · max_tokens reached
16:34:59.931 INFO:     #342 chat/completions (stream): 692 tokens generated at
                       55.4 T/s · prompt 155 tokens, none cached, 155 new in
                       0.09 s · first token 0.10 s, total 12.6 s · draft 341/702
                       accepted (49%) · max_tokens reached
16:34:59.951 INFO:     #366 chat/completions (stream): 10 tokens generated at
                       89.5 T/s · prompt 365 tokens, none cached, 365 new in
                       0.23 s (1,587 T/s) · first token 0.24 s, total 0.35 s ·
                       draft 5/10 accepted (50%) · max_tokens reached
16:34:59.970 INFO:     #367 chat/completions (stream): 125 prompt tokens ·
                       temperature: 0, greedy (req), max_tokens: 236 (req),
                       min_tokens: 236 (req)
16:35:00.099 INFO:     #368 chat/completions (stream): 68 prompt tokens ·
                       temperature: 0, greedy (req), max_tokens: 212 (req),
                       min_tokens: 212 (req)
16:35:00.203 INFO:     #369 chat/completions (stream): 604 prompt tokens ·
                       temperature: 0, greedy (req), max_tokens: 103 (req),
                       min_tokens: 103 (req)
16:35:00.778 INFO:     #364 chat/completions (stream): 110 tokens generated at
                       55.4 T/s · prompt 871 tokens, none cached, 871 new in
                       0.29 s (3,003 T/s) · first token 0.38 s, total 2.36 s ·
                       draft 63/94 accepted (67%) · max_tokens reached
16:35:00.850 INFO:     #370 chat/completions (stream): 62 prompt tokens ·
                       temperature: 0, greedy (req), max_tokens: 76 (req),
                       min_tokens: 76 (req)
16:35:01.570 INFO:     #361 chat/completions (stream): 243 tokens generated at
                       62.9 T/s · prompt 65 tokens, none cached, 65 new in 0.07
                       s · first token 0.08 s, total 3.94 s · draft 139/208
                       accepted (67%) · max_tokens reached
16:35:01.643 INFO:     #371 chat/completions (stream): 87 prompt tokens ·
                       temperature: 0, greedy (req), max_tokens: 22 (req),
                       min_tokens: 22 (req)
16:35:01.871 INFO:     #369 chat/completions (stream): 103 tokens generated at
                       78.2 T/s · prompt 604 tokens, none cached, 604 new in
                       0.25 s (2,416 T/s) · first token 0.25 s, total 1.57 s ·
                       draft 56/94 accepted (60%) · max_tokens reached
16:35:01.937 INFO:     #372 chat/completions (stream): 62 prompt tokens ·
                       temperature: 0, greedy (req), max_tokens: 160 (req),
                       min_tokens: 160 (req)
16:35:02.074 INFO:     #370 chat/completions (stream): 76 tokens generated at
                       76.5 T/s · prompt 62 tokens, none cached, 62 new in 0.07
                       s · first token 0.08 s, total 1.07 s · draft 39/74
                       accepted (53%) · max_tokens reached
16:35:02.074 INFO:     #371 chat/completions (stream): 22 tokens generated at
                       118.1 T/s · prompt 87 tokens, none cached, 87 new in 0.08
                       s · first token 0.09 s, total 0.27 s · draft 14/16
                       accepted (88%) · max_tokens reached
16:35:02.136 INFO:     #374 chat/completions (stream): 103 prompt tokens ·
                       temperature: 0, greedy (req), max_tokens: 483 (req),
                       min_tokens: 483 (req)
16:35:02.138 INFO:     #375 chat/completions (stream): 58 prompt tokens ·
                       temperature: 0, greedy (req), max_tokens: 30 (req),
                       min_tokens: 30 (req)
16:35:02.370 INFO:     #362 chat/completions (stream): 242 tokens generated at
                       55.4 T/s · prompt 62 tokens, none cached, 62 new in 0.07
                       s · first token 0.07 s, total 4.44 s · draft 120/244
                       accepted (49%) · max_tokens reached
16:35:02.449 INFO:     #376 chat/completions (stream): 71 prompt tokens ·
                       temperature: 0, greedy (req), max_tokens: 68 (req),
                       min_tokens: 68 (req)
16:35:02.791 INFO:     #375 chat/completions (stream): 30 tokens generated at
                       76.0 T/s · prompt 58 tokens, none cached, 58 new in 0.07
                       s · queued 0.10 s, first token 0.17 s, total 0.56 s ·
                       draft 17/26 accepted (65%) · max_tokens reached
16:35:02.863 INFO:     #377 chat/completions (stream): 828 prompt tokens ·
                       temperature: 0, greedy (req), max_tokens: 6 (req),
                       min_tokens: 6 (req)
16:35:03.259 INFO:     #377 chat/completions (stream): 6 tokens generated at
                       125.5 T/s · prompt 828 tokens, none cached, 828 new in
                       0.25 s (3,312 T/s) · first token 0.26 s, total 0.30 s ·
                       draft 4/4 accepted (100%) · max_tokens reached
16:35:03.322 INFO:     #378 chat/completions (stream): 93 prompt tokens ·
                       temperature: 0, greedy (req), max_tokens: 257 (req),
                       min_tokens: 257 (req)
16:35:03.454 INFO:     #367 chat/completions (stream): 236 tokens generated at
                       74.2 T/s · prompt 125 tokens, none cached, 125 new in
                       0.10 s · first token 0.11 s, total 3.29 s · draft 146/180
                       accepted (81%) · max_tokens reached
16:35:03.522 INFO:     #379 chat/completions (stream): 223 prompt tokens ·
                       temperature: 0, greedy (req), max_tokens: 96 (req),
                       min_tokens: 96 (req)
16:35:03.678 INFO:     #368 chat/completions (stream): 212 tokens generated at
                       64.3 T/s · prompt 68 tokens, none cached, 68 new in 0.07
                       s · first token 0.07 s, total 3.37 s · draft 118/188
                       accepted (63%) · max_tokens reached
16:35:03.747 INFO:     #380 chat/completions (stream): 542 prompt tokens ·
                       temperature: 0, greedy (req), max_tokens: 91 (req),
                       min_tokens: 91 (req)
16:35:03.962 INFO:     #376 chat/completions (stream): 68 tokens generated at
                       58.1 T/s · prompt 71 tokens, none cached, 71 new in 0.07
                       s · first token 0.08 s, total 1.25 s · draft 37/62
                       accepted (60%) · max_tokens reached
16:35:04.035 INFO:     #381 chat/completions (stream): 99 prompt tokens ·
                       temperature: 0, greedy (req), max_tokens: 413 (req),
                       min_tokens: 413 (req)
16:35:04.241 INFO:     #360 chat/completions (stream): 354 tokens generated at
                       52.4 T/s · prompt 104 tokens, none cached, 104 new in
                       0.09 s · first token 0.11 s, total 6.86 s · draft 177/354
                       accepted (50%) · max_tokens reached
16:35:04.311 INFO:     #382 chat/completions (stream): 382 prompt tokens ·
                       temperature: 0, greedy (req), max_tokens: 794 (req),
                       min_tokens: 794 (req)
16:35:04.910 INFO:     #372 chat/completions (stream): 160 tokens generated at
                       57.0 T/s · prompt 62 tokens, none cached, 62 new in 0.07
                       s · first token 0.07 s, total 2.88 s · draft 90/140
                       accepted (64%) · max_tokens reached
16:35:04.982 INFO:     #383 chat/completions (stream): 470 prompt tokens ·
                       temperature: 0, greedy (req), max_tokens: 7 (req),
                       min_tokens: 7 (req)
16:35:05.368 INFO:     #379 chat/completions (stream): 96 tokens generated at
                       58.3 T/s · prompt 223 tokens, none cached, 223 new in
                       0.10 s · first token 0.11 s, total 1.75 s · draft 56/80
                       accepted (70%) · max_tokens reached
16:35:05.390 INFO:     #383 chat/completions (stream): 7 tokens generated at
                       99.6 T/s · prompt 470 tokens, none cached, 470 new in
                       0.24 s (1,958 T/s) · first token 0.25 s, total 0.32 s ·
                       draft 4/6 accepted (67%) · max_tokens reached
16:35:05.449 INFO:     #384 chat/completions (stream): 74 prompt tokens ·
                       temperature: 0, greedy (req), max_tokens: 535 (req),
                       min_tokens: 535 (req)
16:35:05.555 INFO:     #385 chat/completions (stream): 787 prompt tokens ·
                       temperature: 0, greedy (req), max_tokens: 9 (req),
                       min_tokens: 9 (req)
16:35:05.934 INFO:     #380 chat/completions (stream): 91 tokens generated at
                       47.6 T/s · prompt 542 tokens, none cached, 542 new in
                       0.19 s (2,853 T/s) · first token 0.20 s, total 2.11 s ·
                       draft 45/92 accepted (49%) · max_tokens reached
16:35:05.935 INFO:     #385 chat/completions (stream): 9 tokens generated at
                       125.9 T/s · prompt 787 tokens, none cached, 787 new in
                       0.22 s (3,577 T/s) · first token 0.22 s, total 0.30 s ·
                       draft 6/6 accepted (100%) · max_tokens reached
16:35:05.997 INFO:     #386 chat/completions (stream): 87 prompt tokens ·
                       temperature: 0, greedy (req), max_tokens: 696 (req),
                       min_tokens: 696 (req)
16:35:05.999 INFO:     #387 chat/completions (stream): 307 prompt tokens ·
                       temperature: 0, greedy (req), max_tokens: 204 (req),
                       min_tokens: 204 (req)
16:35:07.640 INFO:     #378 chat/completions (stream): 257 tokens generated at
                       62.2 T/s · prompt 93 tokens, none cached, 93 new in 0.08
                       s · first token 0.09 s, total 4.22 s · draft 142/230
                       accepted (62%) · max_tokens reached
16:35:07.711 INFO:     #388 chat/completions (stream): 68 prompt tokens ·
                       temperature: 0, greedy (req), max_tokens: 367 (req),
                       min_tokens: 367 (req)
16:35:08.572 INFO:     #387 chat/completions (stream): 204 tokens generated at
                       93.5 T/s · prompt 307 tokens, none cached, 307 new in
                       0.21 s (1,462 T/s) · first token 0.30 s, total 2.48 s ·
                       draft 119/170 accepted (70%) · max_tokens reached
16:35:08.645 INFO:     #389 chat/completions (stream): 245 prompt tokens ·
                       temperature: 0, greedy (req), max_tokens: 9 (req),
                       min_tokens: 9 (req)
16:35:08.922 INFO:     #389 chat/completions (stream): 9 tokens generated at
                       126.0 T/s · prompt 245 tokens, none cached, 245 new in
                       0.11 s · first token 0.12 s, total 0.19 s · draft 6/6
                       accepted (100%) · max_tokens reached
16:35:08.992 INFO:     #390 chat/completions (stream): 330 prompt tokens ·
                       temperature: 0, greedy (req), max_tokens: 8 (req),
                       min_tokens: 8 (req)
16:35:09.409 INFO:     #390 chat/completions (stream): 8 tokens generated at
                       81.9 T/s · prompt 330 tokens, none cached, 330 new in
                       0.22 s (1,500 T/s) · first token 0.22 s, total 0.32 s ·
                       draft 4/8 accepted (50%) · max_tokens reached
16:35:09.498 INFO:     #391 chat/completions (stream): 64 prompt tokens ·
                       temperature: 0, greedy (req), max_tokens: 10 (req),
                       min_tokens: 10 (req)
16:35:09.761 INFO:     #391 chat/completions (stream): 10 tokens generated at
                       102.7 T/s · prompt 64 tokens, none cached, 64 new in 0.07
                       s · first token 0.08 s, total 0.17 s · draft 6/8 accepted
                       (75%) · max_tokens reached
16:35:09.833 INFO:     #392 chat/completions (stream): 436 prompt tokens ·
                       temperature: 0, greedy (req), max_tokens: 44 (req),
                       min_tokens: 44 (req)
16:35:10.241 INFO:     #374 chat/completions (stream): 483 tokens generated at
                       61.6 T/s · prompt 103 tokens, none cached, 103 new in
                       0.16 s · first token 0.17 s, total 8.01 s · draft 260/446
                       accepted (58%) · max_tokens reached
16:35:10.309 INFO:     #393 chat/completions (stream): 435 prompt tokens ·
                       temperature: 0, greedy (req), max_tokens: 79 (req),
                       min_tokens: 79 (req)
16:35:10.310 INFO:     #381 chat/completions (stream): 413 tokens generated at
                       67.8 T/s · prompt 99 tokens, none cached, 99 new in 0.09
                       s · first token 0.10 s, total 6.18 s · draft 231/364
                       accepted (63%) · max_tokens reached
16:35:10.600 INFO:     #394 chat/completions (stream): 94 prompt tokens ·
                       temperature: 0, greedy (req), max_tokens: 246 (req),
                       min_tokens: 246 (req)
16:35:10.907 INFO:     #392 chat/completions (stream): 44 tokens generated at
                       59.7 T/s · prompt 436 tokens, none cached, 436 new in
                       0.24 s (1,817 T/s) · first token 0.25 s, total 0.98 s ·
                       draft 26/36 accepted (72%) · max_tokens reached
16:35:10.978 INFO:     #395 chat/completions (stream): 63 prompt tokens ·
                       temperature: 0, greedy (req), max_tokens: 265 (req),
                       min_tokens: 265 (req)
16:35:11.590 INFO:     #393 chat/completions (stream): 79 tokens generated at
                       83.7 T/s · prompt 435 tokens, none cached, 435 new in
                       0.24 s (1,812 T/s) · first token 0.25 s, total 1.19 s ·
                       draft 47/64 accepted (73%) · max_tokens reached
16:35:11.661 INFO:     #396 chat/completions (stream): 154 prompt tokens ·
                       temperature: 0, greedy (req), max_tokens: 385 (req),
                       min_tokens: 385 (req)
16:35:12.513 INFO:     #354 chat/completions (stream): 1,321 tokens generated at
                       67.7 T/s · prompt 697 tokens, none cached, 697 new in
                       0.26 s (2,681 T/s) · first token 0.27 s, total 19.8 s ·
                       draft 755/1132 accepted (67%) · max_tokens reached
16:35:12.583 INFO:     #397 chat/completions (stream): 61 prompt tokens ·
                       temperature: 0, greedy (req), max_tokens: 128 (req),
                       min_tokens: 128 (req)
16:35:13.092 INFO:     #388 chat/completions (stream): 367 tokens generated at
                       70.5 T/s · prompt 68 tokens, none cached, 68 new in 0.07
                       s · first token 0.08 s, total 5.28 s · draft 201/332
                       accepted (61%) · max_tokens reached
16:35:13.165 INFO:     #398 chat/completions (stream): 442 prompt tokens ·
                       temperature: 0, greedy (req), max_tokens: 153 (req),
                       min_tokens: 153 (req)
16:35:13.719 INFO:     #384 chat/completions (stream): 535 tokens generated at
                       66.1 T/s · prompt 74 tokens, none cached, 74 new in 0.08
                       s · first token 0.09 s, total 8.18 s · draft 281/508
                       accepted (55%) · max_tokens reached
16:35:13.793 INFO:     #399 chat/completions (stream): 116 prompt tokens ·
                       temperature: 0, greedy (req), max_tokens: 276 (req),
                       min_tokens: 276 (req)
16:35:14.032 INFO:     #394 chat/completions (stream): 246 tokens generated at
                       75.7 T/s · prompt 94 tokens, none cached, 94 new in 0.09
                       s · first token 0.10 s, total 3.34 s · draft 135/222
                       accepted (61%) · max_tokens reached
16:35:14.103 INFO:     #400 chat/completions (stream): 213 prompt tokens ·
                       temperature: 0, greedy (req), max_tokens: 7 (req),
                       min_tokens: 7 (req)
16:35:14.365 INFO:     #400 chat/completions (stream): 7 tokens generated at
                       99.3 T/s · prompt 213 tokens, none cached, 213 new in
                       0.10 s · first token 0.11 s, total 0.18 s · draft 4/6
                       accepted (67%) · max_tokens reached
16:35:14.449 INFO:     #401 chat/completions (stream): 62 prompt tokens ·
                       temperature: 0, greedy (req), max_tokens: 342 (req),
                       min_tokens: 342 (req)
16:35:14.450 INFO:     #397 chat/completions (stream): 128 tokens generated at
                       75.9 T/s · prompt 61 tokens, none cached, 61 new in 0.07
                       s · first token 0.08 s, total 1.76 s · draft 75/106
                       accepted (71%) · max_tokens reached
16:35:14.596 INFO:     #402 chat/completions (stream): 457 prompt tokens ·
                       temperature: 0, greedy (req), max_tokens: 24 (req),
                       min_tokens: 24 (req)
16:35:15.178 INFO:     #402 chat/completions (stream): 24 tokens generated at
                       97.5 T/s · prompt 457 tokens, none cached, 457 new in
                       0.24 s (1,904 T/s) · first token 0.24 s, total 0.49 s ·
                       draft 14/20 accepted (70%) · max_tokens reached
16:35:15.250 INFO:     #403 chat/completions (stream): 145 prompt tokens ·
                       temperature: 0, greedy (req), max_tokens: 9 (req),
                       min_tokens: 9 (req)
16:35:15.497 INFO:     #395 chat/completions (stream): 265 tokens generated at
                       61.2 T/s · prompt 63 tokens, none cached, 63 new in 0.07
                       s · first token 0.08 s, total 4.40 s · draft 127/276
                       accepted (46%) · max_tokens reached
16:35:15.543 INFO:     #403 chat/completions (stream): 9 tokens generated at
                       96.4 T/s · prompt 145 tokens, none cached, 145 new in
                       0.10 s · first token 0.11 s, total 0.20 s · draft 6/6
                       accepted (100%) · max_tokens reached
16:35:15.566 INFO:     #404 chat/completions (stream): 90 prompt tokens ·
                       temperature: 0, greedy (req), max_tokens: 196 (req),
                       min_tokens: 196 (req)
16:35:15.707 INFO:     #405 chat/completions (stream): 73 prompt tokens ·
                       temperature: 0, greedy (req), max_tokens: 491 (req),
                       min_tokens: 491 (req)
16:35:15.877 INFO:     #398 chat/completions (stream): 153 tokens generated at
                       66.4 T/s · prompt 442 tokens, none cached, 442 new in
                       0.23 s (1,922 T/s) · first token 0.24 s, total 2.54 s ·
                       draft 87/132 accepted (66%) · max_tokens reached
16:35:15.943 INFO:     #406 chat/completions (stream): 59 prompt tokens ·
                       temperature: 0, greedy (req), max_tokens: 169 (req),
                       min_tokens: 169 (req)
16:35:15.944 INFO:     #382 chat/completions (stream): 794 tokens generated at
                       70.3 T/s · prompt 382 tokens, none cached, 382 new in
                       0.24 s (1,592 T/s) · first token 0.25 s, total 11.5 s ·
                       draft 452/684 accepted (66%) · max_tokens reached
16:35:16.091 INFO:     #407 chat/completions (stream): 566 prompt tokens ·
                       temperature: 0, greedy (req), max_tokens: 21 (req),
                       min_tokens: 21 (req)
16:35:16.642 INFO:     #407 chat/completions (stream): 21 tokens generated at
                       96.8 T/s · prompt 566 tokens, none cached, 566 new in
                       0.23 s (2,461 T/s) · first token 0.23 s, total 0.45 s ·
                       draft 12/18 accepted (67%) · max_tokens reached
16:35:16.715 INFO:     #408 chat/completions (stream): 179 prompt tokens ·
                       temperature: 0, greedy (req), max_tokens: 263 (req),
                       min_tokens: 263 (req)
16:35:16.982 INFO:     #386 chat/completions (stream): 696 tokens generated at
                       65.2 T/s · prompt 87 tokens, none cached, 87 new in 0.20
                       s · first token 0.21 s, total 10.9 s · draft 367/658
                       accepted (56%) · max_tokens reached
16:35:17.059 INFO:     #409 chat/completions (stream): 1,070 prompt tokens ·
                       temperature: 0, greedy (req), max_tokens: 168 (req),
                       min_tokens: 168 (req)
16:35:17.773 INFO:     #396 chat/completions (stream): 385 tokens generated at
                       65.0 T/s · prompt 154 tokens, none cached, 154 new in
                       0.09 s · first token 0.10 s, total 6.02 s · draft 212/346
                       accepted (61%) · max_tokens reached
16:35:17.845 INFO:     #411 chat/completions (stream): 225 prompt tokens ·
                       temperature: 0, greedy (req), max_tokens: 232 (req),
                       min_tokens: 232 (req)
16:35:18.324 INFO:     #399 chat/completions (stream): 276 tokens generated at
                       63.6 T/s · prompt 116 tokens, none cached, 116 new in
                       0.09 s · first token 0.10 s, total 4.44 s · draft 157/238
                       accepted (66%) · max_tokens reached
16:35:18.348 INFO:     #406 chat/completions (stream): 169 tokens generated at
                       75.4 T/s · prompt 59 tokens, none cached, 59 new in 0.07
                       s · first token 0.08 s, total 2.32 s · draft 106/126
                       accepted (84%) · max_tokens reached
16:35:18.393 INFO:     #412 chat/completions (stream): 489 prompt tokens ·
                       temperature: 0, greedy (req), max_tokens: 205 (req),
                       min_tokens: 205 (req)
16:35:18.566 INFO:     #413 chat/completions (stream): 64 prompt tokens ·
                       temperature: 0, greedy (req), max_tokens: 66 (req),
                       min_tokens: 66 (req)
16:35:19.127 INFO:     #404 chat/completions (stream): 196 tokens generated at
                       58.0 T/s · prompt 90 tokens, none cached, 90 new in 0.08
                       s · first token 0.09 s, total 3.47 s · draft 105/182
                       accepted (58%) · max_tokens reached
16:35:19.172 INFO:     #401 chat/completions (stream): 342 tokens generated at
                       75.0 T/s · prompt 62 tokens, none cached, 62 new in 0.07
                       s · first token 0.08 s, total 4.63 s · draft 220/244
                       accepted (90%) · max_tokens reached
16:35:19.194 INFO:     #414 chat/completions (stream): 113 prompt tokens ·
                       temperature: 0, greedy (req), max_tokens: 352 (req),
                       min_tokens: 352 (req)
16:35:19.343 INFO:     #415 chat/completions (stream): 447 prompt tokens ·
                       temperature: 0, greedy (req), max_tokens: 792 (req),
                       min_tokens: 792 (req)
16:35:19.848 INFO:     #413 chat/completions (stream): 66 tokens generated at
                       64.9 T/s · prompt 64 tokens, none cached, 64 new in 0.07
                       s · queued 0.11 s, first token 0.18 s, total 1.19 s ·
                       draft 37/58 accepted (64%) · max_tokens reached
16:35:19.892 INFO:     #409 chat/completions (stream): 168 tokens generated at
                       68.2 T/s · prompt 1,070 tokens, none cached, 1,070 new in
                       0.28 s (3,821 T/s) · first token 0.29 s, total 2.75 s ·
                       draft 98/140 accepted (70%) · max_tokens reached
16:35:19.914 INFO:     #416 chat/completions (stream): 397 prompt tokens ·
                       temperature: 0, greedy (req), max_tokens: 5 (req),
                       min_tokens: 5 (req)
16:35:20.187 INFO:     #417 chat/completions (stream): 64 prompt tokens ·
                       temperature: 0, greedy (req), max_tokens: 34 (req),
                       min_tokens: 34 (req)
16:35:20.377 INFO:     #416 chat/completions (stream): 5 tokens generated at
                       41.1 T/s · prompt 397 tokens, none cached, 397 new in
                       0.24 s (1,654 T/s) · first token 0.25 s, total 0.37 s ·
                       draft 3/4 accepted (75%) · max_tokens reached
16:35:20.450 INFO:     #418 chat/completions (stream): 746 prompt tokens ·
                       temperature: 0, greedy (req), max_tokens: 9 (req),
                       min_tokens: 9 (req)
16:35:20.904 INFO:     #418 chat/completions (stream): 9 tokens generated at
                       94.5 T/s · prompt 746 tokens, none cached, 746 new in
                       0.27 s (2,763 T/s) · first token 0.28 s, total 0.37 s ·
                       draft 5/8 accepted (62%) · max_tokens reached
16:35:20.927 INFO:     #417 chat/completions (stream): 34 tokens generated at
                       58.8 T/s · prompt 64 tokens, none cached, 64 new in 0.07
                       s · first token 0.08 s, total 0.65 s · draft 20/28
                       accepted (71%) · max_tokens reached
16:35:20.972 INFO:     #419 chat/completions (stream): 123 prompt tokens ·
                       temperature: 0, greedy (req), max_tokens: 129 (req),
                       min_tokens: 129 (req)
16:35:21.098 INFO:     #420 chat/completions (stream): 159 prompt tokens ·
                       temperature: 0, greedy (req), max_tokens: 67 (req),
                       min_tokens: 67 (req)
16:35:21.617 INFO:     #408 chat/completions (stream): 263 tokens generated at
                       55.9 T/s · prompt 179 tokens, none cached, 179 new in
                       0.09 s · first token 0.10 s, total 4.80 s · draft 141/244
                       accepted (58%) · max_tokens reached
16:35:21.687 INFO:     #421 chat/completions (stream): 207 prompt tokens ·
                       temperature: 0, greedy (req), max_tokens: 123 (req),
                       min_tokens: 123 (req)
16:35:22.022 INFO:     #411 chat/completions (stream): 232 tokens generated at
                       58.3 T/s · prompt 225 tokens, none cached, 225 new in
                       0.11 s · first token 0.12 s, total 4.09 s · draft 128/208
                       accepted (62%) · max_tokens reached
16:35:22.045 INFO:     #420 chat/completions (stream): 67 tokens generated at
                       87.8 T/s · prompt 159 tokens, none cached, 159 new in
                       0.09 s · first token 0.09 s, total 0.86 s · draft 40/54
                       accepted (74%) · max_tokens reached
16:35:22.083 INFO:     #422 chat/completions (stream): 516 prompt tokens ·
                       temperature: 0, greedy (req), max_tokens: 39 (req),
                       min_tokens: 39 (req)
16:35:22.248 INFO:     #423 chat/completions (stream): 726 prompt tokens ·
                       temperature: 0, greedy (req), max_tokens: 98 (req),
                       min_tokens: 98 (req)
16:35:22.421 INFO:     #412 chat/completions (stream): 205 tokens generated at
                       62.1 T/s · prompt 489 tokens, none cached, 489 new in
                       0.34 s (1,438 T/s) · first token 0.35 s, total 3.64 s ·
                       draft 115/180 accepted (64%) · max_tokens reached
16:35:22.630 INFO:     #424 chat/completions (stream): 536 prompt tokens ·
                       temperature: 0, greedy (req), max_tokens: 8 (req),
                       min_tokens: 8 (req)
16:35:22.977 INFO:     #424 chat/completions (stream): 8 tokens generated at
                       112.0 T/s · prompt 536 tokens, none cached, 536 new in
                       0.18 s (2,978 T/s) · first token 0.19 s, total 0.26 s ·
                       draft 5/6 accepted (83%) · max_tokens reached
16:35:23.047 INFO:     #425 chat/completions (stream): 102 prompt tokens ·
                       temperature: 0, greedy (req), max_tokens: 222 (req),
                       min_tokens: 222 (req)
16:35:23.230 INFO:     #419 chat/completions (stream): 129 tokens generated at
                       65.4 T/s · prompt 123 tokens, none cached, 123 new in
                       0.10 s · first token 0.11 s, total 2.08 s · draft 79/100
                       accepted (79%) · max_tokens reached
16:35:23.293 INFO:     #426 chat/completions (stream): 67 prompt tokens ·
                       temperature: 0, greedy (req), max_tokens: 425 (req),
                       min_tokens: 425 (req)
16:35:23.294 INFO:     #422 chat/completions (stream): 39 tokens generated at
                       48.3 T/s · prompt 516 tokens, none cached, 516 new in
                       0.31 s (1,665 T/s) · first token 0.32 s, total 1.12 s ·
                       draft 21/36 accepted (58%) · max_tokens reached
16:35:23.450 INFO:     #427 chat/completions (stream): 677 prompt tokens ·
                       temperature: 0, greedy (req), max_tokens: 420 (req),
                       min_tokens: 420 (req)
16:35:24.235 INFO:     #423 chat/completions (stream): 98 tokens generated at
                       62.4 T/s · prompt 726 tokens, none cached, 726 new in
                       0.30 s (2,420 T/s) · first token 0.31 s, total 1.89 s ·
                       draft 56/84 accepted (67%) · max_tokens reached
16:35:24.353 INFO:     #421 chat/completions (stream): 123 tokens generated at
                       49.9 T/s · prompt 207 tokens, none cached, 207 new in
                       0.10 s · first token 0.11 s, total 2.57 s · draft 61/124
                       accepted (49%) · max_tokens reached
16:35:24.414 INFO:     #405 chat/completions (stream): 491 tokens generated at
                       57.5 T/s · prompt 73 tokens, none cached, 73 new in 0.07
                       s · first token 0.08 s, total 8.62 s · draft 270/442
                       accepted (61%) · max_tokens reached
16:35:25.034 INFO:     #414 chat/completions (stream): 352 tokens generated at
                       62.2 T/s · prompt 113 tokens, none cached, 113 new in
                       0.09 s · first token 0.10 s, total 5.76 s · draft 196/312
                       accepted (63%) · max_tokens reached
16:35:25.418 INFO:     #425 chat/completions (stream): 222 tokens generated at
                       100.5 T/s · prompt 102 tokens, none cached, 102 new in
                       0.09 s · first token 0.10 s, total 2.30 s · draft 134/197
                       accepted (68%) · max_tokens reached
16:35:26.930 INFO:     #427 chat/completions (stream): 420 tokens generated at
                       132.8 T/s · prompt 677 tokens, none cached, 677 new in
                       0.25 s (2,708 T/s) · first token 0.26 s, total 3.42 s ·
                       draft 249/457 accepted (54%) · max_tokens reached
16:35:27.173 INFO:     #426 chat/completions (stream): 425 tokens generated at
                       113.0 T/s · prompt 67 tokens, none cached, 67 new in 0.07
                       s · first token 0.08 s, total 3.84 s · draft 230/525
                       accepted (44%) · max_tokens reached
16:35:27.449 INFO:     #415 chat/completions (stream): 792 tokens generated at
                       100.9 T/s · prompt 447 tokens, none cached, 447 new in
                       0.25 s (1,788 T/s) · first token 0.26 s, total 8.11 s ·
                       draft 473/804 accepted (59%) · max_tokens reached
