15:47:05.856 INFO:     Sampler preset "qwen38_thinking": temperature 0.6, top_k
                       20, top_p 0.95
15:47:05.892 INFO:     exllamav3 version: 1.5.2
15:47:07.211 INFO:     Using main model MTP component for drafting
15:47:07.233 INFO:     Context: max_seq_len 262,144 tokens (configured),
                       cache_size 901,120 tokens
15:47:07.281 INFO:     Using tool format: qwen3_coder
15:47:07.281 INFO:     Using template "chat_template" for chat completions.
15:47:09.518 INFO:     Loading model
                       /models/qwen3.8-flash-next-exl3-2.50bpw-r0b0tlab (manual
                       GPU split)
Loading vision modules ━━━━━━━━━━━━━━━━━━━━━━━━━━━━━━━━━━━━━━ 100% 30/30 0:00:00
Loading draft modules  ━━━━━━━━━━━━━━━━━━━━━━━━━━━━━━━━━━━━━━ 100% 3/3   0:00:00
Loading model modules  ━━━━━━━━━━━━━━━━━━━━━━━━━━━━━━━━━━━━━━ 100% 53/53 0:00:00
EXL3_EMBED_GPU_PRUNED=1: embedding mirror 65536 of 248320 rows (320.0 MiB, prefix) on cuda:1
15:47:20.123 INFO:     Model loaded in 12.8 s

15:47:20.124 WARNING:  Disabling authentication makes your instance vulnerable.
                       Set the `disable_auth` flag to False in config.yml if you
                       want to share this instance with others.
15:47:20.124 WARNING:  With authentication disabled and `allowed_origins` left
                       at ["*"], any website open in a browser on this machine
                       can send requests to this instance and read the
                       responses, including admin endpoints. Set
                       `network.allowed_origins` to your own frontends (or [])
                       unless you use a browser-based frontend that needs it.
15:47:20.125 INFO:     Serving OAI API on http://0.0.0.0:8022 (docs at
                       http://0.0.0.0:8022/redoc)
15:47:20.764 INFO:     #3 completions: 3 prompt tokens · temperature: 0, greedy
                       (req), max_tokens: 16 (req)
densegemm lcguard: device 1: dense calls on the QSA side branch use the side scratch (hctr upper half, side slots)
densegemm lcguard: device 0: dense calls on the QSA side branch use the side scratch (hctr upper half, side slots)
15:47:21.131 INFO:     #3 completions: 16 tokens generated at 98.6 T/s · prompt
                       3 tokens, none cached, 3 new in 0.20 s · first token 0.21
                       s, total 0.37 s · draft 7/27 accepted (26%) · max_tokens
                       reached
15:47:21.535 INFO:     #5 chat/completions: 74 prompt tokens · temperature: 0,
                       greedy (req), max_tokens: 64 (req), min_tokens: 64 (req)
15:47:21.537 INFO:     #6 chat/completions: 74 prompt tokens · temperature: 0,
                       greedy (req), max_tokens: 64 (req), min_tokens: 64 (req)
15:47:21.538 INFO:     #7 chat/completions: 74 prompt tokens · temperature: 0,
                       greedy (req), max_tokens: 64 (req), min_tokens: 64 (req)
15:47:21.855 INFO:     #8 chat/completions: 74 prompt tokens · temperature: 0,
                       greedy (req), max_tokens: 64 (req), min_tokens: 64 (req)
15:47:21.982 INFO:     #9 chat/completions: 74 prompt tokens · temperature: 0,
                       greedy (req), max_tokens: 64 (req), min_tokens: 64 (req)
15:47:22.087 INFO:     #10 chat/completions: 74 prompt tokens · temperature: 0,
                       greedy (req), max_tokens: 64 (req), min_tokens: 64 (req)
15:47:22.197 INFO:     #11 chat/completions: 74 prompt tokens · temperature: 0,
                       greedy (req), max_tokens: 64 (req), min_tokens: 64 (req)
15:47:22.300 INFO:     #12 chat/completions: 74 prompt tokens · temperature: 0,
                       greedy (req), max_tokens: 64 (req), min_tokens: 64 (req)
15:47:22.857 INFO:     #5 chat/completions: 64 tokens generated at 68.1 T/s ·
                       prompt 74 tokens, none cached, 74 new in 0.28 s · first
                       token 0.30 s, total 1.24 s · draft 40/50 accepted (80%) ·
                       max_tokens reached
15:47:22.875 INFO:     #6 chat/completions: 64 tokens generated at 66.4 T/s ·
                       prompt 74 tokens, none cached, 74 new in 0.16 s · queued
                       0.14 s, first token 0.30 s, total 1.26 s · draft 39/52
                       accepted (75%) · max_tokens reached
15:47:22.876 INFO:     #7 chat/completions: 64 tokens generated at 66.4 T/s ·
                       prompt 74 tokens, none cached, 74 new in 0.08 s · queued
                       0.22 s, first token 0.30 s, total 1.26 s · draft 39/52
                       accepted (75%) · max_tokens reached
15:47:22.876 INFO:     #8 chat/completions: 64 tokens generated at 74.7 T/s ·
                       prompt 74 tokens, none cached, 74 new in 0.08 s · first
                       token 0.09 s, total 0.94 s · draft 40/49 accepted (82%) ·
                       max_tokens reached
15:47:22.877 INFO:     #9 chat/completions: 64 tokens generated at 85.2 T/s ·
                       prompt 74 tokens, none cached, 74 new in 0.08 s · first
                       token 0.09 s, total 0.84 s · draft 40/49 accepted (82%) ·
                       max_tokens reached
15:47:22.878 INFO:     #10 chat/completions: 64 tokens generated at 95.3 T/s ·
                       prompt 74 tokens, none cached, 74 new in 0.08 s · first
                       token 0.08 s, total 0.76 s · draft 40/50 accepted (80%) ·
                       max_tokens reached
15:47:22.878 INFO:     #11 chat/completions: 64 tokens generated at 107.6 T/s ·
                       prompt 74 tokens, none cached, 74 new in 0.08 s · first
                       token 0.08 s, total 0.68 s · draft 39/54 accepted (72%) ·
                       max_tokens reached
15:47:22.879 INFO:     #12 chat/completions: 64 tokens generated at 129.8 T/s ·
                       prompt 74 tokens, none cached, 74 new in 0.08 s · first
                       token 0.08 s, total 0.58 s · draft 40/52 accepted (77%) ·
                       max_tokens reached
15:47:36.482 INFO:     #16 chat/completions (stream): 737 prompt tokens ·
                       temperature: 0, greedy (req), max_tokens: 49 (req),
                       min_tokens: 49 (req)
15:47:36.673 INFO:     #17 chat/completions (stream): 927 prompt tokens ·
                       temperature: 0, greedy (req), max_tokens: 165 (req),
                       min_tokens: 165 (req)
15:47:37.029 INFO:     #18 chat/completions (stream): 218 prompt tokens ·
                       temperature: 0, greedy (req), max_tokens: 783 (req),
                       min_tokens: 783 (req)
15:47:37.262 INFO:     #19 chat/completions (stream): 133 prompt tokens ·
                       temperature: 0, greedy (req), max_tokens: 188 (req),
                       min_tokens: 188 (req)
15:47:37.396 INFO:     #20 chat/completions (stream): 291 prompt tokens ·
                       temperature: 0, greedy (req), max_tokens: 400 (req),
                       min_tokens: 400 (req)
15:47:37.586 INFO:     #21 chat/completions (stream): 343 prompt tokens ·
                       temperature: 0, greedy (req), max_tokens: 41 (req),
                       min_tokens: 41 (req)
15:47:37.809 INFO:     #22 chat/completions (stream): 57 prompt tokens ·
                       temperature: 0, greedy (req), max_tokens: 275 (req),
                       min_tokens: 275 (req)
15:47:37.990 INFO:     #23 chat/completions (stream): 234 prompt tokens ·
                       temperature: 0, greedy (req), max_tokens: 536 (req),
                       min_tokens: 536 (req)
15:47:38.570 INFO:     #16 chat/completions (stream): 49 tokens generated at
                       33.6 T/s · prompt 737 tokens, none cached, 737 new in
                       0.53 s (1,391 T/s) · first token 0.54 s, total 1.99 s ·
                       draft 28/46 accepted (61%) · max_tokens reached
15:47:38.645 INFO:     #24 chat/completions (stream): 75 prompt tokens ·
                       temperature: 0, greedy (req), max_tokens: 234 (req),
                       min_tokens: 234 (req)
15:47:38.772 INFO:     #21 chat/completions (stream): 41 tokens generated at
                       65.7 T/s · prompt 343 tokens, none cached, 343 new in
                       0.32 s (1,072 T/s) · first token 0.39 s, total 1.01 s ·
                       draft 20/42 accepted (48%) · max_tokens reached
15:47:38.844 INFO:     #25 chat/completions (stream): 256 prompt tokens ·
                       temperature: 0, greedy (req), max_tokens: 85 (req),
                       min_tokens: 85 (req)
15:47:39.826 INFO:     #25 chat/completions (stream): 85 tokens generated at
                       110.7 T/s · prompt 256 tokens, none cached, 256 new in
                       0.12 s (2,133 T/s) · first token 0.12 s, total 0.89 s ·
                       draft 55/60 accepted (92%) · max_tokens reached
15:47:39.896 INFO:     #26 chat/completions (stream): 292 prompt tokens ·
                       temperature: 0, greedy (req), max_tokens: 46 (req),
                       min_tokens: 46 (req)
15:47:40.131 INFO:     #17 chat/completions (stream): 165 tokens generated at
                       63.4 T/s · prompt 927 tokens, none cached, 927 new in
                       0.45 s (2,060 T/s) · queued 0.13 s, first token 0.58 s,
                       total 3.18 s · draft 98/137 accepted (72%) · max_tokens
                       reached
15:47:40.201 INFO:     #27 chat/completions (stream): 68 prompt tokens ·
                       temperature: 0, greedy (req), max_tokens: 335 (req),
                       min_tokens: 335 (req)
15:47:40.327 INFO:     #19 chat/completions (stream): 188 tokens generated at
                       67.7 T/s · prompt 133 tokens, none cached, 133 new in
                       0.11 s · first token 0.12 s, total 2.89 s · draft 117/144
                       accepted (81%) · max_tokens reached
15:47:40.400 INFO:     #28 chat/completions (stream): 183 prompt tokens ·
                       temperature: 0, greedy (req), max_tokens: 818 (req),
                       min_tokens: 818 (req)
15:47:40.889 INFO:     #26 chat/completions (stream): 46 tokens generated at
                       66.8 T/s · prompt 292 tokens, none cached, 292 new in
                       0.21 s (1,390 T/s) · first token 0.22 s, total 0.90 s ·
                       draft 26/40 accepted (65%) · max_tokens reached
15:47:40.961 INFO:     #29 chat/completions (stream): 608 prompt tokens ·
                       temperature: 0, greedy (req), max_tokens: 12 (req),
                       min_tokens: 12 (req)
15:47:41.419 INFO:     #29 chat/completions (stream): 12 tokens generated at
                       120.2 T/s · prompt 608 tokens, none cached, 608 new in
                       0.26 s (2,338 T/s) · first token 0.26 s, total 0.36 s ·
                       draft 8/8 accepted (100%) · max_tokens reached
15:47:41.496 INFO:     #30 chat/completions (stream): 423 prompt tokens ·
                       temperature: 0, greedy (req), max_tokens: 72 (req),
                       min_tokens: 72 (req)
15:47:42.063 INFO:     #22 chat/completions (stream): 275 tokens generated at
                       68.7 T/s · prompt 57 tokens, none cached, 57 new in 0.07
                       s · first token 0.16 s, total 4.16 s · draft 160/230
                       accepted (70%) · max_tokens reached
15:47:42.107 INFO:     #24 chat/completions (stream): 234 tokens generated at
                       71.1 T/s · prompt 75 tokens, none cached, 75 new in 0.08
                       s · first token 0.09 s, total 3.38 s · draft 140/188
                       accepted (74%) · max_tokens reached
15:47:42.129 INFO:     #31 chat/completions (stream): 414 prompt tokens ·
                       temperature: 0, greedy (req), max_tokens: 8 (req),
                       min_tokens: 8 (req)
15:47:42.403 INFO:     #32 chat/completions (stream): 69 prompt tokens ·
                       temperature: 0, greedy (req), max_tokens: 58 (req),
                       min_tokens: 58 (req)
15:47:42.644 INFO:     #31 chat/completions (stream): 8 tokens generated at 46.5
                       T/s · prompt 414 tokens, none cached, 414 new in 0.24 s
                       (1,725 T/s) · first token 0.25 s, total 0.42 s · draft
                       5/6 accepted (83%) · max_tokens reached
15:47:42.713 INFO:     #33 chat/completions (stream): 352 prompt tokens ·
                       temperature: 0, greedy (req), max_tokens: 38 (req),
                       min_tokens: 38 (req)
15:47:43.194 INFO:     #30 chat/completions (stream): 72 tokens generated at
                       53.1 T/s · prompt 423 tokens, none cached, 423 new in
                       0.25 s (1,692 T/s) · first token 0.26 s, total 1.61 s ·
                       draft 38/68 accepted (56%) · max_tokens reached
15:47:43.265 INFO:     #34 chat/completions (stream): 58 prompt tokens ·
                       temperature: 0, greedy (req), max_tokens: 306 (req),
                       min_tokens: 306 (req)
15:47:43.514 INFO:     #32 chat/completions (stream): 58 tokens generated at
                       64.1 T/s · prompt 69 tokens, none cached, 69 new in 0.10
                       s · first token 0.10 s, total 1.01 s · draft 32/52
                       accepted (62%) · max_tokens reached
15:47:43.514 INFO:     #33 chat/completions (stream): 38 tokens generated at
                       83.8 T/s · prompt 352 tokens, none cached, 352 new in
                       0.24 s (1,467 T/s) · first token 0.24 s, total 0.70 s ·
                       draft 22/32 accepted (69%) · max_tokens reached
15:47:43.580 INFO:     #35 chat/completions (stream): 63 prompt tokens ·
                       temperature: 0, greedy (req), max_tokens: 286 (req),
                       min_tokens: 286 (req)
15:47:43.582 INFO:     #36 chat/completions (stream): 498 prompt tokens ·
                       temperature: 0, greedy (req), max_tokens: 30 (req),
                       min_tokens: 30 (req)
15:47:43.988 INFO:     #20 chat/completions (stream): 400 tokens generated at
                       69.0 T/s · prompt 291 tokens, none cached, 291 new in
                       0.38 s (766 T/s) · first token 0.39 s, total 6.18 s ·
                       draft 242/316 accepted (77%) · max_tokens reached
15:47:44.061 INFO:     #37 chat/completions (stream): 235 prompt tokens ·
                       temperature: 0, greedy (req), max_tokens: 47 (req),
                       min_tokens: 47 (req)
15:47:44.418 INFO:     #36 chat/completions (stream): 30 tokens generated at
                       74.3 T/s · prompt 498 tokens, none cached, 498 new in
                       0.26 s (1,915 T/s) · first token 0.34 s, total 0.74 s ·
                       draft 18/24 accepted (75%) · max_tokens reached
15:47:44.497 INFO:     #38 chat/completions (stream): 927 prompt tokens ·
                       temperature: 0, greedy (req), max_tokens: 333 (req),
                       min_tokens: 333 (req)
15:47:45.108 INFO:     #37 chat/completions (stream): 47 tokens generated at
                       56.2 T/s · prompt 235 tokens, none cached, 235 new in
                       0.11 s · first token 0.12 s, total 0.95 s · draft 25/44
                       accepted (57%) · max_tokens reached
15:47:45.253 INFO:     #39 chat/completions (stream): 303 prompt tokens ·
                       temperature: 0, greedy (req), max_tokens: 89 (req),
                       min_tokens: 89 (req)
15:47:46.593 INFO:     #39 chat/completions (stream): 89 tokens generated at
                       89.3 T/s · prompt 303 tokens, none cached, 303 new in
                       0.25 s (1,212 T/s) · first token 0.26 s, total 1.25 s ·
                       draft 50/78 accepted (64%) · max_tokens reached
15:47:46.617 INFO:     #27 chat/completions (stream): 335 tokens generated at
                       53.6 T/s · prompt 68 tokens, none cached, 68 new in 0.07
                       s · first token 0.08 s, total 6.32 s · draft 171/328
                       accepted (52%) · max_tokens reached
15:47:46.658 INFO:     #40 chat/completions (stream): 413 prompt tokens ·
                       temperature: 0, greedy (req), max_tokens: 8 (req),
                       min_tokens: 8 (req)
15:47:46.807 INFO:     #41 chat/completions (stream): 206 prompt tokens ·
                       temperature: 0, greedy (req), max_tokens: 271 (req),
                       min_tokens: 271 (req)
15:47:47.057 INFO:     #23 chat/completions (stream): 536 tokens generated at
                       62.8 T/s · prompt 234 tokens, none cached, 234 new in
                       0.11 s · first token 0.11 s, total 8.64 s · draft 298/476
                       accepted (63%) · max_tokens reached
15:47:47.125 INFO:     #42 chat/completions (stream): 180 prompt tokens ·
                       temperature: 0, greedy (req), max_tokens: 20 (req),
                       min_tokens: 20 (req)
15:47:47.274 INFO:     #40 chat/completions (stream): 8 tokens generated at
                       118.4 T/s · prompt 413 tokens, none cached, 413 new in
                       0.35 s (1,180 T/s) · first token 0.36 s, total 0.42 s ·
                       draft 5/6 accepted (83%) · max_tokens reached
15:47:47.345 INFO:     #44 chat/completions (stream): 509 prompt tokens ·
                       temperature: 0, greedy (req), max_tokens: 22 (req),
                       min_tokens: 22 (req)
15:47:47.759 INFO:     #42 chat/completions (stream): 20 tokens generated at
                       45.6 T/s · prompt 180 tokens, none cached, 180 new in
                       0.10 s · first token 0.11 s, total 0.54 s · draft 12/16
                       accepted (75%) · max_tokens reached
15:47:47.828 INFO:     #45 chat/completions (stream): 330 prompt tokens ·
                       temperature: 0, greedy (req), max_tokens: 19 (req),
                       min_tokens: 19 (req)
15:47:48.111 INFO:     #44 chat/completions (stream): 22 tokens generated at
                       118.2 T/s · prompt 509 tokens, none cached, 509 new in
                       0.27 s (1,885 T/s) · first token 0.27 s, total 0.46 s ·
                       draft 14/16 accepted (88%) · max_tokens reached
15:47:48.184 INFO:     #46 chat/completions (stream): 386 prompt tokens ·
                       temperature: 0, greedy (req), max_tokens: 26 (req),
                       min_tokens: 26 (req)
15:47:48.585 INFO:     #45 chat/completions (stream): 19 tokens generated at
                       44.6 T/s · prompt 330 tokens, none cached, 330 new in
                       0.23 s (1,435 T/s) · first token 0.24 s, total 0.66 s ·
                       draft 11/16 accepted (69%) · max_tokens reached
15:47:48.655 INFO:     #47 chat/completions (stream): 100 prompt tokens ·
                       temperature: 0, greedy (req), max_tokens: 136 (req),
                       min_tokens: 136 (req)
15:47:48.817 INFO:     #35 chat/completions (stream): 286 tokens generated at
                       59.0 T/s · prompt 63 tokens, none cached, 63 new in 0.20
                       s · first token 0.21 s, total 5.06 s · draft 167/238
                       accepted (70%) · max_tokens reached
15:47:48.882 INFO:     #48 chat/completions (stream): 76 prompt tokens ·
                       temperature: 0, greedy (req), max_tokens: 401 (req),
                       min_tokens: 401 (req)
15:47:48.987 INFO:     #46 chat/completions (stream): 26 tokens generated at
                       69.5 T/s · prompt 386 tokens, none cached, 386 new in
                       0.25 s (1,544 T/s) · first token 0.25 s, total 0.63 s ·
                       draft 14/24 accepted (58%) · max_tokens reached
15:47:49.059 INFO:     #49 chat/completions (stream): 62 prompt tokens ·
                       temperature: 0, greedy (req), max_tokens: 155 (req),
                       min_tokens: 155 (req)
15:47:49.471 INFO:     #34 chat/completions (stream): 306 tokens generated at
                       50.7 T/s · prompt 58 tokens, none cached, 58 new in 0.07
                       s · first token 0.08 s, total 6.11 s · draft 157/298
                       accepted (53%) · max_tokens reached
15:47:49.543 INFO:     #50 chat/completions (stream): 73 prompt tokens ·
                       temperature: 0, greedy (req), max_tokens: 222 (req),
                       min_tokens: 222 (req)
15:47:50.412 INFO:     #38 chat/completions (stream): 333 tokens generated at
                       60.5 T/s · prompt 927 tokens, none cached, 927 new in
                       0.32 s (2,897 T/s) · first token 0.32 s, total 5.83 s ·
                       draft 180/306 accepted (59%) · max_tokens reached
15:47:50.454 INFO:     #47 chat/completions (stream): 136 tokens generated at
                       85.2 T/s · prompt 100 tokens, none cached, 100 new in
                       0.09 s · first token 0.10 s, total 1.69 s · draft 81/110
                       accepted (74%) · max_tokens reached
15:47:50.500 INFO:     #51 chat/completions (stream): 194 prompt tokens ·
                       temperature: 0, greedy (req), max_tokens: 201 (req),
                       min_tokens: 201 (req)
15:47:50.633 INFO:     #52 chat/completions (stream): 656 prompt tokens ·
                       temperature: 0, greedy (req), max_tokens: 595 (req),
                       min_tokens: 595 (req)
15:47:51.020 INFO:     #18 chat/completions (stream): 783 tokens generated at
                       57.7 T/s · prompt 218 tokens, none cached, 218 new in
                       0.11 s · queued 0.11 s, first token 0.22 s, total 13.8 s
                       · draft 439/691 accepted (64%) · max_tokens reached
15:47:51.090 INFO:     #53 chat/completions (stream): 73 prompt tokens ·
                       temperature: 0, greedy (req), max_tokens: 664 (req),
                       min_tokens: 664 (req)
15:47:51.380 INFO:     #49 chat/completions (stream): 155 tokens generated at
                       71.9 T/s · prompt 62 tokens, none cached, 62 new in 0.07
                       s · first token 0.07 s, total 2.23 s · draft 90/130
                       accepted (69%) · max_tokens reached
15:47:51.447 INFO:     #54 chat/completions (stream): 85 prompt tokens ·
                       temperature: 0, greedy (req), max_tokens: 50 (req),
                       min_tokens: 50 (req)
15:47:51.448 INFO:     #41 chat/completions (stream): 271 tokens generated at
                       62.4 T/s · prompt 206 tokens, none cached, 206 new in
                       0.11 s · first token 0.20 s, total 4.55 s · draft 157/228
                       accepted (69%) · max_tokens reached
15:47:51.607 INFO:     #55 chat/completions (stream): 75 prompt tokens ·
                       temperature: 0, greedy (req), max_tokens: 202 (req),
                       min_tokens: 202 (req)
15:47:52.123 INFO:     #54 chat/completions (stream): 50 tokens generated at
                       101.5 T/s · prompt 85 tokens, none cached, 85 new in 0.08
                       s · first token 0.09 s, total 0.58 s · draft 33/34
                       accepted (97%) · max_tokens reached
15:47:52.193 INFO:     #56 chat/completions (stream): 87 prompt tokens ·
                       temperature: 0, greedy (req), max_tokens: 683 (req),
                       min_tokens: 683 (req)
15:47:52.696 INFO:     #50 chat/completions (stream): 222 tokens generated at
                       74.6 T/s · prompt 73 tokens, none cached, 73 new in 0.08
                       s · first token 0.09 s, total 3.06 s · draft 130/184
                       accepted (71%) · max_tokens reached
15:47:52.769 INFO:     #57 chat/completions (stream): 796 prompt tokens ·
                       temperature: 0, greedy (req), max_tokens: 13 (req),
                       min_tokens: 13 (req)
15:47:53.219 INFO:     #57 chat/completions (stream): 13 tokens generated at
                       104.4 T/s · prompt 796 tokens, none cached, 796 new in
                       0.23 s (3,461 T/s) · first token 0.24 s, total 0.36 s ·
                       draft 8/10 accepted (80%) · max_tokens reached
15:47:53.292 INFO:     #58 chat/completions (stream): 349 prompt tokens ·
                       temperature: 0, greedy (req), max_tokens: 70 (req),
                       min_tokens: 70 (req)
15:47:53.726 INFO:     #51 chat/completions (stream): 201 tokens generated at
                       66.5 T/s · prompt 194 tokens, none cached, 194 new in
                       0.10 s · first token 0.11 s, total 3.13 s · draft 119/164
                       accepted (73%) · max_tokens reached
15:47:53.799 INFO:     #59 chat/completions (stream): 345 prompt tokens ·
                       temperature: 0, greedy (req), max_tokens: 18 (req),
                       min_tokens: 18 (req)
15:47:54.276 INFO:     #28 chat/completions (stream): 818 tokens generated at
                       59.9 T/s · prompt 183 tokens, none cached, 183 new in
                       0.12 s · first token 0.12 s, total 13.8 s · draft 459/718
                       accepted (64%) · max_tokens reached
15:47:54.320 INFO:     #59 chat/completions (stream): 18 tokens generated at
                       95.5 T/s · prompt 345 tokens, none cached, 345 new in
                       0.24 s (1,438 T/s) · first token 0.25 s, total 0.43 s ·
                       draft 10/16 accepted (62%) · max_tokens reached
15:47:54.343 INFO:     #60 chat/completions (stream): 353 prompt tokens ·
                       temperature: 0, greedy (req), max_tokens: 52 (req),
                       min_tokens: 52 (req)
15:47:54.619 INFO:     #61 chat/completions (stream): 75 prompt tokens ·
                       temperature: 0, greedy (req), max_tokens: 218 (req),
                       min_tokens: 218 (req)
15:47:54.792 INFO:     #58 chat/completions (stream): 70 tokens generated at
                       64.6 T/s · prompt 349 tokens, none cached, 349 new in
                       0.24 s (1,454 T/s) · first token 0.24 s, total 1.33 s ·
                       draft 43/54 accepted (80%) · max_tokens reached
15:47:54.864 INFO:     #62 chat/completions (stream): 786 prompt tokens ·
                       temperature: 0, greedy (req), max_tokens: 792 (req),
                       min_tokens: 792 (req)
15:47:55.448 INFO:     #55 chat/completions (stream): 202 tokens generated at
                       55.1 T/s · prompt 75 tokens, none cached, 75 new in 0.08
                       s · first token 0.08 s, total 3.75 s · draft 103/198
                       accepted (52%) · max_tokens reached
15:47:55.492 INFO:     #60 chat/completions (stream): 52 tokens generated at
                       64.9 T/s · prompt 353 tokens, none cached, 353 new in
                       0.25 s (1,412 T/s) · first token 0.26 s, total 1.06 s ·
                       draft 31/42 accepted (74%) · max_tokens reached
15:47:55.511 INFO:     #63 chat/completions (stream): 95 prompt tokens ·
                       temperature: 0, greedy (req), max_tokens: 25 (req),
                       min_tokens: 25 (req)
15:47:55.647 INFO:     #64 chat/completions (stream): 477 prompt tokens ·
                       temperature: 0, greedy (req), max_tokens: 7 (req),
                       min_tokens: 7 (req)
15:47:55.803 INFO:     #48 chat/completions (stream): 401 tokens generated at
                       61.5 T/s · prompt 76 tokens, none cached, 76 new in 0.08
                       s · first token 0.08 s, total 6.61 s · draft 217/368
                       accepted (59%) · max_tokens reached
15:47:55.979 INFO:     #65 chat/completions (stream): 238 prompt tokens ·
                       temperature: 0, greedy (req), max_tokens: 23 (req),
                       min_tokens: 23 (req)
15:47:56.185 INFO:     #64 chat/completions (stream): 7 tokens generated at
                       107.3 T/s · prompt 477 tokens, none cached, 477 new in
                       0.26 s (1,835 T/s) · first token 0.26 s, total 0.33 s ·
                       draft 4/6 accepted (67%) · max_tokens reached
15:47:56.250 INFO:     #66 chat/completions (stream): 62 prompt tokens ·
                       temperature: 0, greedy (req), max_tokens: 408 (req),
                       min_tokens: 408 (req)
15:47:56.250 INFO:     #63 chat/completions (stream): 25 tokens generated at
                       44.8 T/s · prompt 95 tokens, none cached, 95 new in 0.09
                       s · first token 0.10 s, total 0.66 s · draft 16/18
                       accepted (89%) · max_tokens reached
15:47:56.387 INFO:     #67 chat/completions (stream): 507 prompt tokens ·
                       temperature: 0, greedy (req), max_tokens: 8 (req),
                       min_tokens: 8 (req)
15:47:56.701 INFO:     #65 chat/completions (stream): 23 tokens generated at
                       92.5 T/s · prompt 238 tokens, none cached, 238 new in
                       0.11 s · first token 0.11 s, total 0.36 s · draft 15/16
                       accepted (94%) · max_tokens reached
15:47:56.769 INFO:     #68 chat/completions (stream): 151 prompt tokens ·
                       temperature: 0, greedy (req), max_tokens: 7 (req),
                       min_tokens: 7 (req)
15:47:56.931 INFO:     #67 chat/completions (stream): 8 tokens generated at
                       113.5 T/s · prompt 507 tokens, none cached, 507 new in
                       0.28 s (1,811 T/s) · first token 0.28 s, total 0.36 s ·
                       draft 5/6 accepted (83%) · max_tokens reached
15:47:56.996 INFO:     #69 chat/completions (stream): 92 prompt tokens ·
                       temperature: 0, greedy (req), max_tokens: 171 (req),
                       min_tokens: 171 (req)
15:47:57.109 INFO:     #68 chat/completions (stream): 7 tokens generated at
                       104.4 T/s · prompt 151 tokens, none cached, 151 new in
                       0.09 s · first token 0.09 s, total 0.16 s · draft 4/6
                       accepted (67%) · max_tokens reached
15:47:57.177 INFO:     #70 chat/completions (stream): 534 prompt tokens ·
                       temperature: 0, greedy (req), max_tokens: 59 (req),
                       min_tokens: 59 (req)
15:47:58.065 INFO:     #61 chat/completions (stream): 218 tokens generated at
                       66.7 T/s · prompt 75 tokens, none cached, 75 new in 0.08
                       s · first token 0.08 s, total 3.35 s · draft 137/162
                       accepted (85%) · max_tokens reached
15:47:58.131 INFO:     #71 chat/completions (stream): 63 prompt tokens ·
                       temperature: 0, greedy (req), max_tokens: 327 (req),
                       min_tokens: 327 (req)
15:47:58.251 INFO:     #70 chat/completions (stream): 59 tokens generated at
                       83.2 T/s · prompt 534 tokens, none cached, 534 new in
                       0.20 s (2,670 T/s) · first token 0.20 s, total 0.91 s ·
                       draft 30/58 accepted (52%) · max_tokens reached
15:47:58.323 INFO:     #72 chat/completions (stream): 58 prompt tokens ·
                       temperature: 0, greedy (req), max_tokens: 312 (req),
                       min_tokens: 312 (req)
15:47:58.835 INFO:     #52 chat/completions (stream): 595 tokens generated at
                       76.2 T/s · prompt 656 tokens, none cached, 656 new in
                       0.29 s (2,262 T/s) · first token 0.29 s, total 8.11 s ·
                       draft 385/420 accepted (92%) · max_tokens reached
15:47:58.907 INFO:     #73 chat/completions (stream): 253 prompt tokens ·
                       temperature: 0, greedy (req), max_tokens: 227 (req),
                       min_tokens: 227 (req)
15:47:59.571 INFO:     #69 chat/completions (stream): 171 tokens generated at
                       71.5 T/s · prompt 92 tokens, none cached, 92 new in 0.09
                       s · first token 0.09 s, total 2.48 s · draft 91/160
                       accepted (57%) · max_tokens reached
15:47:59.643 INFO:     #74 chat/completions (stream): 328 prompt tokens ·
                       temperature: 0, greedy (req), max_tokens: 161 (req),
                       min_tokens: 161 (req)
15:48:01.294 INFO:     #53 chat/completions (stream): 664 tokens generated at
                       66.2 T/s · prompt 73 tokens, none cached, 73 new in 0.08
                       s · first token 0.08 s, total 10.1 s · draft 375/578
                       accepted (65%) · max_tokens reached
15:48:01.369 INFO:     #75 chat/completions (stream): 62 prompt tokens ·
                       temperature: 0, greedy (req), max_tokens: 158 (req),
                       min_tokens: 158 (req)
15:48:01.865 INFO:     #74 chat/completions (stream): 161 tokens generated at
                       85.0 T/s · prompt 328 tokens, none cached, 328 new in
                       0.23 s (1,426 T/s) · first token 0.24 s, total 2.13 s ·
                       draft 88/146 accepted (60%) · max_tokens reached
15:48:01.932 INFO:     #76 chat/completions (stream): 450 prompt tokens ·
                       temperature: 0, greedy (req), max_tokens: 172 (req),
                       min_tokens: 172 (req)
15:48:02.087 INFO:     #72 chat/completions (stream): 312 tokens generated at
                       89.9 T/s · prompt 58 tokens, none cached, 58 new in 0.07
                       s · first token 0.07 s, total 3.54 s · draft 188/248
                       accepted (76%) · max_tokens reached
15:48:02.260 INFO:     #77 chat/completions (stream): 840 prompt tokens ·
                       temperature: 0, greedy (req), max_tokens: 16 (req),
                       min_tokens: 16 (req)
15:48:02.261 INFO:     #73 chat/completions (stream): 227 tokens generated at
                       78.2 T/s · prompt 253 tokens, none cached, 253 new in
                       0.11 s · first token 0.11 s, total 3.02 s · draft 121/212
                       accepted (57%) · max_tokens reached
15:48:02.605 INFO:     #79 chat/completions (stream): 63 prompt tokens ·
                       temperature: 0, greedy (req), max_tokens: 373 (req),
                       min_tokens: 373 (req)
15:48:02.607 INFO:     #66 chat/completions (stream): 408 tokens generated at
                       69.0 T/s · prompt 62 tokens, none cached, 62 new in 0.07
                       s · first token 0.08 s, total 5.99 s · draft 223/370
                       accepted (60%) · max_tokens reached
15:48:02.746 INFO:     #80 chat/completions (stream): 63 prompt tokens ·
                       temperature: 0, greedy (req), max_tokens: 361 (req),
                       min_tokens: 361 (req)
15:48:02.746 INFO:     #71 chat/completions (stream): 327 tokens generated at
                       74.7 T/s · prompt 63 tokens, none cached, 63 new in 0.07
                       s · first token 0.08 s, total 4.45 s · draft 189/276
                       accepted (68%) · max_tokens reached
15:48:02.890 INFO:     #81 chat/completions (stream): 64 prompt tokens ·
                       temperature: 0, greedy (req), max_tokens: 400 (req),
                       min_tokens: 400 (req)
15:48:03.081 INFO:     #77 chat/completions (stream): 16 tokens generated at
                       37.8 T/s · prompt 840 tokens, none cached, 840 new in
                       0.30 s (2,800 T/s) · first token 0.31 s, total 0.73 s ·
                       draft 7/18 accepted (39%) · max_tokens reached
15:48:03.152 INFO:     #82 chat/completions (stream): 677 prompt tokens ·
                       temperature: 0, greedy (req), max_tokens: 6 (req),
                       min_tokens: 6 (req)
15:48:03.545 INFO:     #56 chat/completions (stream): 683 tokens generated at
                       61.1 T/s · prompt 87 tokens, none cached, 87 new in 0.08
                       s · first token 0.08 s, total 11.3 s · draft 380/606
                       accepted (63%) · max_tokens reached
15:48:03.568 INFO:     #82 chat/completions (stream): 6 tokens generated at
                       133.6 T/s · prompt 677 tokens, none cached, 677 new in
                       0.28 s (2,418 T/s) · first token 0.29 s, total 0.33 s ·
                       draft 4/4 accepted (100%) · max_tokens reached
15:48:03.613 INFO:     #83 chat/completions (stream): 114 prompt tokens ·
                       temperature: 0, greedy (req), max_tokens: 443 (req),
                       min_tokens: 443 (req)
15:48:03.738 INFO:     #84 chat/completions (stream): 739 prompt tokens ·
                       temperature: 0, greedy (req), max_tokens: 620 (req),
                       min_tokens: 620 (req)
15:48:04.598 INFO:     #75 chat/completions (stream): 158 tokens generated at
                       51.7 T/s · prompt 62 tokens, none cached, 62 new in 0.07
                       s · first token 0.08 s, total 3.13 s · draft 87/142
                       accepted (61%) · max_tokens reached
15:48:04.670 INFO:     #85 chat/completions (stream): 502 prompt tokens ·
                       temperature: 0, greedy (req), max_tokens: 8 (req),
                       min_tokens: 8 (req)
15:48:05.112 INFO:     #85 chat/completions (stream): 8 tokens generated at
                       107.3 T/s · prompt 502 tokens, none cached, 502 new in
                       0.27 s (1,859 T/s) · first token 0.28 s, total 0.35 s ·
                       draft 5/6 accepted (83%) · max_tokens reached
15:48:05.183 INFO:     #86 chat/completions (stream): 67 prompt tokens ·
                       temperature: 0, greedy (req), max_tokens: 309 (req),
                       min_tokens: 309 (req)
15:48:05.478 INFO:     #76 chat/completions (stream): 172 tokens generated at
                       54.3 T/s · prompt 450 tokens, none cached, 450 new in
                       0.26 s (1,731 T/s) · first token 0.27 s, total 3.43 s ·
                       draft 100/144 accepted (69%) · max_tokens reached
15:48:05.550 INFO:     #87 chat/completions (stream): 684 prompt tokens ·
                       temperature: 0, greedy (req), max_tokens: 19 (req),
                       min_tokens: 19 (req)
15:48:06.096 INFO:     #87 chat/completions (stream): 19 tokens generated at
                       108.8 T/s · prompt 684 tokens, none cached, 684 new in
                       0.27 s (2,533 T/s) · first token 0.27 s, total 0.45 s ·
                       draft 12/14 accepted (86%) · max_tokens reached
15:48:06.169 INFO:     #88 chat/completions (stream): 67 prompt tokens ·
                       temperature: 0, greedy (req), max_tokens: 161 (req),
                       min_tokens: 161 (req)
15:48:07.225 INFO:     #62 chat/completions (stream): 792 tokens generated at
                       65.9 T/s · prompt 786 tokens, none cached, 786 new in
                       0.24 s (3,275 T/s) · first token 0.24 s, total 12.3 s ·
                       draft 450/684 accepted (66%) · max_tokens reached
15:48:07.299 INFO:     #89 chat/completions (stream): 345 prompt tokens ·
                       temperature: 0, greedy (req), max_tokens: 20 (req),
                       min_tokens: 20 (req)
15:48:07.863 INFO:     #89 chat/completions (stream): 20 tokens generated at
                       88.4 T/s · prompt 345 tokens, none cached, 345 new in
                       0.24 s (1,438 T/s) · first token 0.25 s, total 0.47 s ·
                       draft 11/18 accepted (61%) · max_tokens reached
15:48:07.939 INFO:     #90 chat/completions (stream): 870 prompt tokens ·
                       temperature: 0, greedy (req), max_tokens: 44 (req),
                       min_tokens: 44 (req)
15:48:08.545 INFO:     #79 chat/completions (stream): 373 tokens generated at
                       64.7 T/s · prompt 63 tokens, none cached, 63 new in 0.07
                       s · first token 0.08 s, total 5.84 s · draft 217/312
                       accepted (70%) · max_tokens reached
15:48:08.614 INFO:     #91 chat/completions (stream): 77 prompt tokens ·
                       temperature: 0, greedy (req), max_tokens: 142 (req),
                       min_tokens: 142 (req)
15:48:08.742 INFO:     #80 chat/completions (stream): 361 tokens generated at
                       62.8 T/s · prompt 63 tokens, none cached, 63 new in 0.07
                       s · first token 0.08 s, total 5.82 s · draft 203/316
                       accepted (64%) · max_tokens reached
15:48:08.805 INFO:     #92 chat/completions (stream): 116 prompt tokens ·
                       temperature: 0, greedy (req), max_tokens: 79 (req),
                       min_tokens: 79 (req)
15:48:08.806 INFO:     #88 chat/completions (stream): 161 tokens generated at
                       65.2 T/s · prompt 67 tokens, none cached, 67 new in 0.07
                       s · first token 0.08 s, total 2.55 s · draft 85/152
                       accepted (56%) · max_tokens reached
15:48:08.974 INFO:     #93 chat/completions (stream): 121 prompt tokens ·
                       temperature: 0, greedy (req), max_tokens: 9 (req),
                       min_tokens: 9 (req)
15:48:08.975 INFO:     #90 chat/completions (stream): 44 tokens generated at
                       81.3 T/s · prompt 870 tokens, none cached, 870 new in
                       0.30 s (2,900 T/s) · first token 0.31 s, total 0.85 s ·
                       draft 25/38 accepted (66%) · max_tokens reached
15:48:09.148 INFO:     #94 chat/completions (stream): 188 prompt tokens ·
                       temperature: 0, greedy (req), max_tokens: 337 (req),
                       min_tokens: 337 (req)
15:48:09.371 INFO:     #93 chat/completions (stream): 9 tokens generated at 45.3
                       T/s · prompt 121 tokens, none cached, 121 new in 0.10 s ·
                       first token 0.11 s, total 0.30 s · draft 5/8 accepted
                       (62%) · max_tokens reached
15:48:09.450 INFO:     #95 chat/completions (stream): 546 prompt tokens ·
                       temperature: 0, greedy (req), max_tokens: 16 (req),
                       min_tokens: 16 (req)
15:48:09.903 INFO:     #81 chat/completions (stream): 400 tokens generated at
                       58.4 T/s · prompt 64 tokens, none cached, 64 new in 0.07
                       s · first token 0.07 s, total 6.92 s · draft 218/364
                       accepted (60%) · max_tokens reached
15:48:09.923 INFO:     #95 chat/completions (stream): 16 tokens generated at
                       106.8 T/s · prompt 546 tokens, none cached, 546 new in
                       0.23 s (2,374 T/s) · first token 0.24 s, total 0.38 s ·
                       draft 10/12 accepted (83%) · max_tokens reached
15:48:09.962 INFO:     #96 chat/completions (stream): 346 prompt tokens ·
                       temperature: 0, greedy (req), max_tokens: 18 (req),
                       min_tokens: 18 (req)
15:48:10.113 INFO:     #97 chat/completions (stream): 399 prompt tokens ·
                       temperature: 0, greedy (req), max_tokens: 350 (req),
                       min_tokens: 350 (req)
15:48:10.114 INFO:     #86 chat/completions (stream): 309 tokens generated at
                       66.6 T/s · prompt 67 tokens, none cached, 67 new in 0.07
                       s · first token 0.07 s, total 4.71 s · draft 179/260
                       accepted (69%) · max_tokens reached
15:48:10.502 INFO:     #98 chat/completions (stream): 832 prompt tokens ·
                       temperature: 0, greedy (req), max_tokens: 25 (req),
                       min_tokens: 25 (req)
15:48:10.503 INFO:     #92 chat/completions (stream): 79 tokens generated at
                       75.0 T/s · prompt 116 tokens, none cached, 116 new in
                       0.10 s · first token 0.11 s, total 1.16 s · draft 52/54
                       accepted (96%) · max_tokens reached
15:48:10.840 INFO:     #99 chat/completions (stream): 62 prompt tokens ·
                       temperature: 0, greedy (req), max_tokens: 163 (req),
                       min_tokens: 163 (req)
15:48:11.053 INFO:     #96 chat/completions (stream): 18 tokens generated at
                       28.4 T/s · prompt 346 tokens, none cached, 346 new in
                       0.36 s (961 T/s) · first token 0.37 s, total 1.00 s ·
                       draft 10/16 accepted (62%) · max_tokens reached
15:48:11.125 INFO:     #100 chat/completions (stream): 794 prompt tokens ·
                       temperature: 0, greedy (req), max_tokens: 12 (req),
                       min_tokens: 12 (req)
15:48:11.448 INFO:     #98 chat/completions (stream): 25 tokens generated at
                       76.3 T/s · prompt 832 tokens, none cached, 832 new in
                       0.29 s (2,869 T/s) · first token 0.30 s, total 0.62 s ·
                       draft 14/22 accepted (64%) · max_tokens reached
15:48:11.513 INFO:     #101 chat/completions (stream): 489 prompt tokens ·
                       temperature: 0, greedy (req), max_tokens: 32 (req),
                       min_tokens: 32 (req)
15:48:11.514 INFO:     #83 chat/completions (stream): 443 tokens generated at
                       57.5 T/s · prompt 114 tokens, none cached, 114 new in
                       0.10 s · first token 0.11 s, total 7.81 s · draft 252/383
                       accepted (66%) · max_tokens reached
15:48:11.816 INFO:     #102 chat/completions (stream): 378 prompt tokens ·
                       temperature: 0, greedy (req), max_tokens: 447 (req),
                       min_tokens: 447 (req)
15:48:11.817 INFO:     #100 chat/completions (stream): 12 tokens generated at
                       98.6 T/s · prompt 794 tokens, none cached, 794 new in
                       0.24 s (3,308 T/s) · first token 0.24 s, total 0.37 s ·
                       draft 7/10 accepted (70%) · max_tokens reached
15:48:12.115 INFO:     #103 chat/completions (stream): 72 prompt tokens ·
                       temperature: 0, greedy (req), max_tokens: 731 (req),
                       min_tokens: 731 (req)
15:48:12.309 INFO:     #91 chat/completions (stream): 142 tokens generated at
                       40.3 T/s · prompt 77 tokens, none cached, 77 new in 0.08
                       s · first token 0.09 s, total 3.61 s · draft 80/125
                       accepted (64%) · max_tokens reached
15:48:12.376 INFO:     #104 chat/completions (stream): 76 prompt tokens ·
                       temperature: 0, greedy (req), max_tokens: 393 (req),
                       min_tokens: 393 (req)
15:48:12.569 INFO:     #101 chat/completions (stream): 32 tokens generated at
                       45.3 T/s · prompt 489 tokens, none cached, 489 new in
                       0.25 s (1,956 T/s) · first token 0.26 s, total 0.96 s ·
                       draft 18/28 accepted (64%) · max_tokens reached
15:48:12.639 INFO:     #105 chat/completions (stream): 60 prompt tokens ·
                       temperature: 0, greedy (req), max_tokens: 636 (req),
                       min_tokens: 636 (req)
15:48:13.719 INFO:     #99 chat/completions (stream): 163 tokens generated at
                       60.1 T/s · prompt 62 tokens, none cached, 62 new in 0.07
                       s · first token 0.07 s, total 2.79 s · draft 89/148
                       accepted (60%) · max_tokens reached
15:48:13.791 INFO:     #106 chat/completions (stream): 87 prompt tokens ·
                       temperature: 0, greedy (req), max_tokens: 38 (req),
                       min_tokens: 38 (req)
15:48:14.309 INFO:     #84 chat/completions (stream): 620 tokens generated at
                       60.9 T/s · prompt 739 tokens, none cached, 739 new in
                       0.30 s (2,463 T/s) · first token 0.30 s, total 10.5 s ·
                       draft 348/545 accepted (64%) · max_tokens reached
15:48:14.310 INFO:     #106 chat/completions (stream): 38 tokens generated at
                       111.4 T/s · prompt 87 tokens, none cached, 87 new in 0.08
                       s · first token 0.09 s, total 0.43 s · draft 24/28
                       accepted (86%) · max_tokens reached
15:48:14.378 INFO:     #107 chat/completions (stream): 132 prompt tokens ·
                       temperature: 0, greedy (req), max_tokens: 61 (req),
                       min_tokens: 61 (req)
15:48:14.380 INFO:     #108 chat/completions (stream): 76 prompt tokens ·
                       temperature: 0, greedy (req), max_tokens: 411 (req),
                       min_tokens: 411 (req)
15:48:15.179 INFO:     #107 chat/completions (stream): 61 tokens generated at
                       117.9 T/s · prompt 132 tokens, none cached, 132 new in
                       0.18 s · first token 0.19 s, total 0.71 s · draft 40/42
                       accepted (95%) · max_tokens reached
15:48:15.251 INFO:     #109 chat/completions (stream): 68 prompt tokens ·
                       temperature: 0, greedy (req), max_tokens: 367 (req),
                       min_tokens: 367 (req)
15:48:15.617 INFO:     #94 chat/completions (stream): 337 tokens generated at
                       53.7 T/s · prompt 188 tokens, none cached, 188 new in
                       0.10 s · first token 0.10 s, total 6.38 s · draft 171/333
                       accepted (51%) · max_tokens reached
15:48:15.685 INFO:     #110 chat/completions (stream): 123 prompt tokens ·
                       temperature: 0, greedy (req), max_tokens: 289 (req),
                       min_tokens: 289 (req)
15:48:15.835 INFO:     #97 chat/completions (stream): 350 tokens generated at
                       67.6 T/s · prompt 399 tokens, none cached, 399 new in
                       0.26 s (1,535 T/s) · first token 0.35 s, total 5.53 s ·
                       draft 202/296 accepted (68%) · max_tokens reached
15:48:15.907 INFO:     #111 chat/completions (stream): 101 prompt tokens ·
                       temperature: 0, greedy (req), max_tokens: 518 (req),
                       min_tokens: 518 (req)
15:48:17.414 INFO:     #104 chat/completions (stream): 393 tokens generated at
                       80.8 T/s · prompt 76 tokens, none cached, 76 new in 0.08
                       s · first token 0.08 s, total 4.95 s · draft 223/340
                       accepted (66%) · max_tokens reached
15:48:17.497 INFO:     #113 chat/completions (stream): 145 prompt tokens ·
                       temperature: 0, greedy (req), max_tokens: 144 (req),
                       min_tokens: 144 (req)
15:48:17.990 INFO:     #102 chat/completions (stream): 447 tokens generated at
                       76.7 T/s · prompt 378 tokens, none cached, 378 new in
                       0.25 s (1,512 T/s) · first token 0.26 s, total 6.08 s ·
                       draft 248/398 accepted (62%) · max_tokens reached
15:48:18.062 INFO:     #114 chat/completions (stream): 360 prompt tokens ·
                       temperature: 0, greedy (req), max_tokens: 8 (req),
                       min_tokens: 8 (req)
15:48:18.472 INFO:     #114 chat/completions (stream): 8 tokens generated at
                       110.6 T/s · prompt 360 tokens, none cached, 360 new in
                       0.24 s (1,500 T/s) · first token 0.25 s, total 0.32 s ·
                       draft 5/6 accepted (83%) · max_tokens reached
15:48:18.544 INFO:     #115 chat/completions (stream): 469 prompt tokens ·
                       temperature: 0, greedy (req), max_tokens: 465 (req),
                       min_tokens: 465 (req)
15:48:19.564 INFO:     #110 chat/completions (stream): 289 tokens generated at
                       78.3 T/s · prompt 123 tokens, none cached, 123 new in
                       0.10 s · first token 0.11 s, total 3.79 s · draft 170/238
                       accepted (71%) · max_tokens reached
15:48:19.565 INFO:     #113 chat/completions (stream): 144 tokens generated at
                       77.1 T/s · prompt 145 tokens, none cached, 145 new in
                       0.11 s · first token 0.12 s, total 1.98 s · draft 87/114
                       accepted (76%) · max_tokens reached
15:48:19.633 INFO:     #116 chat/completions (stream): 327 prompt tokens ·
                       temperature: 0, greedy (req), max_tokens: 420 (req),
                       min_tokens: 420 (req)
15:48:19.635 INFO:     #117 chat/completions (stream): 93 prompt tokens ·
                       temperature: 0, greedy (req), max_tokens: 298 (req),
                       min_tokens: 298 (req)
15:48:20.174 INFO:     #108 chat/completions (stream): 411 tokens generated at
                       74.6 T/s · prompt 76 tokens, none cached, 76 new in 0.08
                       s · queued 0.11 s, first token 0.19 s, total 5.71 s ·
                       draft 236/350 accepted (67%) · max_tokens reached
15:48:20.246 INFO:     #118 chat/completions (stream): 126 prompt tokens ·
                       temperature: 0, greedy (req), max_tokens: 325 (req),
                       min_tokens: 325 (req)
15:48:20.736 INFO:     #109 chat/completions (stream): 367 tokens generated at
                       69.1 T/s · prompt 68 tokens, none cached, 68 new in 0.07
                       s · first token 0.08 s, total 5.39 s · draft 201/332
                       accepted (61%) · max_tokens reached
15:48:20.808 INFO:     #119 chat/completions (stream): 487 prompt tokens ·
                       temperature: 0, greedy (req), max_tokens: 7 (req),
                       min_tokens: 7 (req)
15:48:21.232 INFO:     #119 chat/completions (stream): 7 tokens generated at
                       96.9 T/s · prompt 487 tokens, none cached, 487 new in
                       0.26 s (1,873 T/s) · first token 0.27 s, total 0.34 s ·
                       draft 4/6 accepted (67%) · max_tokens reached
15:48:21.276 INFO:     #105 chat/completions (stream): 636 tokens generated at
                       75.1 T/s · prompt 60 tokens, none cached, 60 new in 0.07
                       s · first token 0.08 s, total 8.55 s · draft 365/542
                       accepted (67%) · max_tokens reached
15:48:21.298 INFO:     #120 chat/completions (stream): 334 prompt tokens ·
                       temperature: 0, greedy (req), max_tokens: 377 (req),
                       min_tokens: 377 (req)
15:48:21.554 INFO:     #121 chat/completions (stream): 841 prompt tokens ·
                       temperature: 0, greedy (req), max_tokens: 429 (req),
                       min_tokens: 429 (req)
15:48:22.942 INFO:     #103 chat/completions (stream): 731 tokens generated at
                       68.6 T/s · prompt 72 tokens, none cached, 72 new in 0.08
                       s · first token 0.08 s, total 10.7 s · draft 396/670
                       accepted (59%) · max_tokens reached
15:48:23.013 INFO:     #122 chat/completions (stream): 57 prompt tokens ·
                       temperature: 0, greedy (req), max_tokens: 99 (req),
                       min_tokens: 99 (req)
15:48:24.125 INFO:     #111 chat/completions (stream): 518 tokens generated at
                       64.5 T/s · prompt 101 tokens, none cached, 101 new in
                       0.09 s · first token 0.09 s, total 8.12 s · draft 267/502
                       accepted (53%) · max_tokens reached
15:48:24.126 INFO:     #117 chat/completions (stream): 298 tokens generated at
                       71.4 T/s · prompt 93 tokens, none cached, 93 new in 0.09
                       s · queued 0.14 s, first token 0.23 s, total 4.40 s ·
                       draft 168/260 accepted (65%) · max_tokens reached
15:48:24.195 INFO:     #123 chat/completions (stream): 147 prompt tokens ·
                       temperature: 0, greedy (req), max_tokens: 30 (req),
                       min_tokens: 30 (req)
15:48:24.197 INFO:     #124 chat/completions (stream): 232 prompt tokens ·
                       temperature: 0, greedy (req), max_tokens: 78 (req),
                       min_tokens: 78 (req)
15:48:24.198 INFO:     #122 chat/completions (stream): 99 tokens generated at
                       97.2 T/s · prompt 57 tokens, none cached, 57 new in 0.07
                       s · first token 0.08 s, total 1.09 s · draft 59/80
                       accepted (74%) · max_tokens reached
15:48:24.504 INFO:     #125 chat/completions (stream): 63 prompt tokens ·
                       temperature: 0, greedy (req), max_tokens: 321 (req),
                       min_tokens: 321 (req)
15:48:24.711 INFO:     #115 chat/completions (stream): 465 tokens generated at
                       80.1 T/s · prompt 469 tokens, none cached, 469 new in
                       0.25 s (1,876 T/s) · first token 0.26 s, total 6.06 s ·
                       draft 291/348 accepted (84%) · max_tokens reached
15:48:24.791 INFO:     #126 chat/completions (stream): 78 prompt tokens ·
                       temperature: 0, greedy (req), max_tokens: 254 (req),
                       min_tokens: 254 (req)
15:48:24.984 INFO:     #123 chat/completions (stream): 30 tokens generated at
                       81.0 T/s · prompt 147 tokens, none cached, 147 new in
                       0.21 s · first token 0.23 s, total 0.60 s · draft 19/22
                       accepted (86%) · max_tokens reached
15:48:25.060 INFO:     #127 chat/completions (stream): 63 prompt tokens ·
                       temperature: 0, greedy (req), max_tokens: 194 (req),
                       min_tokens: 194 (req)
15:48:25.307 INFO:     #118 chat/completions (stream): 325 tokens generated at
                       66.9 T/s · prompt 126 tokens, none cached, 126 new in
                       0.10 s · first token 0.11 s, total 4.96 s · draft 180/290
                       accepted (62%) · max_tokens reached
15:48:25.377 INFO:     #128 chat/completions (stream): 629 prompt tokens ·
                       temperature: 0, greedy (req), max_tokens: 9 (req),
                       min_tokens: 9 (req)
15:48:25.702 INFO:     #124 chat/completions (stream): 78 tokens generated at
                       85.6 T/s · prompt 232 tokens, none cached, 232 new in
                       0.11 s · queued 0.11 s, first token 0.22 s, total 1.13 s
                       · draft 52/52 accepted (100%) · max_tokens reached
15:48:25.772 INFO:     #129 chat/completions (stream): 57 prompt tokens ·
                       temperature: 0, greedy (req), max_tokens: 78 (req),
                       min_tokens: 78 (req)
15:48:25.936 INFO:     #128 chat/completions (stream): 9 tokens generated at
                       97.4 T/s · prompt 629 tokens, none cached, 629 new in
                       0.30 s (2,097 T/s) · first token 0.30 s, total 0.40 s ·
                       draft 5/8 accepted (62%) · max_tokens reached
15:48:26.006 INFO:     #130 chat/completions (stream): 148 prompt tokens ·
                       temperature: 0, greedy (req), max_tokens: 15 (req),
                       min_tokens: 15 (req)
15:48:26.363 INFO:     #130 chat/completions (stream): 15 tokens generated at
                       88.5 T/s · prompt 148 tokens, none cached, 148 new in
                       0.09 s · first token 0.09 s, total 0.26 s · draft 8/14
                       accepted (57%) · max_tokens reached
15:48:26.453 INFO:     #131 chat/completions (stream): 346 prompt tokens ·
                       temperature: 0, greedy (req), max_tokens: 11 (req),
                       min_tokens: 11 (req)
15:48:26.767 INFO:     #116 chat/completions (stream): 420 tokens generated at
                       64.7 T/s · prompt 327 tokens, none cached, 327 new in
                       0.31 s (1,055 T/s) · first token 0.32 s, total 6.81 s ·
                       draft 230/380 accepted (61%) · max_tokens reached
15:48:26.836 INFO:     #132 chat/completions (stream): 74 prompt tokens ·
                       temperature: 0, greedy (req), max_tokens: 296 (req),
                       min_tokens: 296 (req)
15:48:26.963 INFO:     #131 chat/completions (stream): 11 tokens generated at
                       118.4 T/s · prompt 346 tokens, none cached, 346 new in
                       0.24 s (1,442 T/s) · first token 0.25 s, total 0.34 s ·
                       draft 7/8 accepted (88%) · max_tokens reached
15:48:27.029 INFO:     #133 chat/completions (stream): 468 prompt tokens ·
                       temperature: 0, greedy (req), max_tokens: 17 (req),
                       min_tokens: 17 (req)
15:48:27.029 INFO:     #120 chat/completions (stream): 377 tokens generated at
                       69.7 T/s · prompt 334 tokens, none cached, 334 new in
                       0.22 s (1,518 T/s) · first token 0.23 s, total 5.64 s ·
                       draft 222/310 accepted (72%) · max_tokens reached
15:48:27.340 INFO:     #134 chat/completions (stream): 400 prompt tokens ·
                       temperature: 0, greedy (req), max_tokens: 4 (req),
                       min_tokens: 4 (req)
15:48:27.669 INFO:     #129 chat/completions (stream): 78 tokens generated at
                       52.2 T/s · prompt 57 tokens, none cached, 57 new in 0.07
                       s · first token 0.07 s, total 1.57 s · draft 42/72
                       accepted (58%) · max_tokens reached
15:48:27.729 INFO:     #135 chat/completions (stream): 216 prompt tokens ·
                       temperature: 0, greedy (req), max_tokens: 30 (req),
                       min_tokens: 30 (req)
15:48:27.730 INFO:     #134 chat/completions (stream): 4 tokens generated at
                       89.3 T/s · prompt 400 tokens, none cached, 400 new in
                       0.26 s (1,538 T/s) · first token 0.27 s, total 0.31 s ·
                       draft 2/4 accepted (50%) · max_tokens reached
15:48:27.878 INFO:     #133 chat/completions (stream): 17 tokens generated at
                       42.6 T/s · prompt 468 tokens, none cached, 468 new in
                       0.26 s (1,800 T/s) · first token 0.27 s, total 0.66 s ·
                       draft 10/14 accepted (71%) · max_tokens reached
15:48:27.900 INFO:     #136 chat/completions (stream): 200 prompt tokens ·
                       temperature: 0, greedy (req), max_tokens: 12 (req),
                       min_tokens: 12 (req)
15:48:28.056 INFO:     #137 chat/completions (stream): 160 prompt tokens ·
                       temperature: 0, greedy (req), max_tokens: 60 (req),
                       min_tokens: 60 (req)
15:48:28.315 INFO:     #136 chat/completions (stream): 12 tokens generated at
                       55.7 T/s · prompt 200 tokens, none cached, 200 new in
                       0.10 s · first token 0.11 s, total 0.32 s · draft 7/10
                       accepted (70%) · max_tokens reached
15:48:28.360 INFO:     #135 chat/completions (stream): 30 tokens generated at
                       68.7 T/s · prompt 216 tokens, none cached, 216 new in
                       0.10 s · first token 0.11 s, total 0.54 s · draft 20/20
                       accepted (100%) · max_tokens reached
15:48:28.383 INFO:     #138 chat/completions (stream): 572 prompt tokens ·
                       temperature: 0, greedy (req), max_tokens: 60 (req),
                       min_tokens: 60 (req)
15:48:28.675 INFO:     #139 chat/completions (stream): 68 prompt tokens ·
                       temperature: 0, greedy (req), max_tokens: 733 (req),
                       min_tokens: 733 (req)
15:48:29.170 INFO:     #127 chat/completions (stream): 194 tokens generated at
                       49.2 T/s · prompt 63 tokens, none cached, 63 new in 0.07
                       s · first token 0.08 s, total 4.02 s · draft 106/176
                       accepted (60%) · max_tokens reached
15:48:29.237 INFO:     #140 chat/completions (stream): 59 prompt tokens ·
                       temperature: 0, greedy (req), max_tokens: 81 (req),
                       min_tokens: 81 (req)
15:48:29.238 INFO:     #137 chat/completions (stream): 60 tokens generated at
                       60.5 T/s · prompt 160 tokens, none cached, 160 new in
                       0.09 s · first token 0.10 s, total 1.09 s · draft 32/56
                       accepted (57%) · max_tokens reached
15:48:29.376 INFO:     #141 chat/completions (stream): 694 prompt tokens ·
                       temperature: 0, greedy (req), max_tokens: 34 (req),
                       min_tokens: 34 (req)
15:48:29.553 INFO:     #121 chat/completions (stream): 429 tokens generated at
                       58.1 T/s · prompt 841 tokens, none cached, 841 new in
                       0.30 s (2,803 T/s) · first token 0.31 s, total 7.68 s ·
                       draft 225/408 accepted (55%) · max_tokens reached
15:48:29.711 INFO:     #142 chat/completions (stream): 66 prompt tokens ·
                       temperature: 0, greedy (req), max_tokens: 198 (req),
                       min_tokens: 198 (req)
15:48:29.812 INFO:     #126 chat/completions (stream): 254 tokens generated at
                       54.4 T/s · prompt 78 tokens, none cached, 78 new in 0.09
                       s · first token 0.10 s, total 4.76 s · draft 148/212
                       accepted (70%) · max_tokens reached
15:48:29.877 INFO:     #143 chat/completions (stream): 477 prompt tokens ·
                       temperature: 0, greedy (req), max_tokens: 38 (req),
                       min_tokens: 38 (req)
15:48:29.878 INFO:     #138 chat/completions (stream): 60 tokens generated at
                       56.7 T/s · prompt 572 tokens, none cached, 572 new in
                       0.26 s (2,200 T/s) · first token 0.27 s, total 1.32 s ·
                       draft 32/56 accepted (57%) · max_tokens reached
15:48:30.186 INFO:     #144 chat/completions (stream): 80 prompt tokens ·
                       temperature: 0, greedy (req), max_tokens: 49 (req),
                       min_tokens: 49 (req)
15:48:30.408 INFO:     #141 chat/completions (stream): 34 tokens generated at
                       50.8 T/s · prompt 694 tokens, none cached, 694 new in
                       0.27 s (2,570 T/s) · first token 0.27 s, total 0.94 s ·
                       draft 22/24 accepted (92%) · max_tokens reached
15:48:30.504 INFO:     #145 chat/completions (stream): 124 prompt tokens ·
                       temperature: 0, greedy (req), max_tokens: 635 (req),
                       min_tokens: 635 (req)
15:48:30.820 INFO:     #143 chat/completions (stream): 38 tokens generated at
                       64.4 T/s · prompt 477 tokens, none cached, 477 new in
                       0.26 s (1,835 T/s) · first token 0.27 s, total 0.86 s ·
                       draft 22/32 accepted (69%) · max_tokens reached
15:48:30.889 INFO:     #146 chat/completions (stream): 411 prompt tokens ·
                       temperature: 0, greedy (req), max_tokens: 7 (req),
                       min_tokens: 7 (req)
15:48:31.177 INFO:     #144 chat/completions (stream): 49 tokens generated at
                       82.2 T/s · prompt 80 tokens, none cached, 80 new in 0.08
                       s · first token 0.09 s, total 0.68 s · draft 29/40
                       accepted (72%) · max_tokens reached
15:48:31.217 INFO:     #140 chat/completions (stream): 81 tokens generated at
                       46.9 T/s · prompt 59 tokens, none cached, 59 new in 0.07
                       s · first token 0.08 s, total 1.80 s · draft 45/72
                       accepted (62%) · max_tokens reached
15:48:31.236 INFO:     #147 chat/completions (stream): 315 prompt tokens ·
                       temperature: 0, greedy (req), max_tokens: 707 (req),
                       min_tokens: 707 (req)
15:48:31.486 INFO:     #148 chat/completions (stream): 77 prompt tokens ·
                       temperature: 0, greedy (req), max_tokens: 380 (req),
                       min_tokens: 380 (req)
15:48:31.487 INFO:     #146 chat/completions (stream): 7 tokens generated at
                       112.0 T/s · prompt 411 tokens, none cached, 411 new in
                       0.24 s (1,712 T/s) · first token 0.24 s, total 0.31 s ·
                       draft 4/6 accepted (67%) · max_tokens reached
15:48:31.634 INFO:     #149 chat/completions (stream): 266 prompt tokens ·
                       temperature: 0, greedy (req), max_tokens: 147 (req),
                       min_tokens: 147 (req)
15:48:31.908 INFO:     #125 chat/completions (stream): 321 tokens generated at
                       44.6 T/s · prompt 63 tokens, none cached, 63 new in 0.07
                       s · first token 0.08 s, total 7.28 s · draft 164/314
                       accepted (52%) · max_tokens reached
15:48:31.977 INFO:     #150 chat/completions (stream): 232 prompt tokens ·
                       temperature: 0, greedy (req), max_tokens: 41 (req),
                       min_tokens: 41 (req)
15:48:32.569 INFO:     #150 chat/completions (stream): 41 tokens generated at
                       105.7 T/s · prompt 232 tokens, none cached, 232 new in
                       0.11 s · first token 0.12 s, total 0.50 s · draft 25/32
                       accepted (78%) · max_tokens reached
15:48:32.643 INFO:     #152 chat/completions (stream): 137 prompt tokens ·
                       temperature: 0, greedy (req), max_tokens: 101 (req),
                       min_tokens: 101 (req)
15:48:32.968 INFO:     #142 chat/completions (stream): 198 tokens generated at
                       64.2 T/s · prompt 66 tokens, none cached, 66 new in 0.07
                       s · first token 0.08 s, total 3.16 s · draft 123/150
                       accepted (82%) · max_tokens reached
15:48:33.034 INFO:     #153 chat/completions (stream): 135 prompt tokens ·
                       temperature: 0, greedy (req), max_tokens: 433 (req),
                       min_tokens: 433 (req)
15:48:33.035 INFO:     #132 chat/completions (stream): 296 tokens generated at
                       49.1 T/s · prompt 74 tokens, none cached, 74 new in 0.08
                       s · first token 0.09 s, total 6.11 s · draft 159/274
                       accepted (58%) · max_tokens reached
15:48:33.213 INFO:     #154 chat/completions (stream): 456 prompt tokens ·
                       temperature: 0, greedy (req), max_tokens: 342 (req),
                       min_tokens: 342 (req)
15:48:33.659 INFO:     #149 chat/completions (stream): 147 tokens generated at
                       84.0 T/s · prompt 266 tokens, none cached, 266 new in
                       0.18 s (1,478 T/s) · first token 0.18 s, total 1.93 s ·
                       draft 97/100 accepted (97%) · max_tokens reached
15:48:33.730 INFO:     #155 chat/completions (stream): 301 prompt tokens ·
                       temperature: 0, greedy (req), max_tokens: 14 (req),
                       min_tokens: 14 (req)
15:48:34.184 INFO:     #155 chat/completions (stream): 14 tokens generated at
                       96.8 T/s · prompt 301 tokens, none cached, 301 new in
                       0.21 s (1,433 T/s) · first token 0.22 s, total 0.36 s ·
                       draft 8/12 accepted (67%) · max_tokens reached
15:48:34.258 INFO:     #156 chat/completions (stream): 823 prompt tokens ·
                       temperature: 0, greedy (req), max_tokens: 11 (req),
                       min_tokens: 11 (req)
15:48:34.691 INFO:     #152 chat/completions (stream): 101 tokens generated at
                       54.6 T/s · prompt 137 tokens, none cached, 137 new in
                       0.10 s · first token 0.11 s, total 1.95 s · draft 57/88
                       accepted (65%) · max_tokens reached
15:48:34.737 INFO:     #156 chat/completions (stream): 11 tokens generated at
                       118.5 T/s · prompt 823 tokens, none cached, 823 new in
                       0.29 s (2,838 T/s) · first token 0.30 s, total 0.39 s ·
                       draft 7/8 accepted (88%) · max_tokens reached
15:48:34.759 INFO:     #157 chat/completions (stream): 80 prompt tokens ·
                       temperature: 0, greedy (req), max_tokens: 159 (req),
                       min_tokens: 159 (req)
15:48:34.892 INFO:     #158 chat/completions (stream): 71 prompt tokens ·
                       temperature: 0, greedy (req), max_tokens: 749 (req),
                       min_tokens: 749 (req)
15:48:36.520 INFO:     #148 chat/completions (stream): 380 tokens generated at
                       78.3 T/s · prompt 77 tokens, none cached, 77 new in 0.08
                       s · first token 0.09 s, total 4.94 s · draft 235/290
                       accepted (81%) · max_tokens reached
15:48:36.593 INFO:     #159 chat/completions (stream): 181 prompt tokens ·
                       temperature: 0, greedy (req), max_tokens: 482 (req),
                       min_tokens: 482 (req)
15:48:36.813 INFO:     #157 chat/completions (stream): 159 tokens generated at
                       84.8 T/s · prompt 80 tokens, none cached, 80 new in 0.08
                       s · first token 0.09 s, total 1.96 s · draft 91/136
                       accepted (67%) · max_tokens reached
15:48:36.887 INFO:     #160 chat/completions (stream): 336 prompt tokens ·
                       temperature: 0, greedy (req), max_tokens: 772 (req),
                       min_tokens: 772 (req)
15:48:38.277 INFO:     #154 chat/completions (stream): 342 tokens generated at
                       72.6 T/s · prompt 456 tokens, none cached, 456 new in
                       0.25 s (1,824 T/s) · first token 0.25 s, total 4.96 s ·
                       draft 189/306 accepted (62%) · max_tokens reached
15:48:38.351 INFO:     #161 chat/completions (stream): 410 prompt tokens ·
                       temperature: 0, greedy (req), max_tokens: 34 (req),
                       min_tokens: 34 (req)
15:48:38.741 INFO:     #153 chat/completions (stream): 433 tokens generated at
                       78.7 T/s · prompt 135 tokens, none cached, 135 new in
                       0.10 s · first token 0.11 s, total 5.61 s · draft 266/334
                       accepted (80%) · max_tokens reached
15:48:38.813 INFO:     #162 chat/completions (stream): 241 prompt tokens ·
                       temperature: 0, greedy (req), max_tokens: 9 (req),
                       min_tokens: 9 (req)
15:48:39.118 INFO:     #162 chat/completions (stream): 9 tokens generated at
                       95.2 T/s · prompt 241 tokens, none cached, 241 new in
                       0.11 s · first token 0.12 s, total 0.21 s · draft 5/8
                       accepted (62%) · max_tokens reached
15:48:39.163 INFO:     #161 chat/completions (stream): 34 tokens generated at
                       70.9 T/s · prompt 410 tokens, none cached, 410 new in
                       0.24 s (1,708 T/s) · first token 0.25 s, total 0.72 s ·
                       draft 19/30 accepted (63%) · max_tokens reached
15:48:39.186 INFO:     #163 chat/completions (stream): 68 prompt tokens ·
                       temperature: 0, greedy (req), max_tokens: 539 (req),
                       min_tokens: 539 (req)
15:48:39.315 INFO:     #164 chat/completions (stream): 59 prompt tokens ·
                       temperature: 0, greedy (req), max_tokens: 82 (req),
                       min_tokens: 82 (req)
15:48:39.921 INFO:     #145 chat/completions (stream): 635 tokens generated at
                       68.9 T/s · prompt 124 tokens, none cached, 124 new in
                       0.10 s · first token 0.11 s, total 9.32 s · draft 365/540
                       accepted (68%) · max_tokens reached
15:48:39.995 INFO:     #165 chat/completions (stream): 424 prompt tokens ·
                       temperature: 0, greedy (req), max_tokens: 590 (req),
                       min_tokens: 590 (req)
15:48:40.305 INFO:     #139 chat/completions (stream): 733 tokens generated at
                       65.2 T/s · prompt 68 tokens, none cached, 68 new in 0.07
                       s · first token 0.08 s, total 11.3 s · draft 413/640
                       accepted (65%) · max_tokens reached
15:48:40.377 INFO:     #166 chat/completions (stream): 126 prompt tokens ·
                       temperature: 0, greedy (req), max_tokens: 273 (req),
                       min_tokens: 273 (req)
15:48:40.645 INFO:     #164 chat/completions (stream): 82 tokens generated at
                       70.5 T/s · prompt 59 tokens, none cached, 59 new in 0.07
                       s · first token 0.07 s, total 1.24 s · draft 48/68
                       accepted (71%) · max_tokens reached
15:48:40.717 INFO:     #167 chat/completions (stream): 522 prompt tokens ·
                       temperature: 0, greedy (req), max_tokens: 21 (req),
                       min_tokens: 21 (req)
15:48:41.239 INFO:     #167 chat/completions (stream): 21 tokens generated at
                       93.6 T/s · prompt 522 tokens, none cached, 522 new in
                       0.20 s (2,610 T/s) · first token 0.21 s, total 0.43 s ·
                       draft 12/18 accepted (67%) · max_tokens reached
15:48:41.313 INFO:     #168 chat/completions (stream): 707 prompt tokens ·
                       temperature: 0, greedy (req), max_tokens: 16 (req),
                       min_tokens: 16 (req)
15:48:41.871 INFO:     #168 chat/completions (stream): 16 tokens generated at
                       91.2 T/s · prompt 707 tokens, none cached, 707 new in
                       0.28 s (2,525 T/s) · first token 0.29 s, total 0.46 s ·
                       draft 9/14 accepted (64%) · max_tokens reached
15:48:41.944 INFO:     #169 chat/completions (stream): 853 prompt tokens ·
                       temperature: 0, greedy (req), max_tokens: 6 (req),
                       min_tokens: 6 (req)
15:48:42.355 INFO:     #147 chat/completions (stream): 707 tokens generated at
                       65.4 T/s · prompt 315 tokens, none cached, 315 new in
                       0.22 s (1,432 T/s) · first token 0.23 s, total 11.0 s ·
                       draft 398/618 accepted (64%) · max_tokens reached
15:48:42.378 INFO:     #169 chat/completions (stream): 6 tokens generated at
                       131.1 T/s · prompt 853 tokens, none cached, 853 new in
                       0.29 s (2,941 T/s) · first token 0.30 s, total 0.34 s ·
                       draft 4/4 accepted (100%) · max_tokens reached
15:48:42.422 INFO:     #170 chat/completions (stream): 58 prompt tokens ·
                       temperature: 0, greedy (req), max_tokens: 261 (req),
                       min_tokens: 261 (req)
15:48:42.519 INFO:     #171 chat/completions (stream): 121 prompt tokens ·
                       temperature: 0, greedy (req), max_tokens: 355 (req),
                       min_tokens: 355 (req)
15:48:44.168 INFO:     #159 chat/completions (stream): 482 tokens generated at
                       65.3 T/s · prompt 181 tokens, none cached, 181 new in
                       0.10 s · first token 0.11 s, total 7.48 s · draft 260/444
                       accepted (59%) · max_tokens reached
15:48:44.243 INFO:     #172 chat/completions (stream): 364 prompt tokens ·
                       temperature: 0, greedy (req), max_tokens: 16 (req),
                       min_tokens: 16 (req)
15:48:44.609 INFO:     #166 chat/completions (stream): 273 tokens generated at
                       67.6 T/s · prompt 126 tokens, none cached, 126 new in
                       0.10 s · first token 0.11 s, total 4.14 s · draft 154/238
                       accepted (65%) · max_tokens reached
15:48:44.678 INFO:     #173 chat/completions (stream): 100 prompt tokens ·
                       temperature: 0, greedy (req), max_tokens: 152 (req),
                       min_tokens: 152 (req)
15:48:44.820 INFO:     #172 chat/completions (stream): 16 tokens generated at
                       113.5 T/s · prompt 364 tokens, none cached, 364 new in
                       0.24 s (1,517 T/s) · first token 0.25 s, total 0.39 s ·
                       draft 10/12 accepted (83%) · max_tokens reached
15:48:44.893 INFO:     #174 chat/completions (stream): 648 prompt tokens ·
                       temperature: 0, greedy (req), max_tokens: 16 (req),
                       min_tokens: 16 (req)
15:48:45.496 INFO:     #174 chat/completions (stream): 16 tokens generated at
                       71.7 T/s · prompt 648 tokens, none cached, 648 new in
                       0.28 s (2,314 T/s) · first token 0.28 s, total 0.51 s ·
                       draft 7/18 accepted (39%) · max_tokens reached
15:48:45.568 INFO:     #175 chat/completions (stream): 86 prompt tokens ·
                       temperature: 0, greedy (req), max_tokens: 442 (req),
                       min_tokens: 442 (req)
15:48:45.952 INFO:     #158 chat/completions (stream): 749 tokens generated at
                       68.8 T/s · prompt 71 tokens, none cached, 71 new in 0.07
                       s · first token 0.07 s, total 11.0 s · draft 416/666
                       accepted (62%) · max_tokens reached
15:48:46.026 INFO:     #176 chat/completions (stream): 112 prompt tokens ·
                       temperature: 0, greedy (req), max_tokens: 375 (req),
                       min_tokens: 375 (req)
15:48:46.449 INFO:     #170 chat/completions (stream): 261 tokens generated at
                       67.7 T/s · prompt 58 tokens, none cached, 58 new in 0.07
                       s · first token 0.08 s, total 3.93 s · draft 140/242
                       accepted (58%) · max_tokens reached
15:48:46.520 INFO:     #177 chat/completions (stream): 56 prompt tokens ·
                       temperature: 0, greedy (req), max_tokens: 157 (req),
                       min_tokens: 157 (req)
15:48:46.887 INFO:     #173 chat/completions (stream): 152 tokens generated at
                       75.3 T/s · prompt 100 tokens, none cached, 100 new in
                       0.09 s · first token 0.10 s, total 2.11 s · draft 91/122
                       accepted (75%) · max_tokens reached
15:48:46.961 INFO:     #178 chat/completions (stream): 199 prompt tokens ·
                       temperature: 0, greedy (req), max_tokens: 17 (req),
                       min_tokens: 17 (req)
15:48:47.214 INFO:     #171 chat/completions (stream): 355 tokens generated at
                       79.0 T/s · prompt 121 tokens, none cached, 121 new in
                       0.10 s · first token 0.11 s, total 4.60 s · draft 211/288
                       accepted (73%) · max_tokens reached
15:48:47.279 INFO:     #180 chat/completions (stream): 337 prompt tokens ·
                       temperature: 0, greedy (req), max_tokens: 61 (req),
                       min_tokens: 61 (req)
15:48:47.479 INFO:     #178 chat/completions (stream): 17 tokens generated at
                       117.8 T/s · prompt 199 tokens, none cached, 199 new in
                       0.10 s · first token 0.10 s, total 0.25 s · draft 11/12
                       accepted (92%) · max_tokens reached
15:48:47.626 INFO:     #181 chat/completions (stream): 156 prompt tokens ·
                       temperature: 0, greedy (req), max_tokens: 153 (req),
                       min_tokens: 153 (req)
15:48:47.627 INFO:     #160 chat/completions (stream): 772 tokens generated at
                       75.9 T/s · prompt 336 tokens, none cached, 336 new in
                       0.22 s (1,527 T/s) · first token 0.23 s, total 10.4 s ·
                       draft 466/612 accepted (76%) · max_tokens reached
15:48:47.792 INFO:     #182 chat/completions (stream): 64 prompt tokens ·
                       temperature: 0, greedy (req), max_tokens: 114 (req),
                       min_tokens: 114 (req)
15:48:47.958 INFO:     #163 chat/completions (stream): 539 tokens generated at
                       63.3 T/s · prompt 68 tokens, none cached, 68 new in 0.08
                       s · first token 0.09 s, total 8.61 s · draft 296/486
                       accepted (61%) · max_tokens reached
15:48:48.024 INFO:     #183 chat/completions (stream): 63 prompt tokens ·
                       temperature: 0, greedy (req), max_tokens: 85 (req),
                       min_tokens: 85 (req)
15:48:48.141 INFO:     #165 chat/completions (stream): 590 tokens generated at
                       76.2 T/s · prompt 424 tokens, none cached, 424 new in
                       0.23 s (1,843 T/s) · first token 0.24 s, total 7.98 s ·
                       draft 369/442 accepted (83%) · max_tokens reached
15:48:48.210 INFO:     #184 chat/completions (stream): 482 prompt tokens ·
                       temperature: 0, greedy (req), max_tokens: 225 (req),
                       min_tokens: 225 (req)
15:48:48.754 INFO:     #180 chat/completions (stream): 61 tokens generated at
                       55.3 T/s · prompt 337 tokens, none cached, 337 new in
                       0.28 s (1,204 T/s) · first token 0.28 s, total 1.39 s ·
                       draft 34/54 accepted (63%) · max_tokens reached
15:48:48.825 INFO:     #185 chat/completions (stream): 66 prompt tokens ·
                       temperature: 0, greedy (req), max_tokens: 345 (req),
                       min_tokens: 345 (req)
15:48:49.244 INFO:     #177 chat/completions (stream): 157 tokens generated at
                       61.4 T/s · prompt 56 tokens, none cached, 56 new in 0.07
                       s · first token 0.08 s, total 2.63 s · draft 88/138
                       accepted (64%) · max_tokens reached
15:48:49.314 INFO:     #186 chat/completions (stream): 76 prompt tokens ·
                       temperature: 0, greedy (req), max_tokens: 139 (req),
                       min_tokens: 139 (req)
15:48:49.447 INFO:     #183 chat/completions (stream): 85 tokens generated at
                       72.7 T/s · prompt 63 tokens, none cached, 63 new in 0.07
                       s · first token 0.08 s, total 1.24 s · draft 49/72
                       accepted (68%) · max_tokens reached
15:48:49.520 INFO:     #187 chat/completions (stream): 389 prompt tokens ·
                       temperature: 0, greedy (req), max_tokens: 13 (req),
                       min_tokens: 13 (req)
15:48:49.868 INFO:     #182 chat/completions (stream): 114 tokens generated at
                       63.2 T/s · prompt 64 tokens, none cached, 64 new in 0.07
                       s · first token 0.07 s, total 1.88 s · draft 63/102
                       accepted (62%) · max_tokens reached
15:48:49.934 INFO:     #188 chat/completions (stream): 68 prompt tokens ·
                       temperature: 0, greedy (req), max_tokens: 264 (req),
                       min_tokens: 264 (req)
15:48:50.076 INFO:     #181 chat/completions (stream): 153 tokens generated at
                       69.8 T/s · prompt 156 tokens, none cached, 156 new in
                       0.09 s · first token 0.10 s, total 2.29 s · draft 93/120
                       accepted (78%) · max_tokens reached
15:48:50.076 INFO:     #187 chat/completions (stream): 13 tokens generated at
                       93.2 T/s · prompt 389 tokens, none cached, 389 new in
                       0.25 s (1,556 T/s) · first token 0.26 s, total 0.39 s ·
                       draft 7/12 accepted (58%) · max_tokens reached
15:48:50.142 INFO:     #189 chat/completions (stream): 71 prompt tokens ·
                       temperature: 0, greedy (req), max_tokens: 307 (req),
                       min_tokens: 307 (req)
15:48:50.143 INFO:     #190 chat/completions (stream): 59 prompt tokens ·
                       temperature: 0, greedy (req), max_tokens: 191 (req),
                       min_tokens: 191 (req)
15:48:51.372 INFO:     #184 chat/completions (stream): 225 tokens generated at
                       80.0 T/s · prompt 482 tokens, none cached, 482 new in
                       0.25 s (1,928 T/s) · first token 0.25 s, total 3.07 s ·
                       draft 134/182 accepted (74%) · max_tokens reached
15:48:51.395 INFO:     #186 chat/completions (stream): 139 tokens generated at
                       72.8 T/s · prompt 76 tokens, none cached, 76 new in 0.08
                       s · first token 0.09 s, total 1.99 s · draft 79/120
                       accepted (66%) · max_tokens reached
15:48:51.447 INFO:     #191 chat/completions (stream): 64 prompt tokens ·
                       temperature: 0, greedy (req), max_tokens: 1181 (req),
                       min_tokens: 1181 (req)
15:48:51.548 INFO:     #192 chat/completions (stream): 101 prompt tokens ·
                       temperature: 0, greedy (req), max_tokens: 236 (req),
                       min_tokens: 236 (req)
15:48:51.806 INFO:     #175 chat/completions (stream): 442 tokens generated at
                       73.0 T/s · prompt 86 tokens, none cached, 86 new in 0.08
                       s · first token 0.09 s, total 6.14 s · draft 265/354
                       accepted (75%) · max_tokens reached
15:48:51.879 INFO:     #193 chat/completions (stream): 448 prompt tokens ·
                       temperature: 0, greedy (req), max_tokens: 360 (req),
                       min_tokens: 360 (req)
15:48:52.221 INFO:     #176 chat/completions (stream): 375 tokens generated at
                       63.5 T/s · prompt 112 tokens, none cached, 112 new in
                       0.09 s · first token 0.10 s, total 6.00 s · draft 205/340
                       accepted (60%) · max_tokens reached
15:48:52.289 INFO:     #194 chat/completions (stream): 72 prompt tokens ·
                       temperature: 0, greedy (req), max_tokens: 294 (req),
                       min_tokens: 294 (req)
15:48:52.763 INFO:     #190 chat/completions (stream): 191 tokens generated at
                       80.3 T/s · prompt 59 tokens, none cached, 59 new in 0.07
                       s · first token 0.15 s, total 2.53 s · draft 113/156
                       accepted (72%) · max_tokens reached
15:48:52.832 INFO:     #195 chat/completions (stream): 276 prompt tokens ·
                       temperature: 0, greedy (req), max_tokens: 6 (req),
                       min_tokens: 6 (req)
15:48:53.143 INFO:     #195 chat/completions (stream): 6 tokens generated at
                       127.9 T/s · prompt 276 tokens, none cached, 276 new in
                       0.17 s (1,624 T/s) · first token 0.18 s, total 0.22 s ·
                       draft 4/4 accepted (100%) · max_tokens reached
15:48:53.214 INFO:     #196 chat/completions (stream): 186 prompt tokens ·
                       temperature: 0, greedy (req), max_tokens: 42 (req),
                       min_tokens: 42 (req)
15:48:53.666 INFO:     #188 chat/completions (stream): 264 tokens generated at
                       74.2 T/s · prompt 68 tokens, none cached, 68 new in 0.07
                       s · first token 0.08 s, total 3.63 s · draft 153/222
                       accepted (69%) · max_tokens reached
15:48:53.738 INFO:     #197 chat/completions (stream): 219 prompt tokens ·
                       temperature: 0, greedy (req), max_tokens: 11 (req),
                       min_tokens: 11 (req)
15:48:53.962 INFO:     #196 chat/completions (stream): 42 tokens generated at
                       75.2 T/s · prompt 186 tokens, none cached, 186 new in
                       0.09 s · first token 0.10 s, total 0.65 s · draft 24/36
                       accepted (67%) · max_tokens reached
15:48:54.027 INFO:     #198 chat/completions (stream): 62 prompt tokens ·
                       temperature: 0, greedy (req), max_tokens: 304 (req),
                       min_tokens: 304 (req)
15:48:54.125 INFO:     #197 chat/completions (stream): 11 tokens generated at
                       97.0 T/s · prompt 219 tokens, none cached, 219 new in
                       0.10 s · first token 0.11 s, total 0.22 s · draft 6/10
                       accepted (60%) · max_tokens reached
15:48:54.195 INFO:     #199 chat/completions (stream): 66 prompt tokens ·
                       temperature: 0, greedy (req), max_tokens: 225 (req),
                       min_tokens: 225 (req)
15:48:54.448 INFO:     #185 chat/completions (stream): 345 tokens generated at
                       63.4 T/s · prompt 66 tokens, none cached, 66 new in 0.07
                       s · first token 0.08 s, total 5.52 s · draft 182/326
                       accepted (56%) · max_tokens reached
15:48:54.521 INFO:     #200 chat/completions (stream): 584 prompt tokens ·
                       temperature: 0, greedy (req), max_tokens: 10 (req),
                       min_tokens: 10 (req)
15:48:54.977 INFO:     #200 chat/completions (stream): 10 tokens generated at
                       99.7 T/s · prompt 584 tokens, none cached, 584 new in
                       0.26 s (2,246 T/s) · first token 0.27 s, total 0.37 s ·
                       draft 6/8 accepted (75%) · max_tokens reached
15:48:55.052 INFO:     #201 chat/completions (stream): 442 prompt tokens ·
                       temperature: 0, greedy (req), max_tokens: 86 (req),
                       min_tokens: 86 (req)
15:48:55.394 INFO:     #192 chat/completions (stream): 236 tokens generated at
                       66.3 T/s · prompt 101 tokens, none cached, 101 new in
                       0.09 s · first token 0.09 s, total 3.66 s · draft 137/198
                       accepted (69%) · max_tokens reached
15:48:55.468 INFO:     #202 chat/completions (stream): 78 prompt tokens ·
                       temperature: 0, greedy (req), max_tokens: 147 (req),
                       min_tokens: 147 (req)
15:48:55.468 INFO:     #189 chat/completions (stream): 307 tokens generated at
                       60.5 T/s · prompt 71 tokens, none cached, 71 new in 0.14
                       s · first token 0.15 s, total 5.23 s · draft 157/300
                       accepted (52%) · max_tokens reached
15:48:55.621 INFO:     #203 chat/completions (stream): 64 prompt tokens ·
                       temperature: 0, greedy (req), max_tokens: 450 (req),
                       min_tokens: 450 (req)
15:48:56.522 INFO:     #201 chat/completions (stream): 86 tokens generated at
                       77.5 T/s · prompt 442 tokens, none cached, 442 new in
                       0.25 s (1,768 T/s) · first token 0.26 s, total 1.36 s ·
                       draft 47/78 accepted (60%) · max_tokens reached
15:48:56.590 INFO:     #204 chat/completions (stream): 69 prompt tokens ·
                       temperature: 0, greedy (req), max_tokens: 300 (req),
                       min_tokens: 300 (req)
15:48:56.741 INFO:     #194 chat/completions (stream): 294 tokens generated at
                       70.0 T/s · prompt 72 tokens, none cached, 72 new in 0.08
                       s · first token 0.09 s, total 4.28 s · draft 168/252
                       accepted (67%) · max_tokens reached
15:48:56.813 INFO:     #205 chat/completions (stream): 70 prompt tokens ·
                       temperature: 0, greedy (req), max_tokens: 540 (req),
                       min_tokens: 540 (req)
15:48:57.084 INFO:     #193 chat/completions (stream): 360 tokens generated at
                       74.1 T/s · prompt 448 tokens, none cached, 448 new in
                       0.25 s (1,792 T/s) · first token 0.26 s, total 5.11 s ·
                       draft 216/288 accepted (75%) · max_tokens reached
15:48:57.127 INFO:     #202 chat/completions (stream): 147 tokens generated at
                       98.9 T/s · prompt 78 tokens, none cached, 78 new in 0.08
                       s · first token 0.09 s, total 1.57 s · draft 96/102
                       accepted (94%) · max_tokens reached
15:48:57.148 INFO:     #206 chat/completions (stream): 72 prompt tokens ·
                       temperature: 0, greedy (req), max_tokens: 830 (req),
                       min_tokens: 830 (req)
15:48:57.275 INFO:     #207 chat/completions (stream): 97 prompt tokens ·
                       temperature: 0, greedy (req), max_tokens: 31 (req),
                       min_tokens: 31 (req)
15:48:57.595 INFO:     #199 chat/completions (stream): 225 tokens generated at
                       69.8 T/s · prompt 66 tokens, none cached, 66 new in 0.07
                       s · first token 0.08 s, total 3.30 s · draft 132/186
                       accepted (71%) · max_tokens reached
15:48:57.667 INFO:     #208 chat/completions (stream): 798 prompt tokens ·
                       temperature: 0, greedy (req), max_tokens: 9 (req),
                       min_tokens: 9 (req)
15:48:57.952 INFO:     #207 chat/completions (stream): 31 tokens generated at
                       110.6 T/s · prompt 97 tokens, none cached, 97 new in 0.08
                       s · first token 0.08 s, total 0.36 s · draft 20/22
                       accepted (91%) · max_tokens reached
15:48:58.019 INFO:     #209 chat/completions (stream): 69 prompt tokens ·
                       temperature: 0, greedy (req), max_tokens: 29 (req),
                       min_tokens: 29 (req)
15:48:58.168 INFO:     #208 chat/completions (stream): 9 tokens generated at
                       96.7 T/s · prompt 798 tokens, none cached, 798 new in
                       0.23 s (3,470 T/s) · first token 0.24 s, total 0.33 s ·
                       draft 5/8 accepted (62%) · max_tokens reached
15:48:58.242 INFO:     #210 chat/completions (stream): 486 prompt tokens ·
                       temperature: 0, greedy (req), max_tokens: 16 (req),
                       min_tokens: 16 (req)
15:48:58.713 INFO:     #209 chat/completions (stream): 29 tokens generated at
                       55.1 T/s · prompt 69 tokens, none cached, 69 new in 0.07
                       s · first token 0.08 s, total 0.60 s · draft 18/22
                       accepted (82%) · max_tokens reached
15:48:58.757 INFO:     #210 chat/completions (stream): 16 tokens generated at
                       114.3 T/s · prompt 486 tokens, none cached, 486 new in
                       0.28 s (1,736 T/s) · first token 0.28 s, total 0.42 s ·
                       draft 10/12 accepted (83%) · max_tokens reached
15:48:58.780 INFO:     #211 chat/completions (stream): 254 prompt tokens ·
                       temperature: 0, greedy (req), max_tokens: 10 (req),
                       min_tokens: 10 (req)
15:48:58.945 INFO:     #212 chat/completions (stream): 626 prompt tokens ·
                       temperature: 0, greedy (req), max_tokens: 59 (req),
                       min_tokens: 59 (req)
15:48:59.327 INFO:     #211 chat/completions (stream): 10 tokens generated at
                       29.9 T/s · prompt 254 tokens, none cached, 254 new in
                       0.11 s · first token 0.12 s, total 0.45 s · draft 6/8
                       accepted (75%) · max_tokens reached
15:48:59.401 INFO:     #213 chat/completions (stream): 692 prompt tokens ·
                       temperature: 0, greedy (req), max_tokens: 109 (req),
                       min_tokens: 109 (req)
15:48:59.798 INFO:     #198 chat/completions (stream): 304 tokens generated at
                       55.3 T/s · prompt 62 tokens, none cached, 62 new in 0.07
                       s · first token 0.08 s, total 5.58 s · draft 164/280
                       accepted (59%) · max_tokens reached
15:48:59.867 INFO:     #214 chat/completions (stream): 66 prompt tokens ·
                       temperature: 0, greedy (req), max_tokens: 207 (req),
                       min_tokens: 207 (req)
15:49:00.153 INFO:     #212 chat/completions (stream): 59 tokens generated at
                       69.1 T/s · prompt 626 tokens, none cached, 626 new in
                       0.26 s (2,408 T/s) · first token 0.26 s, total 1.12 s ·
                       draft 38/42 accepted (90%) · max_tokens reached
15:49:00.221 INFO:     #215 chat/completions (stream): 655 prompt tokens ·
                       temperature: 0, greedy (req), max_tokens: 24 (req),
                       min_tokens: 24 (req)
15:49:00.829 INFO:     #215 chat/completions (stream): 24 tokens generated at
                       100.8 T/s · prompt 655 tokens, none cached, 655 new in
                       0.28 s (2,339 T/s) · first token 0.29 s, total 0.52 s ·
                       draft 14/20 accepted (70%) · max_tokens reached
15:49:00.899 INFO:     #216 chat/completions (stream): 87 prompt tokens ·
                       temperature: 0, greedy (req), max_tokens: 385 (req),
                       min_tokens: 385 (req)
15:49:01.250 INFO:     #213 chat/completions (stream): 109 tokens generated at
                       75.1 T/s · prompt 692 tokens, none cached, 692 new in
                       0.30 s (2,307 T/s) · first token 0.31 s, total 1.76 s ·
                       draft 65/88 accepted (74%) · max_tokens reached
15:49:01.321 INFO:     #217 chat/completions (stream): 190 prompt tokens ·
                       temperature: 0, greedy (req), max_tokens: 51 (req),
                       min_tokens: 51 (req)
15:49:01.976 INFO:     #204 chat/completions (stream): 300 tokens generated at
                       57.5 T/s · prompt 69 tokens, none cached, 69 new in 0.07
                       s · first token 0.08 s, total 5.29 s · draft 163/274
                       accepted (59%) · max_tokens reached
15:49:01.977 INFO:     #217 chat/completions (stream): 51 tokens generated at
                       109.3 T/s · prompt 190 tokens, none cached, 190 new in
                       0.10 s · first token 0.11 s, total 0.57 s · draft 32/38
                       accepted (84%) · max_tokens reached
15:49:02.044 INFO:     #218 chat/completions (stream): 350 prompt tokens ·
                       temperature: 0, greedy (req), max_tokens: 47 (req),
                       min_tokens: 47 (req)
15:49:02.046 INFO:     #219 chat/completions (stream): 119 prompt tokens ·
                       temperature: 0, greedy (req), max_tokens: 5 (req),
                       min_tokens: 5 (req)
15:49:02.520 INFO:     #219 chat/completions (stream): 5 tokens generated at
                       38.1 T/s · prompt 119 tokens, none cached, 119 new in
                       0.10 s · queued 0.13 s, first token 0.23 s, total 0.36 s
                       · draft 3/4 accepted (75%) · max_tokens reached
15:49:02.589 INFO:     #221 chat/completions (stream): 496 prompt tokens ·
                       temperature: 0, greedy (req), max_tokens: 29 (req),
                       min_tokens: 29 (req)
15:49:03.145 INFO:     #218 chat/completions (stream): 47 tokens generated at
                       70.2 T/s · prompt 350 tokens, none cached, 350 new in
                       0.33 s (1,061 T/s) · first token 0.34 s, total 1.01 s ·
                       draft 29/36 accepted (81%) · max_tokens reached
15:49:03.190 INFO:     #221 chat/completions (stream): 29 tokens generated at
                       112.2 T/s · prompt 496 tokens, none cached, 496 new in
                       0.25 s (1,984 T/s) · first token 0.26 s, total 0.51 s ·
                       draft 18/22 accepted (82%) · max_tokens reached
15:49:03.210 INFO:     #222 chat/completions (stream): 773 prompt tokens ·
                       temperature: 0, greedy (req), max_tokens: 29 (req),
                       min_tokens: 29 (req)
15:49:03.464 INFO:     #223 chat/completions (stream): 59 prompt tokens ·
                       temperature: 0, greedy (req), max_tokens: 300 (req),
                       min_tokens: 300 (req)
15:49:03.559 INFO:     #214 chat/completions (stream): 207 tokens generated at
                       63.8 T/s · prompt 66 tokens, none cached, 66 new in 0.07
                       s · first token 0.08 s, total 3.32 s · draft 112/190
                       accepted (59%) · max_tokens reached
15:49:03.602 INFO:     #203 chat/completions (stream): 450 tokens generated at
                       58.3 T/s · prompt 64 tokens, none cached, 64 new in 0.07
                       s · first token 0.08 s, total 7.79 s · draft 243/414
                       accepted (59%) · max_tokens reached
15:49:03.626 INFO:     #224 chat/completions (stream): 84 prompt tokens ·
                       temperature: 0, greedy (req), max_tokens: 308 (req),
                       min_tokens: 308 (req)
15:49:03.761 INFO:     #225 chat/completions (stream): 309 prompt tokens ·
                       temperature: 0, greedy (req), max_tokens: 12 (req),
                       min_tokens: 12 (req)
15:49:04.154 INFO:     #222 chat/completions (stream): 29 tokens generated at
                       45.3 T/s · prompt 773 tokens, none cached, 773 new in
                       0.21 s (3,681 T/s) · first token 0.22 s, total 0.86 s ·
                       draft 17/24 accepted (71%) · max_tokens reached
15:49:04.178 INFO:     #225 chat/completions (stream): 12 tokens generated at
                       102.5 T/s · prompt 309 tokens, none cached, 309 new in
                       0.21 s (1,471 T/s) · first token 0.21 s, total 0.33 s ·
                       draft 7/10 accepted (70%) · max_tokens reached
15:49:04.223 INFO:     #226 chat/completions (stream): 124 prompt tokens ·
                       temperature: 0, greedy (req), max_tokens: 8 (req),
                       min_tokens: 8 (req)
15:49:04.354 INFO:     #227 chat/completions (stream): 217 prompt tokens ·
                       temperature: 0, greedy (req), max_tokens: 607 (req),
                       min_tokens: 607 (req)
15:49:04.601 INFO:     #226 chat/completions (stream): 8 tokens generated at
                       43.6 T/s · prompt 124 tokens, none cached, 124 new in
                       0.10 s · first token 0.11 s, total 0.29 s · draft 5/6
                       accepted (83%) · max_tokens reached
15:49:04.671 INFO:     #228 chat/completions (stream): 384 prompt tokens ·
                       temperature: 0, greedy (req), max_tokens: 805 (req),
                       min_tokens: 805 (req)
15:49:06.152 INFO:     #205 chat/completions (stream): 540 tokens generated at
                       58.9 T/s · prompt 70 tokens, none cached, 70 new in 0.07
                       s · first token 0.08 s, total 9.24 s · draft 299/482
                       accepted (62%) · max_tokens reached
15:49:06.223 INFO:     #229 chat/completions (stream): 72 prompt tokens ·
                       temperature: 0, greedy (req), max_tokens: 223 (req),
                       min_tokens: 223 (req)
15:49:07.129 INFO:     #216 chat/completions (stream): 385 tokens generated at
                       63.7 T/s · prompt 87 tokens, none cached, 87 new in 0.08
                       s · first token 0.09 s, total 6.13 s · draft 207/356
                       accepted (58%) · max_tokens reached
15:49:07.202 INFO:     #230 chat/completions (stream): 268 prompt tokens ·
                       temperature: 0, greedy (req), max_tokens: 21 (req),
                       min_tokens: 21 (req)
15:49:07.695 INFO:     #230 chat/completions (stream): 21 tokens generated at
                       92.6 T/s · prompt 268 tokens, none cached, 268 new in
                       0.17 s (1,576 T/s) · first token 0.18 s, total 0.40 s ·
                       draft 12/18 accepted (67%) · max_tokens reached
15:49:07.761 INFO:     #231 chat/completions (stream): 209 prompt tokens ·
                       temperature: 0, greedy (req), max_tokens: 209 (req),
                       min_tokens: 209 (req)
15:49:07.889 INFO:     #224 chat/completions (stream): 308 tokens generated at
                       77.4 T/s · prompt 84 tokens, none cached, 84 new in 0.08
                       s · first token 0.09 s, total 4.06 s · draft 181/254
                       accepted (71%) · max_tokens reached
15:49:07.960 INFO:     #232 chat/completions (stream): 178 prompt tokens ·
                       temperature: 0, greedy (req), max_tokens: 18 (req),
                       min_tokens: 18 (req)
15:49:08.317 INFO:     #232 chat/completions (stream): 18 tokens generated at
                       104.9 T/s · prompt 178 tokens, none cached, 178 new in
                       0.09 s · first token 0.09 s, total 0.27 s · draft 11/14
                       accepted (79%) · max_tokens reached
15:49:08.339 INFO:     #223 chat/completions (stream): 300 tokens generated at
                       63.6 T/s · prompt 59 tokens, none cached, 59 new in 0.07
                       s · first token 0.08 s, total 4.79 s · draft 154/292
                       accepted (53%) · max_tokens reached
15:49:08.383 INFO:     #233 chat/completions (stream): 62 prompt tokens ·
                       temperature: 0, greedy (req), max_tokens: 94 (req),
                       min_tokens: 94 (req)
15:49:08.481 INFO:     #234 chat/completions (stream): 100 prompt tokens ·
                       temperature: 0, greedy (req), max_tokens: 91 (req),
                       min_tokens: 91 (req)
15:49:08.816 INFO:     #191 chat/completions (stream): 1,181 tokens generated at
                       68.7 T/s · prompt 64 tokens, none cached, 64 new in 0.07
                       s · first token 0.08 s, total 17.3 s · draft 704/954
                       accepted (74%) · max_tokens reached
15:49:08.885 INFO:     #235 chat/completions (stream): 73 prompt tokens ·
                       temperature: 0, greedy (req), max_tokens: 229 (req),
                       min_tokens: 229 (req)
15:49:09.308 INFO:     #206 chat/completions (stream): 830 tokens generated at
                       69.3 T/s · prompt 72 tokens, none cached, 72 new in 0.07
                       s · first token 0.08 s, total 12.1 s · draft 499/662
                       accepted (75%) · max_tokens reached
15:49:09.379 INFO:     #236 chat/completions (stream): 88 prompt tokens ·
                       temperature: 0, greedy (req), max_tokens: 323 (req),
                       min_tokens: 323 (req)
15:49:09.656 INFO:     #234 chat/completions (stream): 91 tokens generated at
                       92.0 T/s · prompt 100 tokens, none cached, 100 new in
                       0.09 s · first token 0.09 s, total 1.08 s · draft 57/68
                       accepted (84%) · max_tokens reached
15:49:09.721 INFO:     #237 chat/completions (stream): 68 prompt tokens ·
                       temperature: 0, greedy (req), max_tokens: 534 (req),
                       min_tokens: 534 (req)
15:49:09.721 INFO:     #229 chat/completions (stream): 223 tokens generated at
                       67.0 T/s · prompt 72 tokens, none cached, 72 new in 0.07
                       s · first token 0.08 s, total 3.40 s · draft 115/216
                       accepted (53%) · max_tokens reached
15:49:09.870 INFO:     #238 chat/completions (stream): 164 prompt tokens ·
                       temperature: 0, greedy (req), max_tokens: 41 (req),
                       min_tokens: 41 (req)
15:49:10.030 INFO:     #233 chat/completions (stream): 94 tokens generated at
                       67.7 T/s · prompt 62 tokens, none cached, 62 new in 0.07
                       s · first token 0.08 s, total 1.46 s · draft 50/88
                       accepted (57%) · max_tokens reached
15:49:10.098 INFO:     #239 chat/completions (stream): 662 prompt tokens ·
                       temperature: 0, greedy (req), max_tokens: 243 (req),
                       min_tokens: 243 (req)
15:49:10.599 INFO:     #231 chat/completions (stream): 209 tokens generated at
                       79.1 T/s · prompt 209 tokens, none cached, 209 new in
                       0.10 s · first token 0.11 s, total 2.75 s · draft 133/152
                       accepted (88%) · max_tokens reached
15:49:10.665 INFO:     #240 chat/completions (stream): 106 prompt tokens ·
                       temperature: 0, greedy (req), max_tokens: 40 (req),
                       min_tokens: 40 (req)
15:49:10.665 INFO:     #238 chat/completions (stream): 41 tokens generated at
                       66.9 T/s · prompt 164 tokens, none cached, 164 new in
                       0.09 s · first token 0.09 s, total 0.71 s · draft 25/32
                       accepted (78%) · max_tokens reached
15:49:10.832 INFO:     #241 chat/completions (stream): 802 prompt tokens ·
                       temperature: 0, greedy (req), max_tokens: 6 (req),
                       min_tokens: 6 (req)
15:49:11.236 INFO:     #241 chat/completions (stream): 6 tokens generated at
                       128.7 T/s · prompt 802 tokens, none cached, 802 new in
                       0.26 s (3,085 T/s) · first token 0.26 s, total 0.31 s ·
                       draft 4/4 accepted (100%) · max_tokens reached
15:49:11.309 INFO:     #242 chat/completions (stream): 717 prompt tokens ·
                       temperature: 0, greedy (req), max_tokens: 21 (req),
                       min_tokens: 21 (req)
15:49:11.700 INFO:     #240 chat/completions (stream): 40 tokens generated at
                       47.3 T/s · prompt 106 tokens, none cached, 106 new in
                       0.09 s · first token 0.10 s, total 0.94 s · draft 25/30
                       accepted (83%) · max_tokens reached
15:49:11.772 INFO:     #243 chat/completions (stream): 114 prompt tokens ·
                       temperature: 0, greedy (req), max_tokens: 93 (req),
                       min_tokens: 93 (req)
15:49:11.970 INFO:     #242 chat/completions (stream): 21 tokens generated at
                       112.0 T/s · prompt 717 tokens, none cached, 717 new in
                       0.27 s (2,656 T/s) · first token 0.28 s, total 0.46 s ·
                       draft 13/16 accepted (81%) · max_tokens reached
15:49:12.041 INFO:     #244 chat/completions (stream): 75 prompt tokens ·
                       temperature: 0, greedy (req), max_tokens: 517 (req),
                       min_tokens: 517 (req)
15:49:12.820 INFO:     #235 chat/completions (stream): 229 tokens generated at
                       60.9 T/s · prompt 73 tokens, none cached, 73 new in 0.08
                       s · first token 0.08 s, total 3.84 s · draft 125/208
                       accepted (60%) · max_tokens reached
15:49:12.894 INFO:     #245 chat/completions (stream): 61 prompt tokens ·
                       temperature: 0, greedy (req), max_tokens: 201 (req),
                       min_tokens: 201 (req)
15:49:13.713 INFO:     #243 chat/completions (stream): 93 tokens generated at
                       53.4 T/s · prompt 114 tokens, none cached, 114 new in
                       0.10 s · first token 0.11 s, total 1.85 s · draft 29/128
                       accepted (23%) · max_tokens reached
15:49:13.780 INFO:     #246 chat/completions (stream): 167 prompt tokens ·
                       temperature: 0, greedy (req), max_tokens: 13 (req),
                       min_tokens: 13 (req)
15:49:13.781 INFO:     #227 chat/completions (stream): 607 tokens generated at
                       65.8 T/s · prompt 217 tokens, none cached, 217 new in
                       0.10 s · first token 0.11 s, total 9.33 s · draft 320/574
                       accepted (56%) · max_tokens reached
15:49:13.949 INFO:     #247 chat/completions (stream): 65 prompt tokens ·
                       temperature: 0, greedy (req), max_tokens: 177 (req),
                       min_tokens: 177 (req)
15:49:14.201 INFO:     #246 chat/completions (stream): 13 tokens generated at
                       56.7 T/s · prompt 167 tokens, none cached, 167 new in
                       0.09 s · first token 0.10 s, total 0.33 s · draft 7/12
                       accepted (58%) · max_tokens reached
15:49:14.273 INFO:     #248 chat/completions (stream): 637 prompt tokens ·
                       temperature: 0, greedy (req), max_tokens: 1147 (req),
                       min_tokens: 1147 (req)
15:49:14.595 INFO:     #239 chat/completions (stream): 243 tokens generated at
                       62.5 T/s · prompt 662 tokens, none cached, 662 new in
                       0.25 s (2,648 T/s) · first token 0.25 s, total 4.15 s ·
                       draft 125/236 accepted (53%) · max_tokens reached
15:49:14.670 INFO:     #249 chat/completions (stream): 690 prompt tokens ·
                       temperature: 0, greedy (req), max_tokens: 10 (req),
                       min_tokens: 10 (req)
15:49:15.036 INFO:     #236 chat/completions (stream): 323 tokens generated at
                       60.0 T/s · prompt 88 tokens, none cached, 88 new in 0.08
                       s · first token 0.09 s, total 5.47 s · draft 176/294
                       accepted (60%) · max_tokens reached
15:49:15.102 INFO:     #250 chat/completions (stream): 57 prompt tokens ·
                       temperature: 0, greedy (req), max_tokens: 285 (req),
                       min_tokens: 285 (req)
15:49:15.198 INFO:     #249 chat/completions (stream): 10 tokens generated at
                       111.7 T/s · prompt 690 tokens, none cached, 690 new in
                       0.27 s (2,556 T/s) · first token 0.28 s, total 0.36 s ·
                       draft 6/8 accepted (75%) · max_tokens reached
15:49:15.270 INFO:     #251 chat/completions (stream): 76 prompt tokens ·
                       temperature: 0, greedy (req), max_tokens: 562 (req),
                       min_tokens: 562 (req)
15:49:15.811 INFO:     #245 chat/completions (stream): 201 tokens generated at
                       73.2 T/s · prompt 61 tokens, none cached, 61 new in 0.07
                       s · first token 0.08 s, total 2.82 s · draft 122/158
                       accepted (77%) · max_tokens reached
15:49:15.883 INFO:     #252 chat/completions (stream): 540 prompt tokens ·
                       temperature: 0, greedy (req), max_tokens: 8 (req),
                       min_tokens: 8 (req)
15:49:16.247 INFO:     #252 chat/completions (stream): 8 tokens generated at
                       113.3 T/s · prompt 540 tokens, none cached, 540 new in
                       0.20 s (2,700 T/s) · first token 0.21 s, total 0.28 s ·
                       draft 5/6 accepted (83%) · max_tokens reached
15:49:16.316 INFO:     #253 chat/completions (stream): 60 prompt tokens ·
                       temperature: 0, greedy (req), max_tokens: 198 (req),
                       min_tokens: 198 (req)
15:49:16.993 INFO:     #247 chat/completions (stream): 177 tokens generated at
                       61.7 T/s · prompt 65 tokens, none cached, 65 new in 0.08
                       s · first token 0.08 s, total 2.95 s · draft 95/164
                       accepted (58%) · max_tokens reached
15:49:17.058 INFO:     #254 chat/completions (stream): 58 prompt tokens ·
                       temperature: 0, greedy (req), max_tokens: 31 (req),
                       min_tokens: 31 (req)
15:49:17.152 INFO:     #228 chat/completions (stream): 805 tokens generated at
                       66.7 T/s · prompt 384 tokens, none cached, 384 new in
                       0.24 s (1,600 T/s) · first token 0.25 s, total 12.3 s ·
                       draft 435/740 accepted (59%) · max_tokens reached
15:49:17.216 INFO:     #256 chat/completions (stream): 449 prompt tokens ·
                       temperature: 0, greedy (req), max_tokens: 25 (req),
                       min_tokens: 25 (req)
15:49:17.216 INFO:     #237 chat/completions (stream): 534 tokens generated at
                       73.6 T/s · prompt 68 tokens, none cached, 68 new in 0.07
                       s · first token 0.08 s, total 7.33 s · draft 326/416
                       accepted (78%) · max_tokens reached
15:49:17.509 INFO:     #257 chat/completions (stream): 392 prompt tokens ·
                       temperature: 0, greedy (req), max_tokens: 17 (req),
                       min_tokens: 17 (req)
15:49:17.967 INFO:     #254 chat/completions (stream): 31 tokens generated at
                       41.5 T/s · prompt 58 tokens, none cached, 58 new in 0.07
                       s · first token 0.08 s, total 0.82 s · draft 18/26
                       accepted (69%) · max_tokens reached
15:49:18.024 INFO:     #258 chat/completions (stream): 112 prompt tokens ·
                       temperature: 0, greedy (req), max_tokens: 556 (req),
                       min_tokens: 556 (req)
15:49:18.024 INFO:     #256 chat/completions (stream): 25 tokens generated at
                       51.4 T/s · prompt 449 tokens, none cached, 449 new in
                       0.24 s (1,871 T/s) · first token 0.25 s, total 0.73 s ·
                       draft 14/22 accepted (64%) · max_tokens reached
15:49:18.025 INFO:     #257 chat/completions (stream): 17 tokens generated at
                       88.4 T/s · prompt 392 tokens, none cached, 392 new in
                       0.24 s (1,633 T/s) · first token 0.25 s, total 0.44 s ·
                       draft 9/16 accepted (56%) · max_tokens reached
15:49:18.186 INFO:     #259 chat/completions (stream): 79 prompt tokens ·
                       temperature: 0, greedy (req), max_tokens: 165 (req),
                       min_tokens: 165 (req)
15:49:18.187 INFO:     #260 chat/completions (stream): 63 prompt tokens ·
                       temperature: 0, greedy (req), max_tokens: 650 (req),
                       min_tokens: 650 (req)
15:49:19.203 INFO:     #253 chat/completions (stream): 198 tokens generated at
                       72.8 T/s · prompt 60 tokens, none cached, 60 new in 0.07
                       s · first token 0.08 s, total 2.80 s · draft 116/164
                       accepted (71%) · max_tokens reached
15:49:19.275 INFO:     #261 chat/completions (stream): 68 prompt tokens ·
                       temperature: 0, greedy (req), max_tokens: 434 (req),
                       min_tokens: 434 (req)
15:49:19.545 INFO:     #250 chat/completions (stream): 285 tokens generated at
                       66.7 T/s · prompt 57 tokens, none cached, 57 new in 0.07
                       s · first token 0.08 s, total 4.35 s · draft 156/258
                       accepted (60%) · max_tokens reached
15:49:19.616 INFO:     #262 chat/completions (stream): 527 prompt tokens ·
                       temperature: 0, greedy (req), max_tokens: 78 (req),
                       min_tokens: 78 (req)
15:49:20.148 INFO:     #244 chat/completions (stream): 517 tokens generated at
                       65.2 T/s · prompt 75 tokens, none cached, 75 new in 0.08
                       s · first token 0.08 s, total 8.02 s · draft 279/476
                       accepted (59%) · max_tokens reached
15:49:20.216 INFO:     #263 chat/completions (stream): 65 prompt tokens ·
                       temperature: 0, greedy (req), max_tokens: 352 (req),
                       min_tokens: 352 (req)
15:49:20.580 INFO:     #259 chat/completions (stream): 165 tokens generated at
                       76.9 T/s · prompt 79 tokens, none cached, 79 new in 0.15
                       s · first token 0.16 s, total 2.31 s · draft 91/148
                       accepted (61%) · max_tokens reached
15:49:20.647 INFO:     #264 chat/completions (stream): 342 prompt tokens ·
                       temperature: 0, greedy (req), max_tokens: 44 (req),
                       min_tokens: 44 (req)
15:49:21.066 INFO:     #262 chat/completions (stream): 78 tokens generated at
                       67.5 T/s · prompt 527 tokens, none cached, 527 new in
                       0.19 s (2,774 T/s) · first token 0.20 s, total 1.35 s ·
                       draft 41/74 accepted (55%) · max_tokens reached
15:49:21.139 INFO:     #265 chat/completions (stream): 448 prompt tokens ·
                       temperature: 0, greedy (req), max_tokens: 55 (req),
                       min_tokens: 55 (req)
15:49:21.665 INFO:     #264 chat/completions (stream): 44 tokens generated at
                       63.5 T/s · prompt 342 tokens, none cached, 342 new in
                       0.23 s (1,487 T/s) · first token 0.24 s, total 0.93 s ·
                       draft 24/40 accepted (60%) · max_tokens reached
15:49:21.737 INFO:     #266 chat/completions (stream): 399 prompt tokens ·
                       temperature: 0, greedy (req), max_tokens: 15 (req),
                       min_tokens: 15 (req)
15:49:22.239 INFO:     #266 chat/completions (stream): 15 tokens generated at
                       89.9 T/s · prompt 399 tokens, none cached, 399 new in
                       0.24 s (1,662 T/s) · first token 0.25 s, total 0.41 s ·
                       draft 8/14 accepted (57%) · max_tokens reached
15:49:22.284 INFO:     #265 chat/completions (stream): 55 tokens generated at
                       67.3 T/s · prompt 448 tokens, none cached, 448 new in
                       0.23 s (1,948 T/s) · first token 0.24 s, total 1.05 s ·
                       draft 30/50 accepted (60%) · max_tokens reached
15:49:22.305 INFO:     #267 chat/completions (stream): 72 prompt tokens ·
                       temperature: 0, greedy (req), max_tokens: 279 (req),
                       min_tokens: 279 (req)
15:49:22.440 INFO:     #268 chat/completions (stream): 64 prompt tokens ·
                       temperature: 0, greedy (req), max_tokens: 150 (req),
                       min_tokens: 150 (req)
15:49:23.572 INFO:     #251 chat/completions (stream): 562 tokens generated at
                       69.2 T/s · prompt 76 tokens, none cached, 76 new in 0.08
                       s · first token 0.09 s, total 8.21 s · draft 313/498
                       accepted (63%) · max_tokens reached
15:49:23.647 INFO:     #269 chat/completions (stream): 340 prompt tokens ·
                       temperature: 0, greedy (req), max_tokens: 26 (req),
                       min_tokens: 26 (req)
15:49:24.321 INFO:     #269 chat/completions (stream): 26 tokens generated at
                       75.9 T/s · prompt 340 tokens, none cached, 340 new in
                       0.22 s (1,545 T/s) · first token 0.23 s, total 0.57 s ·
                       draft 13/26 accepted (50%) · max_tokens reached
15:49:24.405 INFO:     #270 chat/completions (stream): 66 prompt tokens ·
                       temperature: 0, greedy (req), max_tokens: 12 (req),
                       min_tokens: 12 (req)
15:49:24.606 INFO:     #268 chat/completions (stream): 150 tokens generated at
                       79.4 T/s · prompt 64 tokens, none cached, 64 new in 0.07
                       s · first token 0.07 s, total 1.96 s · draft 83/134
                       accepted (62%) · max_tokens reached
15:49:24.687 INFO:     #271 chat/completions (stream): 446 prompt tokens ·
                       temperature: 0, greedy (req), max_tokens: 8 (req),
                       min_tokens: 8 (req)
15:49:24.842 INFO:     #270 chat/completions (stream): 12 tokens generated at
                       122.1 T/s · prompt 66 tokens, none cached, 66 new in 0.09
                       s · first token 0.10 s, total 0.20 s · draft 8/8 accepted
                       (100%) · max_tokens reached
15:49:25.021 INFO:     #272 chat/completions (stream): 99 prompt tokens ·
                       temperature: 0, greedy (req), max_tokens: 429 (req),
                       min_tokens: 429 (req)
15:49:25.209 INFO:     #271 chat/completions (stream): 8 tokens generated at
                       109.9 T/s · prompt 446 tokens, none cached, 446 new in
                       0.25 s (1,784 T/s) · first token 0.26 s, total 0.33 s ·
                       draft 5/6 accepted (83%) · max_tokens reached
15:49:25.275 INFO:     #273 chat/completions (stream): 70 prompt tokens ·
                       temperature: 0, greedy (req), max_tokens: 772 (req),
                       min_tokens: 772 (req)
15:49:25.276 INFO:     #263 chat/completions (stream): 352 tokens generated at
                       71.9 T/s · prompt 65 tokens, none cached, 65 new in 0.07
                       s · first token 0.08 s, total 4.97 s · draft 211/282
                       accepted (75%) · max_tokens reached
15:49:25.428 INFO:     #274 chat/completions (stream): 391 prompt tokens ·
                       temperature: 0, greedy (req), max_tokens: 46 (req),
                       min_tokens: 46 (req)
15:49:25.793 INFO:     #258 chat/completions (stream): 556 tokens generated at
                       73.4 T/s · prompt 112 tokens, none cached, 112 new in
                       0.09 s · first token 0.10 s, total 7.67 s · draft 337/438
                       accepted (77%) · max_tokens reached
15:49:25.865 INFO:     #275 chat/completions (stream): 60 prompt tokens ·
                       temperature: 0, greedy (req), max_tokens: 75 (req),
                       min_tokens: 75 (req)
15:49:26.364 INFO:     #267 chat/completions (stream): 279 tokens generated at
                       71.7 T/s · prompt 72 tokens, none cached, 72 new in 0.08
                       s · first token 0.09 s, total 3.98 s · draft 166/226
                       accepted (73%) · max_tokens reached
15:49:26.365 INFO:     #274 chat/completions (stream): 46 tokens generated at
                       76.1 T/s · prompt 391 tokens, none cached, 391 new in
                       0.24 s (1,629 T/s) · first token 0.24 s, total 0.85 s ·
                       draft 24/44 accepted (55%) · max_tokens reached
15:49:26.431 INFO:     #276 chat/completions (stream): 691 prompt tokens ·
                       temperature: 0, greedy (req), max_tokens: 139 (req),
                       min_tokens: 139 (req)
15:49:26.433 INFO:     #277 chat/completions (stream): 68 prompt tokens ·
                       temperature: 0, greedy (req), max_tokens: 282 (req),
                       min_tokens: 282 (req)
15:49:26.434 INFO:     #261 chat/completions (stream): 434 tokens generated at
                       62.1 T/s · prompt 68 tokens, none cached, 68 new in 0.07
                       s · first token 0.08 s, total 7.06 s · draft 232/404
                       accepted (57%) · max_tokens reached
15:49:26.828 INFO:     #278 chat/completions (stream): 63 prompt tokens ·
                       temperature: 0, greedy (req), max_tokens: 98 (req),
                       min_tokens: 98 (req)
15:49:27.180 INFO:     #275 chat/completions (stream): 75 tokens generated at
                       65.0 T/s · prompt 60 tokens, none cached, 60 new in 0.07
                       s · first token 0.08 s, total 1.23 s · draft 43/64
                       accepted (67%) · max_tokens reached
15:49:27.224 INFO:     #260 chat/completions (stream): 650 tokens generated at
                       73.9 T/s · prompt 63 tokens, none cached, 63 new in 0.07
                       s · first token 0.16 s, total 8.95 s · draft 393/514
                       accepted (76%) · max_tokens reached
15:49:27.247 INFO:     #279 chat/completions (stream): 815 prompt tokens ·
                       temperature: 0, greedy (req), max_tokens: 282 (req),
                       min_tokens: 282 (req)
15:49:27.570 INFO:     #280 chat/completions (stream): 84 prompt tokens ·
                       temperature: 0, greedy (req), max_tokens: 278 (req),
                       min_tokens: 278 (req)
15:49:28.270 INFO:     #278 chat/completions (stream): 98 tokens generated at
                       76.9 T/s · prompt 63 tokens, none cached, 63 new in 0.07
                       s · first token 0.08 s, total 1.35 s · draft 59/78
                       accepted (76%) · max_tokens reached
15:49:28.342 INFO:     #281 chat/completions (stream): 60 prompt tokens ·
                       temperature: 0, greedy (req), max_tokens: 202 (req),
                       min_tokens: 202 (req)
15:49:28.766 INFO:     #276 chat/completions (stream): 139 tokens generated at
                       73.5 T/s · prompt 691 tokens, none cached, 691 new in
                       0.34 s (2,032 T/s) · first token 0.35 s, total 2.24 s ·
                       draft 81/116 accepted (70%) · max_tokens reached
15:49:28.838 INFO:     #282 chat/completions (stream): 62 prompt tokens ·
                       temperature: 0, greedy (req), max_tokens: 105 (req),
                       min_tokens: 105 (req)
15:49:30.191 INFO:     #282 chat/completions (stream): 105 tokens generated at
                       88.6 T/s · prompt 62 tokens, none cached, 62 new in 0.07
                       s · first token 0.08 s, total 1.26 s · draft 57/96
                       accepted (59%) · max_tokens reached
15:49:30.264 INFO:     #283 chat/completions (stream): 61 prompt tokens ·
                       temperature: 0, greedy (req), max_tokens: 61 (req),
                       min_tokens: 61 (req)
15:49:30.453 INFO:     #277 chat/completions (stream): 282 tokens generated at
                       78.3 T/s · prompt 68 tokens, none cached, 68 new in 0.07
                       s · queued 0.15 s, first token 0.22 s, total 3.82 s ·
                       draft 161/242 accepted (67%) · max_tokens reached
15:49:30.523 INFO:     #284 chat/completions (stream): 65 prompt tokens ·
                       temperature: 0, greedy (req), max_tokens: 210 (req),
                       min_tokens: 210 (req)
15:49:31.055 INFO:     #280 chat/completions (stream): 278 tokens generated at
                       84.1 T/s · prompt 84 tokens, none cached, 84 new in 0.08
                       s · first token 0.09 s, total 3.39 s · draft 155/246
                       accepted (63%) · max_tokens reached
15:49:31.126 INFO:     #285 chat/completions (stream): 60 prompt tokens ·
                       temperature: 0, greedy (req), max_tokens: 41 (req),
                       min_tokens: 41 (req)
15:49:31.284 INFO:     #283 chat/completions (stream): 61 tokens generated at
                       77.6 T/s · prompt 61 tokens, none cached, 61 new in 0.07
                       s · first token 0.08 s, total 0.86 s · draft 32/58
                       accepted (55%) · max_tokens reached
15:49:31.304 INFO:     #279 chat/completions (stream): 282 tokens generated at
                       76.7 T/s · prompt 815 tokens, none cached, 815 new in
                       0.29 s (2,810 T/s) · first token 0.30 s, total 3.97 s ·
                       draft 150/264 accepted (57%) · max_tokens reached
15:49:31.343 INFO:     #286 chat/completions (stream): 60 prompt tokens ·
                       temperature: 0, greedy (req), max_tokens: 287 (req),
                       min_tokens: 287 (req)
15:49:31.344 INFO:     #281 chat/completions (stream): 202 tokens generated at
                       71.0 T/s · prompt 60 tokens, none cached, 60 new in 0.07
                       s · first token 0.08 s, total 2.92 s · draft 98/208
                       accepted (47%) · max_tokens reached
15:49:31.436 INFO:     #287 chat/completions (stream): 70 prompt tokens ·
                       temperature: 0, greedy (req), max_tokens: 276 (req),
                       min_tokens: 276 (req)
15:49:31.560 INFO:     #288 chat/completions (stream): 107 prompt tokens ·
                       temperature: 0, greedy (req), max_tokens: 176 (req),
                       min_tokens: 176 (req)
15:49:31.679 INFO:     #272 chat/completions (stream): 429 tokens generated at
                       68.9 T/s · prompt 99 tokens, none cached, 99 new in 0.09
                       s · first token 0.10 s, total 6.32 s · draft 232/394
                       accepted (59%) · max_tokens reached
15:49:31.746 INFO:     #289 chat/completions (stream): 987 prompt tokens ·
                       temperature: 0, greedy (req), max_tokens: 113 (req),
                       min_tokens: 113 (req)
15:49:31.747 INFO:     #248 chat/completions (stream): 1,147 tokens generated at
                       67.4 T/s · prompt 637 tokens, none cached, 637 new in
                       0.27 s (2,359 T/s) · first token 0.28 s, total 17.3 s ·
                       draft 642/1010 accepted (64%) · max_tokens reached
15:49:32.099 INFO:     #290 chat/completions (stream): 731 prompt tokens ·
                       temperature: 0, greedy (req), max_tokens: 694 (req),
                       min_tokens: 694 (req)
15:49:32.414 INFO:     #285 chat/completions (stream): 41 tokens generated at
                       46.8 T/s · prompt 60 tokens, none cached, 60 new in 0.07
                       s · first token 0.08 s, total 0.95 s · draft 25/32
                       accepted (78%) · max_tokens reached
15:49:32.497 INFO:     #292 chat/completions (stream): 67 prompt tokens ·
                       temperature: 0, greedy (req), max_tokens: 84 (req),
                       min_tokens: 84 (req)
15:49:33.522 INFO:     #292 chat/completions (stream): 84 tokens generated at
                       101.2 T/s · prompt 67 tokens, none cached, 67 new in 0.07
                       s · first token 0.08 s, total 0.91 s · draft 50/68
                       accepted (74%) · max_tokens reached
15:49:33.590 INFO:     #293 chat/completions (stream): 91 prompt tokens ·
                       temperature: 0, greedy (req), max_tokens: 464 (req),
                       min_tokens: 464 (req)
15:49:33.723 INFO:     #284 chat/completions (stream): 210 tokens generated at
                       71.2 T/s · prompt 65 tokens, none cached, 65 new in 0.07
                       s · first token 0.08 s, total 3.02 s · draft 126/168
                       accepted (75%) · max_tokens reached
15:49:33.789 INFO:     #294 chat/completions (stream): 114 prompt tokens ·
                       temperature: 0, greedy (req), max_tokens: 425 (req),
                       min_tokens: 425 (req)
15:49:33.790 INFO:     #289 chat/completions (stream): 113 tokens generated at
                       68.6 T/s · prompt 987 tokens, none cached, 987 new in
                       0.30 s (3,290 T/s) · first token 0.31 s, total 1.95 s ·
                       draft 63/100 accepted (63%) · max_tokens reached
15:49:33.960 INFO:     #295 chat/completions (stream): 60 prompt tokens ·
                       temperature: 0, greedy (req), max_tokens: 64 (req),
                       min_tokens: 64 (req)
15:49:34.404 INFO:     #288 chat/completions (stream): 176 tokens generated at
                       66.7 T/s · prompt 107 tokens, none cached, 107 new in
                       0.09 s · first token 0.10 s, total 2.74 s · draft 103/146
                       accepted (71%) · max_tokens reached
15:49:34.503 INFO:     #296 chat/completions (stream): 89 prompt tokens ·
                       temperature: 0, greedy (req), max_tokens: 609 (req),
                       min_tokens: 609 (req)
15:49:34.911 INFO:     #295 chat/completions (stream): 64 tokens generated at
                       81.6 T/s · prompt 60 tokens, none cached, 60 new in 0.07
                       s · first token 0.07 s, total 0.86 s · draft 37/54
                       accepted (69%) · max_tokens reached
15:49:34.984 INFO:     #297 chat/completions (stream): 648 prompt tokens ·
                       temperature: 0, greedy (req), max_tokens: 6 (req),
                       min_tokens: 6 (req)
15:49:35.403 INFO:     #297 chat/completions (stream): 6 tokens generated at
                       121.0 T/s · prompt 648 tokens, none cached, 648 new in
                       0.27 s (2,400 T/s) · first token 0.27 s, total 0.32 s ·
                       draft 4/4 accepted (100%) · max_tokens reached
15:49:35.475 INFO:     #298 chat/completions (stream): 113 prompt tokens ·
                       temperature: 0, greedy (req), max_tokens: 71 (req),
                       min_tokens: 71 (req)
15:49:36.273 INFO:     #298 chat/completions (stream): 71 tokens generated at
                       118.0 T/s · prompt 113 tokens, none cached, 113 new in
                       0.09 s · first token 0.10 s, total 0.70 s · draft 47/48
                       accepted (98%) · max_tokens reached
15:49:36.337 INFO:     #299 chat/completions (stream): 68 prompt tokens ·
                       temperature: 0, greedy (req), max_tokens: 169 (req),
                       min_tokens: 169 (req)
15:49:36.448 INFO:     #287 chat/completions (stream): 276 tokens generated at
                       58.0 T/s · prompt 70 tokens, none cached, 70 new in 0.07
                       s · first token 0.08 s, total 4.83 s · draft 140/272
                       accepted (51%) · max_tokens reached
15:49:36.492 INFO:     #286 chat/completions (stream): 287 tokens generated at
                       58.6 T/s · prompt 60 tokens, none cached, 60 new in 0.07
                       s · first token 0.08 s, total 4.98 s · draft 148/278
                       accepted (53%) · max_tokens reached
15:49:36.517 INFO:     #300 chat/completions (stream): 164 prompt tokens ·
                       temperature: 0, greedy (req), max_tokens: 302 (req),
                       min_tokens: 302 (req)
15:49:36.660 INFO:     #301 chat/completions (stream): 75 prompt tokens ·
                       temperature: 0, greedy (req), max_tokens: 306 (req),
                       min_tokens: 306 (req)
15:49:36.907 INFO:     #273 chat/completions (stream): 772 tokens generated at
                       67.4 T/s · prompt 70 tokens, none cached, 70 new in 0.08
                       s · first token 0.09 s, total 11.5 s · draft 433/678
                       accepted (64%) · max_tokens reached
15:49:36.979 INFO:     #302 chat/completions (stream): 256 prompt tokens ·
                       temperature: 0, greedy (req), max_tokens: 28 (req),
                       min_tokens: 28 (req)
15:49:37.543 INFO:     #302 chat/completions (stream): 28 tokens generated at
                       79.1 T/s · prompt 256 tokens, none cached, 256 new in
                       0.11 s (2,327 T/s) · first token 0.12 s, total 0.47 s ·
                       draft 14/28 accepted (50%) · max_tokens reached
15:49:37.614 INFO:     #303 chat/completions (stream): 137 prompt tokens ·
                       temperature: 0, greedy (req), max_tokens: 52 (req),
                       min_tokens: 52 (req)
15:49:38.291 INFO:     #303 chat/completions (stream): 52 tokens generated at
                       110.6 T/s · prompt 137 tokens, none cached, 137 new in
                       0.11 s · first token 0.12 s, total 0.59 s · draft 33/38
                       accepted (87%) · max_tokens reached
15:49:38.365 INFO:     #304 chat/completions (stream): 840 prompt tokens ·
                       temperature: 0, greedy (req), max_tokens: 11 (req),
                       min_tokens: 11 (req)
15:49:38.841 INFO:     #299 chat/completions (stream): 169 tokens generated at
                       72.4 T/s · prompt 68 tokens, none cached, 68 new in 0.07
                       s · first token 0.08 s, total 2.41 s · draft 101/136
                       accepted (74%) · max_tokens reached
15:49:38.885 INFO:     #304 chat/completions (stream): 11 tokens generated at
                       77.1 T/s · prompt 840 tokens, none cached, 840 new in
                       0.28 s (3,000 T/s) · first token 0.29 s, total 0.43 s ·
                       draft 5/12 accepted (42%) · max_tokens reached
15:49:38.908 INFO:     #305 chat/completions (stream): 77 prompt tokens ·
                       temperature: 0, greedy (req), max_tokens: 259 (req),
                       min_tokens: 259 (req)
15:49:39.041 INFO:     #306 chat/completions (stream): 434 prompt tokens ·
                       temperature: 0, greedy (req), max_tokens: 25 (req),
                       min_tokens: 25 (req)
15:49:39.593 INFO:     #306 chat/completions (stream): 25 tokens generated at
                       111.9 T/s · prompt 434 tokens, none cached, 434 new in
                       0.23 s (1,887 T/s) · first token 0.23 s, total 0.46 s ·
                       draft 16/18 accepted (89%) · max_tokens reached
15:49:39.666 INFO:     #307 chat/completions (stream): 136 prompt tokens ·
                       temperature: 0, greedy (req), max_tokens: 292 (req),
                       min_tokens: 292 (req)
15:49:40.420 INFO:     #294 chat/completions (stream): 425 tokens generated at
                       66.0 T/s · prompt 114 tokens, none cached, 114 new in
                       0.09 s · first token 0.10 s, total 6.53 s · draft 231/388
                       accepted (60%) · max_tokens reached
15:49:40.495 INFO:     #308 chat/completions (stream): 151 prompt tokens ·
                       temperature: 0, greedy (req), max_tokens: 435 (req),
                       min_tokens: 435 (req)
15:49:40.940 INFO:     #293 chat/completions (stream): 464 tokens generated at
                       64.7 T/s · prompt 91 tokens, none cached, 91 new in 0.08
                       s · first token 0.09 s, total 7.26 s · draft 247/434
                       accepted (57%) · max_tokens reached
15:49:40.941 INFO:     #301 chat/completions (stream): 306 tokens generated at
                       74.4 T/s · prompt 75 tokens, none cached, 75 new in 0.08
                       s · first token 0.08 s, total 4.20 s · draft 178/256
                       accepted (70%) · max_tokens reached
15:49:41.009 INFO:     #309 chat/completions (stream): 884 prompt tokens ·
                       temperature: 0, greedy (req), max_tokens: 18 (req),
                       min_tokens: 18 (req)
15:49:41.010 INFO:     #310 chat/completions (stream): 311 prompt tokens ·
                       temperature: 0, greedy (req), max_tokens: 195 (req),
                       min_tokens: 195 (req)
15:49:41.598 INFO:     #300 chat/completions (stream): 302 tokens generated at
                       63.9 T/s · prompt 164 tokens, none cached, 164 new in
                       0.09 s · first token 0.10 s, total 4.82 s · draft 164/276
                       accepted (59%) · max_tokens reached
15:49:41.670 INFO:     #311 chat/completions (stream): 425 prompt tokens ·
                       temperature: 0, greedy (req), max_tokens: 28 (req),
                       min_tokens: 28 (req)
15:49:41.972 INFO:     #309 chat/completions (stream): 18 tokens generated at
                       114.5 T/s · prompt 884 tokens, none cached, 884 new in
                       0.49 s (1,804 T/s) · first token 0.50 s, total 0.66 s ·
                       draft 11/14 accepted (79%) · max_tokens reached
15:49:42.041 INFO:     #312 chat/completions (stream): 804 prompt tokens ·
                       temperature: 0, greedy (req), max_tokens: 15 (req),
                       min_tokens: 15 (req)
15:49:42.528 INFO:     #311 chat/completions (stream): 28 tokens generated at
                       51.7 T/s · prompt 425 tokens, none cached, 425 new in
                       0.23 s (1,848 T/s) · first token 0.24 s, total 0.78 s ·
                       draft 15/26 accepted (58%) · max_tokens reached
15:49:42.529 INFO:     #312 chat/completions (stream): 15 tokens generated at
                       106.9 T/s · prompt 804 tokens, none cached, 804 new in
                       0.26 s (3,092 T/s) · first token 0.27 s, total 0.41 s ·
                       draft 9/12 accepted (75%) · max_tokens reached
15:49:42.596 INFO:     #313 chat/completions (stream): 614 prompt tokens ·
                       temperature: 0, greedy (req), max_tokens: 11 (req),
                       min_tokens: 11 (req)
15:49:42.598 INFO:     #314 chat/completions (stream): 289 prompt tokens ·
                       temperature: 0, greedy (req), max_tokens: 22 (req),
                       min_tokens: 22 (req)
15:49:43.189 INFO:     #313 chat/completions (stream): 11 tokens generated at
                       118.2 T/s · prompt 614 tokens, none cached, 614 new in
                       0.40 s (1,535 T/s) · first token 0.41 s, total 0.51 s ·
                       draft 7/8 accepted (88%) · max_tokens reached
15:49:43.249 INFO:     #315 chat/completions (stream): 63 prompt tokens ·
                       temperature: 0, greedy (req), max_tokens: 193 (req),
                       min_tokens: 193 (req)
15:49:43.345 INFO:     #314 chat/completions (stream): 22 tokens generated at
                       119.5 T/s · prompt 289 tokens, none cached, 289 new in
                       0.26 s (1,112 T/s) · queued 0.15 s, first token 0.41 s,
                       total 0.59 s · draft 14/16 accepted (88%) · max_tokens
                       reached
15:49:43.368 INFO:     #290 chat/completions (stream): 694 tokens generated at
                       64.0 T/s · prompt 731 tokens, none cached, 731 new in
                       0.26 s (2,812 T/s) · first token 0.27 s, total 11.1 s ·
                       draft 385/618 accepted (62%) · max_tokens reached
15:49:43.409 INFO:     #316 chat/completions (stream): 225 prompt tokens ·
                       temperature: 0, greedy (req), max_tokens: 242 (req),
                       min_tokens: 242 (req)
15:49:43.549 INFO:     #317 chat/completions (stream): 70 prompt tokens ·
                       temperature: 0, greedy (req), max_tokens: 102 (req),
                       min_tokens: 102 (req)
15:49:43.674 INFO:     #305 chat/completions (stream): 259 tokens generated at
                       58.9 T/s · prompt 77 tokens, none cached, 77 new in 0.08
                       s · first token 0.09 s, total 4.48 s · draft 149/220
                       accepted (68%) · max_tokens reached
15:49:43.743 INFO:     #318 chat/completions (stream): 248 prompt tokens ·
                       temperature: 0, greedy (req), max_tokens: 8 (req),
                       min_tokens: 8 (req)
15:49:44.013 INFO:     #318 chat/completions (stream): 8 tokens generated at
                       114.6 T/s · prompt 248 tokens, none cached, 248 new in
                       0.11 s · first token 0.11 s, total 0.18 s · draft 5/6
                       accepted (83%) · max_tokens reached
15:49:44.084 INFO:     #319 chat/completions (stream): 91 prompt tokens ·
                       temperature: 0, greedy (req), max_tokens: 333 (req),
                       min_tokens: 333 (req)
15:49:44.541 INFO:     #307 chat/completions (stream): 292 tokens generated at
                       62.5 T/s · prompt 136 tokens, none cached, 136 new in
                       0.11 s · first token 0.12 s, total 4.78 s · draft 173/238
                       accepted (73%) · max_tokens reached
15:49:44.610 INFO:     #320 chat/completions (stream): 86 prompt tokens ·
                       temperature: 0, greedy (req), max_tokens: 334 (req),
                       min_tokens: 334 (req)
15:49:44.766 INFO:     #296 chat/completions (stream): 609 tokens generated at
                       60.9 T/s · prompt 89 tokens, none cached, 89 new in 0.08
                       s · first token 0.09 s, total 10.1 s · draft 333/552
                       accepted (60%) · max_tokens reached
15:49:44.839 INFO:     #321 chat/completions (stream): 322 prompt tokens ·
                       temperature: 0, greedy (req), max_tokens: 326 (req),
                       min_tokens: 326 (req)
15:49:45.145 INFO:     #317 chat/completions (stream): 102 tokens generated at
                       75.6 T/s · prompt 70 tokens, none cached, 70 new in 0.07
                       s · first token 0.07 s, total 1.42 s · draft 62/80
                       accepted (78%) · max_tokens reached
15:49:45.210 INFO:     #322 chat/completions (stream): 81 prompt tokens ·
                       temperature: 0, greedy (req), max_tokens: 353 (req),
                       min_tokens: 353 (req)
15:49:45.211 INFO:     #310 chat/completions (stream): 195 tokens generated at
                       54.0 T/s · prompt 311 tokens, none cached, 311 new in
                       0.31 s (1,003 T/s) · queued 0.19 s, first token 0.50 s,
                       total 4.11 s · draft 107/176 accepted (61%) · max_tokens
                       reached
15:49:45.364 INFO:     #323 chat/completions (stream): 218 prompt tokens ·
                       temperature: 0, greedy (req), max_tokens: 599 (req),
                       min_tokens: 599 (req)
15:49:46.299 INFO:     #315 chat/completions (stream): 193 tokens generated at
                       67.0 T/s · prompt 63 tokens, none cached, 63 new in 0.07
                       s · first token 0.08 s, total 2.95 s · draft 108/170
                       accepted (64%) · max_tokens reached
15:49:46.373 INFO:     #324 chat/completions (stream): 274 prompt tokens ·
                       temperature: 0, greedy (req), max_tokens: 94 (req),
                       min_tokens: 94 (req)
15:49:46.695 INFO:     #316 chat/completions (stream): 242 tokens generated at
                       78.8 T/s · prompt 225 tokens, none cached, 225 new in
                       0.11 s · first token 0.12 s, total 3.19 s · draft 151/182
                       accepted (83%) · max_tokens reached
15:49:46.768 INFO:     #325 chat/completions (stream): 90 prompt tokens ·
                       temperature: 0, greedy (req), max_tokens: 1439 (req),
                       min_tokens: 1439 (req)
15:49:47.636 INFO:     #324 chat/completions (stream): 94 tokens generated at
                       94.6 T/s · prompt 274 tokens, none cached, 274 new in
                       0.17 s (1,612 T/s) · first token 0.18 s, total 1.17 s ·
                       draft 57/74 accepted (77%) · max_tokens reached
15:49:47.704 INFO:     #327 chat/completions (stream): 322 prompt tokens ·
                       temperature: 0, greedy (req), max_tokens: 23 (req),
                       min_tokens: 23 (req)
15:49:47.963 INFO:     #308 chat/completions (stream): 435 tokens generated at
                       61.3 T/s · prompt 151 tokens, none cached, 151 new in
                       0.09 s · first token 0.10 s, total 7.19 s · draft 240/390
                       accepted (62%) · max_tokens reached
15:49:48.035 INFO:     #328 chat/completions (stream): 628 prompt tokens ·
                       temperature: 0, greedy (req), max_tokens: 93 (req),
                       min_tokens: 93 (req)
15:49:48.495 INFO:     #327 chat/completions (stream): 23 tokens generated at
                       48.4 T/s · prompt 322 tokens, none cached, 322 new in
                       0.21 s (1,533 T/s) · first token 0.22 s, total 0.69 s ·
                       draft 13/20 accepted (65%) · max_tokens reached
15:49:48.564 INFO:     #329 chat/completions (stream): 73 prompt tokens ·
                       temperature: 0, greedy (req), max_tokens: 327 (req),
                       min_tokens: 327 (req)
15:49:48.981 INFO:     #319 chat/completions (stream): 333 tokens generated at
                       70.6 T/s · prompt 91 tokens, none cached, 91 new in 0.08
                       s · first token 0.09 s, total 4.80 s · draft 188/290
                       accepted (65%) · max_tokens reached
15:49:49.051 INFO:     #330 chat/completions (stream): 90 prompt tokens ·
                       temperature: 0, greedy (req), max_tokens: 131 (req),
                       min_tokens: 131 (req)
15:49:49.541 INFO:     #321 chat/completions (stream): 326 tokens generated at
                       74.2 T/s · prompt 322 tokens, none cached, 322 new in
                       0.21 s (1,533 T/s) · first token 0.22 s, total 4.61 s ·
                       draft 187/278 accepted (67%) · max_tokens reached
15:49:49.587 INFO:     #328 chat/completions (stream): 93 tokens generated at
                       77.7 T/s · prompt 628 tokens, none cached, 628 new in
                       0.26 s (2,415 T/s) · first token 0.27 s, total 1.46 s ·
                       draft 51/84 accepted (61%) · max_tokens reached
15:49:49.611 INFO:     #331 chat/completions (stream): 828 prompt tokens ·
                       temperature: 0, greedy (req), max_tokens: 39 (req),
                       min_tokens: 39 (req)
15:49:49.904 INFO:     #332 chat/completions (stream): 579 prompt tokens ·
                       temperature: 0, greedy (req), max_tokens: 213 (req),
                       min_tokens: 213 (req)
15:49:50.266 INFO:     #320 chat/completions (stream): 334 tokens generated at
                       61.0 T/s · prompt 86 tokens, none cached, 86 new in 0.08
                       s · first token 0.09 s, total 5.56 s · draft 177/314
                       accepted (56%) · max_tokens reached
15:49:50.338 INFO:     #333 chat/completions (stream): 57 prompt tokens ·
                       temperature: 0, greedy (req), max_tokens: 56 (req),
                       min_tokens: 56 (req)
15:49:50.667 INFO:     #331 chat/completions (stream): 39 tokens generated at
                       56.0 T/s · prompt 828 tokens, none cached, 828 new in
                       0.26 s (3,185 T/s) · first token 0.27 s, total 0.96 s ·
                       draft 23/32 accepted (72%) · max_tokens reached
15:49:50.738 INFO:     #334 chat/completions (stream): 56 prompt tokens ·
                       temperature: 0, greedy (req), max_tokens: 277 (req),
                       min_tokens: 277 (req)
15:49:51.116 INFO:     #322 chat/completions (stream): 353 tokens generated at
                       61.6 T/s · prompt 81 tokens, none cached, 81 new in 0.08
                       s · first token 0.09 s, total 5.82 s · draft 181/344
                       accepted (53%) · max_tokens reached
15:49:51.155 INFO:     #330 chat/completions (stream): 131 tokens generated at
                       67.9 T/s · prompt 90 tokens, none cached, 90 new in 0.08
                       s · first token 0.09 s, total 2.02 s · draft 77/108
                       accepted (71%) · max_tokens reached
15:49:51.173 INFO:     #335 chat/completions (stream): 196 prompt tokens ·
                       temperature: 0, greedy (req), max_tokens: 362 (req),
                       min_tokens: 362 (req)
15:49:51.300 INFO:     #333 chat/completions (stream): 56 tokens generated at
                       79.8 T/s · prompt 57 tokens, none cached, 57 new in 0.07
                       s · first token 0.08 s, total 0.78 s · draft 30/52
                       accepted (58%) · max_tokens reached
15:49:51.322 INFO:     #336 chat/completions (stream): 81 prompt tokens ·
                       temperature: 0, greedy (req), max_tokens: 1003 (req),
                       min_tokens: 1003 (req)
15:49:51.476 INFO:     #337 chat/completions (stream): 255 prompt tokens ·
                       temperature: 0, greedy (req), max_tokens: 819 (req),
                       min_tokens: 819 (req)
15:49:53.065 INFO:     #332 chat/completions (stream): 213 tokens generated at
                       75.5 T/s · prompt 579 tokens, none cached, 579 new in
                       0.24 s (2,412 T/s) · first token 0.25 s, total 3.07 s ·
                       draft 116/194 accepted (60%) · max_tokens reached
15:49:53.136 INFO:     #338 chat/completions (stream): 891 prompt tokens ·
                       temperature: 0, greedy (req), max_tokens: 37 (req),
                       min_tokens: 37 (req)
15:49:53.447 INFO:     #329 chat/completions (stream): 327 tokens generated at
                       73.6 T/s · prompt 73 tokens, none cached, 73 new in 0.08
                       s · first token 0.09 s, total 4.53 s · draft 186/282
                       accepted (66%) · max_tokens reached
15:49:53.521 INFO:     #339 chat/completions (stream): 442 prompt tokens ·
                       temperature: 0, greedy (req), max_tokens: 43 (req),
                       min_tokens: 43 (req)
15:49:54.049 INFO:     #323 chat/completions (stream): 599 tokens generated at
                       70.6 T/s · prompt 218 tokens, none cached, 218 new in
                       0.10 s · first token 0.11 s, total 8.59 s · draft 342/514
                       accepted (67%) · max_tokens reached
15:49:54.093 INFO:     #338 chat/completions (stream): 37 tokens generated at
                       63.5 T/s · prompt 891 tokens, none cached, 891 new in
                       0.28 s (3,182 T/s) · first token 0.29 s, total 0.87 s ·
                       draft 22/30 accepted (73%) · max_tokens reached
15:49:54.115 INFO:     #340 chat/completions (stream): 63 prompt tokens ·
                       temperature: 0, greedy (req), max_tokens: 241 (req),
                       min_tokens: 241 (req)
15:49:54.238 INFO:     #341 chat/completions (stream): 155 prompt tokens ·
                       temperature: 0, greedy (req), max_tokens: 692 (req),
                       min_tokens: 692 (req)
15:49:54.546 INFO:     #339 chat/completions (stream): 43 tokens generated at
                       62.2 T/s · prompt 442 tokens, none cached, 442 new in
                       0.24 s (1,842 T/s) · first token 0.25 s, total 0.94 s ·
                       draft 22/42 accepted (52%) · max_tokens reached
15:49:54.616 INFO:     #342 chat/completions (stream): 340 prompt tokens ·
                       temperature: 0, greedy (req), max_tokens: 14 (req),
                       min_tokens: 14 (req)
15:49:54.888 INFO:     #334 chat/completions (stream): 277 tokens generated at
                       73.2 T/s · prompt 56 tokens, none cached, 56 new in 0.07
                       s · first token 0.08 s, total 3.86 s · draft 161/232
                       accepted (69%) · max_tokens reached
15:49:54.958 INFO:     #343 chat/completions (stream): 59 prompt tokens ·
                       temperature: 0, greedy (req), max_tokens: 35 (req),
                       min_tokens: 35 (req)
15:49:55.122 INFO:     #342 chat/completions (stream): 14 tokens generated at
                       123.5 T/s · prompt 340 tokens, none cached, 340 new in
                       0.22 s (1,545 T/s) · first token 0.23 s, total 0.34 s ·
                       draft 9/10 accepted (90%) · max_tokens reached
15:49:55.193 INFO:     #344 chat/completions (stream): 71 prompt tokens ·
                       temperature: 0, greedy (req), max_tokens: 88 (req),
                       min_tokens: 88 (req)
15:49:55.535 INFO:     #343 chat/completions (stream): 35 tokens generated at
                       84.1 T/s · prompt 59 tokens, none cached, 59 new in 0.07
                       s · first token 0.08 s, total 0.49 s · draft 21/28
                       accepted (75%) · max_tokens reached
15:49:55.606 INFO:     #345 chat/completions (stream): 282 prompt tokens ·
                       temperature: 0, greedy (req), max_tokens: 6 (req),
                       min_tokens: 6 (req)
15:49:55.919 INFO:     #345 chat/completions (stream): 6 tokens generated at
                       118.8 T/s · prompt 282 tokens, none cached, 282 new in
                       0.16 s (1,762 T/s) · first token 0.17 s, total 0.22 s ·
                       draft 4/4 accepted (100%) · max_tokens reached
15:49:55.992 INFO:     #346 chat/completions (stream): 94 prompt tokens ·
                       temperature: 0, greedy (req), max_tokens: 262 (req),
                       min_tokens: 262 (req)
15:49:56.593 INFO:     #335 chat/completions (stream): 362 tokens generated at
                       69.3 T/s · prompt 196 tokens, none cached, 196 new in
                       0.10 s · first token 0.11 s, total 5.33 s · draft 208/308
                       accepted (68%) · max_tokens reached
15:49:56.593 INFO:     #344 chat/completions (stream): 88 tokens generated at
                       71.4 T/s · prompt 71 tokens, none cached, 71 new in 0.07
                       s · first token 0.07 s, total 1.31 s · draft 48/80
                       accepted (60%) · max_tokens reached
15:49:56.660 INFO:     #347 chat/completions (stream): 334 prompt tokens ·
                       temperature: 0, greedy (req), max_tokens: 28 (req),
                       min_tokens: 28 (req)
15:49:56.663 INFO:     #348 chat/completions (stream): 491 prompt tokens ·
                       temperature: 0, greedy (req), max_tokens: 604 (req),
                       min_tokens: 604 (req)
15:49:57.471 INFO:     #347 chat/completions (stream): 28 tokens generated at
                       104.0 T/s · prompt 334 tokens, none cached, 334 new in
                       0.44 s (759 T/s) · first token 0.45 s, total 0.72 s ·
                       draft 17/22 accepted (77%) · max_tokens reached
15:49:57.543 INFO:     #349 chat/completions (stream): 528 prompt tokens ·
                       temperature: 0, greedy (req), max_tokens: 15 (req),
                       min_tokens: 15 (req)
15:49:58.002 INFO:     #349 chat/completions (stream): 15 tokens generated at
                       86.7 T/s · prompt 528 tokens, none cached, 528 new in
                       0.18 s (2,933 T/s) · first token 0.19 s, total 0.36 s ·
                       draft 8/14 accepted (57%) · max_tokens reached
15:49:58.073 INFO:     #350 chat/completions (stream): 67 prompt tokens ·
                       temperature: 0, greedy (req), max_tokens: 318 (req),
                       min_tokens: 318 (req)
15:49:58.270 INFO:     #340 chat/completions (stream): 241 tokens generated at
                       60.5 T/s · prompt 63 tokens, none cached, 63 new in 0.07
                       s · first token 0.08 s, total 4.06 s · draft 133/216
                       accepted (62%) · max_tokens reached
15:49:58.343 INFO:     #351 chat/completions (stream): 416 prompt tokens ·
                       temperature: 0, greedy (req), max_tokens: 10 (req),
                       min_tokens: 10 (req)
15:49:58.780 INFO:     #351 chat/completions (stream): 10 tokens generated at
                       102.4 T/s · prompt 416 tokens, none cached, 416 new in
                       0.24 s (1,733 T/s) · first token 0.25 s, total 0.34 s ·
                       draft 6/8 accepted (75%) · max_tokens reached
15:49:58.854 INFO:     #352 chat/completions (stream): 118 prompt tokens ·
                       temperature: 0, greedy (req), max_tokens: 345 (req),
                       min_tokens: 345 (req)
15:49:59.643 INFO:     #346 chat/completions (stream): 262 tokens generated at
                       75.7 T/s · prompt 94 tokens, none cached, 94 new in 0.09
                       s · first token 0.10 s, total 3.56 s · draft 162/200
                       accepted (81%) · max_tokens reached
15:49:59.718 INFO:     #353 chat/completions (stream): 697 prompt tokens ·
                       temperature: 0, greedy (req), max_tokens: 1321 (req),
                       min_tokens: 1321 (req)
15:50:02.545 INFO:     #337 chat/completions (stream): 819 tokens generated at
                       75.5 T/s · prompt 255 tokens, none cached, 255 new in
                       0.11 s · first token 0.12 s, total 11.0 s · draft 481/676
                       accepted (71%) · max_tokens reached
15:50:02.619 INFO:     #355 chat/completions (stream): 683 prompt tokens ·
                       temperature: 0, greedy (req), max_tokens: 9 (req),
                       min_tokens: 9 (req)
15:50:02.954 INFO:     #350 chat/completions (stream): 318 tokens generated at
                       71.3 T/s · prompt 67 tokens, none cached, 67 new in 0.07
                       s · first token 0.08 s, total 4.54 s · draft 164/308
                       accepted (53%) · max_tokens reached
15:50:03.027 INFO:     #356 chat/completions (stream): 763 prompt tokens ·
                       temperature: 0, greedy (req), max_tokens: 35 (req),
                       min_tokens: 35 (req)
15:50:03.329 INFO:     #355 chat/completions (stream): 9 tokens generated at
                       92.3 T/s · prompt 683 tokens, none cached, 683 new in
                       0.26 s (2,627 T/s) · first token 0.27 s, total 0.36 s ·
                       draft 5/8 accepted (62%) · max_tokens reached
15:50:03.404 INFO:     #357 chat/completions (stream): 596 prompt tokens ·
                       temperature: 0, greedy (req), max_tokens: 11 (req),
                       min_tokens: 11 (req)
15:50:03.838 INFO:     #352 chat/completions (stream): 345 tokens generated at
                       72.0 T/s · prompt 118 tokens, none cached, 118 new in
                       0.10 s · first token 0.11 s, total 4.90 s · draft 195/300
                       accepted (65%) · max_tokens reached
15:50:03.882 INFO:     #357 chat/completions (stream): 11 tokens generated at
                       91.5 T/s · prompt 596 tokens, none cached, 596 new in
                       0.26 s (2,292 T/s) · first token 0.27 s, total 0.39 s ·
                       draft 6/10 accepted (60%) · max_tokens reached
15:50:03.904 INFO:     #358 chat/completions (stream): 67 prompt tokens ·
                       temperature: 0, greedy (req), max_tokens: 72 (req),
                       min_tokens: 72 (req)
15:50:04.027 INFO:     #359 chat/completions (stream): 266 prompt tokens ·
                       temperature: 0, greedy (req), max_tokens: 6 (req),
                       min_tokens: 6 (req)
15:50:04.204 INFO:     #356 chat/completions (stream): 35 tokens generated at
                       58.6 T/s · prompt 763 tokens, none cached, 763 new in
                       0.27 s (2,826 T/s) · first token 0.28 s, total 0.87 s ·
                       draft 20/30 accepted (67%) · max_tokens reached
15:50:04.271 INFO:     #360 chat/completions (stream): 104 prompt tokens ·
                       temperature: 0, greedy (req), max_tokens: 354 (req),
                       min_tokens: 354 (req)
15:50:04.416 INFO:     #359 chat/completions (stream): 6 tokens generated at
                       132.4 T/s · prompt 266 tokens, none cached, 266 new in
                       0.15 s (1,773 T/s) · first token 0.15 s, total 0.20 s ·
                       draft 4/4 accepted (100%) · max_tokens reached
15:50:04.496 INFO:     #361 chat/completions (stream): 65 prompt tokens ·
                       temperature: 0, greedy (req), max_tokens: 243 (req),
                       min_tokens: 243 (req)
15:50:04.713 INFO:     #336 chat/completions (stream): 1,003 tokens generated at
                       75.9 T/s · prompt 81 tokens, none cached, 81 new in 0.08
                       s · first token 0.09 s, total 13.3 s · draft 619/768
                       accepted (81%) · max_tokens reached
15:50:04.785 INFO:     #362 chat/completions (stream): 62 prompt tokens ·
                       temperature: 0, greedy (req), max_tokens: 242 (req),
                       min_tokens: 242 (req)
15:50:05.229 INFO:     #358 chat/completions (stream): 72 tokens generated at
                       62.8 T/s · prompt 67 tokens, none cached, 67 new in 0.07
                       s · first token 0.08 s, total 1.22 s · draft 40/64
                       accepted (62%) · max_tokens reached
15:50:05.302 INFO:     #363 chat/completions (stream): 74 prompt tokens ·
                       temperature: 0, greedy (req), max_tokens: 19 (req),
                       min_tokens: 19 (req)
15:50:05.675 INFO:     #363 chat/completions (stream): 19 tokens generated at
                       97.5 T/s · prompt 74 tokens, none cached, 74 new in 0.08
                       s · first token 0.09 s, total 0.28 s · draft 12/14
                       accepted (86%) · max_tokens reached
15:50:05.750 INFO:     #364 chat/completions (stream): 871 prompt tokens ·
                       temperature: 0, greedy (req), max_tokens: 110 (req),
                       min_tokens: 110 (req)
15:50:06.214 INFO:     #325 chat/completions (stream): 1,439 tokens generated at
                       74.7 T/s · prompt 90 tokens, none cached, 90 new in 0.08
                       s · first token 0.09 s, total 19.4 s · draft 880/1118
                       accepted (79%) · max_tokens reached
15:50:06.283 INFO:     #365 chat/completions (stream): 386 prompt tokens ·
                       temperature: 0, greedy (req), max_tokens: 37 (req),
                       min_tokens: 37 (req)
15:50:06.608 INFO:     #348 chat/completions (stream): 604 tokens generated at
                       66.2 T/s · prompt 491 tokens, none cached, 491 new in
                       0.32 s (1,534 T/s) · queued 0.13 s, first token 0.45 s,
                       total 9.57 s · draft 331/546 accepted (61%) · max_tokens
                       reached
15:50:06.675 INFO:     #366 chat/completions (stream): 365 prompt tokens ·
                       temperature: 0, greedy (req), max_tokens: 10 (req),
                       min_tokens: 10 (req)
15:50:06.953 INFO:     #341 chat/completions (stream): 692 tokens generated at
                       56.2 T/s · prompt 155 tokens, none cached, 155 new in
                       0.09 s · first token 0.09 s, total 12.4 s · draft 341/702
                       accepted (49%) · max_tokens reached
15:50:07.025 INFO:     #367 chat/completions (stream): 125 prompt tokens ·
                       temperature: 0, greedy (req), max_tokens: 236 (req),
                       min_tokens: 236 (req)
15:50:07.222 INFO:     #366 chat/completions (stream): 10 tokens generated at
                       88.8 T/s · prompt 365 tokens, none cached, 365 new in
                       0.23 s (1,587 T/s) · first token 0.24 s, total 0.35 s ·
                       draft 5/10 accepted (50%) · max_tokens reached
15:50:07.288 INFO:     #368 chat/completions (stream): 68 prompt tokens ·
                       temperature: 0, greedy (req), max_tokens: 212 (req),
                       min_tokens: 212 (req)
15:50:07.391 INFO:     #365 chat/completions (stream): 37 tokens generated at
                       58.2 T/s · prompt 386 tokens, none cached, 386 new in
                       0.30 s (1,287 T/s) · first token 0.31 s, total 0.94 s ·
                       draft 23/28 accepted (82%) · max_tokens reached
15:50:07.473 INFO:     #369 chat/completions (stream): 604 prompt tokens ·
                       temperature: 0, greedy (req), max_tokens: 103 (req),
                       min_tokens: 103 (req)
15:50:08.116 INFO:     #364 chat/completions (stream): 110 tokens generated at
                       54.9 T/s · prompt 871 tokens, none cached, 871 new in
                       0.27 s (3,226 T/s) · first token 0.28 s, total 2.28 s ·
                       draft 64/92 accepted (70%) · max_tokens reached
15:50:08.187 INFO:     #370 chat/completions (stream): 62 prompt tokens ·
                       temperature: 0, greedy (req), max_tokens: 76 (req),
                       min_tokens: 76 (req)
15:50:08.596 INFO:     #361 chat/completions (stream): 243 tokens generated at
                       61.8 T/s · prompt 65 tokens, none cached, 65 new in 0.07
                       s · first token 0.08 s, total 4.01 s · draft 139/208
                       accepted (67%) · max_tokens reached
15:50:08.669 INFO:     #371 chat/completions (stream): 87 prompt tokens ·
                       temperature: 0, greedy (req), max_tokens: 22 (req),
                       min_tokens: 22 (req)
15:50:09.052 INFO:     #371 chat/completions (stream): 22 tokens generated at
                       110.5 T/s · prompt 87 tokens, none cached, 87 new in 0.08
                       s · first token 0.09 s, total 0.28 s · draft 14/16
                       accepted (88%) · max_tokens reached
15:50:09.119 INFO:     #372 chat/completions (stream): 62 prompt tokens ·
                       temperature: 0, greedy (req), max_tokens: 160 (req),
                       min_tokens: 160 (req)
15:50:09.215 INFO:     #369 chat/completions (stream): 103 tokens generated at
                       78.2 T/s · prompt 604 tokens, none cached, 604 new in
                       0.25 s (2,416 T/s) · first token 0.26 s, total 1.57 s ·
                       draft 56/94 accepted (60%) · max_tokens reached
15:50:09.289 INFO:     #373 chat/completions (stream): 103 prompt tokens ·
                       temperature: 0, greedy (req), max_tokens: 483 (req),
                       min_tokens: 483 (req)
15:50:09.546 INFO:     #370 chat/completions (stream): 76 tokens generated at
                       63.8 T/s · prompt 62 tokens, none cached, 62 new in 0.07
                       s · first token 0.08 s, total 1.27 s · draft 39/74
                       accepted (53%) · max_tokens reached
15:50:09.615 INFO:     #374 chat/completions (stream): 58 prompt tokens ·
                       temperature: 0, greedy (req), max_tokens: 30 (req),
                       min_tokens: 30 (req)
15:50:09.735 INFO:     #362 chat/completions (stream): 242 tokens generated at
                       51.4 T/s · prompt 62 tokens, none cached, 62 new in 0.07
                       s · first token 0.07 s, total 4.79 s · draft 114/256
                       accepted (45%) · max_tokens reached
15:50:09.806 INFO:     #375 chat/completions (stream): 71 prompt tokens ·
                       temperature: 0, greedy (req), max_tokens: 68 (req),
                       min_tokens: 68 (req)
15:50:10.166 INFO:     #374 chat/completions (stream): 30 tokens generated at
                       77.0 T/s · prompt 58 tokens, none cached, 58 new in 0.07
                       s · first token 0.08 s, total 0.47 s · draft 17/26
                       accepted (65%) · max_tokens reached
15:50:10.233 INFO:     #376 chat/completions (stream): 828 prompt tokens ·
                       temperature: 0, greedy (req), max_tokens: 6 (req),
                       min_tokens: 6 (req)
15:50:10.234 INFO:     #367 chat/completions (stream): 236 tokens generated at
                       78.3 T/s · prompt 125 tokens, none cached, 125 new in
                       0.10 s · first token 0.11 s, total 3.12 s · draft 145/182
                       accepted (80%) · max_tokens reached
15:50:10.567 INFO:     #377 chat/completions (stream): 93 prompt tokens ·
                       temperature: 0, greedy (req), max_tokens: 257 (req),
                       min_tokens: 257 (req)
15:50:10.746 INFO:     #376 chat/completions (stream): 6 tokens generated at
                       137.2 T/s · prompt 828 tokens, none cached, 828 new in
                       0.28 s (2,957 T/s) · first token 0.29 s, total 0.33 s ·
                       draft 4/4 accepted (100%) · max_tokens reached
15:50:10.812 INFO:     #378 chat/completions (stream): 223 prompt tokens ·
                       temperature: 0, greedy (req), max_tokens: 96 (req),
                       min_tokens: 96 (req)
15:50:10.944 INFO:     #368 chat/completions (stream): 212 tokens generated at
                       62.8 T/s · prompt 68 tokens, none cached, 68 new in 0.07
                       s · first token 0.08 s, total 3.45 s · draft 117/190
                       accepted (62%) · max_tokens reached
15:50:11.015 INFO:     #379 chat/completions (stream): 542 prompt tokens ·
                       temperature: 0, greedy (req), max_tokens: 91 (req),
                       min_tokens: 91 (req)
15:50:11.324 INFO:     #375 chat/completions (stream): 68 tokens generated at
                       50.6 T/s · prompt 71 tokens, none cached, 71 new in 0.07
                       s · first token 0.08 s, total 1.42 s · draft 37/62
                       accepted (60%) · max_tokens reached
15:50:11.394 INFO:     #380 chat/completions (stream): 99 prompt tokens ·
                       temperature: 0, greedy (req), max_tokens: 413 (req),
                       min_tokens: 413 (req)
15:50:11.601 INFO:     #360 chat/completions (stream): 354 tokens generated at
                       49.6 T/s · prompt 104 tokens, none cached, 104 new in
                       0.09 s · first token 0.09 s, total 7.24 s · draft 166/376
                       accepted (44%) · max_tokens reached
15:50:11.672 INFO:     #381 chat/completions (stream): 382 prompt tokens ·
                       temperature: 0, greedy (req), max_tokens: 794 (req),
                       min_tokens: 794 (req)
15:50:12.148 INFO:     #372 chat/completions (stream): 160 tokens generated at
                       55.9 T/s · prompt 62 tokens, none cached, 62 new in 0.07
                       s · first token 0.08 s, total 2.94 s · draft 89/142
                       accepted (63%) · max_tokens reached
15:50:12.219 INFO:     #382 chat/completions (stream): 470 prompt tokens ·
                       temperature: 0, greedy (req), max_tokens: 7 (req),
                       min_tokens: 7 (req)
15:50:12.626 INFO:     #382 chat/completions (stream): 7 tokens generated at
                       99.2 T/s · prompt 470 tokens, none cached, 470 new in
                       0.24 s (1,958 T/s) · first token 0.25 s, total 0.32 s ·
                       draft 4/6 accepted (67%) · max_tokens reached
15:50:12.649 INFO:     #378 chat/completions (stream): 96 tokens generated at
                       58.5 T/s · prompt 223 tokens, none cached, 223 new in
                       0.10 s · first token 0.11 s, total 1.75 s · draft 56/80
                       accepted (70%) · max_tokens reached
15:50:12.693 INFO:     #383 chat/completions (stream): 74 prompt tokens ·
                       temperature: 0, greedy (req), max_tokens: 535 (req),
                       min_tokens: 535 (req)
15:50:12.798 INFO:     #384 chat/completions (stream): 787 prompt tokens ·
                       temperature: 0, greedy (req), max_tokens: 9 (req),
                       min_tokens: 9 (req)
15:50:13.179 INFO:     #384 chat/completions (stream): 9 tokens generated at
                       128.4 T/s · prompt 787 tokens, none cached, 787 new in
                       0.22 s (3,577 T/s) · first token 0.22 s, total 0.29 s ·
                       draft 6/6 accepted (100%) · max_tokens reached
15:50:13.201 INFO:     #379 chat/completions (stream): 91 tokens generated at
                       47.8 T/s · prompt 542 tokens, none cached, 542 new in
                       0.19 s (2,853 T/s) · first token 0.19 s, total 2.10 s ·
                       draft 44/94 accepted (47%) · max_tokens reached
15:50:13.245 INFO:     #385 chat/completions (stream): 87 prompt tokens ·
                       temperature: 0, greedy (req), max_tokens: 696 (req),
                       min_tokens: 696 (req)
15:50:13.356 INFO:     #386 chat/completions (stream): 307 prompt tokens ·
                       temperature: 0, greedy (req), max_tokens: 204 (req),
                       min_tokens: 204 (req)
15:50:14.836 INFO:     #377 chat/completions (stream): 257 tokens generated at
                       62.9 T/s · prompt 93 tokens, none cached, 93 new in 0.08
                       s · first token 0.09 s, total 4.17 s · draft 142/230
                       accepted (62%) · max_tokens reached
15:50:14.908 INFO:     #387 chat/completions (stream): 68 prompt tokens ·
                       temperature: 0, greedy (req), max_tokens: 367 (req),
                       min_tokens: 367 (req)
15:50:15.831 INFO:     #386 chat/completions (stream): 204 tokens generated at
                       94.0 T/s · prompt 307 tokens, none cached, 307 new in
                       0.21 s (1,462 T/s) · first token 0.21 s, total 2.39 s ·
                       draft 119/170 accepted (70%) · max_tokens reached
15:50:15.903 INFO:     #388 chat/completions (stream): 245 prompt tokens ·
                       temperature: 0, greedy (req), max_tokens: 9 (req),
                       min_tokens: 9 (req)
15:50:16.188 INFO:     #388 chat/completions (stream): 9 tokens generated at
                       120.2 T/s · prompt 245 tokens, none cached, 245 new in
                       0.11 s · first token 0.12 s, total 0.19 s · draft 6/6
                       accepted (100%) · max_tokens reached
15:50:16.263 INFO:     #389 chat/completions (stream): 330 prompt tokens ·
                       temperature: 0, greedy (req), max_tokens: 8 (req),
                       min_tokens: 8 (req)
15:50:16.709 INFO:     #389 chat/completions (stream): 8 tokens generated at
                       81.8 T/s · prompt 330 tokens, none cached, 330 new in
                       0.25 s (1,320 T/s) · first token 0.26 s, total 0.35 s ·
                       draft 4/8 accepted (50%) · max_tokens reached
15:50:16.780 INFO:     #390 chat/completions (stream): 64 prompt tokens ·
                       temperature: 0, greedy (req), max_tokens: 10 (req),
                       min_tokens: 10 (req)
15:50:17.046 INFO:     #390 chat/completions (stream): 10 tokens generated at
                       102.7 T/s · prompt 64 tokens, none cached, 64 new in 0.07
                       s · first token 0.08 s, total 0.17 s · draft 6/8 accepted
                       (75%) · max_tokens reached
15:50:17.117 INFO:     #392 chat/completions (stream): 436 prompt tokens ·
                       temperature: 0, greedy (req), max_tokens: 44 (req),
                       min_tokens: 44 (req)
15:50:17.406 INFO:     #373 chat/completions (stream): 483 tokens generated at
                       62.7 T/s · prompt 103 tokens, none cached, 103 new in
                       0.09 s · first token 0.09 s, total 7.80 s · draft 260/446
                       accepted (58%) · max_tokens reached
15:50:17.503 INFO:     #393 chat/completions (stream): 435 prompt tokens ·
                       temperature: 0, greedy (req), max_tokens: 79 (req),
                       min_tokens: 79 (req)
15:50:17.919 INFO:     #380 chat/completions (stream): 413 tokens generated at
                       65.2 T/s · prompt 99 tokens, none cached, 99 new in 0.09
                       s · first token 0.10 s, total 6.43 s · draft 231/364
                       accepted (63%) · max_tokens reached
15:50:17.993 INFO:     #394 chat/completions (stream): 94 prompt tokens ·
                       temperature: 0, greedy (req), max_tokens: 246 (req),
                       min_tokens: 246 (req)
15:50:18.228 INFO:     #392 chat/completions (stream): 44 tokens generated at
                       56.9 T/s · prompt 436 tokens, none cached, 436 new in
                       0.24 s (1,817 T/s) · first token 0.25 s, total 1.02 s ·
                       draft 26/36 accepted (72%) · max_tokens reached
15:50:18.300 INFO:     #395 chat/completions (stream): 63 prompt tokens ·
                       temperature: 0, greedy (req), max_tokens: 265 (req),
                       min_tokens: 265 (req)
15:50:18.792 INFO:     #393 chat/completions (stream): 79 tokens generated at
                       83.5 T/s · prompt 435 tokens, none cached, 435 new in
                       0.24 s (1,812 T/s) · first token 0.25 s, total 1.19 s ·
                       draft 47/64 accepted (73%) · max_tokens reached
15:50:18.864 INFO:     #396 chat/completions (stream): 154 prompt tokens ·
                       temperature: 0, greedy (req), max_tokens: 385 (req),
                       min_tokens: 385 (req)
15:50:19.619 INFO:     #353 chat/completions (stream): 1,321 tokens generated at
                       67.6 T/s · prompt 697 tokens, none cached, 697 new in
                       0.26 s (2,681 T/s) · first token 0.27 s, total 19.8 s ·
                       draft 761/1120 accepted (68%) · max_tokens reached
15:50:19.690 INFO:     #397 chat/completions (stream): 61 prompt tokens ·
                       temperature: 0, greedy (req), max_tokens: 128 (req),
                       min_tokens: 128 (req)
15:50:20.375 INFO:     #387 chat/completions (stream): 367 tokens generated at
                       69.4 T/s · prompt 68 tokens, none cached, 68 new in 0.07
                       s · first token 0.08 s, total 5.37 s · draft 201/332
                       accepted (61%) · max_tokens reached
15:50:20.449 INFO:     #398 chat/completions (stream): 442 prompt tokens ·
                       temperature: 0, greedy (req), max_tokens: 153 (req),
                       min_tokens: 153 (req)
15:50:20.970 INFO:     #383 chat/completions (stream): 535 tokens generated at
                       66.0 T/s · prompt 74 tokens, none cached, 74 new in 0.07
                       s · first token 0.08 s, total 8.18 s · draft 284/502
                       accepted (57%) · max_tokens reached
15:50:21.042 INFO:     #399 chat/completions (stream): 116 prompt tokens ·
                       temperature: 0, greedy (req), max_tokens: 276 (req),
                       min_tokens: 276 (req)
15:50:21.469 INFO:     #394 chat/completions (stream): 246 tokens generated at
                       75.0 T/s · prompt 94 tokens, none cached, 94 new in 0.09
                       s · first token 0.10 s, total 3.37 s · draft 135/222
                       accepted (61%) · max_tokens reached
15:50:21.470 INFO:     #397 chat/completions (stream): 128 tokens generated at
                       80.0 T/s · prompt 61 tokens, none cached, 61 new in 0.07
                       s · first token 0.08 s, total 1.68 s · draft 75/106
                       accepted (71%) · max_tokens reached
15:50:21.535 INFO:     #400 chat/completions (stream): 62 prompt tokens ·
                       temperature: 0, greedy (req), max_tokens: 342 (req),
                       min_tokens: 342 (req)
15:50:21.538 INFO:     #401 chat/completions (stream): 213 prompt tokens ·
                       temperature: 0, greedy (req), max_tokens: 7 (req),
                       min_tokens: 7 (req)
15:50:21.874 INFO:     #401 chat/completions (stream): 7 tokens generated at
                       99.8 T/s · prompt 213 tokens, none cached, 213 new in
                       0.10 s · first token 0.18 s, total 0.25 s · draft 4/6
                       accepted (67%) · max_tokens reached
15:50:21.944 INFO:     #402 chat/completions (stream): 457 prompt tokens ·
                       temperature: 0, greedy (req), max_tokens: 24 (req),
                       min_tokens: 24 (req)
15:50:22.538 INFO:     #402 chat/completions (stream): 24 tokens generated at
                       92.0 T/s · prompt 457 tokens, none cached, 457 new in
                       0.24 s (1,904 T/s) · first token 0.24 s, total 0.51 s ·
                       draft 14/20 accepted (70%) · max_tokens reached
15:50:22.610 INFO:     #403 chat/completions (stream): 145 prompt tokens ·
                       temperature: 0, greedy (req), max_tokens: 9 (req),
                       min_tokens: 9 (req)
15:50:22.833 INFO:     #395 chat/completions (stream): 265 tokens generated at
                       60.7 T/s · prompt 63 tokens, none cached, 63 new in 0.07
                       s · first token 0.08 s, total 4.44 s · draft 127/276
                       accepted (46%) · max_tokens reached
15:50:22.877 INFO:     #403 chat/completions (stream): 9 tokens generated at
                       128.9 T/s · prompt 145 tokens, none cached, 145 new in
                       0.10 s · first token 0.11 s, total 0.18 s · draft 6/6
                       accepted (100%) · max_tokens reached
15:50:22.897 INFO:     #404 chat/completions (stream): 90 prompt tokens ·
                       temperature: 0, greedy (req), max_tokens: 196 (req),
                       min_tokens: 196 (req)
15:50:23.025 INFO:     #405 chat/completions (stream): 73 prompt tokens ·
                       temperature: 0, greedy (req), max_tokens: 491 (req),
                       min_tokens: 491 (req)
15:50:23.125 INFO:     #381 chat/completions (stream): 794 tokens generated at
                       72.5 T/s · prompt 382 tokens, none cached, 382 new in
                       0.24 s (1,592 T/s) · first token 0.24 s, total 11.2 s ·
                       draft 461/666 accepted (69%) · max_tokens reached
15:50:23.126 INFO:     #398 chat/completions (stream): 153 tokens generated at
                       69.7 T/s · prompt 442 tokens, none cached, 442 new in
                       0.23 s (1,922 T/s) · first token 0.24 s, total 2.43 s ·
                       draft 87/132 accepted (66%) · max_tokens reached
15:50:23.191 INFO:     #406 chat/completions (stream): 59 prompt tokens ·
                       temperature: 0, greedy (req), max_tokens: 169 (req),
                       min_tokens: 169 (req)
15:50:23.193 INFO:     #407 chat/completions (stream): 566 prompt tokens ·
                       temperature: 0, greedy (req), max_tokens: 21 (req),
                       min_tokens: 21 (req)
15:50:23.866 INFO:     #407 chat/completions (stream): 21 tokens generated at
                       95.7 T/s · prompt 566 tokens, none cached, 566 new in
                       0.28 s (2,021 T/s) · first token 0.36 s, total 0.58 s ·
                       draft 12/18 accepted (67%) · max_tokens reached
15:50:23.940 INFO:     #408 chat/completions (stream): 179 prompt tokens ·
                       temperature: 0, greedy (req), max_tokens: 263 (req),
                       min_tokens: 263 (req)
15:50:24.451 INFO:     #385 chat/completions (stream): 696 tokens generated at
                       63.2 T/s · prompt 87 tokens, none cached, 87 new in 0.08
                       s · first token 0.09 s, total 11.1 s · draft 364/665
                       accepted (55%) · max_tokens reached
15:50:24.541 INFO:     #409 chat/completions (stream): 1,070 prompt tokens ·
                       temperature: 0, greedy (req), max_tokens: 168 (req),
                       min_tokens: 168 (req)
15:50:25.125 INFO:     #396 chat/completions (stream): 385 tokens generated at
                       63.4 T/s · prompt 154 tokens, none cached, 154 new in
                       0.09 s · first token 0.10 s, total 6.17 s · draft 211/349
                       accepted (60%) · max_tokens reached
15:50:25.200 INFO:     #410 chat/completions (stream): 225 prompt tokens ·
                       temperature: 0, greedy (req), max_tokens: 232 (req),
                       min_tokens: 232 (req)
15:50:25.691 INFO:     #399 chat/completions (stream): 276 tokens generated at
                       61.9 T/s · prompt 116 tokens, none cached, 116 new in
                       0.09 s · first token 0.10 s, total 4.55 s · draft 157/239
                       accepted (66%) · max_tokens reached
15:50:25.736 INFO:     #406 chat/completions (stream): 169 tokens generated at
                       75.6 T/s · prompt 59 tokens, none cached, 59 new in 0.21
                       s · first token 0.22 s, total 2.46 s · draft 106/126
                       accepted (84%) · max_tokens reached
15:50:25.758 INFO:     #411 chat/completions (stream): 489 prompt tokens ·
                       temperature: 0, greedy (req), max_tokens: 205 (req),
                       min_tokens: 205 (req)
15:50:26.030 INFO:     #412 chat/completions (stream): 64 prompt tokens ·
                       temperature: 0, greedy (req), max_tokens: 66 (req),
                       min_tokens: 66 (req)
15:50:26.450 INFO:     #400 chat/completions (stream): 342 tokens generated at
                       73.8 T/s · prompt 62 tokens, none cached, 62 new in 0.17
                       s · first token 0.18 s, total 4.81 s · draft 220/245
                       accepted (90%) · max_tokens reached
15:50:26.517 INFO:     #413 chat/completions (stream): 113 prompt tokens ·
                       temperature: 0, greedy (req), max_tokens: 352 (req),
                       min_tokens: 352 (req)
15:50:26.663 INFO:     #404 chat/completions (stream): 196 tokens generated at
                       56.3 T/s · prompt 90 tokens, none cached, 90 new in 0.08
                       s · first token 0.09 s, total 3.57 s · draft 105/182
                       accepted (58%) · max_tokens reached
15:50:26.735 INFO:     #414 chat/completions (stream): 447 prompt tokens ·
                       temperature: 0, greedy (req), max_tokens: 792 (req),
                       min_tokens: 792 (req)
15:50:27.211 INFO:     #412 chat/completions (stream): 66 tokens generated at
                       65.1 T/s · prompt 64 tokens, none cached, 64 new in 0.07
                       s · first token 0.08 s, total 1.09 s · draft 37/58
                       accepted (64%) · max_tokens reached
15:50:27.283 INFO:     #415 chat/completions (stream): 397 prompt tokens ·
                       temperature: 0, greedy (req), max_tokens: 5 (req),
                       min_tokens: 5 (req)
15:50:27.671 INFO:     #409 chat/completions (stream): 168 tokens generated at
                       61.2 T/s · prompt 1,070 tokens, none cached, 1,070 new in
                       0.29 s (3,690 T/s) · first token 0.30 s, total 3.04 s ·
                       draft 96/144 accepted (67%) · max_tokens reached
15:50:27.694 INFO:     #415 chat/completions (stream): 5 tokens generated at
                       107.0 T/s · prompt 397 tokens, none cached, 397 new in
                       0.27 s (1,470 T/s) · first token 0.28 s, total 0.32 s ·
                       draft 3/4 accepted (75%) · max_tokens reached
15:50:27.740 INFO:     #416 chat/completions (stream): 64 prompt tokens ·
                       temperature: 0, greedy (req), max_tokens: 34 (req),
                       min_tokens: 34 (req)
15:50:27.840 INFO:     #417 chat/completions (stream): 746 prompt tokens ·
                       temperature: 0, greedy (req), max_tokens: 9 (req),
                       min_tokens: 9 (req)
15:50:28.299 INFO:     #417 chat/completions (stream): 9 tokens generated at
                       92.4 T/s · prompt 746 tokens, none cached, 746 new in
                       0.26 s (2,869 T/s) · first token 0.26 s, total 0.36 s ·
                       draft 5/8 accepted (62%) · max_tokens reached
15:50:28.371 INFO:     #418 chat/completions (stream): 123 prompt tokens ·
                       temperature: 0, greedy (req), max_tokens: 129 (req),
                       min_tokens: 129 (req)
15:50:28.589 INFO:     #416 chat/completions (stream): 34 tokens generated at
                       50.0 T/s · prompt 64 tokens, none cached, 64 new in 0.07
                       s · first token 0.08 s, total 0.76 s · draft 20/28
                       accepted (71%) · max_tokens reached
15:50:28.661 INFO:     #419 chat/completions (stream): 159 prompt tokens ·
                       temperature: 0, greedy (req), max_tokens: 67 (req),
                       min_tokens: 67 (req)
15:50:28.924 INFO:     #408 chat/completions (stream): 263 tokens generated at
                       54.9 T/s · prompt 179 tokens, none cached, 179 new in
                       0.10 s · first token 0.11 s, total 4.89 s · draft 141/244
                       accepted (58%) · max_tokens reached
15:50:28.998 INFO:     #420 chat/completions (stream): 207 prompt tokens ·
                       temperature: 0, greedy (req), max_tokens: 123 (req),
                       min_tokens: 123 (req)
15:50:29.387 INFO:     #410 chat/completions (stream): 232 tokens generated at
                       58.2 T/s · prompt 225 tokens, none cached, 225 new in
                       0.11 s · first token 0.12 s, total 4.10 s · draft 128/208
                       accepted (62%) · max_tokens reached
15:50:29.476 INFO:     #421 chat/completions (stream): 516 prompt tokens ·
                       temperature: 0, greedy (req), max_tokens: 39 (req),
                       min_tokens: 39 (req)
15:50:29.770 INFO:     #419 chat/completions (stream): 67 tokens generated at
                       72.8 T/s · prompt 159 tokens, none cached, 159 new in
                       0.09 s · first token 0.10 s, total 1.02 s · draft 40/54
                       accepted (74%) · max_tokens reached
15:50:29.837 INFO:     #422 chat/completions (stream): 726 prompt tokens ·
                       temperature: 0, greedy (req), max_tokens: 98 (req),
                       min_tokens: 98 (req)
15:50:30.004 INFO:     #411 chat/completions (stream): 205 tokens generated at
                       54.5 T/s · prompt 489 tokens, none cached, 489 new in
                       0.24 s (2,038 T/s) · first token 0.25 s, total 4.01 s ·
                       draft 107/196 accepted (55%) · max_tokens reached
15:50:30.181 INFO:     #423 chat/completions (stream): 536 prompt tokens ·
                       temperature: 0, greedy (req), max_tokens: 8 (req),
                       min_tokens: 8 (req)
15:50:30.528 INFO:     #418 chat/completions (stream): 129 tokens generated at
                       65.3 T/s · prompt 123 tokens, none cached, 123 new in
                       0.10 s · first token 0.11 s, total 2.08 s · draft 79/100
                       accepted (79%) · max_tokens reached
15:50:30.529 INFO:     #423 chat/completions (stream): 8 tokens generated at
                       98.9 T/s · prompt 536 tokens, none cached, 536 new in
                       0.18 s (2,978 T/s) · first token 0.19 s, total 0.27 s ·
                       draft 5/6 accepted (83%) · max_tokens reached
15:50:30.567 INFO:     #421 chat/completions (stream): 39 tokens generated at
                       46.6 T/s · prompt 516 tokens, none cached, 516 new in
                       0.17 s (3,035 T/s) · first token 0.18 s, total 1.01 s ·
                       draft 21/36 accepted (58%) · max_tokens reached
15:50:30.586 INFO:     #424 chat/completions (stream): 102 prompt tokens ·
                       temperature: 0, greedy (req), max_tokens: 222 (req),
                       min_tokens: 222 (req)
15:50:30.589 INFO:     #425 chat/completions (stream): 67 prompt tokens ·
                       temperature: 0, greedy (req), max_tokens: 425 (req),
                       min_tokens: 425 (req)
15:50:30.811 INFO:     #426 chat/completions (stream): 677 prompt tokens ·
                       temperature: 0, greedy (req), max_tokens: 420 (req),
                       min_tokens: 420 (req)
15:50:31.621 INFO:     #420 chat/completions (stream): 123 tokens generated at
                       50.8 T/s · prompt 207 tokens, none cached, 207 new in
                       0.10 s · first token 0.11 s, total 2.52 s · draft 63/120
                       accepted (52%) · max_tokens reached
15:50:31.837 INFO:     #405 chat/completions (stream): 491 tokens generated at
                       56.7 T/s · prompt 73 tokens, none cached, 73 new in 0.07
                       s · first token 0.08 s, total 8.73 s · draft 271/440
                       accepted (62%) · max_tokens reached
15:50:31.838 INFO:     #422 chat/completions (stream): 98 tokens generated at
                       59.3 T/s · prompt 726 tokens, none cached, 726 new in
                       0.27 s (2,689 T/s) · first token 0.28 s, total 1.93 s ·
                       draft 53/90 accepted (59%) · max_tokens reached
15:50:32.422 INFO:     #413 chat/completions (stream): 352 tokens generated at
                       61.4 T/s · prompt 113 tokens, none cached, 113 new in
                       0.09 s · first token 0.10 s, total 5.83 s · draft 191/322
                       accepted (59%) · max_tokens reached
15:50:32.853 INFO:     #424 chat/completions (stream): 222 tokens generated at
                       109.8 T/s · prompt 102 tokens, none cached, 102 new in
                       0.16 s · first token 0.17 s, total 2.20 s · draft 135/198
                       accepted (68%) · max_tokens reached
15:50:34.263 INFO:     #426 chat/completions (stream): 420 tokens generated at
                       133.7 T/s · prompt 677 tokens, none cached, 677 new in
                       0.25 s (2,708 T/s) · first token 0.26 s, total 3.40 s ·
                       draft 246/462 accepted (53%) · max_tokens reached
15:50:34.460 INFO:     #425 chat/completions (stream): 425 tokens generated at
                       116.4 T/s · prompt 67 tokens, none cached, 67 new in 0.07
                       s · queued 0.10 s, first token 0.17 s, total 3.82 s ·
                       draft 233/513 accepted (45%) · max_tokens reached
15:50:34.862 INFO:     #414 chat/completions (stream): 792 tokens generated at
                       100.5 T/s · prompt 447 tokens, none cached, 447 new in
                       0.24 s (1,862 T/s) · first token 0.24 s, total 8.13 s ·
                       draft 464/829 accepted (56%) · max_tokens reached
