16:06:08.937 INFO:     Sampler preset "qwen38_thinking": temperature 0.6, top_k
                       20, top_p 0.95
16:06:08.974 INFO:     exllamav3 version: 1.5.2
16:06:10.311 INFO:     Using main model MTP component for drafting
16:06:10.331 INFO:     Context: max_seq_len 262,144 tokens (configured),
                       cache_size 901,120 tokens
16:06:10.379 INFO:     Using tool format: qwen3_coder
16:06:10.379 INFO:     Using template "chat_template" for chat completions.
16:06:12.575 INFO:     Loading model
                       /models/qwen3.8-flash-next-exl3-2.50bpw-r0b0tlab (manual
                       GPU split)
Loading vision modules ━━━━━━━━━━━━━━━━━━━━━━━━━━━━━━━━━━━━━━ 100% 30/30 0:00:00
Loading draft modules  ━━━━━━━━━━━━━━━━━━━━━━━━━━━━━━━━━━━━━━ 100% 3/3   0:00:00
Loading model modules  ━━━━━━━━━━━━━━━━━━━━━━━━━━━━━━━━━━━━━━ 100% 53/53 0:00:00
EXL3_EMBED_GPU_PRUNED=1: embedding mirror 65536 of 248320 rows (320.0 MiB, prefix) on cuda:1
16:06:23.348 INFO:     Model loaded in 13.0 s

16:06:23.349 WARNING:  Disabling authentication makes your instance vulnerable.
                       Set the `disable_auth` flag to False in config.yml if you
                       want to share this instance with others.
16:06:23.349 WARNING:  With authentication disabled and `allowed_origins` left
                       at ["*"], any website open in a browser on this machine
                       can send requests to this instance and read the
                       responses, including admin endpoints. Set
                       `network.allowed_origins` to your own frontends (or [])
                       unless you use a browser-based frontend that needs it.
16:06:23.350 INFO:     Serving OAI API on http://0.0.0.0:8022 (docs at
                       http://0.0.0.0:8022/redoc)
16:06:23.807 INFO:     #3 completions: 3 prompt tokens · temperature: 0, greedy
                       (req), max_tokens: 16 (req)
densegemm lcguard: device 1: dense calls on the QSA side branch use the side scratch (hctr upper half, side slots)
densegemm lcguard: device 0: dense calls on the QSA side branch use the side scratch (hctr upper half, side slots)
16:06:24.214 INFO:     #3 completions: 16 tokens generated at 82.3 T/s · prompt
                       3 tokens, none cached, 3 new in 0.20 s · first token 0.21
                       s, total 0.40 s · draft 7/27 accepted (26%) · max_tokens
                       reached
16:06:24.715 INFO:     #5 chat/completions: 73 prompt tokens · temperature: 0,
                       greedy (req), max_tokens: 64 (req), min_tokens: 64 (req)
16:06:24.718 INFO:     #6 chat/completions: 73 prompt tokens · temperature: 0,
                       greedy (req), max_tokens: 64 (req), min_tokens: 64 (req)
16:06:24.983 INFO:     #7 chat/completions: 73 prompt tokens · temperature: 0,
                       greedy (req), max_tokens: 64 (req), min_tokens: 64 (req)
16:06:25.086 INFO:     #8 chat/completions: 73 prompt tokens · temperature: 0,
                       greedy (req), max_tokens: 64 (req), min_tokens: 64 (req)
16:06:25.550 INFO:     #5 chat/completions: 64 tokens generated at 114.4 T/s ·
                       prompt 73 tokens, none cached, 73 new in 0.23 s · first
                       token 0.25 s, total 0.81 s · draft 42/66 accepted (64%) ·
                       max_tokens reached
16:06:25.550 INFO:     #6 chat/completions: 64 tokens generated at 114.4 T/s ·
                       prompt 73 tokens, none cached, 73 new in 0.08 s · queued
                       0.16 s, first token 0.24 s, total 0.80 s · draft 42/66
                       accepted (64%) · max_tokens reached
16:06:25.551 INFO:     #8 chat/completions: 64 tokens generated at 172.7 T/s ·
                       prompt 73 tokens, none cached, 73 new in 0.08 s · first
                       token 0.08 s, total 0.46 s · draft 43/63 accepted (68%) ·
                       max_tokens reached
16:06:25.552 INFO:     #7 chat/completions: 64 tokens generated at 133.2 T/s ·
                       prompt 73 tokens, none cached, 73 new in 0.08 s · first
                       token 0.09 s, total 0.57 s · draft 41/69 accepted (59%) ·
                       max_tokens reached
16:06:37.456 INFO:     #12 chat/completions (stream): 511 prompt tokens ·
                       temperature: 0, greedy (req), max_tokens: 256 (req),
                       min_tokens: 256 (req)
16:06:37.615 INFO:     #13 chat/completions (stream): 74 prompt tokens ·
                       temperature: 0, greedy (req), max_tokens: 256 (req),
                       min_tokens: 256 (req)
16:06:37.854 INFO:     #14 chat/completions (stream): 92 prompt tokens ·
                       temperature: 0, greedy (req), max_tokens: 256 (req),
                       min_tokens: 256 (req)
16:06:37.967 INFO:     #15 chat/completions (stream): 87 prompt tokens ·
                       temperature: 0, greedy (req), max_tokens: 256 (req),
                       min_tokens: 256 (req)
16:06:39.661 INFO:     #14 chat/completions (stream): 256 tokens generated at
                       155.3 T/s · prompt 92 tokens, none cached, 92 new in 0.09
                       s · first token 0.09 s, total 1.74 s · draft 174/246
                       accepted (71%) · max_tokens reached
16:06:39.711 INFO:     #16 chat/completions (stream): 105 prompt tokens ·
                       temperature: 0, greedy (req), max_tokens: 256 (req),
                       min_tokens: 256 (req)
16:06:39.881 INFO:     #15 chat/completions (stream): 256 tokens generated at
                       154.9 T/s · prompt 87 tokens, none cached, 87 new in 0.09
                       s · first token 0.09 s, total 1.75 s · draft 168/264
                       accepted (64%) · max_tokens reached
16:06:39.925 INFO:     #17 chat/completions (stream): 121 prompt tokens ·
                       temperature: 0, greedy (req), max_tokens: 256 (req),
                       min_tokens: 256 (req)
16:06:40.060 INFO:     #12 chat/completions (stream): 256 tokens generated at
                       124.5 T/s · prompt 511 tokens, none cached, 511 new in
                       0.38 s (1,345 T/s) · first token 0.39 s, total 2.44 s ·
                       draft 161/285 accepted (56%) · max_tokens reached
16:06:40.100 INFO:     #18 chat/completions (stream): 74 prompt tokens ·
                       temperature: 0, greedy (req), max_tokens: 256 (req),
                       min_tokens: 256 (req)
16:06:40.101 INFO:     #13 chat/completions (stream): 256 tokens generated at
                       116.2 T/s · prompt 74 tokens, none cached, 74 new in 0.08
                       s · queued 0.14 s, first token 0.22 s, total 2.43 s ·
                       draft 158/294 accepted (54%) · max_tokens reached
16:06:40.232 INFO:     #19 chat/completions (stream): 78 prompt tokens ·
                       temperature: 0, greedy (req), max_tokens: 256 (req),
                       min_tokens: 256 (req)
16:06:41.495 INFO:     #16 chat/completions (stream): 256 tokens generated at
                       160.6 T/s · prompt 105 tokens, none cached, 105 new in
                       0.10 s · first token 0.11 s, total 1.70 s · draft 181/225
                       accepted (80%) · max_tokens reached
16:06:41.546 INFO:     #20 chat/completions (stream): 62 prompt tokens ·
                       temperature: 0, greedy (req), max_tokens: 256 (req),
                       min_tokens: 256 (req)
16:06:41.843 INFO:     #17 chat/completions (stream): 256 tokens generated at
                       146.4 T/s · prompt 121 tokens, none cached, 121 new in
                       0.10 s · first token 0.10 s, total 1.85 s · draft 173/249
                       accepted (69%) · max_tokens reached
16:06:41.894 INFO:     #21 chat/completions (stream): 64 prompt tokens ·
                       temperature: 0, greedy (req), max_tokens: 256 (req),
                       min_tokens: 256 (req)
16:06:42.143 INFO:     #19 chat/completions (stream): 256 tokens generated at
                       145.3 T/s · prompt 78 tokens, none cached, 78 new in 0.08
                       s · first token 0.08 s, total 1.85 s · draft 168/264
                       accepted (64%) · max_tokens reached
16:06:42.193 INFO:     #22 chat/completions (stream): 89 prompt tokens ·
                       temperature: 0, greedy (req), max_tokens: 256 (req),
                       min_tokens: 256 (req)
16:06:42.403 INFO:     #18 chat/completions (stream): 256 tokens generated at
                       118.9 T/s · prompt 74 tokens, none cached, 74 new in 0.08
                       s · first token 0.09 s, total 2.24 s · draft 155/303
                       accepted (51%) · max_tokens reached
16:06:42.458 INFO:     #23 chat/completions (stream): 109 prompt tokens ·
                       temperature: 0, greedy (req), max_tokens: 256 (req),
                       min_tokens: 256 (req)
16:06:43.638 INFO:     #20 chat/completions (stream): 256 tokens generated at
                       131.8 T/s · prompt 62 tokens, none cached, 62 new in 0.08
                       s · first token 0.09 s, total 2.03 s · draft 163/279
                       accepted (58%) · max_tokens reached
16:06:43.689 INFO:     #24 chat/completions (stream): 829 prompt tokens ·
                       temperature: 0, greedy (req), max_tokens: 256 (req),
                       min_tokens: 256 (req)
16:06:44.105 INFO:     #22 chat/completions (stream): 256 tokens generated at
                       145.8 T/s · prompt 89 tokens, none cached, 89 new in 0.08
                       s · first token 0.08 s, total 1.84 s · draft 180/228
                       accepted (79%) · max_tokens reached
16:06:44.154 INFO:     #25 chat/completions (stream): 67 prompt tokens ·
                       temperature: 0, greedy (req), max_tokens: 256 (req),
                       min_tokens: 256 (req)
16:06:44.409 INFO:     #21 chat/completions (stream): 256 tokens generated at
                       107.9 T/s · prompt 64 tokens, none cached, 64 new in 0.07
                       s · first token 0.08 s, total 2.45 s · draft 154/306
                       accepted (50%) · max_tokens reached
16:06:44.479 INFO:     #26 chat/completions (stream): 201 prompt tokens ·
                       temperature: 0, greedy (req), max_tokens: 256 (req),
                       min_tokens: 256 (req)
16:06:44.709 INFO:     #23 chat/completions (stream): 256 tokens generated at
                       122.5 T/s · prompt 109 tokens, none cached, 109 new in
                       0.09 s · first token 0.09 s, total 2.18 s · draft 167/267
                       accepted (63%) · max_tokens reached
16:06:44.759 INFO:     #27 chat/completions (stream): 88 prompt tokens ·
                       temperature: 0, greedy (req), max_tokens: 256 (req),
                       min_tokens: 256 (req)
16:06:45.926 INFO:     #24 chat/completions (stream): 256 tokens generated at
                       135.9 T/s · prompt 829 tokens, none cached, 829 new in
                       0.29 s (2,859 T/s) · first token 0.29 s, total 2.18 s ·
                       draft 168/264 accepted (64%) · max_tokens reached
16:06:45.940 INFO:     #25 chat/completions (stream): 256 tokens generated at
                       155.0 T/s · prompt 67 tokens, none cached, 67 new in 0.07
                       s · first token 0.07 s, total 1.73 s · draft 177/237
                       accepted (75%) · max_tokens reached
16:06:45.968 INFO:     #28 chat/completions (stream): 84 prompt tokens ·
                       temperature: 0, greedy (req), max_tokens: 256 (req),
                       min_tokens: 256 (req)
16:06:46.074 INFO:     #29 chat/completions (stream): 735 prompt tokens ·
                       temperature: 0, greedy (req), max_tokens: 256 (req),
                       min_tokens: 256 (req)
16:06:46.685 INFO:     #26 chat/completions (stream): 256 tokens generated at
                       126.0 T/s · prompt 201 tokens, none cached, 201 new in
                       0.11 s · first token 0.11 s, total 2.15 s · draft 169/261
                       accepted (65%) · max_tokens reached
16:06:46.735 INFO:     #30 chat/completions (stream): 72 prompt tokens ·
                       temperature: 0, greedy (req), max_tokens: 256 (req),
                       min_tokens: 256 (req)
16:06:47.170 INFO:     #27 chat/completions (stream): 256 tokens generated at
                       113.5 T/s · prompt 88 tokens, none cached, 88 new in 0.08
                       s · first token 0.08 s, total 2.34 s · draft 156/300
                       accepted (52%) · max_tokens reached
16:06:47.224 INFO:     #32 chat/completions (stream): 1,231 prompt tokens ·
                       temperature: 0, greedy (req), max_tokens: 256 (req),
                       min_tokens: 256 (req)
16:06:48.513 INFO:     #28 chat/completions (stream): 256 tokens generated at
                       107.2 T/s · prompt 84 tokens, none cached, 84 new in 0.08
                       s · first token 0.09 s, total 2.47 s · draft 165/273
                       accepted (60%) · max_tokens reached
16:06:48.565 INFO:     #33 chat/completions (stream): 134 prompt tokens ·
                       temperature: 0, greedy (req), max_tokens: 256 (req),
                       min_tokens: 256 (req)
16:06:48.800 INFO:     #29 chat/completions (stream): 256 tokens generated at
                       108.4 T/s · prompt 735 tokens, none cached, 735 new in
                       0.29 s (2,534 T/s) · first token 0.29 s, total 2.66 s ·
                       draft 157/297 accepted (53%) · max_tokens reached
16:06:48.853 INFO:     #34 chat/completions (stream): 1,082 prompt tokens ·
                       temperature: 0, greedy (req), max_tokens: 256 (req),
                       min_tokens: 256 (req)
16:06:49.642 INFO:     #30 chat/completions (stream): 256 tokens generated at
                       92.8 T/s · prompt 72 tokens, none cached, 72 new in 0.08
                       s · first token 0.09 s, total 2.84 s · draft 149/321
                       accepted (46%) · max_tokens reached
16:06:49.693 INFO:     #35 chat/completions (stream): 84 prompt tokens ·
                       temperature: 0, greedy (req), max_tokens: 256 (req),
                       min_tokens: 256 (req)
16:06:49.884 INFO:     #32 chat/completions (stream): 256 tokens generated at
                       115.3 T/s · prompt 1,231 tokens, none cached, 1,231 new
                       in 0.37 s (3,327 T/s) · first token 0.37 s, total 2.59 s
                       · draft 164/276 accepted (59%) · max_tokens reached
16:06:49.936 INFO:     #36 chat/completions (stream): 78 prompt tokens ·
                       temperature: 0, greedy (req), max_tokens: 256 (req),
                       min_tokens: 256 (req)
16:06:50.582 INFO:     #33 chat/completions (stream): 256 tokens generated at
                       139.4 T/s · prompt 134 tokens, none cached, 134 new in
                       0.11 s · first token 0.12 s, total 1.95 s · draft 182/222
                       accepted (82%) · max_tokens reached
16:06:50.633 INFO:     #37 chat/completions (stream): 70 prompt tokens ·
                       temperature: 0, greedy (req), max_tokens: 256 (req),
                       min_tokens: 256 (req)
16:06:51.529 INFO:     #34 chat/completions (stream): 256 tokens generated at
                       112.7 T/s · prompt 1,082 tokens, none cached, 1,082 new
                       in 0.33 s (3,279 T/s) · first token 0.33 s, total 2.61 s
                       · draft 146/330 accepted (44%) · max_tokens reached
16:06:51.579 INFO:     #38 chat/completions (stream): 149 prompt tokens ·
                       temperature: 0, greedy (req), max_tokens: 256 (req),
                       min_tokens: 256 (req)
16:06:51.745 INFO:     #35 chat/completions (stream): 256 tokens generated at
                       142.4 T/s · prompt 84 tokens, none cached, 84 new in 0.08
                       s · first token 0.08 s, total 1.88 s · draft 166/270
                       accepted (61%) · max_tokens reached
16:06:51.794 INFO:     #39 chat/completions (stream): 258 prompt tokens ·
                       temperature: 0, greedy (req), max_tokens: 256 (req),
                       min_tokens: 256 (req)
16:06:52.103 INFO:     #36 chat/completions (stream): 256 tokens generated at
                       126.9 T/s · prompt 78 tokens, none cached, 78 new in 0.08
                       s · first token 0.08 s, total 2.10 s · draft 163/279
                       accepted (58%) · max_tokens reached
16:06:52.154 INFO:     #40 chat/completions (stream): 109 prompt tokens ·
                       temperature: 0, greedy (req), max_tokens: 256 (req),
                       min_tokens: 256 (req)
16:06:52.699 INFO:     #37 chat/completions (stream): 256 tokens generated at
                       133.6 T/s · prompt 70 tokens, none cached, 70 new in 0.08
                       s · first token 0.09 s, total 2.00 s · draft 170/258
                       accepted (66%) · max_tokens reached
16:06:52.751 INFO:     #41 chat/completions (stream): 105 prompt tokens ·
                       temperature: 0, greedy (req), max_tokens: 256 (req),
                       min_tokens: 256 (req)
16:06:53.630 INFO:     #38 chat/completions (stream): 256 tokens generated at
                       136.1 T/s · prompt 149 tokens, none cached, 149 new in
                       0.10 s · first token 0.11 s, total 1.99 s · draft 172/252
                       accepted (68%) · max_tokens reached
16:06:53.683 INFO:     #42 chat/completions (stream): 788 prompt tokens ·
                       temperature: 0, greedy (req), max_tokens: 256 (req),
                       min_tokens: 256 (req)
16:06:54.193 INFO:     #39 chat/completions (stream): 256 tokens generated at
                       118.6 T/s · prompt 258 tokens, none cached, 258 new in
                       0.17 s (1,518 T/s) · first token 0.17 s, total 2.33 s ·
                       draft 161/285 accepted (56%) · max_tokens reached
16:06:54.242 INFO:     #43 chat/completions (stream): 62 prompt tokens ·
                       temperature: 0, greedy (req), max_tokens: 256 (req),
                       min_tokens: 256 (req)
16:06:54.366 INFO:     #40 chat/completions (stream): 256 tokens generated at
                       129.6 T/s · prompt 109 tokens, none cached, 109 new in
                       0.09 s · first token 0.09 s, total 2.07 s · draft 166/270
                       accepted (61%) · max_tokens reached
16:06:54.419 INFO:     #44 chat/completions (stream): 1,445 prompt tokens ·
                       temperature: 0, greedy (req), max_tokens: 256 (req),
                       min_tokens: 256 (req)
16:06:55.307 INFO:     #41 chat/completions (stream): 256 tokens generated at
                       107.1 T/s · prompt 105 tokens, none cached, 105 new in
                       0.09 s · first token 0.09 s, total 2.48 s · draft 162/282
                       accepted (57%) · max_tokens reached
16:06:55.358 INFO:     #45 chat/completions (stream): 159 prompt tokens ·
                       temperature: 0, greedy (req), max_tokens: 256 (req),
                       min_tokens: 256 (req)
16:06:56.081 INFO:     #42 chat/completions (stream): 256 tokens generated at
                       122.5 T/s · prompt 788 tokens, none cached, 788 new in
                       0.24 s (3,283 T/s) · first token 0.25 s, total 2.33 s ·
                       draft 171/255 accepted (67%) · max_tokens reached
16:06:56.133 INFO:     #46 chat/completions (stream): 705 prompt tokens ·
                       temperature: 0, greedy (req), max_tokens: 256 (req),
                       min_tokens: 256 (req)
16:06:56.819 INFO:     #43 chat/completions (stream): 256 tokens generated at
                       105.1 T/s · prompt 62 tokens, none cached, 62 new in 0.07
                       s · first token 0.08 s, total 2.51 s · draft 163/279
                       accepted (58%) · max_tokens reached
16:06:56.869 INFO:     #47 chat/completions (stream): 62 prompt tokens ·
                       temperature: 0, greedy (req), max_tokens: 256 (req),
                       min_tokens: 256 (req)
16:06:57.007 INFO:     #44 chat/completions (stream): 256 tokens generated at
                       125.5 T/s · prompt 1,445 tokens, none cached, 1,445 new
                       in 0.40 s (3,612 T/s) · first token 0.40 s, total 2.44 s
                       · draft 163/279 accepted (58%) · max_tokens reached
16:06:57.058 INFO:     #48 chat/completions (stream): 796 prompt tokens ·
                       temperature: 0, greedy (req), max_tokens: 256 (req),
                       min_tokens: 256 (req)
16:06:57.361 INFO:     #45 chat/completions (stream): 256 tokens generated at
                       141.8 T/s · prompt 159 tokens, none cached, 159 new in
                       0.10 s · first token 0.11 s, total 1.91 s · draft 185/213
                       accepted (87%) · max_tokens reached
16:06:57.410 INFO:     #49 chat/completions (stream): 93 prompt tokens ·
                       temperature: 0, greedy (req), max_tokens: 256 (req),
                       min_tokens: 256 (req)
16:06:58.634 INFO:     #46 chat/completions (stream): 256 tokens generated at
                       119.5 T/s · prompt 705 tokens, none cached, 705 new in
                       0.29 s (2,431 T/s) · first token 0.30 s, total 2.44 s ·
                       draft 159/291 accepted (55%) · max_tokens reached
16:06:58.682 INFO:     #50 chat/completions (stream): 94 prompt tokens ·
                       temperature: 0, greedy (req), max_tokens: 256 (req),
                       min_tokens: 256 (req)
16:06:59.008 INFO:     #47 chat/completions (stream): 256 tokens generated at
                       127.6 T/s · prompt 62 tokens, none cached, 62 new in 0.07
                       s · first token 0.08 s, total 2.08 s · draft 167/267
                       accepted (63%) · max_tokens reached
16:06:59.036 INFO:     #49 chat/completions (stream): 256 tokens generated at
                       174.2 T/s · prompt 93 tokens, none cached, 93 new in 0.10
                       s · first token 0.10 s, total 1.57 s · draft 180/228
                       accepted (79%) · max_tokens reached
16:06:59.050 INFO:     #51 chat/completions (stream): 65 prompt tokens ·
                       temperature: 0, greedy (req), max_tokens: 256 (req),
                       min_tokens: 256 (req)
16:06:59.170 INFO:     #52 chat/completions (stream): 1,347 prompt tokens ·
                       temperature: 0, greedy (req), max_tokens: 256 (req),
                       min_tokens: 256 (req)
16:06:59.635 INFO:     #48 chat/completions (stream): 256 tokens generated at
                       112.7 T/s · prompt 796 tokens, none cached, 796 new in
                       0.23 s (3,461 T/s) · first token 0.23 s, total 2.51 s ·
                       draft 164/276 accepted (59%) · max_tokens reached
16:06:59.686 INFO:     #53 chat/completions (stream): 754 prompt tokens ·
                       temperature: 0, greedy (req), max_tokens: 256 (req),
                       min_tokens: 256 (req)
16:07:01.110 INFO:     #50 chat/completions (stream): 256 tokens generated at
                       112.6 T/s · prompt 94 tokens, none cached, 94 new in 0.09
                       s · first token 0.10 s, total 2.37 s · draft 169/261
                       accepted (65%) · max_tokens reached
16:07:01.158 INFO:     #54 chat/completions (stream): 73 prompt tokens ·
                       temperature: 0, greedy (req), max_tokens: 256 (req),
                       min_tokens: 256 (req)
16:07:01.287 INFO:     #51 chat/completions (stream): 256 tokens generated at
                       127.5 T/s · prompt 65 tokens, none cached, 65 new in 0.08
                       s · first token 0.09 s, total 2.09 s · draft 180/228
                       accepted (79%) · max_tokens reached
16:07:01.339 INFO:     #55 chat/completions (stream): 758 prompt tokens ·
                       temperature: 0, greedy (req), max_tokens: 256 (req),
                       min_tokens: 256 (req)
16:07:01.916 INFO:     #53 chat/completions (stream): 256 tokens generated at
                       136.5 T/s · prompt 754 tokens, none cached, 754 new in
                       0.28 s (2,693 T/s) · first token 0.29 s, total 2.16 s ·
                       draft 172/252 accepted (68%) · max_tokens reached
16:07:01.966 INFO:     #56 chat/completions (stream): 63 prompt tokens ·
                       temperature: 0, greedy (req), max_tokens: 256 (req),
                       min_tokens: 256 (req)
16:07:02.103 INFO:     #52 chat/completions (stream): 256 tokens generated at
                       106.2 T/s · prompt 1,347 tokens, none cached, 1,347 new
                       in 0.38 s (3,545 T/s) · first token 0.38 s, total 2.80 s
                       · draft 156/300 accepted (52%) · max_tokens reached
16:07:02.153 INFO:     #58 chat/completions (stream): 71 prompt tokens ·
                       temperature: 0, greedy (req), max_tokens: 256 (req),
                       min_tokens: 256 (req)
16:07:03.196 INFO:     #54 chat/completions (stream): 256 tokens generated at
                       135.4 T/s · prompt 73 tokens, none cached, 73 new in 0.08
                       s · first token 0.09 s, total 1.98 s · draft 174/246
                       accepted (71%) · max_tokens reached
16:07:03.247 INFO:     #59 chat/completions (stream): 71 prompt tokens ·
                       temperature: 0, greedy (req), max_tokens: 256 (req),
                       min_tokens: 256 (req)
16:07:03.618 INFO:     #55 chat/completions (stream): 256 tokens generated at
                       133.4 T/s · prompt 758 tokens, none cached, 758 new in
                       0.29 s (2,614 T/s) · first token 0.29 s, total 2.21 s ·
                       draft 162/282 accepted (57%) · max_tokens reached
16:07:03.670 INFO:     #60 chat/completions (stream): 741 prompt tokens ·
                       temperature: 0, greedy (req), max_tokens: 256 (req),
                       min_tokens: 256 (req)
16:07:04.283 INFO:     #56 chat/completions (stream): 256 tokens generated at
                       117.7 T/s · prompt 63 tokens, none cached, 63 new in 0.07
                       s · first token 0.08 s, total 2.25 s · draft 159/291
                       accepted (55%) · max_tokens reached
16:07:04.330 INFO:     #61 chat/completions (stream): 117 prompt tokens ·
                       temperature: 0, greedy (req), max_tokens: 256 (req),
                       min_tokens: 256 (req)
16:07:04.509 INFO:     #58 chat/completions (stream): 256 tokens generated at
                       123.0 T/s · prompt 71 tokens, none cached, 71 new in 0.08
                       s · first token 0.08 s, total 2.17 s · draft 160/288
                       accepted (56%) · max_tokens reached
16:07:04.559 INFO:     #62 chat/completions (stream): 72 prompt tokens ·
                       temperature: 0, greedy (req), max_tokens: 256 (req),
                       min_tokens: 256 (req)
16:07:05.247 INFO:     #59 chat/completions (stream): 256 tokens generated at
                       138.2 T/s · prompt 71 tokens, none cached, 71 new in 0.08
                       s · first token 0.08 s, total 1.94 s · draft 179/231
                       accepted (77%) · max_tokens reached
16:07:05.298 INFO:     #63 chat/completions (stream): 127 prompt tokens ·
                       temperature: 0, greedy (req), max_tokens: 256 (req),
                       min_tokens: 256 (req)
16:07:05.838 INFO:     #60 chat/completions (stream): 256 tokens generated at
                       141.2 T/s · prompt 741 tokens, none cached, 741 new in
                       0.28 s (2,646 T/s) · first token 0.29 s, total 2.10 s ·
                       draft 173/249 accepted (69%) · max_tokens reached
16:07:05.890 INFO:     #64 chat/completions (stream): 62 prompt tokens ·
                       temperature: 0, greedy (req), max_tokens: 256 (req),
                       min_tokens: 256 (req)
16:07:06.393 INFO:     #61 chat/completions (stream): 256 tokens generated at
                       137.2 T/s · prompt 117 tokens, none cached, 117 new in
                       0.13 s · first token 0.14 s, total 2.00 s · draft 167/267
                       accepted (63%) · max_tokens reached
16:07:06.453 INFO:     #65 chat/completions (stream): 104 prompt tokens ·
                       temperature: 0, greedy (req), max_tokens: 256 (req),
                       min_tokens: 256 (req)
16:07:06.632 INFO:     #62 chat/completions (stream): 256 tokens generated at
                       132.8 T/s · prompt 72 tokens, none cached, 72 new in 0.08
                       s · first token 0.09 s, total 2.01 s · draft 165/273
                       accepted (60%) · max_tokens reached
16:07:06.681 INFO:     #66 chat/completions (stream): 67 prompt tokens ·
                       temperature: 0, greedy (req), max_tokens: 256 (req),
                       min_tokens: 256 (req)
16:07:07.303 INFO:     #63 chat/completions (stream): 256 tokens generated at
                       139.8 T/s · prompt 127 tokens, none cached, 127 new in
                       0.10 s · first token 0.10 s, total 1.94 s · draft 169/261
                       accepted (65%) · max_tokens reached
16:07:07.354 INFO:     #67 chat/completions (stream): 676 prompt tokens ·
                       temperature: 0, greedy (req), max_tokens: 256 (req),
                       min_tokens: 256 (req)
16:07:08.186 INFO:     #64 chat/completions (stream): 256 tokens generated at
                       118.7 T/s · prompt 62 tokens, none cached, 62 new in 0.07
                       s · first token 0.07 s, total 2.23 s · draft 160/288
                       accepted (56%) · max_tokens reached
16:07:08.239 INFO:     #68 chat/completions (stream): 802 prompt tokens ·
                       temperature: 0, greedy (req), max_tokens: 256 (req),
                       min_tokens: 256 (req)
16:07:08.906 INFO:     #65 chat/completions (stream): 256 tokens generated at
                       111.8 T/s · prompt 104 tokens, none cached, 104 new in
                       0.09 s · first token 0.10 s, total 2.38 s · draft 162/282
                       accepted (57%) · max_tokens reached
16:07:08.957 INFO:     #69 chat/completions (stream): 992 prompt tokens ·
                       temperature: 0, greedy (req), max_tokens: 256 (req),
                       min_tokens: 256 (req)
16:07:09.333 INFO:     #66 chat/completions (stream): 256 tokens generated at
                       106.6 T/s · prompt 67 tokens, none cached, 67 new in 0.07
                       s · first token 0.07 s, total 2.48 s · draft 162/282
                       accepted (57%) · max_tokens reached
16:07:09.382 INFO:     #70 chat/completions (stream): 68 prompt tokens ·
                       temperature: 0, greedy (req), max_tokens: 256 (req),
                       min_tokens: 256 (req)
16:07:09.925 INFO:     #67 chat/completions (stream): 256 tokens generated at
                       114.8 T/s · prompt 676 tokens, none cached, 676 new in
                       0.27 s (2,504 T/s) · first token 0.28 s, total 2.50 s ·
                       draft 167/267 accepted (63%) · max_tokens reached
16:07:09.976 INFO:     #71 chat/completions (stream): 785 prompt tokens ·
                       temperature: 0, greedy (req), max_tokens: 256 (req),
                       min_tokens: 256 (req)
16:07:10.616 INFO:     #68 chat/completions (stream): 256 tokens generated at
                       126.8 T/s · prompt 802 tokens, none cached, 802 new in
                       0.29 s (2,766 T/s) · first token 0.30 s, total 2.31 s ·
                       draft 176/240 accepted (73%) · max_tokens reached
16:07:10.667 INFO:     #72 chat/completions (stream): 262 prompt tokens ·
                       temperature: 0, greedy (req), max_tokens: 256 (req),
                       min_tokens: 256 (req)
16:07:11.182 INFO:     #69 chat/completions (stream): 256 tokens generated at
                       138.6 T/s · prompt 992 tokens, none cached, 992 new in
                       0.31 s (3,200 T/s) · first token 0.32 s, total 2.16 s ·
                       draft 178/234 accepted (76%) · max_tokens reached
16:07:11.235 INFO:     #73 chat/completions (stream): 689 prompt tokens ·
                       temperature: 0, greedy (req), max_tokens: 256 (req),
                       min_tokens: 256 (req)
16:07:11.999 INFO:     #70 chat/completions (stream): 256 tokens generated at
                       103.7 T/s · prompt 68 tokens, none cached, 68 new in 0.08
                       s · first token 0.09 s, total 2.55 s · draft 156/300
                       accepted (52%) · max_tokens reached
16:07:12.053 INFO:     #74 chat/completions (stream): 702 prompt tokens ·
                       temperature: 0, greedy (req), max_tokens: 256 (req),
                       min_tokens: 256 (req)
16:07:12.558 INFO:     #71 chat/completions (stream): 256 tokens generated at
                       112.3 T/s · prompt 785 tokens, none cached, 785 new in
                       0.23 s (3,413 T/s) · first token 0.23 s, total 2.51 s ·
                       draft 170/258 accepted (66%) · max_tokens reached
16:07:12.611 INFO:     #75 chat/completions (stream): 785 prompt tokens ·
                       temperature: 0, greedy (req), max_tokens: 256 (req),
                       min_tokens: 256 (req)
16:07:13.131 INFO:     #72 chat/completions (stream): 256 tokens generated at
                       115.0 T/s · prompt 262 tokens, none cached, 262 new in
                       0.17 s (1,541 T/s) · first token 0.18 s, total 2.40 s ·
                       draft 176/240 accepted (73%) · max_tokens reached
16:07:13.180 INFO:     #76 chat/completions (stream): 67 prompt tokens ·
                       temperature: 0, greedy (req), max_tokens: 256 (req),
                       min_tokens: 256 (req)
16:07:14.079 INFO:     #73 chat/completions (stream): 256 tokens generated at
                       103.9 T/s · prompt 689 tokens, none cached, 689 new in
                       0.31 s (2,223 T/s) · first token 0.32 s, total 2.78 s ·
                       draft 150/318 accepted (47%) · max_tokens reached
16:07:14.129 INFO:     #77 chat/completions (stream): 724 prompt tokens ·
                       temperature: 0, greedy (req), max_tokens: 256 (req),
                       min_tokens: 256 (req)
16:07:14.672 INFO:     #74 chat/completions (stream): 256 tokens generated at
                       112.1 T/s · prompt 702 tokens, none cached, 702 new in
                       0.27 s (2,600 T/s) · first token 0.28 s, total 2.56 s ·
                       draft 163/279 accepted (58%) · max_tokens reached
16:07:14.688 INFO:     #75 chat/completions (stream): 256 tokens generated at
                       143.5 T/s · prompt 785 tokens, none cached, 785 new in
                       0.23 s (3,413 T/s) · first token 0.24 s, total 2.02 s ·
                       draft 178/234 accepted (76%) · max_tokens reached
16:07:14.715 INFO:     #78 chat/completions (stream): 414 prompt tokens ·
                       temperature: 0, greedy (req), max_tokens: 256 (req),
                       min_tokens: 256 (req)
16:07:14.863 INFO:     #79 chat/completions (stream): 63 prompt tokens ·
                       temperature: 0, greedy (req), max_tokens: 256 (req),
                       min_tokens: 256 (req)
16:07:15.495 INFO:     #76 chat/completions (stream): 256 tokens generated at
                       119.2 T/s · prompt 67 tokens, none cached, 67 new in 0.07
                       s · first token 0.07 s, total 2.22 s · draft 169/261
                       accepted (65%) · max_tokens reached
16:07:15.545 INFO:     #80 chat/completions (stream): 104 prompt tokens ·
                       temperature: 0, greedy (req), max_tokens: 256 (req),
                       min_tokens: 256 (req)
16:07:16.722 INFO:     #77 chat/completions (stream): 256 tokens generated at
                       113.6 T/s · prompt 724 tokens, none cached, 724 new in
                       0.27 s (2,681 T/s) · first token 0.28 s, total 2.53 s ·
                       draft 156/300 accepted (52%) · max_tokens reached
16:07:16.776 INFO:     #81 chat/completions (stream): 666 prompt tokens ·
                       temperature: 0, greedy (req), max_tokens: 256 (req),
                       min_tokens: 256 (req)
16:07:17.131 INFO:     #78 chat/completions (stream): 256 tokens generated at
                       126.0 T/s · prompt 414 tokens, none cached, 414 new in
                       0.31 s (1,335 T/s) · first token 0.32 s, total 2.35 s ·
                       draft 163/279 accepted (58%) · max_tokens reached
16:07:17.179 INFO:     #83 chat/completions (stream): 90 prompt tokens ·
                       temperature: 0, greedy (req), max_tokens: 256 (req),
                       min_tokens: 256 (req)
16:07:17.446 INFO:     #79 chat/completions (stream): 256 tokens generated at
                       110.1 T/s · prompt 63 tokens, none cached, 63 new in 0.07
                       s · queued 0.10 s, first token 0.17 s, total 2.50 s ·
                       draft 151/315 accepted (48%) · max_tokens reached
16:07:17.498 INFO:     #84 chat/completions (stream): 61 prompt tokens ·
                       temperature: 0, greedy (req), max_tokens: 256 (req),
                       min_tokens: 256 (req)
16:07:17.859 INFO:     #80 chat/completions (stream): 256 tokens generated at
                       119.3 T/s · prompt 104 tokens, none cached, 104 new in
                       0.09 s · first token 0.10 s, total 2.24 s · draft 160/288
                       accepted (56%) · max_tokens reached
16:07:17.913 INFO:     #85 chat/completions (stream): 1,355 prompt tokens ·
                       temperature: 0, greedy (req), max_tokens: 256 (req),
                       min_tokens: 256 (req)
16:07:19.414 INFO:     #83 chat/completions (stream): 256 tokens generated at
                       123.2 T/s · prompt 90 tokens, none cached, 90 new in 0.09
                       s · first token 0.09 s, total 2.17 s · draft 167/267
                       accepted (63%) · max_tokens reached
16:07:19.434 INFO:     #81 chat/completions (stream): 256 tokens generated at
                       110.2 T/s · prompt 666 tokens, none cached, 666 new in
                       0.27 s (2,467 T/s) · first token 0.28 s, total 2.60 s ·
                       draft 158/294 accepted (54%) · max_tokens reached
16:07:19.462 INFO:     #86 chat/completions (stream): 67 prompt tokens ·
                       temperature: 0, greedy (req), max_tokens: 256 (req),
                       min_tokens: 256 (req)
16:07:19.561 INFO:     #87 chat/completions (stream): 1,173 prompt tokens ·
                       temperature: 0, greedy (req), max_tokens: 256 (req),
                       min_tokens: 256 (req)
16:07:19.976 INFO:     #84 chat/completions (stream): 256 tokens generated at
                       109.5 T/s · prompt 61 tokens, none cached, 61 new in 0.07
                       s · first token 0.08 s, total 2.41 s · draft 169/261
                       accepted (65%) · max_tokens reached
16:07:20.025 INFO:     #88 chat/completions (stream): 65 prompt tokens ·
                       temperature: 0, greedy (req), max_tokens: 256 (req),
                       min_tokens: 256 (req)
16:07:20.605 INFO:     #85 chat/completions (stream): 256 tokens generated at
                       113.6 T/s · prompt 1,355 tokens, none cached, 1,355 new
                       in 0.37 s (3,662 T/s) · first token 0.37 s, total 2.63 s
                       · draft 159/291 accepted (55%) · max_tokens reached
16:07:20.655 INFO:     #89 chat/completions (stream): 100 prompt tokens ·
                       temperature: 0, greedy (req), max_tokens: 256 (req),
                       min_tokens: 256 (req)
16:07:21.709 INFO:     #86 chat/completions (stream): 256 tokens generated at
                       121.8 T/s · prompt 67 tokens, none cached, 67 new in 0.07
                       s · first token 0.08 s, total 2.18 s · draft 168/264
                       accepted (64%) · max_tokens reached
16:07:21.750 INFO:     #90 chat/completions (stream): 110 prompt tokens ·
                       temperature: 0, greedy (req), max_tokens: 256 (req),
                       min_tokens: 256 (req)
16:07:21.866 INFO:     #87 chat/completions (stream): 256 tokens generated at
                       141.2 T/s · prompt 1,173 tokens, none cached, 1,173 new
                       in 0.33 s (3,555 T/s) · first token 0.33 s, total 2.15 s
                       · draft 166/270 accepted (61%) · max_tokens reached
16:07:21.916 INFO:     #91 chat/completions (stream): 112 prompt tokens ·
                       temperature: 0, greedy (req), max_tokens: 256 (req),
                       min_tokens: 256 (req)
16:07:22.484 INFO:     #89 chat/completions (stream): 256 tokens generated at
                       154.0 T/s · prompt 100 tokens, none cached, 100 new in
                       0.09 s · first token 0.10 s, total 1.76 s · draft 175/243
                       accepted (72%) · max_tokens reached
16:07:22.513 INFO:     #88 chat/completions (stream): 256 tokens generated at
                       108.6 T/s · prompt 65 tokens, none cached, 65 new in 0.07
                       s · first token 0.08 s, total 2.43 s · draft 143/339
                       accepted (42%) · max_tokens reached
16:07:22.527 INFO:     #92 chat/completions (stream): 64 prompt tokens ·
                       temperature: 0, greedy (req), max_tokens: 256 (req),
                       min_tokens: 256 (req)
16:07:22.637 INFO:     #93 chat/completions (stream): 63 prompt tokens ·
                       temperature: 0, greedy (req), max_tokens: 256 (req),
                       min_tokens: 256 (req)
16:07:23.771 INFO:     #90 chat/completions (stream): 256 tokens generated at
                       137.3 T/s · prompt 110 tokens, none cached, 110 new in
                       0.09 s · first token 0.10 s, total 1.96 s · draft 167/267
                       accepted (63%) · max_tokens reached
16:07:23.787 INFO:     #91 chat/completions (stream): 256 tokens generated at
                       149.1 T/s · prompt 112 tokens, none cached, 112 new in
                       0.09 s · first token 0.09 s, total 1.81 s · draft 170/258
                       accepted (66%) · max_tokens reached
16:07:23.815 INFO:     #94 chat/completions (stream): 794 prompt tokens ·
                       temperature: 0, greedy (req), max_tokens: 256 (req),
                       min_tokens: 256 (req)
16:07:24.031 INFO:     #95 chat/completions (stream): 440 prompt tokens ·
                       temperature: 0, greedy (req), max_tokens: 256 (req),
                       min_tokens: 256 (req)
16:07:24.788 INFO:     #92 chat/completions (stream): 256 tokens generated at
                       121.2 T/s · prompt 64 tokens, none cached, 64 new in 0.07
                       s · first token 0.08 s, total 2.19 s · draft 172/252
                       accepted (68%) · max_tokens reached
16:07:24.844 INFO:     #96 chat/completions (stream): 65 prompt tokens ·
                       temperature: 0, greedy (req), max_tokens: 256 (req),
                       min_tokens: 256 (req)
16:07:25.165 INFO:     #93 chat/completions (stream): 256 tokens generated at
                       107.2 T/s · prompt 63 tokens, none cached, 63 new in 0.07
                       s · first token 0.07 s, total 2.46 s · draft 158/294
                       accepted (54%) · max_tokens reached
16:07:25.219 INFO:     #97 chat/completions (stream): 1,320 prompt tokens ·
                       temperature: 0, greedy (req), max_tokens: 256 (req),
                       min_tokens: 256 (req)
16:07:26.479 INFO:     #94 chat/completions (stream): 256 tokens generated at
                       115.2 T/s · prompt 794 tokens, none cached, 794 new in
                       0.38 s (2,089 T/s) · first token 0.39 s, total 2.61 s ·
                       draft 165/273 accepted (60%) · max_tokens reached
16:07:26.479 INFO:     #95 chat/completions (stream): 256 tokens generated at
                       122.1 T/s · prompt 440 tokens, none cached, 440 new in
                       0.26 s (1,692 T/s) · first token 0.30 s, total 2.39 s ·
                       draft 166/270 accepted (61%) · max_tokens reached
16:07:26.522 INFO:     #98 chat/completions (stream): 795 prompt tokens ·
                       temperature: 0, greedy (req), max_tokens: 256 (req),
                       min_tokens: 256 (req)
16:07:26.524 INFO:     #99 chat/completions (stream): 267 prompt tokens ·
                       temperature: 0, greedy (req), max_tokens: 256 (req),
                       min_tokens: 256 (req)
16:07:27.351 INFO:     #96 chat/completions (stream): 256 tokens generated at
                       108.7 T/s · prompt 65 tokens, none cached, 65 new in 0.08
                       s · first token 0.09 s, total 2.44 s · draft 163/279
                       accepted (58%) · max_tokens reached
16:07:27.406 INFO:     #100 chat/completions (stream): 300 prompt tokens ·
                       temperature: 0, greedy (req), max_tokens: 256 (req),
                       min_tokens: 256 (req)
16:07:28.140 INFO:     #97 chat/completions (stream): 256 tokens generated at
                       102.4 T/s · prompt 1,320 tokens, none cached, 1,320 new
                       in 0.35 s (3,771 T/s) · first token 0.36 s, total 2.86 s
                       · draft 148/324 accepted (46%) · max_tokens reached
16:07:28.189 INFO:     #101 chat/completions (stream): 73 prompt tokens ·
                       temperature: 0, greedy (req), max_tokens: 256 (req),
                       min_tokens: 256 (req)
16:07:28.739 INFO:     #99 chat/completions (stream): 256 tokens generated at
                       144.1 T/s · prompt 267 tokens, none cached, 267 new in
                       0.18 s (1,483 T/s) · queued 0.20 s, first token 0.38 s,
                       total 2.15 s · draft 174/246 accepted (71%) · max_tokens
                       reached
16:07:28.767 INFO:     #98 chat/completions (stream): 256 tokens generated at
                       141.6 T/s · prompt 795 tokens, none cached, 795 new in
                       0.37 s (2,149 T/s) · first token 0.38 s, total 2.19 s ·
                       draft 172/252 accepted (68%) · max_tokens reached
16:07:28.781 INFO:     #102 chat/completions (stream): 64 prompt tokens ·
                       temperature: 0, greedy (req), max_tokens: 256 (req),
                       min_tokens: 256 (req)
16:07:28.889 INFO:     #103 chat/completions (stream): 121 prompt tokens ·
                       temperature: 0, greedy (req), max_tokens: 256 (req),
                       min_tokens: 256 (req)
16:07:29.588 INFO:     #100 chat/completions (stream): 256 tokens generated at
                       136.2 T/s · prompt 300 tokens, none cached, 300 new in
                       0.23 s (1,304 T/s) · first token 0.24 s, total 2.11 s ·
                       draft 166/270 accepted (61%) · max_tokens reached
16:07:29.640 INFO:     #104 chat/completions (stream): 464 prompt tokens ·
                       temperature: 0, greedy (req), max_tokens: 256 (req),
                       min_tokens: 256 (req)
16:07:30.378 INFO:     #101 chat/completions (stream): 256 tokens generated at
                       125.5 T/s · prompt 73 tokens, none cached, 73 new in 0.08
                       s · first token 0.09 s, total 2.12 s · draft 166/270
                       accepted (61%) · max_tokens reached
16:07:30.445 INFO:     #105 chat/completions (stream): 443 prompt tokens ·
                       temperature: 0, greedy (req), max_tokens: 256 (req),
                       min_tokens: 256 (req)
16:07:31.032 INFO:     #103 chat/completions (stream): 256 tokens generated at
                       129.8 T/s · prompt 121 tokens, none cached, 121 new in
                       0.10 s · first token 0.10 s, total 2.08 s · draft 174/246
                       accepted (71%) · max_tokens reached
16:07:31.082 INFO:     #106 chat/completions (stream): 74 prompt tokens ·
                       temperature: 0, greedy (req), max_tokens: 256 (req),
                       min_tokens: 256 (req)
16:07:31.457 INFO:     #102 chat/completions (stream): 256 tokens generated at
                       101.4 T/s · prompt 64 tokens, none cached, 64 new in 0.07
                       s · first token 0.08 s, total 2.60 s · draft 153/309
                       accepted (50%) · max_tokens reached
16:07:31.508 INFO:     #107 chat/completions (stream): 153 prompt tokens ·
                       temperature: 0, greedy (req), max_tokens: 256 (req),
                       min_tokens: 256 (req)
16:07:32.076 INFO:     #104 chat/completions (stream): 256 tokens generated at
                       121.4 T/s · prompt 464 tokens, none cached, 464 new in
                       0.25 s (1,856 T/s) · first token 0.26 s, total 2.36 s ·
                       draft 162/282 accepted (57%) · max_tokens reached
16:07:32.126 INFO:     #109 chat/completions (stream): 63 prompt tokens ·
                       temperature: 0, greedy (req), max_tokens: 256 (req),
                       min_tokens: 256 (req)
16:07:32.617 INFO:     #105 chat/completions (stream): 256 tokens generated at
                       137.9 T/s · prompt 443 tokens, none cached, 443 new in
                       0.24 s (1,846 T/s) · first token 0.25 s, total 2.10 s ·
                       draft 167/267 accepted (63%) · max_tokens reached
16:07:32.669 INFO:     #110 chat/completions (stream): 729 prompt tokens ·
                       temperature: 0, greedy (req), max_tokens: 256 (req),
                       min_tokens: 256 (req)
16:07:33.356 INFO:     #106 chat/completions (stream): 256 tokens generated at
                       120.2 T/s · prompt 74 tokens, none cached, 74 new in 0.08
                       s · first token 0.08 s, total 2.21 s · draft 163/279
                       accepted (58%) · max_tokens reached
16:07:33.387 INFO:     #107 chat/completions (stream): 256 tokens generated at
                       148.7 T/s · prompt 153 tokens, none cached, 153 new in
                       0.09 s · first token 0.10 s, total 1.82 s · draft 180/228
                       accepted (79%) · max_tokens reached
16:07:33.402 INFO:     #111 chat/completions (stream): 789 prompt tokens ·
                       temperature: 0, greedy (req), max_tokens: 256 (req),
                       min_tokens: 256 (req)
16:07:33.676 INFO:     #112 chat/completions (stream): 168 prompt tokens ·
                       temperature: 0, greedy (req), max_tokens: 256 (req),
                       min_tokens: 256 (req)
16:07:34.771 INFO:     #109 chat/completions (stream): 256 tokens generated at
                       102.3 T/s · prompt 63 tokens, none cached, 63 new in 0.07
                       s · first token 0.07 s, total 2.58 s · draft 152/312
                       accepted (49%) · max_tokens reached
16:07:34.821 INFO:     #113 chat/completions (stream): 143 prompt tokens ·
                       temperature: 0, greedy (req), max_tokens: 256 (req),
                       min_tokens: 256 (req)
16:07:35.198 INFO:     #110 chat/completions (stream): 256 tokens generated at
                       117.8 T/s · prompt 729 tokens, none cached, 729 new in
                       0.29 s (2,514 T/s) · first token 0.30 s, total 2.47 s ·
                       draft 161/285 accepted (56%) · max_tokens reached
16:07:35.247 INFO:     #114 chat/completions (stream): 118 prompt tokens ·
                       temperature: 0, greedy (req), max_tokens: 256 (req),
                       min_tokens: 256 (req)
16:07:35.490 INFO:     #112 chat/completions (stream): 256 tokens generated at
                       155.1 T/s · prompt 168 tokens, none cached, 168 new in
                       0.09 s · first token 0.09 s, total 1.75 s · draft 177/237
                       accepted (75%) · max_tokens reached
16:07:35.540 INFO:     #115 chat/completions (stream): 273 prompt tokens ·
                       temperature: 0, greedy (req), max_tokens: 256 (req),
                       min_tokens: 256 (req)
16:07:36.060 INFO:     #111 chat/completions (stream): 256 tokens generated at
                       109.6 T/s · prompt 789 tokens, none cached, 789 new in
                       0.25 s (3,156 T/s) · first token 0.26 s, total 2.59 s ·
                       draft 152/312 accepted (49%) · max_tokens reached
16:07:36.111 INFO:     #116 chat/completions (stream): 87 prompt tokens ·
                       temperature: 0, greedy (req), max_tokens: 256 (req),
                       min_tokens: 256 (req)
16:07:37.268 INFO:     #113 chat/completions (stream): 256 tokens generated at
                       113.0 T/s · prompt 143 tokens, none cached, 143 new in
                       0.11 s · first token 0.12 s, total 2.38 s · draft 149/321
                       accepted (46%) · max_tokens reached
16:07:37.317 INFO:     #117 chat/completions (stream): 130 prompt tokens ·
                       temperature: 0, greedy (req), max_tokens: 256 (req),
                       min_tokens: 256 (req)
16:07:37.527 INFO:     #115 chat/completions (stream): 256 tokens generated at
                       145.6 T/s · prompt 273 tokens, none cached, 273 new in
                       0.16 s (1,706 T/s) · first token 0.17 s, total 1.92 s ·
                       draft 170/258 accepted (66%) · max_tokens reached
16:07:37.574 INFO:     #118 chat/completions (stream): 63 prompt tokens ·
                       temperature: 0, greedy (req), max_tokens: 256 (req),
                       min_tokens: 256 (req)
16:07:37.685 INFO:     #114 chat/completions (stream): 256 tokens generated at
                       116.0 T/s · prompt 118 tokens, none cached, 118 new in
                       0.10 s · first token 0.10 s, total 2.31 s · draft 152/312
                       accepted (49%) · max_tokens reached
16:07:37.698 INFO:     #116 chat/completions (stream): 256 tokens generated at
                       186.6 T/s · prompt 87 tokens, none cached, 87 new in 0.08
                       s · first token 0.09 s, total 1.46 s · draft 186/210
                       accepted (89%) · max_tokens reached
16:07:37.725 INFO:     #119 chat/completions (stream): 67 prompt tokens ·
                       temperature: 0, greedy (req), max_tokens: 256 (req),
                       min_tokens: 256 (req)
16:07:37.819 INFO:     #120 chat/completions (stream): 61 prompt tokens ·
                       temperature: 0, greedy (req), max_tokens: 256 (req),
                       min_tokens: 256 (req)
16:07:39.035 INFO:     #117 chat/completions (stream): 256 tokens generated at
                       166.1 T/s · prompt 130 tokens, none cached, 130 new in
                       0.10 s · first token 0.11 s, total 1.65 s · draft 181/225
                       accepted (80%) · max_tokens reached
16:07:39.088 INFO:     #121 chat/completions (stream): 96 prompt tokens ·
                       temperature: 0, greedy (req), max_tokens: 256 (req),
                       min_tokens: 256 (req)
16:07:39.527 INFO:     #119 chat/completions (stream): 256 tokens generated at
                       154.6 T/s · prompt 67 tokens, none cached, 67 new in 0.07
                       s · first token 0.07 s, total 1.73 s · draft 174/246
                       accepted (71%) · max_tokens reached
16:07:39.577 INFO:     #122 chat/completions (stream): 497 prompt tokens ·
                       temperature: 0, greedy (req), max_tokens: 256 (req),
                       min_tokens: 256 (req)
16:07:39.867 INFO:     #118 chat/completions (stream): 256 tokens generated at
                       133.7 T/s · prompt 63 tokens, none cached, 63 new in 0.07
                       s · first token 0.07 s, total 1.99 s · draft 162/282
                       accepted (57%) · max_tokens reached
16:07:39.914 INFO:     #123 chat/completions (stream): 357 prompt tokens ·
                       temperature: 0, greedy (req), max_tokens: 256 (req),
                       min_tokens: 256 (req)
16:07:40.181 INFO:     #120 chat/completions (stream): 256 tokens generated at
                       127.6 T/s · prompt 61 tokens, none cached, 61 new in 0.07
                       s · first token 0.07 s, total 2.08 s · draft 163/279
                       accepted (58%) · max_tokens reached
16:07:40.231 INFO:     #124 chat/completions (stream): 82 prompt tokens ·
                       temperature: 0, greedy (req), max_tokens: 256 (req),
                       min_tokens: 256 (req)
16:07:41.240 INFO:     #121 chat/completions (stream): 256 tokens generated at
                       128.6 T/s · prompt 96 tokens, none cached, 96 new in 0.09
                       s · first token 0.10 s, total 2.09 s · draft 176/240
                       accepted (73%) · max_tokens reached
16:07:41.293 INFO:     #125 chat/completions (stream): 851 prompt tokens ·
                       temperature: 0, greedy (req), max_tokens: 256 (req),
                       min_tokens: 256 (req)
16:07:42.054 INFO:     #122 chat/completions (stream): 256 tokens generated at
                       118.8 T/s · prompt 497 tokens, none cached, 497 new in
                       0.25 s (1,988 T/s) · first token 0.26 s, total 2.41 s ·
                       draft 169/261 accepted (65%) · max_tokens reached
16:07:42.103 INFO:     #126 chat/completions (stream): 121 prompt tokens ·
                       temperature: 0, greedy (req), max_tokens: 256 (req),
                       min_tokens: 256 (req)
16:07:42.380 INFO:     #123 chat/completions (stream): 256 tokens generated at
                       118.3 T/s · prompt 357 tokens, none cached, 357 new in
                       0.23 s (1,552 T/s) · first token 0.23 s, total 2.40 s ·
                       draft 162/282 accepted (57%) · max_tokens reached
16:07:42.424 INFO:     #127 chat/completions (stream): 62 prompt tokens ·
                       temperature: 0, greedy (req), max_tokens: 256 (req),
                       min_tokens: 256 (req)
16:07:42.531 INFO:     #124 chat/completions (stream): 256 tokens generated at
                       123.3 T/s · prompt 82 tokens, none cached, 82 new in 0.08
                       s · first token 0.09 s, total 2.16 s · draft 162/282
                       accepted (57%) · max_tokens reached
16:07:42.582 INFO:     #128 chat/completions (stream): 95 prompt tokens ·
                       temperature: 0, greedy (req), max_tokens: 256 (req),
                       min_tokens: 256 (req)
16:07:43.534 INFO:     #125 chat/completions (stream): 256 tokens generated at
                       136.6 T/s · prompt 851 tokens, none cached, 851 new in
                       0.29 s (2,934 T/s) · first token 0.30 s, total 2.17 s ·
                       draft 167/267 accepted (63%) · max_tokens reached
16:07:43.587 INFO:     #129 chat/completions (stream): 61 prompt tokens ·
                       temperature: 0, greedy (req), max_tokens: 256 (req),
                       min_tokens: 256 (req)
16:07:43.891 INFO:     #126 chat/completions (stream): 256 tokens generated at
                       158.2 T/s · prompt 121 tokens, none cached, 121 new in
                       0.10 s · first token 0.11 s, total 1.72 s · draft 180/228
                       accepted (79%) · max_tokens reached
16:07:43.945 INFO:     #130 chat/completions (stream): 1,431 prompt tokens ·
                       temperature: 0, greedy (req), max_tokens: 256 (req),
                       min_tokens: 256 (req)
16:07:44.741 INFO:     #128 chat/completions (stream): 256 tokens generated at
                       127.3 T/s · prompt 95 tokens, none cached, 95 new in 0.09
                       s · first token 0.09 s, total 2.11 s · draft 171/255
                       accepted (67%) · max_tokens reached
16:07:44.769 INFO:     #127 chat/completions (stream): 256 tokens generated at
                       115.6 T/s · prompt 62 tokens, none cached, 62 new in 0.07
                       s · first token 0.08 s, total 2.29 s · draft 164/276
                       accepted (59%) · max_tokens reached
16:07:44.783 INFO:     #131 chat/completions (stream): 670 prompt tokens ·
                       temperature: 0, greedy (req), max_tokens: 256 (req),
                       min_tokens: 256 (req)
16:07:45.062 INFO:     #132 chat/completions (stream): 393 prompt tokens ·
                       temperature: 0, greedy (req), max_tokens: 256 (req),
                       min_tokens: 256 (req)
16:07:46.287 INFO:     #130 chat/completions (stream): 256 tokens generated at
                       134.9 T/s · prompt 1,431 tokens, none cached, 1,431 new
                       in 0.37 s (3,868 T/s) · first token 0.37 s, total 2.27 s
                       · draft 178/234 accepted (76%) · max_tokens reached
16:07:46.338 INFO:     #133 chat/completions (stream): 242 prompt tokens ·
                       temperature: 0, greedy (req), max_tokens: 256 (req),
                       min_tokens: 256 (req)
16:07:46.634 INFO:     #129 chat/completions (stream): 256 tokens generated at
                       88.1 T/s · prompt 61 tokens, none cached, 61 new in 0.07
                       s · first token 0.08 s, total 2.98 s · draft 148/324
                       accepted (46%) · max_tokens reached
16:07:46.684 INFO:     #134 chat/completions (stream): 199 prompt tokens ·
                       temperature: 0, greedy (req), max_tokens: 256 (req),
                       min_tokens: 256 (req)
16:07:47.172 INFO:     #131 chat/completions (stream): 256 tokens generated at
                       124.2 T/s · prompt 670 tokens, none cached, 670 new in
                       0.25 s (2,680 T/s) · first token 0.26 s, total 2.32 s ·
                       draft 168/264 accepted (64%) · max_tokens reached
16:07:47.224 INFO:     #136 chat/completions (stream): 412 prompt tokens ·
                       temperature: 0, greedy (req), max_tokens: 256 (req),
                       min_tokens: 256 (req)
16:07:47.732 INFO:     #132 chat/completions (stream): 256 tokens generated at
                       109.2 T/s · prompt 393 tokens, none cached, 393 new in
                       0.25 s (1,572 T/s) · first token 0.25 s, total 2.60 s ·
                       draft 151/315 accepted (48%) · max_tokens reached
16:07:47.783 INFO:     #137 chat/completions (stream): 109 prompt tokens ·
                       temperature: 0, greedy (req), max_tokens: 256 (req),
                       min_tokens: 256 (req)
16:07:48.207 INFO:     #133 chat/completions (stream): 256 tokens generated at
                       152.0 T/s · prompt 242 tokens, none cached, 242 new in
                       0.11 s · first token 0.12 s, total 1.80 s · draft 186/210
                       accepted (89%) · max_tokens reached
16:07:48.258 INFO:     #138 chat/completions (stream): 92 prompt tokens ·
                       temperature: 0, greedy (req), max_tokens: 256 (req),
                       min_tokens: 256 (req)
16:07:49.131 INFO:     #134 chat/completions (stream): 256 tokens generated at
                       112.6 T/s · prompt 199 tokens, none cached, 199 new in
                       0.10 s · first token 0.10 s, total 2.38 s · draft 153/309
                       accepted (50%) · max_tokens reached
16:07:49.181 INFO:     #139 chat/completions (stream): 98 prompt tokens ·
                       temperature: 0, greedy (req), max_tokens: 256 (req),
                       min_tokens: 256 (req)
16:07:49.471 INFO:     #136 chat/completions (stream): 256 tokens generated at
                       132.7 T/s · prompt 412 tokens, none cached, 412 new in
                       0.23 s (1,791 T/s) · first token 0.24 s, total 2.16 s ·
                       draft 165/273 accepted (60%) · max_tokens reached
16:07:49.515 INFO:     #140 chat/completions (stream): 91 prompt tokens ·
                       temperature: 0, greedy (req), max_tokens: 256 (req),
                       min_tokens: 256 (req)
16:07:49.637 INFO:     #137 chat/completions (stream): 256 tokens generated at
                       159.7 T/s · prompt 109 tokens, none cached, 109 new in
                       0.09 s · first token 0.10 s, total 1.70 s · draft 178/234
                       accepted (76%) · max_tokens reached
16:07:49.689 INFO:     #141 chat/completions (stream): 774 prompt tokens ·
                       temperature: 0, greedy (req), max_tokens: 256 (req),
                       min_tokens: 256 (req)
16:07:50.771 INFO:     #138 chat/completions (stream): 256 tokens generated at
                       108.7 T/s · prompt 92 tokens, none cached, 92 new in 0.09
                       s · first token 0.10 s, total 2.45 s · draft 149/321
                       accepted (46%) · max_tokens reached
16:07:50.822 INFO:     #142 chat/completions (stream): 823 prompt tokens ·
                       temperature: 0, greedy (req), max_tokens: 256 (req),
                       min_tokens: 256 (req)
16:07:51.340 INFO:     #139 chat/completions (stream): 256 tokens generated at
                       128.0 T/s · prompt 98 tokens, none cached, 98 new in 0.09
                       s · first token 0.10 s, total 2.09 s · draft 177/237
                       accepted (75%) · max_tokens reached
16:07:51.389 INFO:     #143 chat/completions (stream): 75 prompt tokens ·
                       temperature: 0, greedy (req), max_tokens: 256 (req),
                       min_tokens: 256 (req)
16:07:51.627 INFO:     #140 chat/completions (stream): 256 tokens generated at
                       131.0 T/s · prompt 91 tokens, none cached, 91 new in 0.09
                       s · first token 0.10 s, total 2.05 s · draft 178/234
                       accepted (76%) · max_tokens reached
16:07:51.679 INFO:     #144 chat/completions (stream): 819 prompt tokens ·
                       temperature: 0, greedy (req), max_tokens: 256 (req),
                       min_tokens: 256 (req)
16:07:52.055 INFO:     #141 chat/completions (stream): 256 tokens generated at
                       123.0 T/s · prompt 774 tokens, none cached, 774 new in
                       0.22 s (3,518 T/s) · first token 0.22 s, total 2.31 s ·
                       draft 174/246 accepted (71%) · max_tokens reached
16:07:52.106 INFO:     #145 chat/completions (stream): 125 prompt tokens ·
                       temperature: 0, greedy (req), max_tokens: 256 (req),
                       min_tokens: 256 (req)
16:07:53.148 INFO:     #142 chat/completions (stream): 256 tokens generated at
                       129.1 T/s · prompt 823 tokens, none cached, 823 new in
                       0.27 s (3,048 T/s) · first token 0.28 s, total 2.26 s ·
                       draft 170/258 accepted (66%) · max_tokens reached
16:07:53.200 INFO:     #146 chat/completions (stream): 763 prompt tokens ·
                       temperature: 0, greedy (req), max_tokens: 256 (req),
                       min_tokens: 256 (req)
16:07:53.766 INFO:     #144 chat/completions (stream): 256 tokens generated at
                       146.6 T/s · prompt 819 tokens, none cached, 819 new in
                       0.27 s (3,033 T/s) · first token 0.27 s, total 2.02 s ·
                       draft 181/225 accepted (80%) · max_tokens reached
16:07:53.807 INFO:     #147 chat/completions (stream): 65 prompt tokens ·
                       temperature: 0, greedy (req), max_tokens: 256 (req),
                       min_tokens: 256 (req)
16:07:53.808 INFO:     #143 chat/completions (stream): 256 tokens generated at
                       112.2 T/s · prompt 75 tokens, none cached, 75 new in 0.08
                       s · first token 0.09 s, total 2.37 s · draft 165/273
                       accepted (60%) · max_tokens reached
16:07:53.934 INFO:     #148 chat/completions (stream): 536 prompt tokens ·
                       temperature: 0, greedy (req), max_tokens: 256 (req),
                       min_tokens: 256 (req)
16:07:54.176 INFO:     #145 chat/completions (stream): 256 tokens generated at
                       148.7 T/s · prompt 125 tokens, none cached, 125 new in
                       0.10 s · first token 0.11 s, total 1.83 s · draft 180/228
                       accepted (79%) · max_tokens reached
16:07:54.226 INFO:     #149 chat/completions (stream): 106 prompt tokens ·
                       temperature: 0, greedy (req), max_tokens: 256 (req),
                       min_tokens: 256 (req)
16:07:55.601 INFO:     #146 chat/completions (stream): 256 tokens generated at
                       125.6 T/s · prompt 763 tokens, none cached, 763 new in
                       0.29 s (2,631 T/s) · first token 0.30 s, total 2.33 s ·
                       draft 163/279 accepted (58%) · max_tokens reached
16:07:55.653 INFO:     #150 chat/completions (stream): 70 prompt tokens ·
                       temperature: 0, greedy (req), max_tokens: 256 (req),
                       min_tokens: 256 (req)
16:07:56.058 INFO:     #149 chat/completions (stream): 256 tokens generated at
                       152.5 T/s · prompt 106 tokens, none cached, 106 new in
                       0.09 s · first token 0.10 s, total 1.77 s · draft 169/261
                       accepted (65%) · max_tokens reached
16:07:56.082 INFO:     #147 chat/completions (stream): 256 tokens generated at
                       118.9 T/s · prompt 65 tokens, none cached, 65 new in 0.07
                       s · first token 0.08 s, total 2.23 s · draft 157/297
                       accepted (53%) · max_tokens reached
16:07:56.082 INFO:     #148 chat/completions (stream): 256 tokens generated at
                       134.1 T/s · prompt 536 tokens, none cached, 536 new in
                       0.19 s (2,821 T/s) · first token 0.19 s, total 2.10 s ·
                       draft 161/285 accepted (56%) · max_tokens reached
16:07:56.095 INFO:     #151 chat/completions (stream): 1,053 prompt tokens ·
                       temperature: 0, greedy (req), max_tokens: 256 (req),
                       min_tokens: 256 (req)
16:07:56.376 INFO:     #152 chat/completions (stream): 1,100 prompt tokens ·
                       temperature: 0, greedy (req), max_tokens: 256 (req),
                       min_tokens: 256 (req)
16:07:56.378 INFO:     #153 chat/completions (stream): 411 prompt tokens ·
                       temperature: 0, greedy (req), max_tokens: 256 (req),
                       min_tokens: 256 (req)
16:07:58.262 INFO:     #150 chat/completions (stream): 256 tokens generated at
                       104.0 T/s · prompt 70 tokens, none cached, 70 new in 0.08
                       s · first token 0.09 s, total 2.55 s · draft 164/276
                       accepted (59%) · max_tokens reached
16:07:58.313 INFO:     #154 chat/completions (stream): 128 prompt tokens ·
                       temperature: 0, greedy (req), max_tokens: 256 (req),
                       min_tokens: 256 (req)
16:07:58.598 INFO:     #152 chat/completions (stream): 256 tokens generated at
                       161.6 T/s · prompt 1,100 tokens, none cached, 1,100 new
                       in 0.56 s (1,964 T/s) · first token 0.57 s, total 2.15 s
                       · draft 176/240 accepted (73%) · max_tokens reached
16:07:58.637 INFO:     #155 chat/completions (stream): 84 prompt tokens ·
                       temperature: 0, greedy (req), max_tokens: 256 (req),
                       min_tokens: 256 (req)
16:07:58.738 INFO:     #153 chat/completions (stream): 256 tokens generated at
                       155.3 T/s · prompt 411 tokens, none cached, 411 new in
                       0.32 s (1,284 T/s) · queued 0.26 s, first token 0.58 s,
                       total 2.22 s · draft 172/252 accepted (68%) · max_tokens
                       reached
16:07:58.764 INFO:     #151 chat/completions (stream): 256 tokens generated at
                       113.0 T/s · prompt 1,053 tokens, none cached, 1,053 new
                       in 0.26 s (4,050 T/s) · first token 0.27 s, total 2.53 s
                       · draft 168/264 accepted (64%) · max_tokens reached
16:07:58.779 INFO:     #156 chat/completions (stream): 74 prompt tokens ·
                       temperature: 0, greedy (req), max_tokens: 256 (req),
                       min_tokens: 256 (req)
16:07:58.891 INFO:     #157 chat/completions (stream): 61 prompt tokens ·
                       temperature: 0, greedy (req), max_tokens: 256 (req),
                       min_tokens: 256 (req)
16:08:00.040 INFO:     #154 chat/completions (stream): 256 tokens generated at
                       164.3 T/s · prompt 128 tokens, none cached, 128 new in
                       0.10 s · first token 0.11 s, total 1.66 s · draft 182/222
                       accepted (82%) · max_tokens reached
16:08:00.090 INFO:     #158 chat/completions (stream): 80 prompt tokens ·
                       temperature: 0, greedy (req), max_tokens: 256 (req),
                       min_tokens: 256 (req)
16:08:00.785 INFO:     #157 chat/completions (stream): 256 tokens generated at
                       145.5 T/s · prompt 61 tokens, none cached, 61 new in 0.07
                       s · first token 0.07 s, total 1.83 s · draft 165/273
                       accepted (60%) · max_tokens reached
16:08:00.826 INFO:     #159 chat/completions (stream): 112 prompt tokens ·
                       temperature: 0, greedy (req), max_tokens: 256 (req),
                       min_tokens: 256 (req)
16:08:00.826 INFO:     #155 chat/completions (stream): 256 tokens generated at
                       125.1 T/s · prompt 84 tokens, none cached, 84 new in 0.08
                       s · first token 0.08 s, total 2.13 s · draft 156/300
                       accepted (52%) · max_tokens reached
16:08:00.976 INFO:     #160 chat/completions (stream): 83 prompt tokens ·
                       temperature: 0, greedy (req), max_tokens: 256 (req),
                       min_tokens: 256 (req)
16:08:01.330 INFO:     #156 chat/completions (stream): 256 tokens generated at
                       106.5 T/s · prompt 74 tokens, none cached, 74 new in 0.08
                       s · first token 0.09 s, total 2.49 s · draft 142/342
                       accepted (42%) · max_tokens reached
16:08:01.381 INFO:     #161 chat/completions (stream): 100 prompt tokens ·
                       temperature: 0, greedy (req), max_tokens: 256 (req),
                       min_tokens: 256 (req)
16:08:01.903 INFO:     #158 chat/completions (stream): 256 tokens generated at
                       154.1 T/s · prompt 80 tokens, none cached, 80 new in 0.08
                       s · first token 0.09 s, total 1.75 s · draft 179/231
                       accepted (77%) · max_tokens reached
16:08:01.953 INFO:     #162 chat/completions (stream): 127 prompt tokens ·
                       temperature: 0, greedy (req), max_tokens: 256 (req),
                       min_tokens: 256 (req)
16:08:02.634 INFO:     #159 chat/completions (stream): 256 tokens generated at
                       155.8 T/s · prompt 112 tokens, none cached, 112 new in
                       0.09 s · first token 0.10 s, total 1.74 s · draft 180/228
                       accepted (79%) · max_tokens reached
16:08:02.685 INFO:     #164 chat/completions (stream): 90 prompt tokens ·
                       temperature: 0, greedy (req), max_tokens: 256 (req),
                       min_tokens: 256 (req)
16:08:03.112 INFO:     #160 chat/completions (stream): 256 tokens generated at
                       129.1 T/s · prompt 83 tokens, none cached, 83 new in 0.08
                       s · first token 0.08 s, total 2.07 s · draft 161/285
                       accepted (56%) · max_tokens reached
16:08:03.156 INFO:     #165 chat/completions (stream): 63 prompt tokens ·
                       temperature: 0, greedy (req), max_tokens: 256 (req),
                       min_tokens: 256 (req)
16:08:03.263 INFO:     #161 chat/completions (stream): 256 tokens generated at
                       155.2 T/s · prompt 100 tokens, none cached, 100 new in
                       0.09 s · first token 0.10 s, total 1.75 s · draft 174/246
                       accepted (71%) · max_tokens reached
16:08:03.315 INFO:     #166 chat/completions (stream): 104 prompt tokens ·
                       temperature: 0, greedy (req), max_tokens: 256 (req),
                       min_tokens: 256 (req)
16:08:03.699 INFO:     #162 chat/completions (stream): 256 tokens generated at
                       162.7 T/s · prompt 127 tokens, none cached, 127 new in
                       0.10 s · first token 0.10 s, total 1.68 s · draft 183/219
                       accepted (84%) · max_tokens reached
16:08:03.751 INFO:     #167 chat/completions (stream): 80 prompt tokens ·
                       temperature: 0, greedy (req), max_tokens: 256 (req),
                       min_tokens: 256 (req)
16:08:04.768 INFO:     #164 chat/completions (stream): 256 tokens generated at
                       132.9 T/s · prompt 90 tokens, none cached, 90 new in 0.08
                       s · first token 0.09 s, total 2.01 s · draft 165/273
                       accepted (60%) · max_tokens reached
16:08:04.819 INFO:     #168 chat/completions (stream): 82 prompt tokens ·
                       temperature: 0, greedy (req), max_tokens: 256 (req),
                       min_tokens: 256 (req)
16:08:05.243 INFO:     #165 chat/completions (stream): 256 tokens generated at
                       131.4 T/s · prompt 63 tokens, none cached, 63 new in 0.07
                       s · first token 0.08 s, total 2.02 s · draft 165/273
                       accepted (60%) · max_tokens reached
16:08:05.296 INFO:     #169 chat/completions (stream): 809 prompt tokens ·
                       temperature: 0, greedy (req), max_tokens: 256 (req),
                       min_tokens: 256 (req)
16:08:05.705 INFO:     #166 chat/completions (stream): 256 tokens generated at
                       114.9 T/s · prompt 104 tokens, none cached, 104 new in
                       0.09 s · first token 0.09 s, total 2.32 s · draft 158/294
                       accepted (54%) · max_tokens reached
16:08:05.756 INFO:     #170 chat/completions (stream): 77 prompt tokens ·
                       temperature: 0, greedy (req), max_tokens: 256 (req),
                       min_tokens: 256 (req)
16:08:06.199 INFO:     #167 chat/completions (stream): 256 tokens generated at
                       111.2 T/s · prompt 80 tokens, none cached, 80 new in 0.08
                       s · first token 0.09 s, total 2.39 s · draft 153/309
                       accepted (50%) · max_tokens reached
16:08:06.249 INFO:     #171 chat/completions (stream): 64 prompt tokens ·
                       temperature: 0, greedy (req), max_tokens: 256 (req),
                       min_tokens: 256 (req)
16:08:07.287 INFO:     #168 chat/completions (stream): 256 tokens generated at
                       110.6 T/s · prompt 82 tokens, none cached, 82 new in 0.08
                       s · first token 0.09 s, total 2.40 s · draft 150/318
                       accepted (47%) · max_tokens reached
16:08:07.332 INFO:     #172 chat/completions (stream): 104 prompt tokens ·
                       temperature: 0, greedy (req), max_tokens: 256 (req),
                       min_tokens: 256 (req)
16:08:07.460 INFO:     #169 chat/completions (stream): 256 tokens generated at
                       147.6 T/s · prompt 809 tokens, none cached, 809 new in
                       0.27 s (2,996 T/s) · first token 0.27 s, total 2.01 s ·
                       draft 168/264 accepted (64%) · max_tokens reached
16:08:07.502 INFO:     #173 chat/completions (stream): 66 prompt tokens ·
                       temperature: 0, greedy (req), max_tokens: 256 (req),
                       min_tokens: 256 (req)
16:08:07.597 INFO:     #170 chat/completions (stream): 256 tokens generated at
                       158.2 T/s · prompt 77 tokens, none cached, 77 new in 0.08
                       s · first token 0.09 s, total 1.70 s · draft 175/243
                       accepted (72%) · max_tokens reached
16:08:07.649 INFO:     #174 chat/completions (stream): 786 prompt tokens ·
                       temperature: 0, greedy (req), max_tokens: 256 (req),
                       min_tokens: 256 (req)
16:08:08.167 INFO:     #171 chat/completions (stream): 256 tokens generated at
                       144.2 T/s · prompt 64 tokens, none cached, 64 new in 0.07
                       s · first token 0.08 s, total 1.85 s · draft 177/237
                       accepted (75%) · max_tokens reached
16:08:08.217 INFO:     #175 chat/completions (stream): 67 prompt tokens ·
                       temperature: 0, greedy (req), max_tokens: 256 (req),
                       min_tokens: 256 (req)
16:08:09.130 INFO:     #172 chat/completions (stream): 256 tokens generated at
                       156.7 T/s · prompt 104 tokens, none cached, 104 new in
                       0.09 s · first token 0.10 s, total 1.73 s · draft 184/216
                       accepted (85%) · max_tokens reached
16:08:09.184 INFO:     #176 chat/completions (stream): 831 prompt tokens ·
                       temperature: 0, greedy (req), max_tokens: 256 (req),
                       min_tokens: 256 (req)
16:08:09.805 INFO:     #173 chat/completions (stream): 256 tokens generated at
                       117.9 T/s · prompt 66 tokens, none cached, 66 new in 0.07
                       s · first token 0.07 s, total 2.25 s · draft 165/273
                       accepted (60%) · max_tokens reached
16:08:09.806 INFO:     #174 chat/completions (stream): 256 tokens generated at
                       135.6 T/s · prompt 786 tokens, none cached, 786 new in
                       0.21 s (3,743 T/s) · first token 0.21 s, total 2.10 s ·
                       draft 170/258 accepted (66%) · max_tokens reached
16:08:09.847 INFO:     #177 chat/completions (stream): 87 prompt tokens ·
                       temperature: 0, greedy (req), max_tokens: 256 (req),
                       min_tokens: 256 (req)
16:08:09.850 INFO:     #178 chat/completions (stream): 731 prompt tokens ·
                       temperature: 0, greedy (req), max_tokens: 256 (req),
                       min_tokens: 256 (req)
16:08:10.816 INFO:     #175 chat/completions (stream): 256 tokens generated at
                       104.3 T/s · prompt 67 tokens, none cached, 67 new in 0.07
                       s · first token 0.08 s, total 2.53 s · draft 153/309
                       accepted (50%) · max_tokens reached
16:08:10.869 INFO:     #179 chat/completions (stream): 1,138 prompt tokens ·
                       temperature: 0, greedy (req), max_tokens: 256 (req),
                       min_tokens: 256 (req)
16:08:11.993 INFO:     #176 chat/completions (stream): 256 tokens generated at
                       107.1 T/s · prompt 831 tokens, none cached, 831 new in
                       0.27 s (3,078 T/s) · first token 0.28 s, total 2.67 s ·
                       draft 160/288 accepted (56%) · max_tokens reached
16:08:12.040 INFO:     #180 chat/completions (stream): 128 prompt tokens ·
                       temperature: 0, greedy (req), max_tokens: 256 (req),
                       min_tokens: 256 (req)
16:08:12.192 INFO:     #177 chat/completions (stream): 256 tokens generated at
                       132.4 T/s · prompt 87 tokens, none cached, 87 new in 0.23
                       s · first token 0.24 s, total 2.18 s · draft 177/237
                       accepted (75%) · max_tokens reached
16:08:12.233 INFO:     #181 chat/completions (stream): 592 prompt tokens ·
                       temperature: 0, greedy (req), max_tokens: 256 (req),
                       min_tokens: 256 (req)
16:08:12.400 INFO:     #178 chat/completions (stream): 256 tokens generated at
                       129.7 T/s · prompt 731 tokens, none cached, 731 new in
                       0.27 s (2,707 T/s) · first token 0.36 s, total 2.34 s ·
                       draft 174/246 accepted (71%) · max_tokens reached
16:08:12.560 INFO:     #182 chat/completions (stream): 63 prompt tokens ·
                       temperature: 0, greedy (req), max_tokens: 256 (req),
                       min_tokens: 256 (req)
16:08:13.447 INFO:     #179 chat/completions (stream): 256 tokens generated at
                       119.0 T/s · prompt 1,138 tokens, none cached, 1,138 new
                       in 0.33 s (3,448 T/s) · first token 0.34 s, total 2.49 s
                       · draft 164/276 accepted (59%) · max_tokens reached
16:08:13.499 INFO:     #183 chat/completions (stream): 654 prompt tokens ·
                       temperature: 0, greedy (req), max_tokens: 256 (req),
                       min_tokens: 256 (req)
16:08:14.189 INFO:     #180 chat/completions (stream): 256 tokens generated at
                       129.4 T/s · prompt 128 tokens, none cached, 128 new in
                       0.10 s · first token 0.11 s, total 2.08 s · draft 179/231
                       accepted (77%) · max_tokens reached
16:08:14.241 INFO:     #184 chat/completions (stream): 586 prompt tokens ·
                       temperature: 0, greedy (req), max_tokens: 256 (req),
                       min_tokens: 256 (req)
16:08:14.850 INFO:     #181 chat/completions (stream): 256 tokens generated at
                       112.6 T/s · prompt 592 tokens, none cached, 592 new in
                       0.27 s (2,193 T/s) · first token 0.27 s, total 2.55 s ·
                       draft 164/276 accepted (59%) · max_tokens reached
16:08:14.901 INFO:     #185 chat/completions (stream): 212 prompt tokens ·
                       temperature: 0, greedy (req), max_tokens: 256 (req),
                       min_tokens: 256 (req)
16:08:15.296 INFO:     #182 chat/completions (stream): 256 tokens generated at
                       98.6 T/s · prompt 63 tokens, none cached, 63 new in 0.07
                       s · first token 0.08 s, total 2.67 s · draft 148/324
                       accepted (46%) · max_tokens reached
16:08:15.347 INFO:     #186 chat/completions (stream): 960 prompt tokens ·
                       temperature: 0, greedy (req), max_tokens: 256 (req),
                       min_tokens: 256 (req)
16:08:16.268 INFO:     #183 chat/completions (stream): 256 tokens generated at
                       105.7 T/s · prompt 654 tokens, none cached, 654 new in
                       0.28 s (2,336 T/s) · first token 0.29 s, total 2.71 s ·
                       draft 158/294 accepted (54%) · max_tokens reached
16:08:16.318 INFO:     #187 chat/completions (stream): 77 prompt tokens ·
                       temperature: 0, greedy (req), max_tokens: 256 (req),
                       min_tokens: 256 (req)
16:08:16.656 INFO:     #184 chat/completions (stream): 256 tokens generated at
                       124.5 T/s · prompt 586 tokens, none cached, 586 new in
                       0.28 s (2,093 T/s) · first token 0.29 s, total 2.34 s ·
                       draft 168/264 accepted (64%) · max_tokens reached
16:08:16.709 INFO:     #188 chat/completions (stream): 819 prompt tokens ·
                       temperature: 0, greedy (req), max_tokens: 256 (req),
                       min_tokens: 256 (req)
16:08:17.083 INFO:     #185 chat/completions (stream): 256 tokens generated at
                       127.7 T/s · prompt 212 tokens, none cached, 212 new in
                       0.10 s · first token 0.11 s, total 2.11 s · draft 179/231
                       accepted (77%) · max_tokens reached
16:08:17.136 INFO:     #190 chat/completions (stream): 780 prompt tokens ·
                       temperature: 0, greedy (req), max_tokens: 256 (req),
                       min_tokens: 256 (req)
16:08:18.166 INFO:     #186 chat/completions (stream): 256 tokens generated at
                       104.7 T/s · prompt 960 tokens, none cached, 960 new in
                       0.30 s (3,200 T/s) · first token 0.31 s, total 2.75 s ·
                       draft 152/312 accepted (49%) · max_tokens reached
16:08:18.215 INFO:     #191 chat/completions (stream): 134 prompt tokens ·
                       temperature: 0, greedy (req), max_tokens: 256 (req),
                       min_tokens: 256 (req)
16:08:18.742 INFO:     #187 chat/completions (stream): 256 tokens generated at
                       112.6 T/s · prompt 77 tokens, none cached, 77 new in 0.08
                       s · first token 0.09 s, total 2.36 s · draft 163/279
                       accepted (58%) · max_tokens reached
16:08:18.793 INFO:     #192 chat/completions (stream): 695 prompt tokens ·
                       temperature: 0, greedy (req), max_tokens: 256 (req),
                       min_tokens: 256 (req)
16:08:19.342 INFO:     #190 chat/completions (stream): 256 tokens generated at
                       134.9 T/s · prompt 780 tokens, none cached, 780 new in
                       0.24 s (3,250 T/s) · first token 0.25 s, total 2.14 s ·
                       draft 172/252 accepted (68%) · max_tokens reached
16:08:19.394 INFO:     #193 chat/completions (stream): 88 prompt tokens ·
                       temperature: 0, greedy (req), max_tokens: 256 (req),
                       min_tokens: 256 (req)
16:08:19.710 INFO:     #188 chat/completions (stream): 256 tokens generated at
                       96.1 T/s · prompt 819 tokens, none cached, 819 new in
                       0.27 s (3,033 T/s) · first token 0.28 s, total 2.94 s ·
                       draft 146/330 accepted (44%) · max_tokens reached
16:08:19.760 INFO:     #194 chat/completions (stream): 516 prompt tokens ·
                       temperature: 0, greedy (req), max_tokens: 256 (req),
                       min_tokens: 256 (req)
16:08:20.239 INFO:     #191 chat/completions (stream): 256 tokens generated at
                       138.5 T/s · prompt 134 tokens, none cached, 134 new in
                       0.11 s · first token 0.12 s, total 1.96 s · draft 181/225
                       accepted (80%) · max_tokens reached
16:08:20.290 INFO:     #195 chat/completions (stream): 93 prompt tokens ·
                       temperature: 0, greedy (req), max_tokens: 256 (req),
                       min_tokens: 256 (req)
16:08:21.123 INFO:     #192 chat/completions (stream): 256 tokens generated at
                       128.9 T/s · prompt 695 tokens, none cached, 695 new in
                       0.27 s (2,574 T/s) · first token 0.28 s, total 2.26 s ·
                       draft 164/276 accepted (59%) · max_tokens reached
16:08:21.175 INFO:     #196 chat/completions (stream): 775 prompt tokens ·
                       temperature: 0, greedy (req), max_tokens: 256 (req),
                       min_tokens: 256 (req)
16:08:21.543 INFO:     #193 chat/completions (stream): 256 tokens generated at
                       128.3 T/s · prompt 88 tokens, none cached, 88 new in 0.08
                       s · first token 0.09 s, total 2.08 s · draft 170/258
                       accepted (66%) · max_tokens reached
16:08:21.592 INFO:     #197 chat/completions (stream): 386 prompt tokens ·
                       temperature: 0, greedy (req), max_tokens: 256 (req),
                       min_tokens: 256 (req)
16:08:22.176 INFO:     #194 chat/completions (stream): 256 tokens generated at
                       117.9 T/s · prompt 516 tokens, none cached, 516 new in
                       0.18 s (2,867 T/s) · first token 0.19 s, total 2.36 s ·
                       draft 164/276 accepted (59%) · max_tokens reached
16:08:22.218 INFO:     #198 chat/completions (stream): 123 prompt tokens ·
                       temperature: 0, greedy (req), max_tokens: 256 (req),
                       min_tokens: 256 (req)
16:08:22.218 INFO:     #195 chat/completions (stream): 256 tokens generated at
                       143.8 T/s · prompt 93 tokens, none cached, 93 new in 0.09
                       s · first token 0.10 s, total 1.88 s · draft 181/225
                       accepted (80%) · max_tokens reached
16:08:22.370 INFO:     #199 chat/completions (stream): 78 prompt tokens ·
                       temperature: 0, greedy (req), max_tokens: 256 (req),
                       min_tokens: 256 (req)
16:08:23.540 INFO:     #196 chat/completions (stream): 256 tokens generated at
                       123.5 T/s · prompt 775 tokens, none cached, 775 new in
                       0.22 s (3,523 T/s) · first token 0.23 s, total 2.30 s ·
                       draft 163/279 accepted (58%) · max_tokens reached
16:08:23.581 INFO:     #200 chat/completions (stream): 116 prompt tokens ·
                       temperature: 0, greedy (req), max_tokens: 256 (req),
                       min_tokens: 256 (req)
16:08:23.699 INFO:     #197 chat/completions (stream): 256 tokens generated at
                       151.4 T/s · prompt 386 tokens, none cached, 386 new in
                       0.25 s (1,544 T/s) · first token 0.26 s, total 1.95 s ·
                       draft 171/255 accepted (67%) · max_tokens reached
16:08:23.747 INFO:     #201 chat/completions (stream): 67 prompt tokens ·
                       temperature: 0, greedy (req), max_tokens: 256 (req),
                       min_tokens: 256 (req)
16:08:24.181 INFO:     #199 chat/completions (stream): 256 tokens generated at
                       154.8 T/s · prompt 78 tokens, none cached, 78 new in 0.08
                       s · first token 0.08 s, total 1.74 s · draft 174/246
                       accepted (71%) · max_tokens reached
16:08:24.234 INFO:     #202 chat/completions (stream): 74 prompt tokens ·
                       temperature: 0, greedy (req), max_tokens: 256 (req),
                       min_tokens: 256 (req)
16:08:24.592 INFO:     #198 chat/completions (stream): 256 tokens generated at
                       116.3 T/s · prompt 123 tokens, none cached, 123 new in
                       0.10 s · first token 0.11 s, total 2.31 s · draft 154/306
                       accepted (50%) · max_tokens reached
16:08:24.648 INFO:     #203 chat/completions (stream): 148 prompt tokens ·
                       temperature: 0, greedy (req), max_tokens: 256 (req),
                       min_tokens: 256 (req)
16:08:25.537 INFO:     #201 chat/completions (stream): 256 tokens generated at
                       156.4 T/s · prompt 67 tokens, none cached, 67 new in 0.07
                       s · first token 0.07 s, total 1.71 s · draft 179/231
                       accepted (77%) · max_tokens reached
16:08:25.587 INFO:     #204 chat/completions (stream): 660 prompt tokens ·
                       temperature: 0, greedy (req), max_tokens: 256 (req),
                       min_tokens: 256 (req)
16:08:25.950 INFO:     #200 chat/completions (stream): 256 tokens generated at
                       116.3 T/s · prompt 116 tokens, none cached, 116 new in
                       0.10 s · first token 0.11 s, total 2.31 s · draft 165/273
                       accepted (60%) · max_tokens reached
16:08:25.999 INFO:     #205 chat/completions (stream): 62 prompt tokens ·
                       temperature: 0, greedy (req), max_tokens: 256 (req),
                       min_tokens: 256 (req)
16:08:26.475 INFO:     #202 chat/completions (stream): 256 tokens generated at
                       123.4 T/s · prompt 74 tokens, none cached, 74 new in 0.08
                       s · first token 0.09 s, total 2.16 s · draft 166/270
                       accepted (61%) · max_tokens reached
16:08:26.516 INFO:     #206 chat/completions (stream): 61 prompt tokens ·
                       temperature: 0, greedy (req), max_tokens: 256 (req),
                       min_tokens: 256 (req)
16:08:26.606 INFO:     #203 chat/completions (stream): 256 tokens generated at
                       148.5 T/s · prompt 148 tokens, none cached, 148 new in
                       0.09 s · first token 0.10 s, total 1.82 s · draft 179/231
                       accepted (77%) · max_tokens reached
16:08:26.656 INFO:     #207 chat/completions (stream): 91 prompt tokens ·
                       temperature: 0, greedy (req), max_tokens: 256 (req),
                       min_tokens: 256 (req)
16:08:27.868 INFO:     #204 chat/completions (stream): 256 tokens generated at
                       131.2 T/s · prompt 660 tokens, none cached, 660 new in
                       0.26 s (2,538 T/s) · first token 0.27 s, total 2.22 s ·
                       draft 161/285 accepted (56%) · max_tokens reached
16:08:27.918 INFO:     #208 chat/completions (stream): 86 prompt tokens ·
                       temperature: 0, greedy (req), max_tokens: 256 (req),
                       min_tokens: 256 (req)
16:08:28.263 INFO:     #207 chat/completions (stream): 256 tokens generated at
                       175.8 T/s · prompt 91 tokens, none cached, 91 new in 0.09
                       s · first token 0.09 s, total 1.55 s · draft 181/225
                       accepted (80%) · max_tokens reached
16:08:28.291 INFO:     #205 chat/completions (stream): 256 tokens generated at
                       118.5 T/s · prompt 62 tokens, none cached, 62 new in 0.07
                       s · first token 0.08 s, total 2.24 s · draft 150/318
                       accepted (47%) · max_tokens reached
16:08:28.303 INFO:     #209 chat/completions (stream): 64 prompt tokens ·
                       temperature: 0, greedy (req), max_tokens: 256 (req),
                       min_tokens: 256 (req)
16:08:28.407 INFO:     #210 chat/completions (stream): 745 prompt tokens ·
                       temperature: 0, greedy (req), max_tokens: 256 (req),
                       min_tokens: 256 (req)
16:08:28.597 INFO:     #206 chat/completions (stream): 256 tokens generated at
                       150.6 T/s · prompt 61 tokens, none cached, 61 new in 0.07
                       s · first token 0.08 s, total 1.77 s · draft 171/255
                       accepted (67%) · max_tokens reached
16:08:28.760 INFO:     #211 chat/completions (stream): 722 prompt tokens ·
                       temperature: 0, greedy (req), max_tokens: 256 (req),
                       min_tokens: 256 (req)
16:08:30.521 INFO:     #208 chat/completions (stream): 256 tokens generated at
                       104.5 T/s · prompt 86 tokens, none cached, 86 new in 0.08
                       s · first token 0.09 s, total 2.53 s · draft 154/306
                       accepted (50%) · max_tokens reached
16:08:30.567 INFO:     #212 chat/completions (stream): 115 prompt tokens ·
                       temperature: 0, greedy (req), max_tokens: 256 (req),
                       min_tokens: 256 (req)
16:08:30.715 INFO:     #210 chat/completions (stream): 256 tokens generated at
                       138.9 T/s · prompt 745 tokens, none cached, 745 new in
                       0.30 s (2,483 T/s) · first token 0.30 s, total 2.15 s ·
                       draft 169/261 accepted (65%) · max_tokens reached
16:08:30.759 INFO:     #213 chat/completions (stream): 91 prompt tokens ·
                       temperature: 0, greedy (req), max_tokens: 256 (req),
                       min_tokens: 256 (req)
16:08:30.880 INFO:     #209 chat/completions (stream): 256 tokens generated at
                       108.9 T/s · prompt 64 tokens, none cached, 64 new in 0.07
                       s · first token 0.08 s, total 2.43 s · draft 161/285
                       accepted (56%) · max_tokens reached
16:08:30.921 INFO:     #214 chat/completions (stream): 680 prompt tokens ·
                       temperature: 0, greedy (req), max_tokens: 256 (req),
                       min_tokens: 256 (req)
16:08:30.922 INFO:     #211 chat/completions (stream): 256 tokens generated at
                       140.0 T/s · prompt 722 tokens, none cached, 722 new in
                       0.27 s (2,674 T/s) · first token 0.28 s, total 2.10 s ·
                       draft 165/273 accepted (60%) · max_tokens reached
16:08:31.224 INFO:     #215 chat/completions (stream): 100 prompt tokens ·
                       temperature: 0, greedy (req), max_tokens: 256 (req),
                       min_tokens: 256 (req)
16:08:32.530 INFO:     #212 chat/completions (stream): 256 tokens generated at
                       141.8 T/s · prompt 115 tokens, none cached, 115 new in
                       0.10 s · first token 0.11 s, total 1.91 s · draft 178/234
                       accepted (76%) · max_tokens reached
16:08:32.545 INFO:     #213 chat/completions (stream): 256 tokens generated at
                       156.2 T/s · prompt 91 tokens, none cached, 91 new in 0.09
                       s · first token 0.09 s, total 1.73 s · draft 183/219
                       accepted (84%) · max_tokens reached
16:08:32.574 INFO:     #217 chat/completions (stream): 64 prompt tokens ·
                       temperature: 0, greedy (req), max_tokens: 256 (req),
                       min_tokens: 256 (req)
16:08:32.667 INFO:     #218 chat/completions (stream): 672 prompt tokens ·
                       temperature: 0, greedy (req), max_tokens: 256 (req),
                       min_tokens: 256 (req)
16:08:33.048 INFO:     #215 chat/completions (stream): 256 tokens generated at
                       153.8 T/s · prompt 100 tokens, none cached, 100 new in
                       0.09 s · first token 0.09 s, total 1.76 s · draft 180/228
                       accepted (79%) · max_tokens reached
16:08:33.099 INFO:     #219 chat/completions (stream): 875 prompt tokens ·
                       temperature: 0, greedy (req), max_tokens: 256 (req),
                       min_tokens: 256 (req)
16:08:33.597 INFO:     #214 chat/completions (stream): 256 tokens generated at
                       109.4 T/s · prompt 680 tokens, none cached, 680 new in
                       0.26 s (2,615 T/s) · first token 0.27 s, total 2.61 s ·
                       draft 163/279 accepted (58%) · max_tokens reached
16:08:33.648 INFO:     #220 chat/completions (stream): 139 prompt tokens ·
                       temperature: 0, greedy (req), max_tokens: 256 (req),
                       min_tokens: 256 (req)
16:08:34.793 INFO:     #217 chat/completions (stream): 256 tokens generated at
                       123.2 T/s · prompt 64 tokens, none cached, 64 new in 0.07
                       s · first token 0.08 s, total 2.15 s · draft 176/240
                       accepted (73%) · max_tokens reached
16:08:34.844 INFO:     #221 chat/completions (stream): 63 prompt tokens ·
                       temperature: 0, greedy (req), max_tokens: 256 (req),
                       min_tokens: 256 (req)
16:08:34.982 INFO:     #218 chat/completions (stream): 256 tokens generated at
                       133.9 T/s · prompt 672 tokens, none cached, 672 new in
                       0.26 s (2,585 T/s) · first token 0.26 s, total 2.18 s ·
                       draft 171/255 accepted (67%) · max_tokens reached
16:08:35.032 INFO:     #222 chat/completions (stream): 778 prompt tokens ·
                       temperature: 0, greedy (req), max_tokens: 256 (req),
                       min_tokens: 256 (req)
16:08:35.381 INFO:     #219 chat/completions (stream): 256 tokens generated at
                       133.6 T/s · prompt 875 tokens, none cached, 875 new in
                       0.30 s (2,917 T/s) · first token 0.31 s, total 2.22 s ·
                       draft 170/258 accepted (66%) · max_tokens reached
16:08:35.433 INFO:     #223 chat/completions (stream): 774 prompt tokens ·
                       temperature: 0, greedy (req), max_tokens: 256 (req),
                       min_tokens: 256 (req)
16:08:35.674 INFO:     #220 chat/completions (stream): 256 tokens generated at
                       154.8 T/s · prompt 139 tokens, none cached, 139 new in
                       0.11 s · first token 0.12 s, total 1.77 s · draft 178/234
                       accepted (76%) · max_tokens reached
16:08:35.725 INFO:     #224 chat/completions (stream): 65 prompt tokens ·
                       temperature: 0, greedy (req), max_tokens: 256 (req),
                       min_tokens: 256 (req)
16:08:37.009 INFO:     #222 chat/completions (stream): 256 tokens generated at
                       150.8 T/s · prompt 778 tokens, none cached, 778 new in
                       0.21 s (3,705 T/s) · first token 0.21 s, total 1.91 s ·
                       draft 175/243 accepted (72%) · max_tokens reached
16:08:37.059 INFO:     #225 chat/completions (stream): 117 prompt tokens ·
                       temperature: 0, greedy (req), max_tokens: 256 (req),
                       min_tokens: 256 (req)
16:08:37.225 INFO:     #223 chat/completions (stream): 256 tokens generated at
                       181.0 T/s · prompt 774 tokens, none cached, 774 new in
                       0.20 s (3,870 T/s) · first token 0.21 s, total 1.62 s ·
                       draft 180/228 accepted (79%) · max_tokens reached
16:08:37.275 INFO:     #226 chat/completions (stream): 405 prompt tokens ·
                       temperature: 0, greedy (req), max_tokens: 256 (req),
                       min_tokens: 256 (req)
16:08:37.845 INFO:     #221 chat/completions (stream): 256 tokens generated at
                       89.5 T/s · prompt 63 tokens, none cached, 63 new in 0.07
                       s · first token 0.08 s, total 2.94 s · draft 139/351
                       accepted (40%) · max_tokens reached
16:08:37.897 INFO:     #227 chat/completions (stream): 96 prompt tokens ·
                       temperature: 0, greedy (req), max_tokens: 256 (req),
                       min_tokens: 256 (req)
16:08:38.090 INFO:     #224 chat/completions (stream): 256 tokens generated at
                       115.0 T/s · prompt 65 tokens, none cached, 65 new in 0.07
                       s · first token 0.08 s, total 2.30 s · draft 155/303
                       accepted (51%) · max_tokens reached
16:08:38.145 INFO:     #228 chat/completions (stream): 1,533 prompt tokens ·
                       temperature: 0, greedy (req), max_tokens: 256 (req),
                       min_tokens: 256 (req)
16:08:39.301 INFO:     #225 chat/completions (stream): 256 tokens generated at
                       123.5 T/s · prompt 117 tokens, none cached, 117 new in
                       0.10 s · first token 0.11 s, total 2.18 s · draft 181/225
                       accepted (80%) · max_tokens reached
16:08:39.355 INFO:     #229 chat/completions (stream): 786 prompt tokens ·
                       temperature: 0, greedy (req), max_tokens: 256 (req),
                       min_tokens: 256 (req)
16:08:40.042 INFO:     #226 chat/completions (stream): 256 tokens generated at
                       105.4 T/s · prompt 405 tokens, none cached, 405 new in
                       0.27 s (1,500 T/s) · first token 0.27 s, total 2.70 s ·
                       draft 159/291 accepted (55%) · max_tokens reached
16:08:40.093 INFO:     #230 chat/completions (stream): 61 prompt tokens ·
                       temperature: 0, greedy (req), max_tokens: 256 (req),
                       min_tokens: 256 (req)
16:08:40.393 INFO:     #227 chat/completions (stream): 256 tokens generated at
                       109.5 T/s · prompt 96 tokens, none cached, 96 new in 0.09
                       s · first token 0.10 s, total 2.43 s · draft 163/279
                       accepted (58%) · max_tokens reached
16:08:40.461 INFO:     #231 chat/completions (stream): 84 prompt tokens ·
                       temperature: 0, greedy (req), max_tokens: 256 (req),
                       min_tokens: 256 (req)
16:08:40.738 INFO:     #228 chat/completions (stream): 256 tokens generated at
                       121.1 T/s · prompt 1,533 tokens, none cached, 1,533 new
                       in 0.41 s (3,739 T/s) · first token 0.41 s, total 2.53 s
                       · draft 159/291 accepted (55%) · max_tokens reached
16:08:40.789 INFO:     #232 chat/completions (stream): 92 prompt tokens ·
                       temperature: 0, greedy (req), max_tokens: 256 (req),
                       min_tokens: 256 (req)
16:08:41.289 INFO:     #229 chat/completions (stream): 256 tokens generated at
                       156.1 T/s · prompt 786 tokens, none cached, 786 new in
                       0.22 s (3,573 T/s) · first token 0.23 s, total 1.87 s ·
                       draft 178/234 accepted (76%) · max_tokens reached
16:08:41.341 INFO:     #233 chat/completions (stream): 388 prompt tokens ·
                       temperature: 0, greedy (req), max_tokens: 256 (req),
                       min_tokens: 256 (req)
16:08:42.095 INFO:     #230 chat/completions (stream): 256 tokens generated at
                       137.4 T/s · prompt 61 tokens, none cached, 61 new in 0.07
                       s · first token 0.08 s, total 1.94 s · draft 175/243
                       accepted (72%) · max_tokens reached
16:08:42.143 INFO:     #234 chat/completions (stream): 63 prompt tokens ·
                       temperature: 0, greedy (req), max_tokens: 256 (req),
                       min_tokens: 256 (req)
16:08:42.705 INFO:     #232 chat/completions (stream): 256 tokens generated at
                       145.2 T/s · prompt 92 tokens, none cached, 92 new in 0.08
                       s · first token 0.08 s, total 1.85 s · draft 175/243
                       accepted (72%) · max_tokens reached
16:08:42.746 INFO:     #235 chat/completions (stream): 78 prompt tokens ·
                       temperature: 0, greedy (req), max_tokens: 256 (req),
                       min_tokens: 256 (req)
16:08:42.747 INFO:     #231 chat/completions (stream): 256 tokens generated at
                       119.6 T/s · prompt 84 tokens, none cached, 84 new in 0.08
                       s · first token 0.09 s, total 2.23 s · draft 158/294
                       accepted (54%) · max_tokens reached
16:08:42.881 INFO:     #236 chat/completions (stream): 707 prompt tokens ·
                       temperature: 0, greedy (req), max_tokens: 256 (req),
                       min_tokens: 256 (req)
16:08:43.602 INFO:     #233 chat/completions (stream): 256 tokens generated at
                       131.8 T/s · prompt 388 tokens, none cached, 388 new in
                       0.25 s (1,552 T/s) · first token 0.26 s, total 2.20 s ·
                       draft 171/255 accepted (67%) · max_tokens reached
16:08:43.652 INFO:     #237 chat/completions (stream): 316 prompt tokens ·
                       temperature: 0, greedy (req), max_tokens: 256 (req),
                       min_tokens: 256 (req)
16:08:44.714 INFO:     #234 chat/completions (stream): 256 tokens generated at
                       105.3 T/s · prompt 63 tokens, none cached, 63 new in 0.07
                       s · first token 0.08 s, total 2.51 s · draft 152/312
                       accepted (49%) · max_tokens reached
16:08:44.764 INFO:     #238 chat/completions (stream): 70 prompt tokens ·
                       temperature: 0, greedy (req), max_tokens: 256 (req),
                       min_tokens: 256 (req)
16:08:45.000 INFO:     #236 chat/completions (stream): 256 tokens generated at
                       143.9 T/s · prompt 707 tokens, none cached, 707 new in
                       0.27 s (2,619 T/s) · first token 0.27 s, total 2.05 s ·
                       draft 174/246 accepted (71%) · max_tokens reached
16:08:45.050 INFO:     #239 chat/completions (stream): 85 prompt tokens ·
                       temperature: 0, greedy (req), max_tokens: 256 (req),
                       min_tokens: 256 (req)
16:08:45.295 INFO:     #235 chat/completions (stream): 256 tokens generated at
                       106.7 T/s · prompt 78 tokens, none cached, 78 new in 0.08
                       s · first token 0.09 s, total 2.48 s · draft 158/294
                       accepted (54%) · max_tokens reached
16:08:45.347 INFO:     #240 chat/completions (stream): 689 prompt tokens ·
                       temperature: 0, greedy (req), max_tokens: 256 (req),
                       min_tokens: 256 (req)
16:08:45.750 INFO:     #237 chat/completions (stream): 256 tokens generated at
                       140.8 T/s · prompt 316 tokens, none cached, 316 new in
                       0.21 s (1,505 T/s) · first token 0.22 s, total 2.03 s ·
                       draft 178/234 accepted (76%) · max_tokens reached
16:08:45.801 INFO:     #241 chat/completions (stream): 118 prompt tokens ·
                       temperature: 0, greedy (req), max_tokens: 256 (req),
                       min_tokens: 256 (req)
16:08:47.218 INFO:     #238 chat/completions (stream): 256 tokens generated at
                       110.9 T/s · prompt 70 tokens, none cached, 70 new in 0.08
                       s · first token 0.09 s, total 2.39 s · draft 152/312
                       accepted (49%) · max_tokens reached
16:08:47.268 INFO:     #243 chat/completions (stream): 811 prompt tokens ·
                       temperature: 0, greedy (req), max_tokens: 256 (req),
                       min_tokens: 256 (req)
16:08:47.580 INFO:     #241 chat/completions (stream): 256 tokens generated at
                       188.0 T/s · prompt 118 tokens, none cached, 118 new in
                       0.10 s · first token 0.11 s, total 1.47 s · draft 181/225
                       accepted (80%) · max_tokens reached
16:08:47.631 INFO:     #244 chat/completions (stream): 560 prompt tokens ·
                       temperature: 0, greedy (req), max_tokens: 256 (req),
                       min_tokens: 256 (req)
16:08:47.968 INFO:     #239 chat/completions (stream): 256 tokens generated at
                       92.1 T/s · prompt 85 tokens, none cached, 85 new in 0.08
                       s · first token 0.09 s, total 2.86 s · draft 146/330
                       accepted (44%) · max_tokens reached
16:08:47.969 INFO:     #240 chat/completions (stream): 256 tokens generated at
                       111.0 T/s · prompt 689 tokens, none cached, 689 new in
                       0.26 s (2,650 T/s) · first token 0.27 s, total 2.57 s ·
                       draft 159/291 accepted (55%) · max_tokens reached
16:08:48.011 INFO:     #245 chat/completions (stream): 105 prompt tokens ·
                       temperature: 0, greedy (req), max_tokens: 256 (req),
                       min_tokens: 256 (req)
16:08:48.014 INFO:     #246 chat/completions (stream): 715 prompt tokens ·
                       temperature: 0, greedy (req), max_tokens: 256 (req),
                       min_tokens: 256 (req)
16:08:49.862 INFO:     #244 chat/completions (stream): 256 tokens generated at
                       132.1 T/s · prompt 560 tokens, none cached, 560 new in
                       0.23 s (2,435 T/s) · first token 0.24 s, total 2.17 s ·
                       draft 168/264 accepted (64%) · max_tokens reached
16:08:49.885 INFO:     #243 chat/completions (stream): 256 tokens generated at
                       111.2 T/s · prompt 811 tokens, none cached, 811 new in
                       0.26 s (3,119 T/s) · first token 0.27 s, total 2.57 s ·
                       draft 159/291 accepted (55%) · max_tokens reached
16:08:49.896 INFO:     #247 chat/completions (stream): 116 prompt tokens ·
                       temperature: 0, greedy (req), max_tokens: 256 (req),
                       min_tokens: 256 (req)
16:08:50.012 INFO:     #245 chat/completions (stream): 256 tokens generated at
                       160.5 T/s · prompt 105 tokens, none cached, 105 new in
                       0.24 s · first token 0.25 s, total 1.85 s · draft 174/246
                       accepted (71%) · max_tokens reached
16:08:50.026 INFO:     #248 chat/completions (stream): 69 prompt tokens ·
                       temperature: 0, greedy (req), max_tokens: 256 (req),
                       min_tokens: 256 (req)
16:08:50.138 INFO:     #249 chat/completions (stream): 63 prompt tokens ·
                       temperature: 0, greedy (req), max_tokens: 256 (req),
                       min_tokens: 256 (req)
16:08:50.309 INFO:     #246 chat/completions (stream): 256 tokens generated at
                       137.5 T/s · prompt 715 tokens, none cached, 715 new in
                       0.27 s (2,648 T/s) · queued 0.10 s, first token 0.37 s,
                       total 2.23 s · draft 166/270 accepted (61%) · max_tokens
                       reached
16:08:50.357 INFO:     #250 chat/completions (stream): 74 prompt tokens ·
                       temperature: 0, greedy (req), max_tokens: 256 (req),
                       min_tokens: 256 (req)
16:08:51.785 INFO:     #247 chat/completions (stream): 256 tokens generated at
                       148.6 T/s · prompt 116 tokens, none cached, 116 new in
                       0.10 s · first token 0.11 s, total 1.83 s · draft 172/252
                       accepted (68%) · max_tokens reached
16:08:51.837 INFO:     #251 chat/completions (stream): 755 prompt tokens ·
                       temperature: 0, greedy (req), max_tokens: 256 (req),
                       min_tokens: 256 (req)
16:08:52.160 INFO:     #249 chat/completions (stream): 256 tokens generated at
                       157.7 T/s · prompt 63 tokens, none cached, 63 new in 0.07
                       s · first token 0.07 s, total 1.70 s · draft 169/261
                       accepted (65%) · max_tokens reached
16:08:52.210 INFO:     #252 chat/completions (stream): 119 prompt tokens ·
                       temperature: 0, greedy (req), max_tokens: 256 (req),
                       min_tokens: 256 (req)
16:08:52.473 INFO:     #250 chat/completions (stream): 256 tokens generated at
                       130.5 T/s · prompt 74 tokens, none cached, 74 new in 0.08
                       s · first token 0.08 s, total 2.05 s · draft 166/270
                       accepted (61%) · max_tokens reached
16:08:52.522 INFO:     #253 chat/completions (stream): 157 prompt tokens ·
                       temperature: 0, greedy (req), max_tokens: 256 (req),
                       min_tokens: 256 (req)
16:08:52.683 INFO:     #248 chat/completions (stream): 256 tokens generated at
                       106.1 T/s · prompt 69 tokens, none cached, 69 new in 0.07
                       s · first token 0.08 s, total 2.49 s · draft 148/324
                       accepted (46%) · max_tokens reached
16:08:52.734 INFO:     #254 chat/completions (stream): 588 prompt tokens ·
                       temperature: 0, greedy (req), max_tokens: 256 (req),
                       min_tokens: 256 (req)
16:08:54.023 INFO:     #252 chat/completions (stream): 256 tokens generated at
                       155.7 T/s · prompt 119 tokens, none cached, 119 new in
                       0.10 s · first token 0.11 s, total 1.75 s · draft 182/222
                       accepted (82%) · max_tokens reached
16:08:54.073 INFO:     #255 chat/completions (stream): 86 prompt tokens ·
                       temperature: 0, greedy (req), max_tokens: 256 (req),
                       min_tokens: 256 (req)
16:08:54.393 INFO:     #251 chat/completions (stream): 256 tokens generated at
                       115.1 T/s · prompt 755 tokens, none cached, 755 new in
                       0.27 s (2,796 T/s) · first token 0.28 s, total 2.50 s ·
                       draft 159/291 accepted (55%) · max_tokens reached
16:08:54.408 INFO:     #253 chat/completions (stream): 256 tokens generated at
                       147.7 T/s · prompt 157 tokens, none cached, 157 new in
                       0.09 s · first token 0.10 s, total 1.83 s · draft 176/240
                       accepted (73%) · max_tokens reached
16:08:54.450 INFO:     #256 chat/completions (stream): 71 prompt tokens ·
                       temperature: 0, greedy (req), max_tokens: 256 (req),
                       min_tokens: 256 (req)
16:08:54.552 INFO:     #257 chat/completions (stream): 1,392 prompt tokens ·
                       temperature: 0, greedy (req), max_tokens: 256 (req),
                       min_tokens: 256 (req)
16:08:55.374 INFO:     #254 chat/completions (stream): 256 tokens generated at
                       110.2 T/s · prompt 588 tokens, none cached, 588 new in
                       0.25 s (2,352 T/s) · first token 0.25 s, total 2.58 s ·
                       draft 154/306 accepted (50%) · max_tokens reached
16:08:55.445 INFO:     #258 chat/completions (stream): 107 prompt tokens ·
                       temperature: 0, greedy (req), max_tokens: 256 (req),
                       min_tokens: 256 (req)
16:08:56.396 INFO:     #255 chat/completions (stream): 256 tokens generated at
                       118.2 T/s · prompt 86 tokens, none cached, 86 new in 0.08
                       s · first token 0.09 s, total 2.25 s · draft 164/276
                       accepted (59%) · max_tokens reached
16:08:56.462 INFO:     #259 chat/completions (stream): 75 prompt tokens ·
                       temperature: 0, greedy (req), max_tokens: 256 (req),
                       min_tokens: 256 (req)
16:08:56.863 INFO:     #257 chat/completions (stream): 256 tokens generated at
                       136.1 T/s · prompt 1,392 tokens, none cached, 1,392 new
                       in 0.36 s (3,867 T/s) · first token 0.36 s, total 2.25 s
                       · draft 162/282 accepted (57%) · max_tokens reached
16:08:56.912 INFO:     #260 chat/completions (stream): 97 prompt tokens ·
                       temperature: 0, greedy (req), max_tokens: 256 (req),
                       min_tokens: 256 (req)
16:08:57.135 INFO:     #256 chat/completions (stream): 256 tokens generated at
                       101.0 T/s · prompt 71 tokens, none cached, 71 new in 0.08
                       s · first token 0.09 s, total 2.62 s · draft 150/318
                       accepted (47%) · max_tokens reached
16:08:57.184 INFO:     #261 chat/completions (stream): 81 prompt tokens ·
                       temperature: 0, greedy (req), max_tokens: 256 (req),
                       min_tokens: 256 (req)
16:08:57.760 INFO:     #258 chat/completions (stream): 256 tokens generated at
                       118.9 T/s · prompt 107 tokens, none cached, 107 new in
                       0.09 s · first token 0.10 s, total 2.25 s · draft 151/315
                       accepted (48%) · max_tokens reached
16:08:57.811 INFO:     #262 chat/completions (stream): 642 prompt tokens ·
                       temperature: 0, greedy (req), max_tokens: 256 (req),
                       min_tokens: 256 (req)
16:08:58.739 INFO:     #259 chat/completions (stream): 256 tokens generated at
                       120.3 T/s · prompt 75 tokens, none cached, 75 new in 0.08
                       s · first token 0.09 s, total 2.21 s · draft 161/285
                       accepted (56%) · max_tokens reached
16:08:58.789 INFO:     #263 chat/completions (stream): 61 prompt tokens ·
                       temperature: 0, greedy (req), max_tokens: 256 (req),
                       min_tokens: 256 (req)
16:08:58.961 INFO:     #260 chat/completions (stream): 256 tokens generated at
                       135.9 T/s · prompt 97 tokens, none cached, 97 new in 0.10
                       s · first token 0.10 s, total 1.99 s · draft 173/249
                       accepted (69%) · max_tokens reached
16:08:59.002 INFO:     #264 chat/completions (stream): 128 prompt tokens ·
                       temperature: 0, greedy (req), max_tokens: 256 (req),
                       min_tokens: 256 (req)
16:08:59.003 INFO:     #261 chat/completions (stream): 256 tokens generated at
                       152.4 T/s · prompt 81 tokens, none cached, 81 new in 0.08
                       s · first token 0.09 s, total 1.76 s · draft 180/228
                       accepted (79%) · max_tokens reached
16:08:59.160 INFO:     #265 chat/completions (stream): 712 prompt tokens ·
                       temperature: 0, greedy (req), max_tokens: 256 (req),
                       min_tokens: 256 (req)
16:09:00.235 INFO:     #262 chat/completions (stream): 256 tokens generated at
                       122.5 T/s · prompt 642 tokens, none cached, 642 new in
                       0.26 s (2,469 T/s) · first token 0.27 s, total 2.35 s ·
                       draft 163/279 accepted (58%) · max_tokens reached
16:09:00.285 INFO:     #266 chat/completions (stream): 94 prompt tokens ·
                       temperature: 0, greedy (req), max_tokens: 256 (req),
                       min_tokens: 256 (req)
16:09:00.875 INFO:     #263 chat/completions (stream): 256 tokens generated at
                       130.7 T/s · prompt 61 tokens, none cached, 61 new in 0.07
                       s · first token 0.08 s, total 2.03 s · draft 172/252
                       accepted (68%) · max_tokens reached
16:09:00.875 INFO:     #264 chat/completions (stream): 256 tokens generated at
                       149.1 T/s · prompt 128 tokens, none cached, 128 new in
                       0.10 s · first token 0.11 s, total 1.82 s · draft 181/225
                       accepted (80%) · max_tokens reached
16:09:00.917 INFO:     #267 chat/completions (stream): 66 prompt tokens ·
                       temperature: 0, greedy (req), max_tokens: 256 (req),
                       min_tokens: 256 (req)
16:09:00.919 INFO:     #268 chat/completions (stream): 93 prompt tokens ·
                       temperature: 0, greedy (req), max_tokens: 256 (req),
                       min_tokens: 256 (req)
16:09:01.385 INFO:     #265 chat/completions (stream): 256 tokens generated at
                       135.9 T/s · prompt 712 tokens, none cached, 712 new in
                       0.27 s (2,637 T/s) · first token 0.27 s, total 2.16 s ·
                       draft 165/273 accepted (60%) · max_tokens reached
16:09:01.444 INFO:     #269 chat/completions (stream): 108 prompt tokens ·
                       temperature: 0, greedy (req), max_tokens: 256 (req),
                       min_tokens: 256 (req)
16:09:02.376 INFO:     #266 chat/completions (stream): 256 tokens generated at
                       132.5 T/s · prompt 94 tokens, none cached, 94 new in 0.09
                       s · first token 0.10 s, total 2.03 s · draft 163/279
                       accepted (58%) · max_tokens reached
16:09:02.440 INFO:     #271 chat/completions (stream): 93 prompt tokens ·
                       temperature: 0, greedy (req), max_tokens: 256 (req),
                       min_tokens: 256 (req)
16:09:02.831 INFO:     #268 chat/completions (stream): 256 tokens generated at
                       152.6 T/s · prompt 93 tokens, none cached, 93 new in 0.09
                       s · first token 0.17 s, total 1.85 s · draft 174/246
                       accepted (71%) · max_tokens reached
16:09:02.883 INFO:     #272 chat/completions (stream): 86 prompt tokens ·
                       temperature: 0, greedy (req), max_tokens: 256 (req),
                       min_tokens: 256 (req)
16:09:03.089 INFO:     #267 chat/completions (stream): 256 tokens generated at
                       132.2 T/s · prompt 66 tokens, none cached, 66 new in 0.16
                       s · first token 0.17 s, total 2.11 s · draft 164/276
                       accepted (59%) · max_tokens reached
16:09:03.139 INFO:     #273 chat/completions (stream): 87 prompt tokens ·
                       temperature: 0, greedy (req), max_tokens: 256 (req),
                       min_tokens: 256 (req)
16:09:03.418 INFO:     #269 chat/completions (stream): 256 tokens generated at
                       141.6 T/s · prompt 108 tokens, none cached, 108 new in
                       0.09 s · first token 0.10 s, total 1.90 s · draft 170/258
                       accepted (66%) · max_tokens reached
16:09:03.476 INFO:     #274 chat/completions (stream): 91 prompt tokens ·
                       temperature: 0, greedy (req), max_tokens: 256 (req),
                       min_tokens: 256 (req)
16:09:04.201 INFO:     #271 chat/completions (stream): 256 tokens generated at
                       159.7 T/s · prompt 93 tokens, none cached, 93 new in 0.09
                       s · first token 0.10 s, total 1.70 s · draft 180/228
                       accepted (79%) · max_tokens reached
16:09:04.252 INFO:     #275 chat/completions (stream): 849 prompt tokens ·
                       temperature: 0, greedy (req), max_tokens: 256 (req),
                       min_tokens: 256 (req)
16:09:04.882 INFO:     #272 chat/completions (stream): 256 tokens generated at
                       138.8 T/s · prompt 86 tokens, none cached, 86 new in 0.08
                       s · first token 0.09 s, total 1.93 s · draft 177/237
                       accepted (75%) · max_tokens reached
16:09:04.934 INFO:     #276 chat/completions (stream): 82 prompt tokens ·
                       temperature: 0, greedy (req), max_tokens: 256 (req),
                       min_tokens: 256 (req)
16:09:05.509 INFO:     #273 chat/completions (stream): 256 tokens generated at
                       115.6 T/s · prompt 87 tokens, none cached, 87 new in 0.08
                       s · first token 0.08 s, total 2.30 s · draft 157/297
                       accepted (53%) · max_tokens reached
16:09:05.559 INFO:     #277 chat/completions (stream): 64 prompt tokens ·
                       temperature: 0, greedy (req), max_tokens: 256 (req),
                       min_tokens: 256 (req)
16:09:05.972 INFO:     #274 chat/completions (stream): 256 tokens generated at
                       109.3 T/s · prompt 91 tokens, none cached, 91 new in 0.08
                       s · first token 0.09 s, total 2.43 s · draft 149/321
                       accepted (46%) · max_tokens reached
16:09:06.022 INFO:     #278 chat/completions (stream): 117 prompt tokens ·
                       temperature: 0, greedy (req), max_tokens: 256 (req),
                       min_tokens: 256 (req)
16:09:06.459 INFO:     #275 chat/completions (stream): 256 tokens generated at
                       139.6 T/s · prompt 849 tokens, none cached, 849 new in
                       0.29 s (2,928 T/s) · first token 0.30 s, total 2.13 s ·
                       draft 168/264 accepted (64%) · max_tokens reached
16:09:06.514 INFO:     #279 chat/completions (stream): 1,307 prompt tokens ·
                       temperature: 0, greedy (req), max_tokens: 256 (req),
                       min_tokens: 256 (req)
16:09:07.104 INFO:     #276 chat/completions (stream): 256 tokens generated at
                       127.0 T/s · prompt 82 tokens, none cached, 82 new in 0.08
                       s · first token 0.09 s, total 2.10 s · draft 169/261
                       accepted (65%) · max_tokens reached
16:09:07.156 INFO:     #280 chat/completions (stream): 93 prompt tokens ·
                       temperature: 0, greedy (req), max_tokens: 256 (req),
                       min_tokens: 256 (req)
16:09:07.933 INFO:     #278 chat/completions (stream): 256 tokens generated at
                       147.1 T/s · prompt 117 tokens, none cached, 117 new in
                       0.10 s · first token 0.11 s, total 1.85 s · draft 181/225
                       accepted (80%) · max_tokens reached
16:09:07.975 INFO:     #281 chat/completions (stream): 108 prompt tokens ·
                       temperature: 0, greedy (req), max_tokens: 256 (req),
                       min_tokens: 256 (req)
16:09:08.091 INFO:     #277 chat/completions (stream): 256 tokens generated at
                       111.5 T/s · prompt 64 tokens, none cached, 64 new in 0.07
                       s · first token 0.08 s, total 2.37 s · draft 155/303
                       accepted (51%) · max_tokens reached
16:09:08.143 INFO:     #282 chat/completions (stream): 97 prompt tokens ·
                       temperature: 0, greedy (req), max_tokens: 256 (req),
                       min_tokens: 256 (req)
16:09:08.871 INFO:     #279 chat/completions (stream): 256 tokens generated at
                       127.9 T/s · prompt 1,307 tokens, none cached, 1,307 new
                       in 0.29 s (4,507 T/s) · first token 0.30 s, total 2.30 s
                       · draft 160/288 accepted (56%) · max_tokens reached
16:09:08.922 INFO:     #283 chat/completions (stream): 752 prompt tokens ·
                       temperature: 0, greedy (req), max_tokens: 256 (req),
                       min_tokens: 256 (req)
16:09:09.522 INFO:     #280 chat/completions (stream): 256 tokens generated at
                       115.9 T/s · prompt 93 tokens, none cached, 93 new in 0.09
                       s · first token 0.10 s, total 2.30 s · draft 158/294
                       accepted (54%) · max_tokens reached
16:09:09.575 INFO:     #284 chat/completions (stream): 772 prompt tokens ·
                       temperature: 0, greedy (req), max_tokens: 256 (req),
                       min_tokens: 256 (req)
16:09:10.200 INFO:     #282 chat/completions (stream): 256 tokens generated at
                       134.7 T/s · prompt 97 tokens, none cached, 97 new in 0.09
                       s · first token 0.09 s, total 1.99 s · draft 175/243
                       accepted (72%) · max_tokens reached
16:09:10.245 INFO:     #285 chat/completions (stream): 84 prompt tokens ·
                       temperature: 0, greedy (req), max_tokens: 256 (req),
                       min_tokens: 256 (req)
16:09:10.364 INFO:     #281 chat/completions (stream): 256 tokens generated at
                       119.6 T/s · prompt 108 tokens, none cached, 108 new in
                       0.09 s · first token 0.10 s, total 2.24 s · draft 166/270
                       accepted (61%) · max_tokens reached
16:09:10.414 INFO:     #286 chat/completions (stream): 76 prompt tokens ·
                       temperature: 0, greedy (req), max_tokens: 256 (req),
                       min_tokens: 256 (req)
16:09:11.243 INFO:     #283 chat/completions (stream): 256 tokens generated at
                       129.2 T/s · prompt 752 tokens, none cached, 752 new in
                       0.27 s (2,785 T/s) · first token 0.28 s, total 2.26 s ·
                       draft 165/273 accepted (60%) · max_tokens reached
16:09:11.294 INFO:     #287 chat/completions (stream): 881 prompt tokens ·
                       temperature: 0, greedy (req), max_tokens: 256 (req),
                       min_tokens: 256 (req)
16:09:11.765 INFO:     #284 chat/completions (stream): 256 tokens generated at
                       133.9 T/s · prompt 772 tokens, none cached, 772 new in
                       0.21 s (3,676 T/s) · first token 0.22 s, total 2.13 s ·
                       draft 173/249 accepted (69%) · max_tokens reached
16:09:11.815 INFO:     #288 chat/completions (stream): 78 prompt tokens ·
                       temperature: 0, greedy (req), max_tokens: 256 (req),
                       min_tokens: 256 (req)
16:09:12.417 INFO:     #286 chat/completions (stream): 256 tokens generated at
                       138.7 T/s · prompt 76 tokens, none cached, 76 new in 0.08
                       s · first token 0.09 s, total 1.93 s · draft 172/252
                       accepted (68%) · max_tokens reached
16:09:12.477 INFO:     #289 chat/completions (stream): 681 prompt tokens ·
                       temperature: 0, greedy (req), max_tokens: 256 (req),
                       min_tokens: 256 (req)
16:09:12.889 INFO:     #285 chat/completions (stream): 256 tokens generated at
                       102.7 T/s · prompt 84 tokens, none cached, 84 new in 0.08
                       s · first token 0.09 s, total 2.58 s · draft 154/306
                       accepted (50%) · max_tokens reached
16:09:12.943 INFO:     #290 chat/completions (stream): 947 prompt tokens ·
                       temperature: 0, greedy (req), max_tokens: 256 (req),
                       min_tokens: 256 (req)
16:09:13.796 INFO:     #287 chat/completions (stream): 256 tokens generated at
                       119.8 T/s · prompt 881 tokens, none cached, 881 new in
                       0.29 s (3,038 T/s) · first token 0.30 s, total 2.43 s ·
                       draft 170/258 accepted (66%) · max_tokens reached
16:09:13.847 INFO:     #291 chat/completions (stream): 98 prompt tokens ·
                       temperature: 0, greedy (req), max_tokens: 256 (req),
                       min_tokens: 256 (req)
16:09:14.210 INFO:     #288 chat/completions (stream): 256 tokens generated at
                       114.0 T/s · prompt 78 tokens, none cached, 78 new in 0.08
                       s · first token 0.09 s, total 2.33 s · draft 165/273
                       accepted (60%) · max_tokens reached
16:09:14.260 INFO:     #292 chat/completions (stream): 96 prompt tokens ·
                       temperature: 0, greedy (req), max_tokens: 256 (req),
                       min_tokens: 256 (req)
16:09:14.869 INFO:     #289 chat/completions (stream): 256 tokens generated at
                       123.8 T/s · prompt 681 tokens, none cached, 681 new in
                       0.25 s (2,724 T/s) · first token 0.26 s, total 2.32 s ·
                       draft 167/267 accepted (63%) · max_tokens reached
16:09:14.919 INFO:     #293 chat/completions (stream): 191 prompt tokens ·
                       temperature: 0, greedy (req), max_tokens: 256 (req),
                       min_tokens: 256 (req)
16:09:15.123 INFO:     #290 chat/completions (stream): 256 tokens generated at
                       140.8 T/s · prompt 947 tokens, none cached, 947 new in
                       0.29 s (3,266 T/s) · first token 0.30 s, total 2.11 s ·
                       draft 171/255 accepted (67%) · max_tokens reached
16:09:15.172 INFO:     #294 chat/completions (stream): 166 prompt tokens ·
                       temperature: 0, greedy (req), max_tokens: 256 (req),
                       min_tokens: 256 (req)
16:09:16.059 INFO:     #291 chat/completions (stream): 256 tokens generated at
                       125.0 T/s · prompt 98 tokens, none cached, 98 new in 0.09
                       s · first token 0.10 s, total 2.14 s · draft 159/291
                       accepted (55%) · max_tokens reached
16:09:16.110 INFO:     #295 chat/completions (stream): 85 prompt tokens ·
                       temperature: 0, greedy (req), max_tokens: 256 (req),
                       min_tokens: 256 (req)
16:09:16.335 INFO:     #292 chat/completions (stream): 256 tokens generated at
                       133.4 T/s · prompt 96 tokens, none cached, 96 new in 0.09
                       s · first token 0.10 s, total 2.01 s · draft 166/270
                       accepted (61%) · max_tokens reached
16:09:16.384 INFO:     #296 chat/completions (stream): 62 prompt tokens ·
                       temperature: 0, greedy (req), max_tokens: 256 (req),
                       min_tokens: 256 (req)
16:09:16.982 INFO:     #293 chat/completions (stream): 256 tokens generated at
                       134.3 T/s · prompt 191 tokens, none cached, 191 new in
                       0.10 s · first token 0.11 s, total 2.01 s · draft 164/276
                       accepted (59%) · max_tokens reached
16:09:16.982 INFO:     #294 chat/completions (stream): 256 tokens generated at
                       154.2 T/s · prompt 166 tokens, none cached, 166 new in
                       0.09 s · first token 0.09 s, total 1.76 s · draft 173/249
                       accepted (69%) · max_tokens reached
16:09:17.027 INFO:     #298 chat/completions (stream): 775 prompt tokens ·
                       temperature: 0, greedy (req), max_tokens: 256 (req),
                       min_tokens: 256 (req)
16:09:17.028 INFO:     #299 chat/completions (stream): 63 prompt tokens ·
                       temperature: 0, greedy (req), max_tokens: 256 (req),
                       min_tokens: 256 (req)
16:09:18.194 INFO:     #295 chat/completions (stream): 256 tokens generated at
                       132.8 T/s · prompt 85 tokens, none cached, 85 new in 0.08
                       s · first token 0.09 s, total 2.01 s · draft 166/270
                       accepted (61%) · max_tokens reached
16:09:18.244 INFO:     #300 chat/completions (stream): 97 prompt tokens ·
                       temperature: 0, greedy (req), max_tokens: 256 (req),
                       min_tokens: 256 (req)
16:09:18.402 INFO:     #296 chat/completions (stream): 256 tokens generated at
                       143.6 T/s · prompt 62 tokens, none cached, 62 new in 0.07
                       s · first token 0.08 s, total 1.86 s · draft 170/258
                       accepted (66%) · max_tokens reached
16:09:18.459 INFO:     #301 chat/completions (stream): 65 prompt tokens ·
                       temperature: 0, greedy (req), max_tokens: 256 (req),
                       min_tokens: 256 (req)
16:09:19.212 INFO:     #298 chat/completions (stream): 256 tokens generated at
                       139.3 T/s · prompt 775 tokens, none cached, 775 new in
                       0.27 s (2,870 T/s) · first token 0.28 s, total 2.12 s ·
                       draft 163/279 accepted (58%) · max_tokens reached
16:09:19.262 INFO:     #302 chat/completions (stream): 61 prompt tokens ·
                       temperature: 0, greedy (req), max_tokens: 256 (req),
                       min_tokens: 256 (req)
16:09:19.563 INFO:     #299 chat/completions (stream): 256 tokens generated at
                       115.2 T/s · prompt 63 tokens, none cached, 63 new in 0.07
                       s · queued 0.18 s, first token 0.25 s, total 2.47 s ·
                       draft 147/327 accepted (45%) · max_tokens reached
16:09:19.617 INFO:     #303 chat/completions (stream): 797 prompt tokens ·
                       temperature: 0, greedy (req), max_tokens: 256 (req),
                       min_tokens: 256 (req)
16:09:20.273 INFO:     #300 chat/completions (stream): 256 tokens generated at
                       136.8 T/s · prompt 97 tokens, none cached, 97 new in 0.09
                       s · first token 0.10 s, total 1.97 s · draft 171/255
                       accepted (67%) · max_tokens reached
16:09:20.325 INFO:     #304 chat/completions (stream): 822 prompt tokens ·
                       temperature: 0, greedy (req), max_tokens: 256 (req),
                       min_tokens: 256 (req)
16:09:20.828 INFO:     #301 chat/completions (stream): 256 tokens generated at
                       114.9 T/s · prompt 65 tokens, none cached, 65 new in 0.07
                       s · first token 0.08 s, total 2.30 s · draft 161/285
                       accepted (56%) · max_tokens reached
16:09:20.877 INFO:     #305 chat/completions (stream): 63 prompt tokens ·
                       temperature: 0, greedy (req), max_tokens: 256 (req),
                       min_tokens: 256 (req)
16:09:21.497 INFO:     #303 chat/completions (stream): 256 tokens generated at
                       159.8 T/s · prompt 797 tokens, none cached, 797 new in
                       0.21 s (3,795 T/s) · first token 0.22 s, total 1.82 s ·
                       draft 185/213 accepted (87%) · max_tokens reached
16:09:21.549 INFO:     #306 chat/completions (stream): 94 prompt tokens ·
                       temperature: 0, greedy (req), max_tokens: 256 (req),
                       min_tokens: 256 (req)
16:09:21.922 INFO:     #302 chat/completions (stream): 256 tokens generated at
                       101.6 T/s · prompt 61 tokens, none cached, 61 new in 0.07
                       s · first token 0.08 s, total 2.60 s · draft 150/318
                       accepted (47%) · max_tokens reached
16:09:21.972 INFO:     #307 chat/completions (stream): 104 prompt tokens ·
                       temperature: 0, greedy (req), max_tokens: 256 (req),
                       min_tokens: 256 (req)
16:09:22.556 INFO:     #304 chat/completions (stream): 256 tokens generated at
                       135.6 T/s · prompt 822 tokens, none cached, 822 new in
                       0.27 s (3,044 T/s) · first token 0.28 s, total 2.16 s ·
                       draft 165/273 accepted (60%) · max_tokens reached
16:09:22.603 INFO:     #308 chat/completions (stream): 470 prompt tokens ·
                       temperature: 0, greedy (req), max_tokens: 256 (req),
                       min_tokens: 256 (req)
16:09:22.873 INFO:     #305 chat/completions (stream): 256 tokens generated at
                       156.4 T/s · prompt 63 tokens, none cached, 63 new in 0.07
                       s · first token 0.08 s, total 1.71 s · draft 175/243
                       accepted (72%) · max_tokens reached
16:09:22.925 INFO:     #309 chat/completions (stream): 957 prompt tokens ·
                       temperature: 0, greedy (req), max_tokens: 256 (req),
                       min_tokens: 256 (req)
16:09:24.054 INFO:     #306 chat/completions (stream): 256 tokens generated at
                       109.2 T/s · prompt 94 tokens, none cached, 94 new in 0.09
                       s · first token 0.10 s, total 2.44 s · draft 158/294
                       accepted (54%) · max_tokens reached
16:09:24.107 INFO:     #310 chat/completions (stream): 90 prompt tokens ·
                       temperature: 0, greedy (req), max_tokens: 256 (req),
                       min_tokens: 256 (req)
16:09:24.258 INFO:     #307 chat/completions (stream): 256 tokens generated at
                       126.6 T/s · prompt 104 tokens, none cached, 104 new in
                       0.09 s · first token 0.10 s, total 2.12 s · draft 171/255
                       accepted (67%) · max_tokens reached
16:09:24.312 INFO:     #311 chat/completions (stream): 72 prompt tokens ·
                       temperature: 0, greedy (req), max_tokens: 256 (req),
                       min_tokens: 256 (req)
16:09:24.909 INFO:     #308 chat/completions (stream): 256 tokens generated at
                       128.3 T/s · prompt 470 tokens, none cached, 470 new in
                       0.23 s (2,043 T/s) · first token 0.24 s, total 2.23 s ·
                       draft 173/249 accepted (69%) · max_tokens reached
16:09:24.967 INFO:     #312 chat/completions (stream): 748 prompt tokens ·
                       temperature: 0, greedy (req), max_tokens: 256 (req),
                       min_tokens: 256 (req)
16:09:25.346 INFO:     #309 chat/completions (stream): 256 tokens generated at
                       124.4 T/s · prompt 957 tokens, none cached, 957 new in
                       0.29 s (3,300 T/s) · first token 0.30 s, total 2.35 s ·
                       draft 169/261 accepted (65%) · max_tokens reached
16:09:25.397 INFO:     #313 chat/completions (stream): 135 prompt tokens ·
                       temperature: 0, greedy (req), max_tokens: 256 (req),
                       min_tokens: 256 (req)
16:09:26.155 INFO:     #310 chat/completions (stream): 256 tokens generated at
                       135.5 T/s · prompt 90 tokens, none cached, 90 new in 0.09
                       s · first token 0.10 s, total 1.99 s · draft 180/228
                       accepted (79%) · max_tokens reached
16:09:26.184 INFO:     #311 chat/completions (stream): 256 tokens generated at
                       148.3 T/s · prompt 72 tokens, none cached, 72 new in 0.08
                       s · first token 0.09 s, total 1.81 s · draft 184/216
                       accepted (85%) · max_tokens reached
16:09:26.198 INFO:     #314 chat/completions (stream): 109 prompt tokens ·
                       temperature: 0, greedy (req), max_tokens: 256 (req),
                       min_tokens: 256 (req)
16:09:26.331 INFO:     #315 chat/completions (stream): 748 prompt tokens ·
                       temperature: 0, greedy (req), max_tokens: 256 (req),
                       min_tokens: 256 (req)
16:09:27.279 INFO:     #312 chat/completions (stream): 256 tokens generated at
                       130.0 T/s · prompt 748 tokens, none cached, 748 new in
                       0.27 s (2,770 T/s) · first token 0.28 s, total 2.25 s ·
                       draft 172/252 accepted (68%) · max_tokens reached
16:09:27.324 INFO:     #316 chat/completions (stream): 1,170 prompt tokens ·
                       temperature: 0, greedy (req), max_tokens: 256 (req),
                       min_tokens: 256 (req)
16:09:27.657 INFO:     #313 chat/completions (stream): 256 tokens generated at
                       145.4 T/s · prompt 135 tokens, none cached, 135 new in
                       0.13 s · first token 0.14 s, total 1.90 s · draft 176/240
                       accepted (73%) · max_tokens reached
16:09:27.707 INFO:     #317 chat/completions (stream): 832 prompt tokens ·
                       temperature: 0, greedy (req), max_tokens: 256 (req),
                       min_tokens: 256 (req)
16:09:28.474 INFO:     #314 chat/completions (stream): 256 tokens generated at
                       121.9 T/s · prompt 109 tokens, none cached, 109 new in
                       0.09 s · first token 0.10 s, total 2.20 s · draft 182/222
                       accepted (82%) · max_tokens reached
16:09:28.523 INFO:     #318 chat/completions (stream): 64 prompt tokens ·
                       temperature: 0, greedy (req), max_tokens: 256 (req),
                       min_tokens: 256 (req)
16:09:28.820 INFO:     #315 chat/completions (stream): 256 tokens generated at
                       118.9 T/s · prompt 748 tokens, none cached, 748 new in
                       0.27 s (2,770 T/s) · first token 0.27 s, total 2.43 s ·
                       draft 169/261 accepted (65%) · max_tokens reached
16:09:28.869 INFO:     #319 chat/completions (stream): 103 prompt tokens ·
                       temperature: 0, greedy (req), max_tokens: 256 (req),
                       min_tokens: 256 (req)
16:09:29.610 INFO:     #317 chat/completions (stream): 256 tokens generated at
                       163.3 T/s · prompt 832 tokens, none cached, 832 new in
                       0.26 s (3,200 T/s) · first token 0.27 s, total 1.83 s ·
                       draft 177/237 accepted (75%) · max_tokens reached
16:09:29.661 INFO:     #320 chat/completions (stream): 101 prompt tokens ·
                       temperature: 0, greedy (req), max_tokens: 256 (req),
                       min_tokens: 256 (req)
16:09:29.947 INFO:     #316 chat/completions (stream): 256 tokens generated at
                       114.2 T/s · prompt 1,170 tokens, none cached, 1,170 new
                       in 0.31 s (3,774 T/s) · first token 0.32 s, total 2.56 s
                       · draft 158/294 accepted (54%) · max_tokens reached
16:09:29.996 INFO:     #321 chat/completions (stream): 63 prompt tokens ·
                       temperature: 0, greedy (req), max_tokens: 256 (req),
                       min_tokens: 256 (req)
16:09:30.735 INFO:     #318 chat/completions (stream): 256 tokens generated at
                       123.5 T/s · prompt 64 tokens, none cached, 64 new in 0.07
                       s · first token 0.08 s, total 2.15 s · draft 153/309
                       accepted (50%) · max_tokens reached
16:09:30.774 INFO:     #322 chat/completions (stream): 63 prompt tokens ·
                       temperature: 0, greedy (req), max_tokens: 256 (req),
                       min_tokens: 256 (req)
16:09:30.865 INFO:     #319 chat/completions (stream): 256 tokens generated at
                       144.8 T/s · prompt 103 tokens, none cached, 103 new in
                       0.09 s · first token 0.09 s, total 1.86 s · draft 165/273
                       accepted (60%) · max_tokens reached
16:09:30.917 INFO:     #323 chat/completions (stream): 155 prompt tokens ·
                       temperature: 0, greedy (req), max_tokens: 256 (req),
                       min_tokens: 256 (req)
16:09:31.655 INFO:     #320 chat/completions (stream): 256 tokens generated at
                       139.9 T/s · prompt 101 tokens, none cached, 101 new in
                       0.09 s · first token 0.10 s, total 1.93 s · draft 165/273
                       accepted (60%) · max_tokens reached
16:09:31.705 INFO:     #324 chat/completions (stream): 71 prompt tokens ·
                       temperature: 0, greedy (req), max_tokens: 256 (req),
                       min_tokens: 256 (req)
16:09:31.994 INFO:     #321 chat/completions (stream): 256 tokens generated at
                       137.7 T/s · prompt 63 tokens, none cached, 63 new in 0.07
                       s · first token 0.07 s, total 1.93 s · draft 164/276
                       accepted (59%) · max_tokens reached
16:09:32.043 INFO:     #326 chat/completions (stream): 102 prompt tokens ·
                       temperature: 0, greedy (req), max_tokens: 256 (req),
                       min_tokens: 256 (req)
16:09:32.686 INFO:     #322 chat/completions (stream): 256 tokens generated at
                       143.7 T/s · prompt 63 tokens, none cached, 63 new in 0.07
                       s · first token 0.08 s, total 1.86 s · draft 172/252
                       accepted (68%) · max_tokens reached
16:09:32.701 INFO:     #323 chat/completions (stream): 256 tokens generated at
                       156.7 T/s · prompt 155 tokens, none cached, 155 new in
                       0.09 s · first token 0.09 s, total 1.73 s · draft 175/243
                       accepted (72%) · max_tokens reached
16:09:32.731 INFO:     #327 chat/completions (stream): 91 prompt tokens ·
                       temperature: 0, greedy (req), max_tokens: 256 (req),
                       min_tokens: 256 (req)
16:09:32.839 INFO:     #328 chat/completions (stream): 788 prompt tokens ·
                       temperature: 0, greedy (req), max_tokens: 256 (req),
                       min_tokens: 256 (req)
16:09:34.176 INFO:     #324 chat/completions (stream): 256 tokens generated at
                       110.3 T/s · prompt 71 tokens, none cached, 71 new in 0.08
                       s · first token 0.09 s, total 2.41 s · draft 149/321
                       accepted (46%) · max_tokens reached
16:09:34.228 INFO:     #329 chat/completions (stream): 809 prompt tokens ·
                       temperature: 0, greedy (req), max_tokens: 256 (req),
                       min_tokens: 256 (req)
16:09:34.755 INFO:     #326 chat/completions (stream): 256 tokens generated at
                       100.4 T/s · prompt 102 tokens, none cached, 102 new in
                       0.09 s · first token 0.09 s, total 2.64 s · draft 147/327
                       accepted (45%) · max_tokens reached
16:09:34.806 INFO:     #330 chat/completions (stream): 106 prompt tokens ·
                       temperature: 0, greedy (req), max_tokens: 256 (req),
                       min_tokens: 256 (req)
16:09:35.086 INFO:     #327 chat/completions (stream): 256 tokens generated at
                       116.0 T/s · prompt 91 tokens, none cached, 91 new in 0.08
                       s · first token 0.09 s, total 2.29 s · draft 166/270
                       accepted (61%) · max_tokens reached
16:09:35.100 INFO:     #328 chat/completions (stream): 256 tokens generated at
                       128.8 T/s · prompt 788 tokens, none cached, 788 new in
                       0.21 s (3,752 T/s) · first token 0.21 s, total 2.20 s ·
                       draft 167/267 accepted (63%) · max_tokens reached
16:09:35.128 INFO:     #331 chat/completions (stream): 87 prompt tokens ·
                       temperature: 0, greedy (req), max_tokens: 256 (req),
                       min_tokens: 256 (req)
16:09:35.234 INFO:     #332 chat/completions (stream): 95 prompt tokens ·
                       temperature: 0, greedy (req), max_tokens: 256 (req),
                       min_tokens: 256 (req)
16:09:36.490 INFO:     #330 chat/completions (stream): 256 tokens generated at
                       168.7 T/s · prompt 106 tokens, none cached, 106 new in
                       0.09 s · first token 0.10 s, total 1.61 s · draft 181/225
                       accepted (80%) · max_tokens reached
16:09:36.542 INFO:     #333 chat/completions (stream): 133 prompt tokens ·
                       temperature: 0, greedy (req), max_tokens: 256 (req),
                       min_tokens: 256 (req)
16:09:36.948 INFO:     #329 chat/completions (stream): 256 tokens generated at
                       108.1 T/s · prompt 809 tokens, none cached, 809 new in
                       0.29 s (2,790 T/s) · first token 0.30 s, total 2.66 s ·
                       draft 145/333 accepted (44%) · max_tokens reached
16:09:36.949 INFO:     #331 chat/completions (stream): 256 tokens generated at
                       152.6 T/s · prompt 87 tokens, none cached, 87 new in 0.08
                       s · first token 0.09 s, total 1.76 s · draft 175/243
                       accepted (72%) · max_tokens reached
16:09:36.991 INFO:     #334 chat/completions (stream): 125 prompt tokens ·
                       temperature: 0, greedy (req), max_tokens: 256 (req),
                       min_tokens: 256 (req)
16:09:36.993 INFO:     #335 chat/completions (stream): 92 prompt tokens ·
                       temperature: 0, greedy (req), max_tokens: 256 (req),
                       min_tokens: 256 (req)
16:09:37.406 INFO:     #332 chat/completions (stream): 256 tokens generated at
                       126.8 T/s · prompt 95 tokens, none cached, 95 new in 0.08
                       s · first token 0.08 s, total 2.10 s · draft 160/288
                       accepted (56%) · max_tokens reached
16:09:37.460 INFO:     #336 chat/completions (stream): 143 prompt tokens ·
                       temperature: 0, greedy (req), max_tokens: 256 (req),
                       min_tokens: 256 (req)
16:09:38.465 INFO:     #333 chat/completions (stream): 256 tokens generated at
                       147.2 T/s · prompt 133 tokens, none cached, 133 new in
                       0.11 s · first token 0.12 s, total 1.85 s · draft 174/246
                       accepted (71%) · max_tokens reached
16:09:38.518 INFO:     #337 chat/completions (stream): 832 prompt tokens ·
                       temperature: 0, greedy (req), max_tokens: 256 (req),
                       min_tokens: 256 (req)
16:09:38.990 INFO:     #334 chat/completions (stream): 256 tokens generated at
                       146.2 T/s · prompt 125 tokens, none cached, 125 new in
                       0.18 s · first token 0.19 s, total 1.94 s · draft 178/234
                       accepted (76%) · max_tokens reached
16:09:38.991 INFO:     #335 chat/completions (stream): 256 tokens generated at
                       146.2 T/s · prompt 92 tokens, none cached, 92 new in 0.09
                       s · queued 0.11 s, first token 0.20 s, total 1.95 s ·
                       draft 178/234 accepted (76%) · max_tokens reached
16:09:39.032 INFO:     #338 chat/completions (stream): 62 prompt tokens ·
                       temperature: 0, greedy (req), max_tokens: 256 (req),
                       min_tokens: 256 (req)
16:09:39.034 INFO:     #339 chat/completions (stream): 91 prompt tokens ·
                       temperature: 0, greedy (req), max_tokens: 256 (req),
                       min_tokens: 256 (req)
16:09:39.872 INFO:     #336 chat/completions (stream): 256 tokens generated at
                       114.4 T/s · prompt 143 tokens, none cached, 143 new in
                       0.10 s · first token 0.11 s, total 2.34 s · draft 154/306
                       accepted (50%) · max_tokens reached
16:09:39.921 INFO:     #340 chat/completions (stream): 62 prompt tokens ·
                       temperature: 0, greedy (req), max_tokens: 256 (req),
                       min_tokens: 256 (req)
16:09:40.646 INFO:     #339 chat/completions (stream): 256 tokens generated at
                       183.9 T/s · prompt 91 tokens, none cached, 91 new in 0.09
                       s · first token 0.17 s, total 1.56 s · draft 184/216
                       accepted (85%) · max_tokens reached
16:09:40.660 INFO:     #337 chat/completions (stream): 256 tokens generated at
                       141.2 T/s · prompt 832 tokens, none cached, 832 new in
                       0.27 s (3,081 T/s) · first token 0.28 s, total 2.09 s ·
                       draft 168/264 accepted (64%) · max_tokens reached
16:09:40.688 INFO:     #341 chat/completions (stream): 71 prompt tokens ·
                       temperature: 0, greedy (req), max_tokens: 256 (req),
                       min_tokens: 256 (req)
16:09:40.787 INFO:     #342 chat/completions (stream): 93 prompt tokens ·
                       temperature: 0, greedy (req), max_tokens: 256 (req),
                       min_tokens: 256 (req)
16:09:41.304 INFO:     #338 chat/completions (stream): 256 tokens generated at
                       125.5 T/s · prompt 62 tokens, none cached, 62 new in 0.15
                       s · first token 0.16 s, total 2.20 s · draft 156/300
                       accepted (52%) · max_tokens reached
16:09:41.354 INFO:     #343 chat/completions (stream): 74 prompt tokens ·
                       temperature: 0, greedy (req), max_tokens: 256 (req),
                       min_tokens: 256 (req)
16:09:42.050 INFO:     #340 chat/completions (stream): 256 tokens generated at
                       128.6 T/s · prompt 62 tokens, none cached, 62 new in 0.07
                       s · first token 0.08 s, total 2.07 s · draft 158/294
                       accepted (54%) · max_tokens reached
16:09:42.100 INFO:     #344 chat/completions (stream): 892 prompt tokens ·
                       temperature: 0, greedy (req), max_tokens: 256 (req),
                       min_tokens: 256 (req)
16:09:42.613 INFO:     #342 chat/completions (stream): 256 tokens generated at
                       153.3 T/s · prompt 93 tokens, none cached, 93 new in 0.09
                       s · first token 0.10 s, total 1.77 s · draft 182/222
                       accepted (82%) · max_tokens reached
16:09:42.666 INFO:     #345 chat/completions (stream): 726 prompt tokens ·
                       temperature: 0, greedy (req), max_tokens: 256 (req),
                       min_tokens: 256 (req)
16:09:43.087 INFO:     #341 chat/completions (stream): 256 tokens generated at
                       113.8 T/s · prompt 71 tokens, none cached, 71 new in 0.08
                       s · first token 0.09 s, total 2.34 s · draft 168/264
                       accepted (64%) · max_tokens reached
16:09:43.138 INFO:     #346 chat/completions (stream): 433 prompt tokens ·
                       temperature: 0, greedy (req), max_tokens: 256 (req),
                       min_tokens: 256 (req)
16:09:44.067 INFO:     #343 chat/completions (stream): 256 tokens generated at
                       99.7 T/s · prompt 74 tokens, none cached, 74 new in 0.08
                       s · first token 0.09 s, total 2.65 s · draft 153/309
                       accepted (50%) · max_tokens reached
16:09:44.115 INFO:     #347 chat/completions (stream): 116 prompt tokens ·
                       temperature: 0, greedy (req), max_tokens: 256 (req),
                       min_tokens: 256 (req)
16:09:44.541 INFO:     #344 chat/completions (stream): 256 tokens generated at
                       123.2 T/s · prompt 892 tokens, none cached, 892 new in
                       0.29 s (3,076 T/s) · first token 0.30 s, total 2.37 s ·
                       draft 171/255 accepted (67%) · max_tokens reached
16:09:44.592 INFO:     #348 chat/completions (stream): 81 prompt tokens ·
                       temperature: 0, greedy (req), max_tokens: 256 (req),
                       min_tokens: 256 (req)
16:09:45.020 INFO:     #345 chat/completions (stream): 256 tokens generated at
                       126.2 T/s · prompt 726 tokens, none cached, 726 new in
                       0.26 s (2,792 T/s) · first token 0.27 s, total 2.29 s ·
                       draft 164/276 accepted (59%) · max_tokens reached
16:09:45.048 INFO:     #346 chat/completions (stream): 256 tokens generated at
                       158.1 T/s · prompt 433 tokens, none cached, 433 new in
                       0.23 s (1,883 T/s) · first token 0.24 s, total 1.85 s ·
                       draft 175/243 accepted (72%) · max_tokens reached
16:09:45.062 INFO:     #349 chat/completions (stream): 634 prompt tokens ·
                       temperature: 0, greedy (req), max_tokens: 256 (req),
                       min_tokens: 256 (req)
16:09:45.340 INFO:     #350 chat/completions (stream): 71 prompt tokens ·
                       temperature: 0, greedy (req), max_tokens: 256 (req),
                       min_tokens: 256 (req)
16:09:45.956 INFO:     #347 chat/completions (stream): 256 tokens generated at
                       153.0 T/s · prompt 116 tokens, none cached, 116 new in
                       0.10 s · first token 0.11 s, total 1.78 s · draft 184/216
                       accepted (85%) · max_tokens reached
16:09:46.005 INFO:     #351 chat/completions (stream): 100 prompt tokens ·
                       temperature: 0, greedy (req), max_tokens: 256 (req),
                       min_tokens: 256 (req)
16:09:46.730 INFO:     #348 chat/completions (stream): 256 tokens generated at
                       128.8 T/s · prompt 81 tokens, none cached, 81 new in 0.08
                       s · first token 0.09 s, total 2.07 s · draft 167/267
                       accepted (63%) · max_tokens reached
16:09:46.781 INFO:     #352 chat/completions (stream): 96 prompt tokens ·
                       temperature: 0, greedy (req), max_tokens: 256 (req),
                       min_tokens: 256 (req)
16:09:47.242 INFO:     #350 chat/completions (stream): 256 tokens generated at
                       145.5 T/s · prompt 71 tokens, none cached, 71 new in 0.08
                       s · first token 0.09 s, total 1.84 s · draft 168/264
                       accepted (64%) · max_tokens reached
16:09:47.283 INFO:     #354 chat/completions (stream): 93 prompt tokens ·
                       temperature: 0, greedy (req), max_tokens: 256 (req),
                       min_tokens: 256 (req)
16:09:47.283 INFO:     #349 chat/completions (stream): 256 tokens generated at
                       134.4 T/s · prompt 634 tokens, none cached, 634 new in
                       0.25 s (2,536 T/s) · first token 0.26 s, total 2.16 s ·
                       draft 164/276 accepted (59%) · max_tokens reached
16:09:47.430 INFO:     #355 chat/completions (stream): 804 prompt tokens ·
                       temperature: 0, greedy (req), max_tokens: 256 (req),
                       min_tokens: 256 (req)
16:09:47.954 INFO:     #351 chat/completions (stream): 256 tokens generated at
                       143.3 T/s · prompt 100 tokens, none cached, 100 new in
                       0.09 s · first token 0.10 s, total 1.88 s · draft 179/231
                       accepted (77%) · max_tokens reached
16:09:48.007 INFO:     #356 chat/completions (stream): 745 prompt tokens ·
                       temperature: 0, greedy (req), max_tokens: 256 (req),
                       min_tokens: 256 (req)
16:09:49.123 INFO:     #352 chat/completions (stream): 256 tokens generated at
                       117.3 T/s · prompt 96 tokens, none cached, 96 new in 0.09
                       s · first token 0.10 s, total 2.28 s · draft 167/267
                       accepted (63%) · max_tokens reached
16:09:49.175 INFO:     #357 chat/completions (stream): 740 prompt tokens ·
                       temperature: 0, greedy (req), max_tokens: 256 (req),
                       min_tokens: 256 (req)
16:09:49.764 INFO:     #355 chat/completions (stream): 256 tokens generated at
                       127.3 T/s · prompt 804 tokens, none cached, 804 new in
                       0.25 s (3,216 T/s) · first token 0.26 s, total 2.27 s ·
                       draft 175/243 accepted (72%) · max_tokens reached
16:09:49.814 INFO:     #358 chat/completions (stream): 93 prompt tokens ·
                       temperature: 0, greedy (req), max_tokens: 256 (req),
                       min_tokens: 256 (req)
16:09:50.280 INFO:     #354 chat/completions (stream): 256 tokens generated at
                       89.7 T/s · prompt 93 tokens, none cached, 93 new in 0.08
                       s · first token 0.09 s, total 2.94 s · draft 146/330
                       accepted (44%) · max_tokens reached
16:09:50.281 INFO:     #356 chat/completions (stream): 256 tokens generated at
                       131.6 T/s · prompt 745 tokens, none cached, 745 new in
                       0.27 s (2,759 T/s) · first token 0.28 s, total 2.22 s ·
                       draft 169/261 accepted (65%) · max_tokens reached
16:09:50.321 INFO:     #359 chat/completions (stream): 108 prompt tokens ·
                       temperature: 0, greedy (req), max_tokens: 256 (req),
                       min_tokens: 256 (req)
16:09:50.324 INFO:     #360 chat/completions (stream): 63 prompt tokens ·
                       temperature: 0, greedy (req), max_tokens: 256 (req),
                       min_tokens: 256 (req)
16:09:51.410 INFO:     #357 chat/completions (stream): 256 tokens generated at
                       137.8 T/s · prompt 740 tokens, none cached, 740 new in
                       0.31 s (2,387 T/s) · first token 0.32 s, total 2.17 s ·
                       draft 165/273 accepted (60%) · max_tokens reached
16:09:51.460 INFO:     #361 chat/completions (stream): 395 prompt tokens ·
                       temperature: 0, greedy (req), max_tokens: 256 (req),
                       min_tokens: 256 (req)
16:09:51.735 INFO:     #358 chat/completions (stream): 256 tokens generated at
                       164.8 T/s · prompt 93 tokens, none cached, 93 new in 0.09
                       s · first token 0.10 s, total 1.65 s · draft 177/237
                       accepted (75%) · max_tokens reached
16:09:51.786 INFO:     #362 chat/completions (stream): 692 prompt tokens ·
                       temperature: 0, greedy (req), max_tokens: 256 (req),
                       min_tokens: 256 (req)
16:09:52.345 INFO:     #359 chat/completions (stream): 256 tokens generated at
                       143.6 T/s · prompt 108 tokens, none cached, 108 new in
                       0.16 s · first token 0.17 s, total 1.95 s · draft 181/225
                       accepted (80%) · max_tokens reached
16:09:52.396 INFO:     #363 chat/completions (stream): 714 prompt tokens ·
                       temperature: 0, greedy (req), max_tokens: 256 (req),
                       min_tokens: 256 (req)
16:09:53.098 INFO:     #360 chat/completions (stream): 256 tokens generated at
                       100.9 T/s · prompt 63 tokens, none cached, 63 new in 0.07
                       s · queued 0.10 s, first token 0.17 s, total 2.71 s ·
                       draft 154/306 accepted (50%) · max_tokens reached
16:09:53.148 INFO:     #364 chat/completions (stream): 79 prompt tokens ·
                       temperature: 0, greedy (req), max_tokens: 256 (req),
                       min_tokens: 256 (req)
16:09:53.746 INFO:     #361 chat/completions (stream): 256 tokens generated at
                       128.4 T/s · prompt 395 tokens, none cached, 395 new in
                       0.22 s (1,795 T/s) · first token 0.23 s, total 2.22 s ·
                       draft 178/234 accepted (76%) · max_tokens reached
16:09:53.798 INFO:     #365 chat/completions (stream): 587 prompt tokens ·
                       temperature: 0, greedy (req), max_tokens: 256 (req),
                       min_tokens: 256 (req)
16:09:54.420 INFO:     #362 chat/completions (stream): 256 tokens generated at
                       110.8 T/s · prompt 692 tokens, none cached, 692 new in
                       0.25 s (2,768 T/s) · first token 0.26 s, total 2.57 s ·
                       draft 160/288 accepted (56%) · max_tokens reached
16:09:54.468 INFO:     #366 chat/completions (stream): 120 prompt tokens ·
                       temperature: 0, greedy (req), max_tokens: 256 (req),
                       min_tokens: 256 (req)
16:09:54.603 INFO:     #363 chat/completions (stream): 256 tokens generated at
                       146.1 T/s · prompt 714 tokens, none cached, 714 new in
                       0.28 s (2,550 T/s) · first token 0.29 s, total 2.04 s ·
                       draft 176/240 accepted (73%) · max_tokens reached
16:09:54.653 INFO:     #367 chat/completions (stream): 111 prompt tokens ·
                       temperature: 0, greedy (req), max_tokens: 256 (req),
                       min_tokens: 256 (req)
16:09:55.600 INFO:     #364 chat/completions (stream): 256 tokens generated at
                       111.3 T/s · prompt 79 tokens, none cached, 79 new in 0.08
                       s · first token 0.09 s, total 2.39 s · draft 152/312
                       accepted (49%) · max_tokens reached
16:09:55.652 INFO:     #368 chat/completions (stream): 894 prompt tokens ·
                       temperature: 0, greedy (req), max_tokens: 256 (req),
                       min_tokens: 256 (req)
16:09:56.223 INFO:     #365 chat/completions (stream): 256 tokens generated at
                       120.8 T/s · prompt 587 tokens, none cached, 587 new in
                       0.25 s (2,348 T/s) · first token 0.26 s, total 2.37 s ·
                       draft 163/279 accepted (58%) · max_tokens reached
16:09:56.224 INFO:     #366 chat/completions (stream): 256 tokens generated at
                       159.9 T/s · prompt 120 tokens, none cached, 120 new in
                       0.10 s · first token 0.11 s, total 1.71 s · draft 187/207
                       accepted (90%) · max_tokens reached
16:09:56.266 INFO:     #369 chat/completions (stream): 1,157 prompt tokens ·
                       temperature: 0, greedy (req), max_tokens: 256 (req),
                       min_tokens: 256 (req)
16:09:56.268 INFO:     #370 chat/completions (stream): 93 prompt tokens ·
                       temperature: 0, greedy (req), max_tokens: 256 (req),
                       min_tokens: 256 (req)
16:09:56.787 INFO:     #367 chat/completions (stream): 256 tokens generated at
                       129.7 T/s · prompt 111 tokens, none cached, 111 new in
                       0.09 s · first token 0.09 s, total 2.07 s · draft 182/222
                       accepted (82%) · max_tokens reached
16:09:56.836 INFO:     #371 chat/completions (stream): 61 prompt tokens ·
                       temperature: 0, greedy (req), max_tokens: 256 (req),
                       min_tokens: 256 (req)
16:09:57.859 INFO:     #368 chat/completions (stream): 256 tokens generated at
                       138.3 T/s · prompt 894 tokens, none cached, 894 new in
                       0.28 s (3,193 T/s) · first token 0.29 s, total 2.14 s ·
                       draft 177/237 accepted (75%) · max_tokens reached
16:09:57.913 INFO:     #372 chat/completions (stream): 1,540 prompt tokens ·
                       temperature: 0, greedy (req), max_tokens: 256 (req),
                       min_tokens: 256 (req)
16:09:58.689 INFO:     #370 chat/completions (stream): 256 tokens generated at
                       124.6 T/s · prompt 93 tokens, none cached, 93 new in 0.09
                       s · queued 0.21 s, first token 0.30 s, total 2.36 s ·
                       draft 166/270 accepted (61%) · max_tokens reached
16:09:58.738 INFO:     #373 chat/completions (stream): 64 prompt tokens ·
                       temperature: 0, greedy (req), max_tokens: 256 (req),
                       min_tokens: 256 (req)
16:09:58.875 INFO:     #371 chat/completions (stream): 256 tokens generated at
                       140.2 T/s · prompt 61 tokens, none cached, 61 new in 0.07
                       s · first token 0.08 s, total 1.90 s · draft 169/261
                       accepted (65%) · max_tokens reached
16:09:58.917 INFO:     #374 chat/completions (stream): 123 prompt tokens ·
                       temperature: 0, greedy (req), max_tokens: 256 (req),
                       min_tokens: 256 (req)
16:09:59.036 INFO:     #369 chat/completions (stream): 256 tokens generated at
                       117.3 T/s · prompt 1,157 tokens, none cached, 1,157 new
                       in 0.41 s (2,822 T/s) · first token 0.42 s, total 2.60 s
                       · draft 156/300 accepted (52%) · max_tokens reached
16:09:59.086 INFO:     #375 chat/completions (stream): 72 prompt tokens ·
                       temperature: 0, greedy (req), max_tokens: 256 (req),
                       min_tokens: 256 (req)
16:10:00.137 INFO:     #372 chat/completions (stream): 256 tokens generated at
                       136.6 T/s · prompt 1,540 tokens, none cached, 1,540 new
                       in 0.28 s (5,500 T/s) · first token 0.29 s, total 2.16 s
                       · draft 165/273 accepted (60%) · max_tokens reached
16:10:00.186 INFO:     #376 chat/completions (stream): 81 prompt tokens ·
                       temperature: 0, greedy (req), max_tokens: 256 (req),
                       min_tokens: 256 (req)
16:10:00.659 INFO:     #373 chat/completions (stream): 256 tokens generated at
                       143.0 T/s · prompt 64 tokens, none cached, 64 new in 0.07
                       s · first token 0.08 s, total 1.87 s · draft 170/258
                       accepted (66%) · max_tokens reached
16:10:00.674 INFO:     #374 chat/completions (stream): 256 tokens generated at
                       160.0 T/s · prompt 123 tokens, none cached, 123 new in
                       0.10 s · first token 0.11 s, total 1.70 s · draft 176/240
                       accepted (73%) · max_tokens reached
16:10:00.700 INFO:     #377 chat/completions (stream): 64 prompt tokens ·
                       temperature: 0, greedy (req), max_tokens: 256 (req),
                       min_tokens: 256 (req)
16:10:00.792 INFO:     #378 chat/completions (stream): 73 prompt tokens ·
                       temperature: 0, greedy (req), max_tokens: 256 (req),
                       min_tokens: 256 (req)
16:10:01.081 INFO:     #375 chat/completions (stream): 256 tokens generated at
                       138.6 T/s · prompt 72 tokens, none cached, 72 new in 0.08
                       s · first token 0.08 s, total 1.93 s · draft 165/273
                       accepted (60%) · max_tokens reached
16:10:01.129 INFO:     #379 chat/completions (stream): 63 prompt tokens ·
                       temperature: 0, greedy (req), max_tokens: 256 (req),
                       min_tokens: 256 (req)
16:10:02.085 INFO:     #376 chat/completions (stream): 256 tokens generated at
                       146.4 T/s · prompt 81 tokens, none cached, 81 new in 0.08
                       s · first token 0.09 s, total 1.83 s · draft 169/261
                       accepted (65%) · max_tokens reached
16:10:02.135 INFO:     #381 chat/completions (stream): 720 prompt tokens ·
                       temperature: 0, greedy (req), max_tokens: 256 (req),
                       min_tokens: 256 (req)
16:10:02.830 INFO:     #378 chat/completions (stream): 256 tokens generated at
                       135.3 T/s · prompt 73 tokens, none cached, 73 new in 0.08
                       s · first token 0.08 s, total 1.98 s · draft 167/267
                       accepted (63%) · max_tokens reached
16:10:02.881 INFO:     #382 chat/completions (stream): 110 prompt tokens ·
                       temperature: 0, greedy (req), max_tokens: 256 (req),
                       min_tokens: 256 (req)
16:10:03.059 INFO:     #377 chat/completions (stream): 256 tokens generated at
                       115.4 T/s · prompt 64 tokens, none cached, 64 new in 0.07
                       s · first token 0.08 s, total 2.29 s · draft 158/294
                       accepted (54%) · max_tokens reached
16:10:03.113 INFO:     #383 chat/completions (stream): 751 prompt tokens ·
                       temperature: 0, greedy (req), max_tokens: 256 (req),
                       min_tokens: 256 (req)
16:10:03.579 INFO:     #379 chat/completions (stream): 256 tokens generated at
                       110.9 T/s · prompt 63 tokens, none cached, 63 new in 0.07
                       s · first token 0.08 s, total 2.38 s · draft 160/288
                       accepted (56%) · max_tokens reached
16:10:03.630 INFO:     #384 chat/completions (stream): 128 prompt tokens ·
                       temperature: 0, greedy (req), max_tokens: 256 (req),
                       min_tokens: 256 (req)
16:10:04.641 INFO:     #381 chat/completions (stream): 256 tokens generated at
                       117.6 T/s · prompt 720 tokens, none cached, 720 new in
                       0.26 s (2,769 T/s) · first token 0.27 s, total 2.44 s ·
                       draft 161/285 accepted (56%) · max_tokens reached
16:10:04.688 INFO:     #385 chat/completions (stream): 103 prompt tokens ·
                       temperature: 0, greedy (req), max_tokens: 256 (req),
                       min_tokens: 256 (req)
16:10:04.984 INFO:     #382 chat/completions (stream): 256 tokens generated at
                       131.7 T/s · prompt 110 tokens, none cached, 110 new in
                       0.09 s · first token 0.10 s, total 2.04 s · draft 173/249
                       accepted (69%) · max_tokens reached
16:10:05.030 INFO:     #386 chat/completions (stream): 64 prompt tokens ·
                       temperature: 0, greedy (req), max_tokens: 256 (req),
                       min_tokens: 256 (req)
16:10:05.146 INFO:     #383 chat/completions (stream): 256 tokens generated at
                       157.3 T/s · prompt 751 tokens, none cached, 751 new in
                       0.27 s (2,781 T/s) · first token 0.28 s, total 1.90 s ·
                       draft 176/240 accepted (73%) · max_tokens reached
16:10:05.185 INFO:     #387 chat/completions (stream): 114 prompt tokens ·
                       temperature: 0, greedy (req), max_tokens: 256 (req),
                       min_tokens: 256 (req)
16:10:05.186 INFO:     #384 chat/completions (stream): 256 tokens generated at
                       183.5 T/s · prompt 128 tokens, none cached, 128 new in
                       0.10 s · first token 0.11 s, total 1.50 s · draft 186/210
                       accepted (89%) · max_tokens reached
16:10:05.339 INFO:     #388 chat/completions (stream): 135 prompt tokens ·
                       temperature: 0, greedy (req), max_tokens: 256 (req),
                       min_tokens: 256 (req)
16:10:06.765 INFO:     #385 chat/completions (stream): 256 tokens generated at
                       133.8 T/s · prompt 103 tokens, none cached, 103 new in
                       0.09 s · first token 0.10 s, total 2.01 s · draft 163/279
                       accepted (58%) · max_tokens reached
16:10:06.810 INFO:     #389 chat/completions (stream): 80 prompt tokens ·
                       temperature: 0, greedy (req), max_tokens: 256 (req),
                       min_tokens: 256 (req)
16:10:06.926 INFO:     #388 chat/completions (stream): 256 tokens generated at
                       191.8 T/s · prompt 135 tokens, none cached, 135 new in
                       0.10 s · first token 0.11 s, total 1.44 s · draft 182/222
                       accepted (82%) · max_tokens reached
16:10:06.976 INFO:     #390 chat/completions (stream): 73 prompt tokens ·
                       temperature: 0, greedy (req), max_tokens: 256 (req),
                       min_tokens: 256 (req)
16:10:07.213 INFO:     #386 chat/completions (stream): 256 tokens generated at
                       125.3 T/s · prompt 64 tokens, none cached, 64 new in 0.07
                       s · first token 0.08 s, total 2.12 s · draft 161/285
                       accepted (56%) · max_tokens reached
16:10:07.264 INFO:     #391 chat/completions (stream): 62 prompt tokens ·
                       temperature: 0, greedy (req), max_tokens: 256 (req),
                       min_tokens: 256 (req)
16:10:07.466 INFO:     #387 chat/completions (stream): 256 tokens generated at
                       121.7 T/s · prompt 114 tokens, none cached, 114 new in
                       0.10 s · first token 0.11 s, total 2.21 s · draft 157/297
                       accepted (53%) · max_tokens reached
16:10:07.519 INFO:     #392 chat/completions (stream): 785 prompt tokens ·
                       temperature: 0, greedy (req), max_tokens: 256 (req),
                       min_tokens: 256 (req)
16:10:08.916 INFO:     #390 chat/completions (stream): 256 tokens generated at
                       141.8 T/s · prompt 73 tokens, none cached, 73 new in 0.07
                       s · first token 0.07 s, total 1.88 s · draft 171/255
                       accepted (67%) · max_tokens reached
16:10:08.931 INFO:     #389 chat/completions (stream): 256 tokens generated at
                       129.2 T/s · prompt 80 tokens, none cached, 80 new in 0.08
                       s · first token 0.09 s, total 2.07 s · draft 165/273
                       accepted (60%) · max_tokens reached
16:10:08.960 INFO:     #393 chat/completions (stream): 92 prompt tokens ·
                       temperature: 0, greedy (req), max_tokens: 256 (req),
                       min_tokens: 256 (req)
16:10:09.070 INFO:     #394 chat/completions (stream): 680 prompt tokens ·
                       temperature: 0, greedy (req), max_tokens: 256 (req),
                       min_tokens: 256 (req)
16:10:09.465 INFO:     #391 chat/completions (stream): 256 tokens generated at
                       124.6 T/s · prompt 62 tokens, none cached, 62 new in 0.07
                       s · first token 0.07 s, total 2.13 s · draft 170/258
                       accepted (66%) · max_tokens reached
16:10:09.515 INFO:     #395 chat/completions (stream): 125 prompt tokens ·
                       temperature: 0, greedy (req), max_tokens: 256 (req),
                       min_tokens: 256 (req)
16:10:09.826 INFO:     #392 chat/completions (stream): 256 tokens generated at
                       125.8 T/s · prompt 785 tokens, none cached, 785 new in
                       0.20 s (3,925 T/s) · first token 0.21 s, total 2.24 s ·
                       draft 166/270 accepted (61%) · max_tokens reached
16:10:09.877 INFO:     #396 chat/completions (stream): 79 prompt tokens ·
                       temperature: 0, greedy (req), max_tokens: 256 (req),
                       min_tokens: 256 (req)
16:10:11.102 INFO:     #394 chat/completions (stream): 256 tokens generated at
                       149.1 T/s · prompt 680 tokens, none cached, 680 new in
                       0.25 s (2,720 T/s) · first token 0.25 s, total 1.97 s ·
                       draft 171/255 accepted (67%) · max_tokens reached
16:10:11.148 INFO:     #397 chat/completions (stream): 86 prompt tokens ·
                       temperature: 0, greedy (req), max_tokens: 256 (req),
                       min_tokens: 256 (req)
16:10:11.269 INFO:     #393 chat/completions (stream): 256 tokens generated at
                       123.8 T/s · prompt 92 tokens, none cached, 92 new in 0.08
                       s · first token 0.09 s, total 2.15 s · draft 164/276
                       accepted (59%) · max_tokens reached
16:10:11.310 INFO:     #398 chat/completions (stream): 69 prompt tokens ·
                       temperature: 0, greedy (req), max_tokens: 256 (req),
                       min_tokens: 256 (req)
16:10:11.406 INFO:     #395 chat/completions (stream): 256 tokens generated at
                       155.0 T/s · prompt 125 tokens, none cached, 125 new in
                       0.10 s · first token 0.11 s, total 1.76 s · draft 173/249
                       accepted (69%) · max_tokens reached
16:10:11.461 INFO:     #399 chat/completions (stream): 80 prompt tokens ·
                       temperature: 0, greedy (req), max_tokens: 256 (req),
                       min_tokens: 256 (req)
16:10:11.931 INFO:     #396 chat/completions (stream): 256 tokens generated at
                       134.3 T/s · prompt 79 tokens, none cached, 79 new in 0.08
                       s · first token 0.08 s, total 1.99 s · draft 163/279
                       accepted (58%) · max_tokens reached
16:10:11.981 INFO:     #400 chat/completions (stream): 80 prompt tokens ·
                       temperature: 0, greedy (req), max_tokens: 256 (req),
                       min_tokens: 256 (req)
16:10:12.998 INFO:     #397 chat/completions (stream): 256 tokens generated at
                       150.9 T/s · prompt 86 tokens, none cached, 86 new in 0.08
                       s · first token 0.09 s, total 1.78 s · draft 173/249
                       accepted (69%) · max_tokens reached
16:10:13.047 INFO:     #401 chat/completions (stream): 62 prompt tokens ·
                       temperature: 0, greedy (req), max_tokens: 256 (req),
                       min_tokens: 256 (req)
16:10:13.364 INFO:     #399 chat/completions (stream): 256 tokens generated at
                       146.0 T/s · prompt 80 tokens, none cached, 80 new in 0.08
                       s · first token 0.09 s, total 1.84 s · draft 165/273
                       accepted (60%) · max_tokens reached
16:10:13.416 INFO:     #402 chat/completions (stream): 635 prompt tokens ·
                       temperature: 0, greedy (req), max_tokens: 256 (req),
                       min_tokens: 256 (req)
16:10:13.865 INFO:     #398 chat/completions (stream): 256 tokens generated at
                       106.2 T/s · prompt 69 tokens, none cached, 69 new in 0.08
                       s · first token 0.09 s, total 2.50 s · draft 146/330
                       accepted (44%) · max_tokens reached
16:10:13.916 INFO:     #403 chat/completions (stream): 828 prompt tokens ·
                       temperature: 0, greedy (req), max_tokens: 256 (req),
                       min_tokens: 256 (req)
16:10:14.275 INFO:     #400 chat/completions (stream): 256 tokens generated at
                       119.4 T/s · prompt 80 tokens, none cached, 80 new in 0.08
                       s · first token 0.09 s, total 2.23 s · draft 165/273
                       accepted (60%) · max_tokens reached
16:10:14.325 INFO:     #404 chat/completions (stream): 62 prompt tokens ·
                       temperature: 0, greedy (req), max_tokens: 256 (req),
                       min_tokens: 256 (req)
16:10:15.522 INFO:     #401 chat/completions (stream): 256 tokens generated at
                       109.6 T/s · prompt 62 tokens, none cached, 62 new in 0.07
                       s · first token 0.08 s, total 2.41 s · draft 156/300
                       accepted (52%) · max_tokens reached
16:10:15.573 INFO:     #405 chat/completions (stream): 79 prompt tokens ·
                       temperature: 0, greedy (req), max_tokens: 256 (req),
                       min_tokens: 256 (req)
16:10:15.739 INFO:     #402 chat/completions (stream): 256 tokens generated at
                       128.2 T/s · prompt 635 tokens, none cached, 635 new in
                       0.26 s (2,442 T/s) · first token 0.27 s, total 2.26 s ·
                       draft 166/270 accepted (61%) · max_tokens reached
16:10:15.792 INFO:     #406 chat/completions (stream): 492 prompt tokens ·
                       temperature: 0, greedy (req), max_tokens: 256 (req),
                       min_tokens: 256 (req)
16:10:16.287 INFO:     #403 chat/completions (stream): 256 tokens generated at
                       125.2 T/s · prompt 828 tokens, none cached, 828 new in
                       0.26 s (3,185 T/s) · first token 0.27 s, total 2.31 s ·
                       draft 163/279 accepted (58%) · max_tokens reached
16:10:16.338 INFO:     #407 chat/completions (stream): 65 prompt tokens ·
                       temperature: 0, greedy (req), max_tokens: 256 (req),
                       min_tokens: 256 (req)
16:10:16.753 INFO:     #404 chat/completions (stream): 256 tokens generated at
                       111.8 T/s · prompt 62 tokens, none cached, 62 new in 0.07
                       s · first token 0.08 s, total 2.37 s · draft 150/318
                       accepted (47%) · max_tokens reached
16:10:16.802 INFO:     #408 chat/completions (stream): 63 prompt tokens ·
                       temperature: 0, greedy (req), max_tokens: 256 (req),
                       min_tokens: 256 (req)
16:10:17.352 INFO:     #405 chat/completions (stream): 256 tokens generated at
                       157.1 T/s · prompt 79 tokens, none cached, 79 new in 0.08
                       s · first token 0.09 s, total 1.72 s · draft 185/213
                       accepted (87%) · max_tokens reached
16:10:17.405 INFO:     #410 chat/completions (stream): 724 prompt tokens ·
                       temperature: 0, greedy (req), max_tokens: 256 (req),
                       min_tokens: 256 (req)
16:10:18.309 INFO:     #406 chat/completions (stream): 256 tokens generated at
                       116.3 T/s · prompt 492 tokens, none cached, 492 new in
                       0.25 s (1,968 T/s) · first token 0.25 s, total 2.46 s ·
                       draft 155/303 accepted (51%) · max_tokens reached
16:10:18.359 INFO:     #411 chat/completions (stream): 760 prompt tokens ·
                       temperature: 0, greedy (req), max_tokens: 256 (req),
                       min_tokens: 256 (req)
16:10:18.759 INFO:     #407 chat/completions (stream): 256 tokens generated at
                       112.2 T/s · prompt 65 tokens, none cached, 65 new in 0.07
                       s · first token 0.08 s, total 2.36 s · draft 160/288
                       accepted (56%) · max_tokens reached
16:10:18.813 INFO:     #412 chat/completions (stream): 742 prompt tokens ·
                       temperature: 0, greedy (req), max_tokens: 256 (req),
                       min_tokens: 256 (req)
16:10:19.126 INFO:     #408 chat/completions (stream): 256 tokens generated at
                       132.4 T/s · prompt 63 tokens, none cached, 63 new in 0.07
                       s · first token 0.07 s, total 2.01 s · draft 175/243
                       accepted (72%) · max_tokens reached
16:10:19.175 INFO:     #413 chat/completions (stream): 61 prompt tokens ·
                       temperature: 0, greedy (req), max_tokens: 256 (req),
                       min_tokens: 256 (req)
16:10:19.816 INFO:     #410 chat/completions (stream): 256 tokens generated at
                       124.2 T/s · prompt 724 tokens, none cached, 724 new in
                       0.28 s (2,586 T/s) · first token 0.29 s, total 2.35 s ·
                       draft 172/252 accepted (68%) · max_tokens reached
16:10:19.868 INFO:     #414 chat/completions (stream): 764 prompt tokens ·
                       temperature: 0, greedy (req), max_tokens: 256 (req),
                       min_tokens: 256 (req)
16:10:20.816 INFO:     #411 chat/completions (stream): 256 tokens generated at
                       120.4 T/s · prompt 760 tokens, none cached, 760 new in
                       0.26 s (2,923 T/s) · first token 0.27 s, total 2.39 s ·
                       draft 170/258 accepted (66%) · max_tokens reached
16:10:20.870 INFO:     #415 chat/completions (stream): 833 prompt tokens ·
                       temperature: 0, greedy (req), max_tokens: 256 (req),
                       min_tokens: 256 (req)
16:10:21.311 INFO:     #412 chat/completions (stream): 256 tokens generated at
                       118.0 T/s · prompt 742 tokens, none cached, 742 new in
                       0.26 s (2,854 T/s) · first token 0.27 s, total 2.44 s ·
                       draft 168/264 accepted (64%) · max_tokens reached
16:10:21.359 INFO:     #416 chat/completions (stream): 71 prompt tokens ·
                       temperature: 0, greedy (req), max_tokens: 256 (req),
                       min_tokens: 256 (req)
16:10:21.862 INFO:     #413 chat/completions (stream): 256 tokens generated at
                       100.5 T/s · prompt 61 tokens, none cached, 61 new in 0.07
                       s · first token 0.08 s, total 2.62 s · draft 147/327
                       accepted (45%) · max_tokens reached
16:10:21.904 INFO:     #417 chat/completions (stream): 798 prompt tokens ·
                       temperature: 0, greedy (req), max_tokens: 256 (req),
                       min_tokens: 256 (req)
16:10:22.093 INFO:     #414 chat/completions (stream): 256 tokens generated at
                       148.9 T/s · prompt 764 tokens, none cached, 764 new in
                       0.27 s (2,830 T/s) · first token 0.28 s, total 1.99 s ·
                       draft 178/234 accepted (76%) · max_tokens reached
16:10:22.169 INFO:     #418 chat/completions (stream): 87 prompt tokens ·
                       temperature: 0, greedy (req), max_tokens: 256 (req),
                       min_tokens: 256 (req)
16:10:23.083 INFO:     #415 chat/completions (stream): 256 tokens generated at
                       136.4 T/s · prompt 833 tokens, none cached, 833 new in
                       0.27 s (3,085 T/s) · first token 0.28 s, total 2.15 s ·
                       draft 170/258 accepted (66%) · max_tokens reached
16:10:23.134 INFO:     #419 chat/completions (stream): 773 prompt tokens ·
                       temperature: 0, greedy (req), max_tokens: 256 (req),
                       min_tokens: 256 (req)
16:10:23.666 INFO:     #416 chat/completions (stream): 256 tokens generated at
                       118.4 T/s · prompt 71 tokens, none cached, 71 new in 0.07
                       s · first token 0.08 s, total 2.24 s · draft 161/285
                       accepted (56%) · max_tokens reached
16:10:23.718 INFO:     #420 chat/completions (stream): 114 prompt tokens ·
                       temperature: 0, greedy (req), max_tokens: 256 (req),
                       min_tokens: 256 (req)
16:10:24.054 INFO:     #418 chat/completions (stream): 256 tokens generated at
                       148.5 T/s · prompt 87 tokens, none cached, 87 new in 0.08
                       s · first token 0.09 s, total 1.81 s · draft 176/240
                       accepted (73%) · max_tokens reached
16:10:24.111 INFO:     #421 chat/completions (stream): 312 prompt tokens ·
                       temperature: 0, greedy (req), max_tokens: 256 (req),
                       min_tokens: 256 (req)
16:10:24.466 INFO:     #417 chat/completions (stream): 256 tokens generated at
                       112.6 T/s · prompt 798 tokens, none cached, 798 new in
                       0.21 s (3,800 T/s) · first token 0.22 s, total 2.49 s ·
                       draft 162/282 accepted (57%) · max_tokens reached
16:10:24.521 INFO:     #422 chat/completions (stream): 63 prompt tokens ·
                       temperature: 0, greedy (req), max_tokens: 256 (req),
                       min_tokens: 256 (req)
16:10:25.372 INFO:     #419 chat/completions (stream): 256 tokens generated at
                       129.9 T/s · prompt 773 tokens, none cached, 773 new in
                       0.19 s (4,068 T/s) · first token 0.20 s, total 2.17 s ·
                       draft 171/255 accepted (67%) · max_tokens reached
16:10:25.439 INFO:     #423 chat/completions (stream): 66 prompt tokens ·
                       temperature: 0, greedy (req), max_tokens: 256 (req),
                       min_tokens: 256 (req)
16:10:25.996 INFO:     #420 chat/completions (stream): 256 tokens generated at
                       121.3 T/s · prompt 114 tokens, none cached, 114 new in
                       0.10 s · first token 0.11 s, total 2.22 s · draft 162/282
                       accepted (57%) · max_tokens reached
16:10:26.048 INFO:     #424 chat/completions (stream): 912 prompt tokens ·
                       temperature: 0, greedy (req), max_tokens: 256 (req),
                       min_tokens: 256 (req)
16:10:26.398 INFO:     #421 chat/completions (stream): 256 tokens generated at
                       150.0 T/s · prompt 312 tokens, none cached, 312 new in
                       0.22 s (1,418 T/s) · first token 0.23 s, total 1.93 s ·
                       draft 172/252 accepted (68%) · max_tokens reached
16:10:26.449 INFO:     #425 chat/completions (stream): 66 prompt tokens ·
                       temperature: 0, greedy (req), max_tokens: 256 (req),
                       min_tokens: 256 (req)
16:10:26.627 INFO:     #422 chat/completions (stream): 256 tokens generated at
                       130.7 T/s · prompt 63 tokens, none cached, 63 new in 0.07
                       s · first token 0.08 s, total 2.04 s · draft 173/249
                       accepted (69%) · max_tokens reached
16:10:26.677 INFO:     #426 chat/completions (stream): 75 prompt tokens ·
                       temperature: 0, greedy (req), max_tokens: 256 (req),
                       min_tokens: 256 (req)
16:10:27.845 INFO:     #423 chat/completions (stream): 256 tokens generated at
                       113.2 T/s · prompt 66 tokens, none cached, 66 new in 0.07
                       s · first token 0.08 s, total 2.34 s · draft 153/309
                       accepted (50%) · max_tokens reached
16:10:27.897 INFO:     #427 chat/completions (stream): 624 prompt tokens ·
                       temperature: 0, greedy (req), max_tokens: 256 (req),
                       min_tokens: 256 (req)
16:10:28.610 INFO:     #425 chat/completions (stream): 256 tokens generated at
                       126.4 T/s · prompt 66 tokens, none cached, 66 new in 0.07
                       s · first token 0.08 s, total 2.10 s · draft 161/285
                       accepted (56%) · max_tokens reached
16:10:28.626 INFO:     #424 chat/completions (stream): 256 tokens generated at
                       115.3 T/s · prompt 912 tokens, none cached, 912 new in
                       0.30 s (3,040 T/s) · first token 0.31 s, total 2.53 s ·
                       draft 154/306 accepted (50%) · max_tokens reached
16:10:28.654 INFO:     #428 chat/completions (stream): 63 prompt tokens ·
                       temperature: 0, greedy (req), max_tokens: 256 (req),
                       min_tokens: 256 (req)
16:10:28.746 INFO:     #429 chat/completions (stream): 78 prompt tokens ·
                       temperature: 0, greedy (req), max_tokens: 256 (req),
                       min_tokens: 256 (req)
16:10:28.893 INFO:     #426 chat/completions (stream): 256 tokens generated at
                       129.0 T/s · prompt 75 tokens, none cached, 75 new in 0.08
                       s · first token 0.09 s, total 2.07 s · draft 162/282
                       accepted (57%) · max_tokens reached
16:10:28.943 INFO:     #430 chat/completions (stream): 136 prompt tokens ·
                       temperature: 0, greedy (req), max_tokens: 256 (req),
                       min_tokens: 256 (req)
16:10:30.031 INFO:     #427 chat/completions (stream): 256 tokens generated at
                       141.7 T/s · prompt 624 tokens, none cached, 624 new in
                       0.26 s (2,400 T/s) · first token 0.27 s, total 2.07 s ·
                       draft 170/258 accepted (66%) · max_tokens reached
16:10:30.081 INFO:     #431 chat/completions (stream): 87 prompt tokens ·
                       temperature: 0, greedy (req), max_tokens: 256 (req),
                       min_tokens: 256 (req)
16:10:30.821 INFO:     #430 chat/completions (stream): 256 tokens generated at
                       149.6 T/s · prompt 136 tokens, none cached, 136 new in
                       0.11 s · first token 0.12 s, total 1.83 s · draft 167/267
                       accepted (63%) · max_tokens reached
16:10:30.836 INFO:     #428 chat/completions (stream): 256 tokens generated at
                       124.7 T/s · prompt 63 tokens, none cached, 63 new in 0.07
                       s · first token 0.08 s, total 2.13 s · draft 158/294
                       accepted (54%) · max_tokens reached
16:10:30.863 INFO:     #432 chat/completions (stream): 63 prompt tokens ·
                       temperature: 0, greedy (req), max_tokens: 256 (req),
                       min_tokens: 256 (req)
16:10:30.955 INFO:     #433 chat/completions (stream): 106 prompt tokens ·
                       temperature: 0, greedy (req), max_tokens: 256 (req),
                       min_tokens: 256 (req)
16:10:31.167 INFO:     #429 chat/completions (stream): 256 tokens generated at
                       112.5 T/s · prompt 78 tokens, none cached, 78 new in 0.08
                       s · first token 0.08 s, total 2.36 s · draft 149/321
                       accepted (46%) · max_tokens reached
16:10:31.216 INFO:     #434 chat/completions (stream): 121 prompt tokens ·
                       temperature: 0, greedy (req), max_tokens: 256 (req),
                       min_tokens: 256 (req)
16:10:32.047 INFO:     #431 chat/completions (stream): 256 tokens generated at
                       141.4 T/s · prompt 87 tokens, none cached, 87 new in 0.08
                       s · first token 0.09 s, total 1.90 s · draft 170/258
                       accepted (66%) · max_tokens reached
16:10:32.097 INFO:     #436 chat/completions (stream): 88 prompt tokens ·
                       temperature: 0, greedy (req), max_tokens: 256 (req),
                       min_tokens: 256 (req)
16:10:32.911 INFO:     #432 chat/completions (stream): 256 tokens generated at
                       133.7 T/s · prompt 63 tokens, none cached, 63 new in 0.07
                       s · first token 0.08 s, total 1.99 s · draft 165/273
                       accepted (60%) · max_tokens reached
16:10:32.939 INFO:     #434 chat/completions (stream): 256 tokens generated at
                       163.6 T/s · prompt 121 tokens, none cached, 121 new in
                       0.10 s · first token 0.10 s, total 1.67 s · draft 174/246
                       accepted (71%) · max_tokens reached
16:10:32.951 INFO:     #437 chat/completions (stream): 728 prompt tokens ·
                       temperature: 0, greedy (req), max_tokens: 256 (req),
                       min_tokens: 256 (req)
16:10:33.229 INFO:     #438 chat/completions (stream): 749 prompt tokens ·
                       temperature: 0, greedy (req), max_tokens: 256 (req),
                       min_tokens: 256 (req)
16:10:33.381 INFO:     #433 chat/completions (stream): 256 tokens generated at
                       135.8 T/s · prompt 106 tokens, none cached, 106 new in
                       0.09 s · first token 0.09 s, total 1.98 s · draft 160/288
                       accepted (56%) · max_tokens reached
16:10:33.537 INFO:     #439 chat/completions (stream): 89 prompt tokens ·
                       temperature: 0, greedy (req), max_tokens: 256 (req),
                       min_tokens: 256 (req)
16:10:34.284 INFO:     #436 chat/completions (stream): 256 tokens generated at
                       126.1 T/s · prompt 88 tokens, none cached, 88 new in 0.08
                       s · first token 0.09 s, total 2.12 s · draft 173/249
                       accepted (69%) · max_tokens reached
16:10:34.335 INFO:     #440 chat/completions (stream): 341 prompt tokens ·
                       temperature: 0, greedy (req), max_tokens: 256 (req),
                       min_tokens: 256 (req)
16:10:35.315 INFO:     #438 chat/completions (stream): 256 tokens generated at
                       145.4 T/s · prompt 749 tokens, none cached, 749 new in
                       0.25 s (2,996 T/s) · first token 0.26 s, total 2.02 s ·
                       draft 174/246 accepted (71%) · max_tokens reached
16:10:35.365 INFO:     #441 chat/completions (stream): 66 prompt tokens ·
                       temperature: 0, greedy (req), max_tokens: 256 (req),
                       min_tokens: 256 (req)
16:10:35.683 INFO:     #437 chat/completions (stream): 256 tokens generated at
                       106.2 T/s · prompt 728 tokens, none cached, 728 new in
                       0.26 s (2,800 T/s) · first token 0.27 s, total 2.68 s ·
                       draft 155/303 accepted (51%) · max_tokens reached
16:10:35.698 INFO:     #439 chat/completions (stream): 256 tokens generated at
                       127.1 T/s · prompt 89 tokens, none cached, 89 new in 0.09
                       s · first token 0.10 s, total 2.11 s · draft 159/291
                       accepted (55%) · max_tokens reached
16:10:35.725 INFO:     #442 chat/completions (stream): 63 prompt tokens ·
                       temperature: 0, greedy (req), max_tokens: 256 (req),
                       min_tokens: 256 (req)
16:10:35.816 INFO:     #443 chat/completions (stream): 74 prompt tokens ·
                       temperature: 0, greedy (req), max_tokens: 256 (req),
                       min_tokens: 256 (req)
16:10:36.620 INFO:     #440 chat/completions (stream): 256 tokens generated at
                       128.4 T/s · prompt 341 tokens, none cached, 341 new in
                       0.22 s (1,550 T/s) · first token 0.23 s, total 2.22 s ·
                       draft 157/297 accepted (53%) · max_tokens reached
16:10:36.670 INFO:     #444 chat/completions (stream): 107 prompt tokens ·
                       temperature: 0, greedy (req), max_tokens: 256 (req),
                       min_tokens: 256 (req)
16:10:37.365 INFO:     #441 chat/completions (stream): 256 tokens generated at
                       138.2 T/s · prompt 66 tokens, none cached, 66 new in 0.07
                       s · first token 0.08 s, total 1.93 s · draft 165/273
                       accepted (60%) · max_tokens reached
16:10:37.415 INFO:     #445 chat/completions (stream): 165 prompt tokens ·
                       temperature: 0, greedy (req), max_tokens: 256 (req),
                       min_tokens: 256 (req)
16:10:37.669 INFO:     #442 chat/completions (stream): 256 tokens generated at
                       141.9 T/s · prompt 63 tokens, none cached, 63 new in 0.07
                       s · first token 0.08 s, total 1.88 s · draft 170/258
                       accepted (66%) · max_tokens reached
16:10:37.723 INFO:     #446 chat/completions (stream): 780 prompt tokens ·
                       temperature: 0, greedy (req), max_tokens: 256 (req),
                       min_tokens: 256 (req)
16:10:38.114 INFO:     #443 chat/completions (stream): 256 tokens generated at
                       118.8 T/s · prompt 74 tokens, none cached, 74 new in 0.08
                       s · first token 0.08 s, total 2.24 s · draft 157/297
                       accepted (53%) · max_tokens reached
16:10:38.162 INFO:     #447 chat/completions (stream): 79 prompt tokens ·
                       temperature: 0, greedy (req), max_tokens: 256 (req),
                       min_tokens: 256 (req)
16:10:38.573 INFO:     #444 chat/completions (stream): 256 tokens generated at
                       147.1 T/s · prompt 107 tokens, none cached, 107 new in
                       0.09 s · first token 0.10 s, total 1.84 s · draft 178/234
                       accepted (76%) · max_tokens reached
16:10:38.625 INFO:     #448 chat/completions (stream): 1,083 prompt tokens ·
                       temperature: 0, greedy (req), max_tokens: 256 (req),
                       min_tokens: 256 (req)
16:10:39.451 INFO:     #445 chat/completions (stream): 256 tokens generated at
                       137.0 T/s · prompt 165 tokens, none cached, 165 new in
                       0.09 s · first token 0.10 s, total 1.96 s · draft 181/225
                       accepted (80%) · max_tokens reached
16:10:39.501 INFO:     #449 chat/completions (stream): 82 prompt tokens ·
                       temperature: 0, greedy (req), max_tokens: 256 (req),
                       min_tokens: 256 (req)
16:10:40.005 INFO:     #447 chat/completions (stream): 256 tokens generated at
                       150.4 T/s · prompt 79 tokens, none cached, 79 new in 0.08
                       s · first token 0.09 s, total 1.79 s · draft 180/228
                       accepted (79%) · max_tokens reached
16:10:40.020 INFO:     #446 chat/completions (stream): 256 tokens generated at
                       126.7 T/s · prompt 780 tokens, none cached, 780 new in
                       0.21 s (3,714 T/s) · first token 0.21 s, total 2.24 s ·
                       draft 166/270 accepted (61%) · max_tokens reached
16:10:40.048 INFO:     #450 chat/completions (stream): 91 prompt tokens ·
                       temperature: 0, greedy (req), max_tokens: 256 (req),
                       min_tokens: 256 (req)
16:10:40.157 INFO:     #451 chat/completions (stream): 82 prompt tokens ·
                       temperature: 0, greedy (req), max_tokens: 256 (req),
                       min_tokens: 256 (req)
16:10:40.955 INFO:     #448 chat/completions (stream): 256 tokens generated at
                       130.4 T/s · prompt 1,083 tokens, none cached, 1,083 new
                       in 0.30 s (3,610 T/s) · first token 0.31 s, total 2.27 s
                       · draft 159/291 accepted (55%) · max_tokens reached
16:10:40.998 INFO:     #452 chat/completions (stream): 70 prompt tokens ·
                       temperature: 0, greedy (req), max_tokens: 256 (req),
                       min_tokens: 256 (req)
16:10:41.111 INFO:     #449 chat/completions (stream): 256 tokens generated at
                       185.4 T/s · prompt 82 tokens, none cached, 82 new in 0.08
                       s · first token 0.09 s, total 1.47 s · draft 187/207
                       accepted (90%) · max_tokens reached
16:10:41.163 INFO:     #453 chat/completions (stream): 816 prompt tokens ·
                       temperature: 0, greedy (req), max_tokens: 256 (req),
                       min_tokens: 256 (req)
16:10:42.151 INFO:     #450 chat/completions (stream): 256 tokens generated at
                       131.4 T/s · prompt 91 tokens, none cached, 91 new in 0.08
                       s · first token 0.09 s, total 2.03 s · draft 169/261
                       accepted (65%) · max_tokens reached
16:10:42.200 INFO:     #454 chat/completions (stream): 103 prompt tokens ·
                       temperature: 0, greedy (req), max_tokens: 256 (req),
                       min_tokens: 256 (req)
16:10:42.612 INFO:     #451 chat/completions (stream): 256 tokens generated at
                       111.1 T/s · prompt 82 tokens, none cached, 82 new in 0.08
                       s · first token 0.09 s, total 2.39 s · draft 149/321
                       accepted (46%) · max_tokens reached
16:10:42.661 INFO:     #455 chat/completions (stream): 96 prompt tokens ·
                       temperature: 0, greedy (req), max_tokens: 256 (req),
                       min_tokens: 256 (req)
16:10:43.081 INFO:     #452 chat/completions (stream): 256 tokens generated at
                       131.2 T/s · prompt 70 tokens, none cached, 70 new in 0.08
                       s · first token 0.09 s, total 2.04 s · draft 169/261
                       accepted (65%) · max_tokens reached
16:10:43.081 INFO:     #453 chat/completions (stream): 256 tokens generated at
                       158.5 T/s · prompt 816 tokens, none cached, 816 new in
                       0.25 s (3,264 T/s) · first token 0.25 s, total 1.87 s ·
                       draft 175/243 accepted (72%) · max_tokens reached
16:10:43.121 INFO:     #456 chat/completions (stream): 494 prompt tokens ·
                       temperature: 0, greedy (req), max_tokens: 256 (req),
                       min_tokens: 256 (req)
16:10:43.123 INFO:     #457 chat/completions (stream): 64 prompt tokens ·
                       temperature: 0, greedy (req), max_tokens: 256 (req),
                       min_tokens: 256 (req)
16:10:43.995 INFO:     #454 chat/completions (stream): 256 tokens generated at
                       156.4 T/s · prompt 103 tokens, none cached, 103 new in
                       0.09 s · first token 0.10 s, total 1.73 s · draft 183/219
                       accepted (84%) · max_tokens reached
16:10:44.046 INFO:     #458 chat/completions (stream): 814 prompt tokens ·
                       temperature: 0, greedy (req), max_tokens: 256 (req),
                       min_tokens: 256 (req)
16:10:44.875 INFO:     #455 chat/completions (stream): 256 tokens generated at
                       124.4 T/s · prompt 96 tokens, none cached, 96 new in 0.09
                       s · first token 0.10 s, total 2.15 s · draft 168/264
                       accepted (64%) · max_tokens reached
16:10:44.923 INFO:     #459 chat/completions (stream): 64 prompt tokens ·
                       temperature: 0, greedy (req), max_tokens: 256 (req),
                       min_tokens: 256 (req)
16:10:45.349 INFO:     #456 chat/completions (stream): 256 tokens generated at
                       138.4 T/s · prompt 494 tokens, none cached, 494 new in
                       0.31 s (1,594 T/s) · first token 0.32 s, total 2.17 s ·
                       draft 168/264 accepted (64%) · max_tokens reached
16:10:45.364 INFO:     #457 chat/completions (stream): 256 tokens generated at
                       128.8 T/s · prompt 64 tokens, none cached, 64 new in 0.07
                       s · queued 0.13 s, first token 0.20 s, total 2.19 s ·
                       draft 166/270 accepted (61%) · max_tokens reached
16:10:45.392 INFO:     #460 chat/completions (stream): 82 prompt tokens ·
                       temperature: 0, greedy (req), max_tokens: 256 (req),
                       min_tokens: 256 (req)
16:10:45.496 INFO:     #461 chat/completions (stream): 97 prompt tokens ·
                       temperature: 0, greedy (req), max_tokens: 256 (req),
                       min_tokens: 256 (req)
16:10:46.071 INFO:     #458 chat/completions (stream): 256 tokens generated at
                       149.8 T/s · prompt 814 tokens, none cached, 814 new in
                       0.25 s (3,256 T/s) · first token 0.26 s, total 1.96 s ·
                       draft 172/252 accepted (68%) · max_tokens reached
16:10:46.119 INFO:     #462 chat/completions (stream): 64 prompt tokens ·
                       temperature: 0, greedy (req), max_tokens: 256 (req),
                       min_tokens: 256 (req)
16:10:46.731 INFO:     #459 chat/completions (stream): 256 tokens generated at
                       153.3 T/s · prompt 64 tokens, none cached, 64 new in 0.07
                       s · first token 0.08 s, total 1.75 s · draft 174/246
                       accepted (71%) · max_tokens reached
16:10:46.781 INFO:     #463 chat/completions (stream): 684 prompt tokens ·
                       temperature: 0, greedy (req), max_tokens: 256 (req),
                       min_tokens: 256 (req)
16:10:47.296 INFO:     #461 chat/completions (stream): 256 tokens generated at
                       155.5 T/s · prompt 97 tokens, none cached, 97 new in 0.09
                       s · first token 0.09 s, total 1.74 s · draft 180/228
                       accepted (79%) · max_tokens reached
16:10:47.349 INFO:     #465 chat/completions (stream): 704 prompt tokens ·
                       temperature: 0, greedy (req), max_tokens: 256 (req),
                       min_tokens: 256 (req)
16:10:47.716 INFO:     #460 chat/completions (stream): 256 tokens generated at
                       117.9 T/s · prompt 82 tokens, none cached, 82 new in 0.08
                       s · first token 0.09 s, total 2.26 s · draft 169/261
                       accepted (65%) · max_tokens reached
16:10:47.765 INFO:     #466 chat/completions (stream): 583 prompt tokens ·
                       temperature: 0, greedy (req), max_tokens: 256 (req),
                       min_tokens: 256 (req)
16:10:49.031 INFO:     #462 chat/completions (stream): 256 tokens generated at
                       92.4 T/s · prompt 64 tokens, none cached, 64 new in 0.07
                       s · first token 0.08 s, total 2.85 s · draft 140/348
                       accepted (40%) · max_tokens reached
16:10:49.082 INFO:     #467 chat/completions (stream): 255 prompt tokens ·
                       temperature: 0, greedy (req), max_tokens: 256 (req),
                       min_tokens: 256 (req)
16:10:49.379 INFO:     #463 chat/completions (stream): 256 tokens generated at
                       112.9 T/s · prompt 684 tokens, none cached, 684 new in
                       0.25 s (2,736 T/s) · first token 0.26 s, total 2.52 s ·
                       draft 161/285 accepted (56%) · max_tokens reached
16:10:49.439 INFO:     #468 chat/completions (stream): 61 prompt tokens ·
                       temperature: 0, greedy (req), max_tokens: 256 (req),
                       min_tokens: 256 (req)
16:10:49.972 INFO:     #466 chat/completions (stream): 256 tokens generated at
                       134.0 T/s · prompt 583 tokens, none cached, 583 new in
                       0.23 s (2,535 T/s) · first token 0.24 s, total 2.15 s ·
                       draft 161/285 accepted (56%) · max_tokens reached
16:10:50.000 INFO:     #465 chat/completions (stream): 256 tokens generated at
                       109.9 T/s · prompt 704 tokens, none cached, 704 new in
                       0.26 s (2,708 T/s) · first token 0.27 s, total 2.59 s ·
                       draft 149/321 accepted (46%) · max_tokens reached
16:10:50.014 INFO:     #469 chat/completions (stream): 66 prompt tokens ·
                       temperature: 0, greedy (req), max_tokens: 256 (req),
                       min_tokens: 256 (req)
16:10:50.128 INFO:     #470 chat/completions (stream): 479 prompt tokens ·
                       temperature: 0, greedy (req), max_tokens: 256 (req),
                       min_tokens: 256 (req)
16:10:51.270 INFO:     #467 chat/completions (stream): 256 tokens generated at
                       127.7 T/s · prompt 255 tokens, none cached, 255 new in
                       0.11 s · first token 0.12 s, total 2.12 s · draft 165/273
                       accepted (60%) · max_tokens reached
16:10:51.318 INFO:     #471 chat/completions (stream): 93 prompt tokens ·
                       temperature: 0, greedy (req), max_tokens: 256 (req),
                       min_tokens: 256 (req)
16:10:51.512 INFO:     #468 chat/completions (stream): 256 tokens generated at
                       132.4 T/s · prompt 61 tokens, none cached, 61 new in 0.07
                       s · first token 0.08 s, total 2.01 s · draft 169/261
                       accepted (65%) · max_tokens reached
16:10:51.566 INFO:     #472 chat/completions (stream): 743 prompt tokens ·
                       temperature: 0, greedy (req), max_tokens: 256 (req),
                       min_tokens: 256 (req)
16:10:52.168 INFO:     #469 chat/completions (stream): 256 tokens generated at
                       127.5 T/s · prompt 66 tokens, none cached, 66 new in 0.07
                       s · first token 0.08 s, total 2.08 s · draft 175/243
                       accepted (72%) · max_tokens reached
16:10:52.219 INFO:     #473 chat/completions (stream): 82 prompt tokens ·
                       temperature: 0, greedy (req), max_tokens: 256 (req),
                       min_tokens: 256 (req)
16:10:52.621 INFO:     #470 chat/completions (stream): 256 tokens generated at
                       117.3 T/s · prompt 479 tokens, none cached, 479 new in
                       0.24 s (1,996 T/s) · first token 0.25 s, total 2.43 s ·
                       draft 158/294 accepted (54%) · max_tokens reached
16:10:52.671 INFO:     #474 chat/completions (stream): 124 prompt tokens ·
                       temperature: 0, greedy (req), max_tokens: 256 (req),
                       min_tokens: 256 (req)
16:10:53.273 INFO:     #471 chat/completions (stream): 256 tokens generated at
                       142.3 T/s · prompt 93 tokens, none cached, 93 new in 0.09
                       s · first token 0.10 s, total 1.90 s · draft 180/228
                       accepted (79%) · max_tokens reached
16:10:53.324 INFO:     #475 chat/completions (stream): 228 prompt tokens ·
                       temperature: 0, greedy (req), max_tokens: 256 (req),
                       min_tokens: 256 (req)
16:10:53.788 INFO:     #472 chat/completions (stream): 256 tokens generated at
                       135.5 T/s · prompt 743 tokens, none cached, 743 new in
                       0.26 s (2,858 T/s) · first token 0.27 s, total 2.16 s ·
                       draft 167/267 accepted (63%) · max_tokens reached
16:10:53.838 INFO:     #476 chat/completions (stream): 69 prompt tokens ·
                       temperature: 0, greedy (req), max_tokens: 256 (req),
                       min_tokens: 256 (req)
16:10:54.110 INFO:     #473 chat/completions (stream): 256 tokens generated at
                       147.3 T/s · prompt 82 tokens, none cached, 82 new in 0.08
                       s · first token 0.09 s, total 1.82 s · draft 175/243
                       accepted (72%) · max_tokens reached
16:10:54.159 INFO:     #477 chat/completions (stream): 73 prompt tokens ·
                       temperature: 0, greedy (req), max_tokens: 256 (req),
                       min_tokens: 256 (req)
16:10:54.526 INFO:     #474 chat/completions (stream): 256 tokens generated at
                       151.9 T/s · prompt 124 tokens, none cached, 124 new in
                       0.10 s · first token 0.11 s, total 1.79 s · draft 176/240
                       accepted (73%) · max_tokens reached
16:10:54.577 INFO:     #478 chat/completions (stream): 66 prompt tokens ·
                       temperature: 0, greedy (req), max_tokens: 256 (req),
                       min_tokens: 256 (req)
16:10:55.284 INFO:     #475 chat/completions (stream): 256 tokens generated at
                       143.3 T/s · prompt 228 tokens, none cached, 228 new in
                       0.10 s · first token 0.11 s, total 1.89 s · draft 169/261
                       accepted (65%) · max_tokens reached
16:10:55.336 INFO:     #479 chat/completions (stream): 736 prompt tokens ·
                       temperature: 0, greedy (req), max_tokens: 256 (req),
                       min_tokens: 256 (req)
16:10:56.029 INFO:     #476 chat/completions (stream): 256 tokens generated at
                       125.2 T/s · prompt 69 tokens, none cached, 69 new in 0.08
                       s · first token 0.09 s, total 2.13 s · draft 164/276
                       accepted (59%) · max_tokens reached
16:10:56.079 INFO:     #480 chat/completions (stream): 106 prompt tokens ·
                       temperature: 0, greedy (req), max_tokens: 256 (req),
                       min_tokens: 256 (req)
16:10:56.559 INFO:     #477 chat/completions (stream): 256 tokens generated at
                       113.7 T/s · prompt 73 tokens, none cached, 73 new in 0.08
                       s · first token 0.09 s, total 2.34 s · draft 154/306
                       accepted (50%) · max_tokens reached
16:10:56.599 INFO:     #481 chat/completions (stream): 63 prompt tokens ·
                       temperature: 0, greedy (req), max_tokens: 256 (req),
                       min_tokens: 256 (req)
16:10:56.690 INFO:     #478 chat/completions (stream): 256 tokens generated at
                       134.8 T/s · prompt 66 tokens, none cached, 66 new in 0.07
                       s · first token 0.08 s, total 1.97 s · draft 169/261
                       accepted (65%) · max_tokens reached
16:10:56.739 INFO:     #482 chat/completions (stream): 76 prompt tokens ·
                       temperature: 0, greedy (req), max_tokens: 256 (req),
                       min_tokens: 256 (req)
16:10:57.574 INFO:     #479 chat/completions (stream): 256 tokens generated at
                       134.2 T/s · prompt 736 tokens, none cached, 736 new in
                       0.26 s (2,831 T/s) · first token 0.27 s, total 2.17 s ·
                       draft 163/279 accepted (58%) · max_tokens reached
16:10:57.625 INFO:     #483 chat/completions (stream): 833 prompt tokens ·
                       temperature: 0, greedy (req), max_tokens: 256 (req),
                       min_tokens: 256 (req)
16:10:58.008 INFO:     #480 chat/completions (stream): 256 tokens generated at
                       144.8 T/s · prompt 106 tokens, none cached, 106 new in
                       0.09 s · first token 0.10 s, total 1.86 s · draft 179/231
                       accepted (77%) · max_tokens reached
16:10:58.056 INFO:     #484 chat/completions (stream): 61 prompt tokens ·
                       temperature: 0, greedy (req), max_tokens: 256 (req),
                       min_tokens: 256 (req)
16:10:58.744 INFO:     #482 chat/completions (stream): 256 tokens generated at
                       137.8 T/s · prompt 76 tokens, none cached, 76 new in 0.08
                       s · first token 0.09 s, total 1.94 s · draft 170/258
                       accepted (66%) · max_tokens reached
16:10:58.796 INFO:     #485 chat/completions (stream): 85 prompt tokens ·
                       temperature: 0, greedy (req), max_tokens: 256 (req),
                       min_tokens: 256 (req)
16:10:59.055 INFO:     #481 chat/completions (stream): 256 tokens generated at
                       110.6 T/s · prompt 63 tokens, none cached, 63 new in 0.07
                       s · first token 0.08 s, total 2.39 s · draft 153/309
                       accepted (50%) · max_tokens reached
16:10:59.103 INFO:     #486 chat/completions (stream): 100 prompt tokens ·
                       temperature: 0, greedy (req), max_tokens: 256 (req),
                       min_tokens: 256 (req)
16:10:59.926 INFO:     #483 chat/completions (stream): 256 tokens generated at
                       130.1 T/s · prompt 833 tokens, none cached, 833 new in
                       0.26 s (3,204 T/s) · first token 0.27 s, total 2.23 s ·
                       draft 160/288 accepted (56%) · max_tokens reached
16:10:59.978 INFO:     #487 chat/completions (stream): 723 prompt tokens ·
                       temperature: 0, greedy (req), max_tokens: 256 (req),
                       min_tokens: 256 (req)
16:11:00.397 INFO:     #484 chat/completions (stream): 256 tokens generated at
                       116.2 T/s · prompt 61 tokens, none cached, 61 new in 0.07
                       s · first token 0.08 s, total 2.28 s · draft 157/297
                       accepted (53%) · max_tokens reached
16:11:00.451 INFO:     #488 chat/completions (stream): 120 prompt tokens ·
                       temperature: 0, greedy (req), max_tokens: 256 (req),
                       min_tokens: 256 (req)
16:11:01.108 INFO:     #486 chat/completions (stream): 256 tokens generated at
                       138.8 T/s · prompt 100 tokens, none cached, 100 new in
                       0.09 s · first token 0.10 s, total 1.94 s · draft 173/249
                       accepted (69%) · max_tokens reached
16:11:01.158 INFO:     #489 chat/completions (stream): 66 prompt tokens ·
                       temperature: 0, greedy (req), max_tokens: 256 (req),
                       min_tokens: 256 (req)
16:11:01.298 INFO:     #485 chat/completions (stream): 256 tokens generated at
                       112.6 T/s · prompt 85 tokens, none cached, 85 new in 0.08
                       s · first token 0.09 s, total 2.36 s · draft 153/309
                       accepted (50%) · max_tokens reached
16:11:01.348 INFO:     #490 chat/completions (stream): 68 prompt tokens ·
                       temperature: 0, greedy (req), max_tokens: 256 (req),
                       min_tokens: 256 (req)
16:11:01.977 INFO:     #487 chat/completions (stream): 256 tokens generated at
                       153.4 T/s · prompt 723 tokens, none cached, 723 new in
                       0.26 s (2,781 T/s) · first token 0.27 s, total 1.93 s ·
                       draft 176/240 accepted (73%) · max_tokens reached
16:11:02.027 INFO:     #491 chat/completions (stream): 70 prompt tokens ·
                       temperature: 0, greedy (req), max_tokens: 256 (req),
                       min_tokens: 256 (req)
16:11:02.369 INFO:     #488 chat/completions (stream): 256 tokens generated at
                       146.5 T/s · prompt 120 tokens, none cached, 120 new in
                       0.10 s · first token 0.11 s, total 1.85 s · draft 170/258
                       accepted (66%) · max_tokens reached
16:11:02.421 INFO:     #493 chat/completions (stream): 737 prompt tokens ·
                       temperature: 0, greedy (req), max_tokens: 256 (req),
                       min_tokens: 256 (req)
16:11:03.507 INFO:     #490 chat/completions (stream): 256 tokens generated at
                       127.0 T/s · prompt 68 tokens, none cached, 68 new in 0.07
                       s · first token 0.08 s, total 2.09 s · draft 162/282
                       accepted (57%) · max_tokens reached
16:11:03.557 INFO:     #494 chat/completions (stream): 61 prompt tokens ·
                       temperature: 0, greedy (req), max_tokens: 256 (req),
                       min_tokens: 256 (req)
16:11:03.732 INFO:     #489 chat/completions (stream): 256 tokens generated at
                       105.4 T/s · prompt 66 tokens, none cached, 66 new in 0.07
                       s · first token 0.08 s, total 2.50 s · draft 146/330
                       accepted (44%) · max_tokens reached
16:11:03.784 INFO:     #495 chat/completions (stream): 1,015 prompt tokens ·
                       temperature: 0, greedy (req), max_tokens: 256 (req),
                       min_tokens: 256 (req)
16:11:04.304 INFO:     #491 chat/completions (stream): 256 tokens generated at
                       120.0 T/s · prompt 70 tokens, none cached, 70 new in 0.08
                       s · first token 0.09 s, total 2.22 s · draft 170/258
                       accepted (66%) · max_tokens reached
16:11:04.356 INFO:     #496 chat/completions (stream): 62 prompt tokens ·
                       temperature: 0, greedy (req), max_tokens: 256 (req),
                       min_tokens: 256 (req)
16:11:04.865 INFO:     #493 chat/completions (stream): 256 tokens generated at
                       121.3 T/s · prompt 737 tokens, none cached, 737 new in
                       0.26 s (2,835 T/s) · first token 0.27 s, total 2.38 s ·
                       draft 161/285 accepted (56%) · max_tokens reached
16:11:04.913 INFO:     #497 chat/completions (stream): 84 prompt tokens ·
                       temperature: 0, greedy (req), max_tokens: 256 (req),
                       min_tokens: 256 (req)
16:11:05.888 INFO:     #494 chat/completions (stream): 256 tokens generated at
                       116.1 T/s · prompt 61 tokens, none cached, 61 new in 0.07
                       s · first token 0.08 s, total 2.28 s · draft 156/300
                       accepted (52%) · max_tokens reached
16:11:05.889 INFO:     #495 chat/completions (stream): 256 tokens generated at
                       145.8 T/s · prompt 1,015 tokens, none cached, 1,015 new
                       in 0.29 s (3,500 T/s) · first token 0.29 s, total 2.05 s
                       · draft 166/270 accepted (61%) · max_tokens reached
16:11:05.930 INFO:     #498 chat/completions (stream): 783 prompt tokens ·
                       temperature: 0, greedy (req), max_tokens: 256 (req),
                       min_tokens: 256 (req)
16:11:05.933 INFO:     #499 chat/completions (stream): 766 prompt tokens ·
                       temperature: 0, greedy (req), max_tokens: 256 (req),
                       min_tokens: 256 (req)
16:11:06.435 INFO:     #496 chat/completions (stream): 256 tokens generated at
                       172.5 T/s · prompt 62 tokens, none cached, 62 new in 0.07
                       s · first token 0.08 s, total 1.56 s · draft 176/240
                       accepted (73%) · max_tokens reached
16:11:06.496 INFO:     #500 chat/completions (stream): 1,490 prompt tokens ·
                       temperature: 0, greedy (req), max_tokens: 256 (req),
                       min_tokens: 256 (req)
16:11:07.255 INFO:     #497 chat/completions (stream): 256 tokens generated at
                       116.9 T/s · prompt 84 tokens, none cached, 84 new in 0.08
                       s · first token 0.09 s, total 2.28 s · draft 177/237
                       accepted (75%) · max_tokens reached
16:11:07.303 INFO:     #501 chat/completions (stream): 61 prompt tokens ·
                       temperature: 0, greedy (req), max_tokens: 256 (req),
                       min_tokens: 256 (req)
16:11:08.359 INFO:     #498 chat/completions (stream): 256 tokens generated at
                       135.4 T/s · prompt 783 tokens, none cached, 783 new in
                       0.46 s (1,702 T/s) · first token 0.47 s, total 2.36 s ·
                       draft 173/249 accepted (69%) · max_tokens reached
16:11:08.409 INFO:     #502 chat/completions (stream): 65 prompt tokens ·
                       temperature: 0, greedy (req), max_tokens: 256 (req),
                       min_tokens: 256 (req)
16:11:08.630 INFO:     #499 chat/completions (stream): 256 tokens generated at
                       118.5 T/s · prompt 766 tokens, none cached, 766 new in
                       0.30 s (2,553 T/s) · queued 0.18 s, first token 0.48 s,
                       total 2.64 s · draft 162/282 accepted (57%) · max_tokens
                       reached
16:11:08.679 INFO:     #503 chat/completions (stream): 89 prompt tokens ·
                       temperature: 0, greedy (req), max_tokens: 256 (req),
                       min_tokens: 256 (req)
16:11:09.030 INFO:     #500 chat/completions (stream): 256 tokens generated at
                       121.2 T/s · prompt 1,490 tokens, none cached, 1,490 new
                       in 0.35 s (4,257 T/s) · first token 0.36 s, total 2.47 s
                       · draft 150/318 accepted (47%) · max_tokens reached
16:11:09.082 INFO:     #504 chat/completions (stream): 90 prompt tokens ·
                       temperature: 0, greedy (req), max_tokens: 256 (req),
                       min_tokens: 256 (req)
16:11:09.287 INFO:     #501 chat/completions (stream): 256 tokens generated at
                       138.8 T/s · prompt 61 tokens, none cached, 61 new in 0.07
                       s · first token 0.08 s, total 1.92 s · draft 166/270
                       accepted (61%) · max_tokens reached
16:11:09.339 INFO:     #505 chat/completions (stream): 875 prompt tokens ·
                       temperature: 0, greedy (req), max_tokens: 256 (req),
                       min_tokens: 256 (req)
16:11:10.556 INFO:     #502 chat/completions (stream): 256 tokens generated at
                       128.2 T/s · prompt 65 tokens, none cached, 65 new in 0.08
                       s · first token 0.09 s, total 2.08 s · draft 168/264
                       accepted (64%) · max_tokens reached
16:11:10.607 INFO:     #506 chat/completions (stream): 749 prompt tokens ·
                       temperature: 0, greedy (req), max_tokens: 256 (req),
                       min_tokens: 256 (req)
16:11:11.008 INFO:     #503 chat/completions (stream): 256 tokens generated at
                       117.9 T/s · prompt 89 tokens, none cached, 89 new in 0.08
                       s · first token 0.09 s, total 2.26 s · draft 167/267
                       accepted (63%) · max_tokens reached
16:11:11.059 INFO:     #507 chat/completions (stream): 94 prompt tokens ·
                       temperature: 0, greedy (req), max_tokens: 256 (req),
                       min_tokens: 256 (req)
16:11:11.492 INFO:     #504 chat/completions (stream): 256 tokens generated at
                       113.5 T/s · prompt 90 tokens, none cached, 90 new in 0.08
                       s · first token 0.09 s, total 2.34 s · draft 163/279
                       accepted (58%) · max_tokens reached
16:11:11.545 INFO:     #508 chat/completions (stream): 1,065 prompt tokens ·
                       temperature: 0, greedy (req), max_tokens: 256 (req),
                       min_tokens: 256 (req)
16:11:11.975 INFO:     #505 chat/completions (stream): 256 tokens generated at
                       111.8 T/s · prompt 875 tokens, none cached, 875 new in
                       0.28 s (3,125 T/s) · first token 0.29 s, total 2.58 s ·
                       draft 161/285 accepted (56%) · max_tokens reached
16:11:12.027 INFO:     #509 chat/completions (stream): 761 prompt tokens ·
                       temperature: 0, greedy (req), max_tokens: 256 (req),
                       min_tokens: 256 (req)
16:11:12.988 INFO:     #506 chat/completions (stream): 256 tokens generated at
                       124.7 T/s · prompt 749 tokens, none cached, 749 new in
                       0.26 s (2,881 T/s) · first token 0.27 s, total 2.32 s ·
                       draft 175/243 accepted (72%) · max_tokens reached
16:11:13.040 INFO:     #507 chat/completions (stream): 256 tokens generated at
                       139.4 T/s · prompt 94 tokens, none cached, 94 new in 0.09
                       s · first token 0.10 s, total 1.93 s · draft 182/222
                       accepted (82%) · max_tokens reached
16:11:13.478 INFO:     #508 chat/completions (stream): 256 tokens generated at
                       158.3 T/s · prompt 1,065 tokens, none cached, 1,065 new
                       in 0.27 s (3,944 T/s) · first token 0.28 s, total 1.89 s
                       · draft 170/258 accepted (66%) · max_tokens reached
16:11:13.605 INFO:     #509 chat/completions (stream): 256 tokens generated at
                       197.4 T/s · prompt 761 tokens, none cached, 761 new in
                       0.27 s (2,819 T/s) · first token 0.28 s, total 1.57 s ·
                       draft 167/267 accepted (63%) · max_tokens reached
