16:44:27.849 INFO:     Sampler preset "qwen38_thinking": temperature 0.6, top_k
                       20, top_p 0.95
16:44:27.885 INFO:     exllamav3 version: 1.5.2
16:44:29.216 INFO:     Using main model MTP component for drafting
16:44:29.238 INFO:     Context: max_seq_len 262,144 tokens (configured),
                       cache_size 901,120 tokens
16:44:29.286 INFO:     Using tool format: qwen3_coder
16:44:29.286 INFO:     Using template "chat_template" for chat completions.
16:44:31.516 INFO:     Loading model
                       /models/qwen3.8-flash-next-exl3-2.50bpw-r0b0tlab (manual
                       GPU split)
Loading vision modules ━━━━━━━━━━━━━━━━━━━━━━━━━━━━━━━━━━━━━━ 100% 30/30 0:00:00
Loading draft modules  ━━━━━━━━━━━━━━━━━━━━━━━━━━━━━━━━━━━━━━ 100% 3/3   0:00:00
Loading model modules  ━━━━━━━━━━━━━━━━━━━━━━━━━━━━━━━━━━━━━━ 100% 53/53 0:00:00
EXL3_EMBED_GPU_PRUNED=1: embedding mirror 65536 of 248320 rows (320.0 MiB, prefix) on cuda:1
16:44:42.206 INFO:     Model loaded in 12.9 s

16:44:42.206 WARNING:  Disabling authentication makes your instance vulnerable.
                       Set the `disable_auth` flag to False in config.yml if you
                       want to share this instance with others.
16:44:42.207 WARNING:  With authentication disabled and `allowed_origins` left
                       at ["*"], any website open in a browser on this machine
                       can send requests to this instance and read the
                       responses, including admin endpoints. Set
                       `network.allowed_origins` to your own frontends (or [])
                       unless you use a browser-based frontend that needs it.
16:44:42.208 INFO:     Serving OAI API on http://0.0.0.0:8022 (docs at
                       http://0.0.0.0:8022/redoc)
16:44:42.763 INFO:     #3 completions: 3 prompt tokens · temperature: 0, greedy
                       (req), max_tokens: 16 (req)
densegemm lcguard: device 1: dense calls on the QSA side branch use the side scratch (hctr upper half, side slots)
densegemm lcguard: device 0: dense calls on the QSA side branch use the side scratch (hctr upper half, side slots)
16:44:43.097 INFO:     #3 completions: 16 tokens generated at 107.0 T/s · prompt
                       3 tokens, none cached, 3 new in 0.18 s · first token 0.19
                       s, total 0.34 s · draft 7/27 accepted (26%) · max_tokens
                       reached
16:44:43.481 INFO:     #5 chat/completions: 73 prompt tokens · temperature: 0,
                       greedy (req), max_tokens: 64 (req), min_tokens: 64 (req)
16:44:43.483 INFO:     #6 chat/completions: 73 prompt tokens · temperature: 0,
                       greedy (req), max_tokens: 64 (req), min_tokens: 64 (req)
16:44:43.974 INFO:     #5 chat/completions: 64 tokens generated at 223.0 T/s ·
                       prompt 73 tokens, none cached, 73 new in 0.19 s · first
                       token 0.20 s, total 0.49 s · draft 42/66 accepted (64%) ·
                       max_tokens reached
16:44:43.975 INFO:     #6 chat/completions: 64 tokens generated at 222.9 T/s ·
                       prompt 73 tokens, none cached, 73 new in 0.08 s · queued
                       0.12 s, first token 0.20 s, total 0.49 s · draft 42/66
                       accepted (64%) · max_tokens reached
16:44:55.882 INFO:     #10 chat/completions (stream): 92 prompt tokens ·
                       temperature: 0, greedy (req), max_tokens: 256 (req),
                       min_tokens: 256 (req)
16:44:55.999 INFO:     #11 chat/completions (stream): 511 prompt tokens ·
                       temperature: 0, greedy (req), max_tokens: 256 (req),
                       min_tokens: 256 (req)
16:44:57.384 INFO:     #10 chat/completions (stream): 256 tokens generated at
                       189.1 T/s · prompt 92 tokens, none cached, 92 new in 0.10
                       s · first token 0.11 s, total 1.46 s · draft 176/240
                       accepted (73%) · max_tokens reached
16:44:57.423 INFO:     #12 chat/completions (stream): 74 prompt tokens ·
                       temperature: 0, greedy (req), max_tokens: 256 (req),
                       min_tokens: 256 (req)
16:44:57.734 INFO:     #11 chat/completions (stream): 256 tokens generated at
                       183.8 T/s · prompt 511 tokens, none cached, 511 new in
                       0.30 s (1,703 T/s) · first token 0.30 s, total 1.70 s ·
                       draft 157/297 accepted (53%) · max_tokens reached
16:44:57.767 INFO:     #13 chat/completions (stream): 87 prompt tokens ·
                       temperature: 0, greedy (req), max_tokens: 256 (req),
                       min_tokens: 256 (req)
16:44:58.907 INFO:     #12 chat/completions (stream): 256 tokens generated at
                       188.7 T/s · prompt 74 tokens, none cached, 74 new in 0.08
                       s · first token 0.09 s, total 1.44 s · draft 159/291
                       accepted (55%) · max_tokens reached
16:44:58.940 INFO:     #14 chat/completions (stream): 105 prompt tokens ·
                       temperature: 0, greedy (req), max_tokens: 256 (req),
                       min_tokens: 256 (req)
16:44:59.268 INFO:     #13 chat/completions (stream): 256 tokens generated at
                       187.2 T/s · prompt 87 tokens, none cached, 87 new in 0.09
                       s · first token 0.09 s, total 1.46 s · draft 159/291
                       accepted (55%) · max_tokens reached
16:44:59.302 INFO:     #15 chat/completions (stream): 121 prompt tokens ·
                       temperature: 0, greedy (req), max_tokens: 256 (req),
                       min_tokens: 256 (req)
16:45:00.175 INFO:     #14 chat/completions (stream): 256 tokens generated at
                       235.9 T/s · prompt 105 tokens, none cached, 105 new in
                       0.10 s · first token 0.10 s, total 1.19 s · draft 181/225
                       accepted (80%) · max_tokens reached
16:45:00.209 INFO:     #16 chat/completions (stream): 74 prompt tokens ·
                       temperature: 0, greedy (req), max_tokens: 256 (req),
                       min_tokens: 256 (req)
16:45:00.601 INFO:     #15 chat/completions (stream): 256 tokens generated at
                       223.1 T/s · prompt 121 tokens, none cached, 121 new in
                       0.10 s · first token 0.11 s, total 1.25 s · draft 176/240
                       accepted (73%) · max_tokens reached
16:45:00.633 INFO:     #17 chat/completions (stream): 78 prompt tokens ·
                       temperature: 0, greedy (req), max_tokens: 256 (req),
                       min_tokens: 256 (req)
16:45:01.732 INFO:     #16 chat/completions (stream): 256 tokens generated at
                       183.2 T/s · prompt 74 tokens, none cached, 74 new in 0.08
                       s · first token 0.08 s, total 1.48 s · draft 157/297
                       accepted (53%) · max_tokens reached
16:45:01.765 INFO:     #18 chat/completions (stream): 62 prompt tokens ·
                       temperature: 0, greedy (req), max_tokens: 256 (req),
                       min_tokens: 256 (req)
16:45:02.021 INFO:     #17 chat/completions (stream): 256 tokens generated at
                       203.2 T/s · prompt 78 tokens, none cached, 78 new in 0.08
                       s · first token 0.08 s, total 1.34 s · draft 166/270
                       accepted (61%) · max_tokens reached
16:45:02.054 INFO:     #20 chat/completions (stream): 64 prompt tokens ·
                       temperature: 0, greedy (req), max_tokens: 256 (req),
                       min_tokens: 256 (req)
16:45:03.282 INFO:     #18 chat/completions (stream): 256 tokens generated at
                       184.3 T/s · prompt 62 tokens, none cached, 62 new in 0.08
                       s · first token 0.08 s, total 1.47 s · draft 155/303
                       accepted (51%) · max_tokens reached
16:45:03.314 INFO:     #21 chat/completions (stream): 89 prompt tokens ·
                       temperature: 0, greedy (req), max_tokens: 256 (req),
                       min_tokens: 256 (req)
16:45:03.536 INFO:     #20 chat/completions (stream): 256 tokens generated at
                       187.8 T/s · prompt 64 tokens, none cached, 64 new in 0.07
                       s · first token 0.07 s, total 1.44 s · draft 159/291
                       accepted (55%) · max_tokens reached
16:45:03.569 INFO:     #22 chat/completions (stream): 109 prompt tokens ·
                       temperature: 0, greedy (req), max_tokens: 256 (req),
                       min_tokens: 256 (req)
16:45:04.528 INFO:     #21 chat/completions (stream): 256 tokens generated at
                       236.8 T/s · prompt 89 tokens, none cached, 89 new in 0.09
                       s · first token 0.09 s, total 1.18 s · draft 181/225
                       accepted (80%) · max_tokens reached
16:45:04.565 INFO:     #23 chat/completions (stream): 829 prompt tokens ·
                       temperature: 0, greedy (req), max_tokens: 256 (req),
                       min_tokens: 256 (req)
16:45:05.101 INFO:     #22 chat/completions (stream): 256 tokens generated at
                       184.2 T/s · prompt 109 tokens, none cached, 109 new in
                       0.09 s · first token 0.09 s, total 1.48 s · draft 171/255
                       accepted (67%) · max_tokens reached
16:45:05.134 INFO:     #24 chat/completions (stream): 67 prompt tokens ·
                       temperature: 0, greedy (req), max_tokens: 256 (req),
                       min_tokens: 256 (req)
16:45:06.152 INFO:     #23 chat/completions (stream): 256 tokens generated at
                       204.6 T/s · prompt 829 tokens, none cached, 829 new in
                       0.29 s (2,859 T/s) · first token 0.29 s, total 1.55 s ·
                       draft 167/267 accepted (63%) · max_tokens reached
16:45:06.186 INFO:     #25 chat/completions (stream): 201 prompt tokens ·
                       temperature: 0, greedy (req), max_tokens: 256 (req),
                       min_tokens: 256 (req)
16:45:06.390 INFO:     #24 chat/completions (stream): 256 tokens generated at
                       225.7 T/s · prompt 67 tokens, none cached, 67 new in 0.07
                       s · first token 0.07 s, total 1.21 s · draft 178/234
                       accepted (76%) · max_tokens reached
16:45:06.424 INFO:     #26 chat/completions (stream): 88 prompt tokens ·
                       temperature: 0, greedy (req), max_tokens: 256 (req),
                       min_tokens: 256 (req)
16:45:07.549 INFO:     #25 chat/completions (stream): 256 tokens generated at
                       211.7 T/s · prompt 201 tokens, none cached, 201 new in
                       0.11 s · first token 0.11 s, total 1.32 s · draft 171/255
                       accepted (67%) · max_tokens reached
16:45:07.581 INFO:     #27 chat/completions (stream): 84 prompt tokens ·
                       temperature: 0, greedy (req), max_tokens: 256 (req),
                       min_tokens: 256 (req)
16:45:07.970 INFO:     #26 chat/completions (stream): 256 tokens generated at
                       181.1 T/s · prompt 88 tokens, none cached, 88 new in 0.08
                       s · first token 0.09 s, total 1.50 s · draft 155/303
                       accepted (51%) · max_tokens reached
16:45:08.004 INFO:     #28 chat/completions (stream): 735 prompt tokens ·
                       temperature: 0, greedy (req), max_tokens: 256 (req),
                       min_tokens: 256 (req)
16:45:09.174 INFO:     #27 chat/completions (stream): 256 tokens generated at
                       175.3 T/s · prompt 84 tokens, none cached, 84 new in 0.08
                       s · first token 0.08 s, total 1.55 s · draft 165/273
                       accepted (60%) · max_tokens reached
16:45:09.208 INFO:     #29 chat/completions (stream): 72 prompt tokens ·
                       temperature: 0, greedy (req), max_tokens: 256 (req),
                       min_tokens: 256 (req)
16:45:09.791 INFO:     #28 chat/completions (stream): 256 tokens generated at
                       176.5 T/s · prompt 735 tokens, none cached, 735 new in
                       0.29 s (2,534 T/s) · first token 0.29 s, total 1.74 s ·
                       draft 152/312 accepted (49%) · max_tokens reached
16:45:09.826 INFO:     #30 chat/completions (stream): 1,231 prompt tokens ·
                       temperature: 0, greedy (req), max_tokens: 256 (req),
                       min_tokens: 256 (req)
16:45:11.109 INFO:     #29 chat/completions (stream): 256 tokens generated at
                       144.0 T/s · prompt 72 tokens, none cached, 72 new in 0.08
                       s · first token 0.08 s, total 1.86 s · draft 149/321
                       accepted (46%) · max_tokens reached
16:45:11.143 INFO:     #31 chat/completions (stream): 134 prompt tokens ·
                       temperature: 0, greedy (req), max_tokens: 256 (req),
                       min_tokens: 256 (req)
16:45:11.561 INFO:     #30 chat/completions (stream): 256 tokens generated at
                       193.6 T/s · prompt 1,231 tokens, none cached, 1,231 new
                       in 0.36 s (3,419 T/s) · first token 0.36 s, total 1.69 s
                       · draft 165/273 accepted (60%) · max_tokens reached
16:45:11.597 INFO:     #32 chat/completions (stream): 1,082 prompt tokens ·
                       temperature: 0, greedy (req), max_tokens: 256 (req),
                       min_tokens: 256 (req)
16:45:12.614 INFO:     #31 chat/completions (stream): 256 tokens generated at
                       194.8 T/s · prompt 134 tokens, none cached, 134 new in
                       0.11 s · first token 0.12 s, total 1.43 s · draft 180/228
                       accepted (79%) · max_tokens reached
16:45:12.648 INFO:     #33 chat/completions (stream): 84 prompt tokens ·
                       temperature: 0, greedy (req), max_tokens: 256 (req),
                       min_tokens: 256 (req)
16:45:13.291 INFO:     #32 chat/completions (stream): 256 tokens generated at
                       194.1 T/s · prompt 1,082 tokens, none cached, 1,082 new
                       in 0.33 s (3,279 T/s) · first token 0.33 s, total 1.65 s
                       · draft 161/285 accepted (56%) · max_tokens reached
16:45:13.323 INFO:     #34 chat/completions (stream): 78 prompt tokens ·
                       temperature: 0, greedy (req), max_tokens: 256 (req),
                       min_tokens: 256 (req)
16:45:14.051 INFO:     #33 chat/completions (stream): 256 tokens generated at
                       201.1 T/s · prompt 84 tokens, none cached, 84 new in 0.08
                       s · first token 0.08 s, total 1.36 s · draft 165/273
                       accepted (60%) · max_tokens reached
16:45:14.085 INFO:     #35 chat/completions (stream): 70 prompt tokens ·
                       temperature: 0, greedy (req), max_tokens: 256 (req),
                       min_tokens: 256 (req)
16:45:14.744 INFO:     #34 chat/completions (stream): 256 tokens generated at
                       197.9 T/s · prompt 78 tokens, none cached, 78 new in 0.08
                       s · first token 0.08 s, total 1.38 s · draft 164/276
                       accepted (59%) · max_tokens reached
16:45:14.778 INFO:     #36 chat/completions (stream): 149 prompt tokens ·
                       temperature: 0, greedy (req), max_tokens: 256 (req),
                       min_tokens: 256 (req)
16:45:15.504 INFO:     #35 chat/completions (stream): 256 tokens generated at
                       197.7 T/s · prompt 70 tokens, none cached, 70 new in 0.08
                       s · first token 0.08 s, total 1.38 s · draft 165/273
                       accepted (60%) · max_tokens reached
16:45:15.538 INFO:     #37 chat/completions (stream): 258 prompt tokens ·
                       temperature: 0, greedy (req), max_tokens: 256 (req),
                       min_tokens: 256 (req)
16:45:16.179 INFO:     #36 chat/completions (stream): 256 tokens generated at
                       204.0 T/s · prompt 149 tokens, none cached, 149 new in
                       0.10 s · first token 0.10 s, total 1.36 s · draft 170/258
                       accepted (66%) · max_tokens reached
16:45:16.214 INFO:     #38 chat/completions (stream): 109 prompt tokens ·
                       temperature: 0, greedy (req), max_tokens: 256 (req),
                       min_tokens: 256 (req)
16:45:17.088 INFO:     #37 chat/completions (stream): 256 tokens generated at
                       189.8 T/s · prompt 258 tokens, none cached, 258 new in
                       0.15 s (1,720 T/s) · first token 0.15 s, total 1.50 s ·
                       draft 159/291 accepted (55%) · max_tokens reached
16:45:17.121 INFO:     #40 chat/completions (stream): 105 prompt tokens ·
                       temperature: 0, greedy (req), max_tokens: 256 (req),
                       min_tokens: 256 (req)
16:45:17.642 INFO:     #38 chat/completions (stream): 256 tokens generated at
                       198.7 T/s · prompt 109 tokens, none cached, 109 new in
                       0.09 s · first token 0.09 s, total 1.38 s · draft 164/276
                       accepted (59%) · max_tokens reached
16:45:17.677 INFO:     #41 chat/completions (stream): 788 prompt tokens ·
                       temperature: 0, greedy (req), max_tokens: 256 (req),
                       min_tokens: 256 (req)
16:45:18.705 INFO:     #40 chat/completions (stream): 256 tokens generated at
                       177.4 T/s · prompt 105 tokens, none cached, 105 new in
                       0.09 s · first token 0.09 s, total 1.54 s · draft 161/285
                       accepted (56%) · max_tokens reached
16:45:18.738 INFO:     #42 chat/completions (stream): 62 prompt tokens ·
                       temperature: 0, greedy (req), max_tokens: 256 (req),
                       min_tokens: 256 (req)
16:45:19.048 INFO:     #41 chat/completions (stream): 256 tokens generated at
                       234.8 T/s · prompt 788 tokens, none cached, 788 new in
                       0.23 s (3,426 T/s) · first token 0.24 s, total 1.33 s ·
                       draft 176/240 accepted (73%) · max_tokens reached
16:45:19.083 INFO:     #43 chat/completions (stream): 1,445 prompt tokens ·
                       temperature: 0, greedy (req), max_tokens: 256 (req),
                       min_tokens: 256 (req)
16:45:20.440 INFO:     #42 chat/completions (stream): 256 tokens generated at
                       162.0 T/s · prompt 62 tokens, none cached, 62 new in 0.07
                       s · first token 0.07 s, total 1.65 s · draft 163/279
                       accepted (58%) · max_tokens reached
16:45:20.472 INFO:     #44 chat/completions (stream): 159 prompt tokens ·
                       temperature: 0, greedy (req), max_tokens: 256 (req),
                       min_tokens: 256 (req)
16:45:20.779 INFO:     #43 chat/completions (stream): 256 tokens generated at
                       204.6 T/s · prompt 1,445 tokens, none cached, 1,445 new
                       in 0.40 s (3,612 T/s) · first token 0.40 s, total 1.66 s
                       · draft 166/270 accepted (61%) · max_tokens reached
16:45:20.813 INFO:     #45 chat/completions (stream): 705 prompt tokens ·
                       temperature: 0, greedy (req), max_tokens: 256 (req),
                       min_tokens: 256 (req)
16:45:21.807 INFO:     #44 chat/completions (stream): 256 tokens generated at
                       214.6 T/s · prompt 159 tokens, none cached, 159 new in
                       0.09 s · first token 0.10 s, total 1.29 s · draft 185/213
                       accepted (87%) · max_tokens reached
16:45:21.839 INFO:     #46 chat/completions (stream): 62 prompt tokens ·
                       temperature: 0, greedy (req), max_tokens: 256 (req),
                       min_tokens: 256 (req)
16:45:22.377 INFO:     #45 chat/completions (stream): 256 tokens generated at
                       207.4 T/s · prompt 705 tokens, none cached, 705 new in
                       0.28 s (2,518 T/s) · first token 0.28 s, total 1.52 s ·
                       draft 166/270 accepted (61%) · max_tokens reached
16:45:22.412 INFO:     #47 chat/completions (stream): 796 prompt tokens ·
                       temperature: 0, greedy (req), max_tokens: 256 (req),
                       min_tokens: 256 (req)
16:45:23.321 INFO:     #46 chat/completions (stream): 256 tokens generated at
                       187.4 T/s · prompt 62 tokens, none cached, 62 new in 0.07
                       s · first token 0.08 s, total 1.44 s · draft 166/270
                       accepted (61%) · max_tokens reached
16:45:23.354 INFO:     #48 chat/completions (stream): 93 prompt tokens ·
                       temperature: 0, greedy (req), max_tokens: 256 (req),
                       min_tokens: 256 (req)
16:45:23.848 INFO:     #47 chat/completions (stream): 256 tokens generated at
                       222.4 T/s · prompt 796 tokens, none cached, 796 new in
                       0.24 s (3,317 T/s) · first token 0.24 s, total 1.40 s ·
                       draft 172/252 accepted (68%) · max_tokens reached
16:45:23.882 INFO:     #49 chat/completions (stream): 94 prompt tokens ·
                       temperature: 0, greedy (req), max_tokens: 256 (req),
                       min_tokens: 256 (req)
16:45:24.575 INFO:     #48 chat/completions (stream): 256 tokens generated at
                       236.5 T/s · prompt 93 tokens, none cached, 93 new in 0.09
                       s · first token 0.10 s, total 1.18 s · draft 181/225
                       accepted (80%) · max_tokens reached
16:45:24.611 INFO:     #50 chat/completions (stream): 65 prompt tokens ·
                       temperature: 0, greedy (req), max_tokens: 256 (req),
                       min_tokens: 256 (req)
16:45:25.272 INFO:     #49 chat/completions (stream): 256 tokens generated at
                       203.5 T/s · prompt 94 tokens, none cached, 94 new in 0.09
                       s · first token 0.09 s, total 1.35 s · draft 171/255
                       accepted (67%) · max_tokens reached
16:45:25.307 INFO:     #51 chat/completions (stream): 1,347 prompt tokens ·
                       temperature: 0, greedy (req), max_tokens: 256 (req),
                       min_tokens: 256 (req)
16:45:26.104 INFO:     #50 chat/completions (stream): 256 tokens generated at
                       189.4 T/s · prompt 65 tokens, none cached, 65 new in 0.09
                       s · first token 0.10 s, total 1.45 s · draft 180/228
                       accepted (79%) · max_tokens reached
16:45:26.138 INFO:     #52 chat/completions (stream): 754 prompt tokens ·
                       temperature: 0, greedy (req), max_tokens: 256 (req),
                       min_tokens: 256 (req)
16:45:27.134 INFO:     #51 chat/completions (stream): 256 tokens generated at
                       182.6 T/s · prompt 1,347 tokens, none cached, 1,347 new
                       in 0.38 s (3,545 T/s) · first token 0.38 s, total 1.79 s
                       · draft 166/270 accepted (61%) · max_tokens reached
16:45:27.166 INFO:     #53 chat/completions (stream): 73 prompt tokens ·
                       temperature: 0, greedy (req), max_tokens: 256 (req),
                       min_tokens: 256 (req)
16:45:27.593 INFO:     #52 chat/completions (stream): 256 tokens generated at
                       226.8 T/s · prompt 754 tokens, none cached, 754 new in
                       0.28 s (2,693 T/s) · first token 0.29 s, total 1.41 s ·
                       draft 174/246 accepted (71%) · max_tokens reached
16:45:27.626 INFO:     #54 chat/completions (stream): 758 prompt tokens ·
                       temperature: 0, greedy (req), max_tokens: 256 (req),
                       min_tokens: 256 (req)
16:45:28.600 INFO:     #53 chat/completions (stream): 256 tokens generated at
                       195.0 T/s · prompt 73 tokens, none cached, 73 new in 0.08
                       s · first token 0.08 s, total 1.40 s · draft 175/243
                       accepted (72%) · max_tokens reached
16:45:28.633 INFO:     #55 chat/completions (stream): 63 prompt tokens ·
                       temperature: 0, greedy (req), max_tokens: 256 (req),
                       min_tokens: 256 (req)
16:45:29.116 INFO:     #54 chat/completions (stream): 256 tokens generated at
                       221.1 T/s · prompt 758 tokens, none cached, 758 new in
                       0.28 s (2,707 T/s) · first token 0.28 s, total 1.44 s ·
                       draft 170/258 accepted (66%) · max_tokens reached
16:45:29.149 INFO:     #56 chat/completions (stream): 71 prompt tokens ·
                       temperature: 0, greedy (req), max_tokens: 256 (req),
                       min_tokens: 256 (req)
16:45:30.043 INFO:     #55 chat/completions (stream): 256 tokens generated at
                       198.0 T/s · prompt 63 tokens, none cached, 63 new in 0.07
                       s · first token 0.08 s, total 1.37 s · draft 160/288
                       accepted (56%) · max_tokens reached
16:45:30.075 INFO:     #57 chat/completions (stream): 71 prompt tokens ·
                       temperature: 0, greedy (req), max_tokens: 256 (req),
                       min_tokens: 256 (req)
16:45:30.560 INFO:     #56 chat/completions (stream): 256 tokens generated at
                       198.7 T/s · prompt 71 tokens, none cached, 71 new in 0.08
                       s · first token 0.08 s, total 1.37 s · draft 161/285
                       accepted (56%) · max_tokens reached
16:45:30.594 INFO:     #58 chat/completions (stream): 741 prompt tokens ·
                       temperature: 0, greedy (req), max_tokens: 256 (req),
                       min_tokens: 256 (req)
16:45:31.414 INFO:     #57 chat/completions (stream): 256 tokens generated at
                       210.5 T/s · prompt 71 tokens, none cached, 71 new in 0.08
                       s · first token 0.08 s, total 1.30 s · draft 180/228
                       accepted (79%) · max_tokens reached
16:45:31.453 INFO:     #59 chat/completions (stream): 117 prompt tokens ·
                       temperature: 0, greedy (req), max_tokens: 256 (req),
                       min_tokens: 256 (req)
16:45:32.050 INFO:     #58 chat/completions (stream): 256 tokens generated at
                       226.0 T/s · prompt 741 tokens, none cached, 741 new in
                       0.28 s (2,646 T/s) · first token 0.28 s, total 1.42 s ·
                       draft 173/249 accepted (69%) · max_tokens reached
16:45:32.083 INFO:     #61 chat/completions (stream): 72 prompt tokens ·
                       temperature: 0, greedy (req), max_tokens: 256 (req),
                       min_tokens: 256 (req)
16:45:32.862 INFO:     #59 chat/completions (stream): 256 tokens generated at
                       202.8 T/s · prompt 117 tokens, none cached, 117 new in
                       0.10 s · first token 0.10 s, total 1.37 s · draft 162/282
                       accepted (57%) · max_tokens reached
16:45:32.894 INFO:     #62 chat/completions (stream): 127 prompt tokens ·
                       temperature: 0, greedy (req), max_tokens: 256 (req),
                       min_tokens: 256 (req)
16:45:33.492 INFO:     #61 chat/completions (stream): 256 tokens generated at
                       199.1 T/s · prompt 72 tokens, none cached, 72 new in 0.08
                       s · first token 0.08 s, total 1.37 s · draft 163/279
                       accepted (58%) · max_tokens reached
16:45:33.525 INFO:     #63 chat/completions (stream): 62 prompt tokens ·
                       temperature: 0, greedy (req), max_tokens: 256 (req),
                       min_tokens: 256 (req)
16:45:34.243 INFO:     #62 chat/completions (stream): 256 tokens generated at
                       213.8 T/s · prompt 127 tokens, none cached, 127 new in
                       0.10 s · first token 0.10 s, total 1.30 s · draft 167/267
                       accepted (63%) · max_tokens reached
16:45:34.275 INFO:     #64 chat/completions (stream): 104 prompt tokens ·
                       temperature: 0, greedy (req), max_tokens: 256 (req),
                       min_tokens: 256 (req)
16:45:34.987 INFO:     #63 chat/completions (stream): 256 tokens generated at
                       190.3 T/s · prompt 62 tokens, none cached, 62 new in 0.07
                       s · first token 0.07 s, total 1.42 s · draft 158/294
                       accepted (54%) · max_tokens reached
16:45:35.020 INFO:     #65 chat/completions (stream): 67 prompt tokens ·
                       temperature: 0, greedy (req), max_tokens: 256 (req),
                       min_tokens: 256 (req)
16:45:35.659 INFO:     #64 chat/completions (stream): 256 tokens generated at
                       205.6 T/s · prompt 104 tokens, none cached, 104 new in
                       0.09 s · first token 0.09 s, total 1.34 s · draft 165/273
                       accepted (60%) · max_tokens reached
16:45:35.692 INFO:     #66 chat/completions (stream): 676 prompt tokens ·
                       temperature: 0, greedy (req), max_tokens: 256 (req),
                       min_tokens: 256 (req)
16:45:36.586 INFO:     #65 chat/completions (stream): 256 tokens generated at
                       177.0 T/s · prompt 67 tokens, none cached, 67 new in 0.07
                       s · first token 0.07 s, total 1.52 s · draft 164/276
                       accepted (59%) · max_tokens reached
16:45:36.620 INFO:     #67 chat/completions (stream): 802 prompt tokens ·
                       temperature: 0, greedy (req), max_tokens: 256 (req),
                       min_tokens: 256 (req)
16:45:37.417 INFO:     #66 chat/completions (stream): 256 tokens generated at
                       180.8 T/s · prompt 676 tokens, none cached, 676 new in
                       0.26 s (2,600 T/s) · first token 0.26 s, total 1.68 s ·
                       draft 166/270 accepted (61%) · max_tokens reached
16:45:37.453 INFO:     #68 chat/completions (stream): 992 prompt tokens ·
                       temperature: 0, greedy (req), max_tokens: 256 (req),
                       min_tokens: 256 (req)
16:45:38.234 INFO:     #67 chat/completions (stream): 256 tokens generated at
                       196.1 T/s · prompt 802 tokens, none cached, 802 new in
                       0.26 s (3,085 T/s) · first token 0.27 s, total 1.57 s ·
                       draft 176/240 accepted (73%) · max_tokens reached
16:45:38.267 INFO:     #69 chat/completions (stream): 68 prompt tokens ·
                       temperature: 0, greedy (req), max_tokens: 256 (req),
                       min_tokens: 256 (req)
16:45:38.879 INFO:     #68 chat/completions (stream): 256 tokens generated at
                       237.1 T/s · prompt 992 tokens, none cached, 992 new in
                       0.30 s (3,307 T/s) · first token 0.30 s, total 1.38 s ·
                       draft 177/237 accepted (75%) · max_tokens reached
16:45:38.914 INFO:     #70 chat/completions (stream): 785 prompt tokens ·
                       temperature: 0, greedy (req), max_tokens: 256 (req),
                       min_tokens: 256 (req)
16:45:39.837 INFO:     #69 chat/completions (stream): 256 tokens generated at
                       176.9 T/s · prompt 68 tokens, none cached, 68 new in 0.08
                       s · first token 0.09 s, total 1.53 s · draft 160/288
                       accepted (56%) · max_tokens reached
16:45:39.870 INFO:     #71 chat/completions (stream): 262 prompt tokens ·
                       temperature: 0, greedy (req), max_tokens: 256 (req),
                       min_tokens: 256 (req)
16:45:40.417 INFO:     #70 chat/completions (stream): 256 tokens generated at
                       208.2 T/s · prompt 785 tokens, none cached, 785 new in
                       0.23 s (3,413 T/s) · first token 0.24 s, total 1.46 s ·
                       draft 172/252 accepted (68%) · max_tokens reached
16:45:40.451 INFO:     #72 chat/completions (stream): 689 prompt tokens ·
                       temperature: 0, greedy (req), max_tokens: 256 (req),
                       min_tokens: 256 (req)
16:45:41.277 INFO:     #71 chat/completions (stream): 256 tokens generated at
                       213.4 T/s · prompt 262 tokens, none cached, 262 new in
                       0.16 s (1,638 T/s) · first token 0.16 s, total 1.36 s ·
                       draft 182/222 accepted (82%) · max_tokens reached
16:45:41.311 INFO:     #73 chat/completions (stream): 702 prompt tokens ·
                       temperature: 0, greedy (req), max_tokens: 256 (req),
                       min_tokens: 256 (req)
16:45:42.327 INFO:     #72 chat/completions (stream): 256 tokens generated at
                       163.8 T/s · prompt 689 tokens, none cached, 689 new in
                       0.27 s (2,552 T/s) · first token 0.28 s, total 1.84 s ·
                       draft 153/309 accepted (50%) · max_tokens reached
16:45:42.361 INFO:     #74 chat/completions (stream): 785 prompt tokens ·
                       temperature: 0, greedy (req), max_tokens: 256 (req),
                       min_tokens: 256 (req)
16:45:42.903 INFO:     #73 chat/completions (stream): 256 tokens generated at
                       200.4 T/s · prompt 702 tokens, none cached, 702 new in
                       0.27 s (2,600 T/s) · first token 0.27 s, total 1.55 s ·
                       draft 174/246 accepted (71%) · max_tokens reached
16:45:42.935 INFO:     #75 chat/completions (stream): 67 prompt tokens ·
                       temperature: 0, greedy (req), max_tokens: 256 (req),
                       min_tokens: 256 (req)
16:45:43.703 INFO:     #74 chat/completions (stream): 256 tokens generated at
                       246.1 T/s · prompt 785 tokens, none cached, 785 new in
                       0.25 s (3,140 T/s) · first token 0.25 s, total 1.30 s ·
                       draft 179/231 accepted (77%) · max_tokens reached
16:45:43.736 INFO:     #76 chat/completions (stream): 724 prompt tokens ·
                       temperature: 0, greedy (req), max_tokens: 256 (req),
                       min_tokens: 256 (req)
16:45:44.376 INFO:     #75 chat/completions (stream): 256 tokens generated at
                       193.9 T/s · prompt 67 tokens, none cached, 67 new in 0.07
                       s · first token 0.08 s, total 1.40 s · draft 171/255
                       accepted (67%) · max_tokens reached
16:45:44.409 INFO:     #77 chat/completions (stream): 414 prompt tokens ·
                       temperature: 0, greedy (req), max_tokens: 256 (req),
                       min_tokens: 256 (req)
16:45:45.513 INFO:     #76 chat/completions (stream): 256 tokens generated at
                       174.7 T/s · prompt 724 tokens, none cached, 724 new in
                       0.26 s (2,785 T/s) · first token 0.26 s, total 1.73 s ·
                       draft 159/291 accepted (55%) · max_tokens reached
16:45:45.544 INFO:     #78 chat/completions (stream): 63 prompt tokens ·
                       temperature: 0, greedy (req), max_tokens: 256 (req),
                       min_tokens: 256 (req)
16:45:45.966 INFO:     #77 chat/completions (stream): 256 tokens generated at
                       202.4 T/s · prompt 414 tokens, none cached, 414 new in
                       0.25 s (1,656 T/s) · first token 0.26 s, total 1.52 s ·
                       draft 162/282 accepted (57%) · max_tokens reached
16:45:45.998 INFO:     #79 chat/completions (stream): 104 prompt tokens ·
                       temperature: 0, greedy (req), max_tokens: 256 (req),
                       min_tokens: 256 (req)
16:45:47.044 INFO:     #78 chat/completions (stream): 256 tokens generated at
                       185.1 T/s · prompt 63 tokens, none cached, 63 new in 0.07
                       s · first token 0.07 s, total 1.46 s · draft 154/306
                       accepted (50%) · max_tokens reached
16:45:47.078 INFO:     #81 chat/completions (stream): 666 prompt tokens ·
                       temperature: 0, greedy (req), max_tokens: 256 (req),
                       min_tokens: 256 (req)
16:45:47.613 INFO:     #79 chat/completions (stream): 256 tokens generated at
                       173.8 T/s · prompt 104 tokens, none cached, 104 new in
                       0.09 s · first token 0.09 s, total 1.57 s · draft 160/288
                       accepted (56%) · max_tokens reached
16:45:47.646 INFO:     #82 chat/completions (stream): 90 prompt tokens ·
                       temperature: 0, greedy (req), max_tokens: 256 (req),
                       min_tokens: 256 (req)
16:45:48.762 INFO:     #81 chat/completions (stream): 256 tokens generated at
                       186.1 T/s · prompt 666 tokens, none cached, 666 new in
                       0.26 s (2,562 T/s) · first token 0.27 s, total 1.64 s ·
                       draft 157/297 accepted (53%) · max_tokens reached
16:45:48.795 INFO:     #83 chat/completions (stream): 61 prompt tokens ·
                       temperature: 0, greedy (req), max_tokens: 256 (req),
                       min_tokens: 256 (req)
16:45:48.998 INFO:     #82 chat/completions (stream): 256 tokens generated at
                       210.2 T/s · prompt 90 tokens, none cached, 90 new in 0.09
                       s · first token 0.10 s, total 1.31 s · draft 167/267
                       accepted (63%) · max_tokens reached
16:45:49.035 INFO:     #84 chat/completions (stream): 1,355 prompt tokens ·
                       temperature: 0, greedy (req), max_tokens: 256 (req),
                       min_tokens: 256 (req)
16:45:50.304 INFO:     #83 chat/completions (stream): 256 tokens generated at
                       183.6 T/s · prompt 61 tokens, none cached, 61 new in 0.07
                       s · first token 0.08 s, total 1.47 s · draft 176/240
                       accepted (73%) · max_tokens reached
16:45:50.336 INFO:     #85 chat/completions (stream): 67 prompt tokens ·
                       temperature: 0, greedy (req), max_tokens: 256 (req),
                       min_tokens: 256 (req)
16:45:50.783 INFO:     #84 chat/completions (stream): 256 tokens generated at
                       197.3 T/s · prompt 1,355 tokens, none cached, 1,355 new
                       in 0.40 s (3,388 T/s) · first token 0.40 s, total 1.70 s
                       · draft 159/291 accepted (55%) · max_tokens reached
16:45:50.819 INFO:     #86 chat/completions (stream): 1,173 prompt tokens ·
                       temperature: 0, greedy (req), max_tokens: 256 (req),
                       min_tokens: 256 (req)
16:45:51.881 INFO:     #85 chat/completions (stream): 256 tokens generated at
                       179.8 T/s · prompt 67 tokens, none cached, 67 new in 0.07
                       s · first token 0.08 s, total 1.50 s · draft 169/261
                       accepted (65%) · max_tokens reached
16:45:51.913 INFO:     #87 chat/completions (stream): 65 prompt tokens ·
                       temperature: 0, greedy (req), max_tokens: 256 (req),
                       min_tokens: 256 (req)
16:45:52.452 INFO:     #86 chat/completions (stream): 256 tokens generated at
                       202.7 T/s · prompt 1,173 tokens, none cached, 1,173 new
                       in 0.32 s (3,666 T/s) · first token 0.32 s, total 1.59 s
                       · draft 162/282 accepted (57%) · max_tokens reached
16:45:52.485 INFO:     #88 chat/completions (stream): 100 prompt tokens ·
                       temperature: 0, greedy (req), max_tokens: 256 (req),
                       min_tokens: 256 (req)
16:45:53.610 INFO:     #87 chat/completions (stream): 256 tokens generated at
                       162.0 T/s · prompt 65 tokens, none cached, 65 new in 0.07
                       s · first token 0.07 s, total 1.65 s · draft 140/348
                       accepted (40%) · max_tokens reached
16:45:53.623 INFO:     #89 chat/completions (stream): 110 prompt tokens ·
                       temperature: 0, greedy (req), max_tokens: 256 (req),
                       min_tokens: 256 (req)
16:45:53.735 INFO:     #88 chat/completions (stream): 256 tokens generated at
                       246.3 T/s · prompt 100 tokens, none cached, 100 new in
                       0.09 s · first token 0.09 s, total 1.13 s · draft 175/243
                       accepted (72%) · max_tokens reached
16:45:53.768 INFO:     #90 chat/completions (stream): 112 prompt tokens ·
                       temperature: 0, greedy (req), max_tokens: 256 (req),
                       min_tokens: 256 (req)
16:45:55.041 INFO:     #89 chat/completions (stream): 256 tokens generated at
                       200.8 T/s · prompt 110 tokens, none cached, 110 new in
                       0.10 s · first token 0.11 s, total 1.38 s · draft 165/273
                       accepted (60%) · max_tokens reached
16:45:55.073 INFO:     #91 chat/completions (stream): 64 prompt tokens ·
                       temperature: 0, greedy (req), max_tokens: 256 (req),
                       min_tokens: 256 (req)
16:45:55.225 INFO:     #90 chat/completions (stream): 256 tokens generated at
                       194.3 T/s · prompt 112 tokens, none cached, 112 new in
                       0.09 s · first token 0.09 s, total 1.41 s · draft 159/291
                       accepted (55%) · max_tokens reached
16:45:55.257 INFO:     #92 chat/completions (stream): 63 prompt tokens ·
                       temperature: 0, greedy (req), max_tokens: 256 (req),
                       min_tokens: 256 (req)
16:45:56.294 INFO:     #91 chat/completions (stream): 256 tokens generated at
                       231.6 T/s · prompt 64 tokens, none cached, 64 new in 0.07
                       s · first token 0.08 s, total 1.18 s · draft 173/249
                       accepted (69%) · max_tokens reached
16:45:56.329 INFO:     #93 chat/completions (stream): 794 prompt tokens ·
                       temperature: 0, greedy (req), max_tokens: 256 (req),
                       min_tokens: 256 (req)
16:45:56.944 INFO:     #92 chat/completions (stream): 256 tokens generated at
                       162.9 T/s · prompt 63 tokens, none cached, 63 new in 0.07
                       s · first token 0.07 s, total 1.65 s · draft 148/324
                       accepted (46%) · max_tokens reached
16:45:56.977 INFO:     #94 chat/completions (stream): 440 prompt tokens ·
                       temperature: 0, greedy (req), max_tokens: 256 (req),
                       min_tokens: 256 (req)
16:45:57.927 INFO:     #93 chat/completions (stream): 256 tokens generated at
                       192.8 T/s · prompt 794 tokens, none cached, 794 new in
                       0.22 s (3,609 T/s) · first token 0.22 s, total 1.55 s ·
                       draft 169/261 accepted (65%) · max_tokens reached
16:45:57.959 INFO:     #95 chat/completions (stream): 65 prompt tokens ·
                       temperature: 0, greedy (req), max_tokens: 256 (req),
                       min_tokens: 256 (req)
16:45:58.461 INFO:     #94 chat/completions (stream): 256 tokens generated at
                       214.6 T/s · prompt 440 tokens, none cached, 440 new in
                       0.24 s (1,833 T/s) · first token 0.25 s, total 1.44 s ·
                       draft 167/267 accepted (63%) · max_tokens reached
16:45:58.495 INFO:     #96 chat/completions (stream): 1,320 prompt tokens ·
                       temperature: 0, greedy (req), max_tokens: 256 (req),
                       min_tokens: 256 (req)
16:45:59.562 INFO:     #95 chat/completions (stream): 256 tokens generated at
                       172.3 T/s · prompt 65 tokens, none cached, 65 new in 0.07
                       s · first token 0.08 s, total 1.56 s · draft 165/273
                       accepted (60%) · max_tokens reached
16:45:59.596 INFO:     #97 chat/completions (stream): 795 prompt tokens ·
                       temperature: 0, greedy (req), max_tokens: 256 (req),
                       min_tokens: 256 (req)
16:46:00.286 INFO:     #96 chat/completions (stream): 256 tokens generated at
                       182.3 T/s · prompt 1,320 tokens, none cached, 1,320 new
                       in 0.34 s (3,882 T/s) · first token 0.34 s, total 1.75 s
                       · draft 162/282 accepted (57%) · max_tokens reached
16:46:00.320 INFO:     #98 chat/completions (stream): 267 prompt tokens ·
                       temperature: 0, greedy (req), max_tokens: 256 (req),
                       min_tokens: 256 (req)
16:46:01.076 INFO:     #97 chat/completions (stream): 256 tokens generated at
                       211.2 T/s · prompt 795 tokens, none cached, 795 new in
                       0.22 s (3,614 T/s) · first token 0.23 s, total 1.44 s ·
                       draft 172/252 accepted (68%) · max_tokens reached
16:46:01.109 INFO:     #99 chat/completions (stream): 300 prompt tokens ·
                       temperature: 0, greedy (req), max_tokens: 256 (req),
                       min_tokens: 256 (req)
16:46:01.760 INFO:     #98 chat/completions (stream): 256 tokens generated at
                       207.9 T/s · prompt 267 tokens, none cached, 267 new in
                       0.16 s (1,669 T/s) · first token 0.17 s, total 1.40 s ·
                       draft 173/249 accepted (69%) · max_tokens reached
16:46:01.792 INFO:     #100 chat/completions (stream): 73 prompt tokens ·
                       temperature: 0, greedy (req), max_tokens: 256 (req),
                       min_tokens: 256 (req)
16:46:02.545 INFO:     #99 chat/completions (stream): 256 tokens generated at
                       215.5 T/s · prompt 300 tokens, none cached, 300 new in
                       0.20 s (1,500 T/s) · first token 0.20 s, total 1.39 s ·
                       draft 169/261 accepted (65%) · max_tokens reached
16:46:02.577 INFO:     #102 chat/completions (stream): 64 prompt tokens ·
                       temperature: 0, greedy (req), max_tokens: 256 (req),
                       min_tokens: 256 (req)
16:46:03.049 INFO:     #100 chat/completions (stream): 256 tokens generated at
                       226.2 T/s · prompt 73 tokens, none cached, 73 new in 0.08
                       s · first token 0.08 s, total 1.22 s · draft 173/249
                       accepted (69%) · max_tokens reached
16:46:03.081 INFO:     #103 chat/completions (stream): 121 prompt tokens ·
                       temperature: 0, greedy (req), max_tokens: 256 (req),
                       min_tokens: 256 (req)
16:46:04.057 INFO:     #102 chat/completions (stream): 256 tokens generated at
                       187.8 T/s · prompt 64 tokens, none cached, 64 new in 0.07
                       s · first token 0.08 s, total 1.44 s · draft 157/297
                       accepted (53%) · max_tokens reached
16:46:04.091 INFO:     #104 chat/completions (stream): 464 prompt tokens ·
                       temperature: 0, greedy (req), max_tokens: 256 (req),
                       min_tokens: 256 (req)
16:46:04.472 INFO:     #103 chat/completions (stream): 256 tokens generated at
                       205.4 T/s · prompt 121 tokens, none cached, 121 new in
                       0.10 s · first token 0.10 s, total 1.35 s · draft 177/237
                       accepted (75%) · max_tokens reached
16:46:04.506 INFO:     #105 chat/completions (stream): 443 prompt tokens ·
                       temperature: 0, greedy (req), max_tokens: 256 (req),
                       min_tokens: 256 (req)
16:46:05.819 INFO:     #104 chat/completions (stream): 256 tokens generated at
                       178.4 T/s · prompt 464 tokens, none cached, 464 new in
                       0.25 s (1,856 T/s) · first token 0.26 s, total 1.69 s ·
                       draft 161/285 accepted (56%) · max_tokens reached
16:46:05.851 INFO:     #106 chat/completions (stream): 74 prompt tokens ·
                       temperature: 0, greedy (req), max_tokens: 256 (req),
                       min_tokens: 256 (req)
16:46:05.999 INFO:     #105 chat/completions (stream): 256 tokens generated at
                       211.6 T/s · prompt 443 tokens, none cached, 443 new in
                       0.24 s (1,846 T/s) · first token 0.25 s, total 1.45 s ·
                       draft 167/267 accepted (63%) · max_tokens reached
16:46:06.031 INFO:     #107 chat/completions (stream): 153 prompt tokens ·
                       temperature: 0, greedy (req), max_tokens: 256 (req),
                       min_tokens: 256 (req)
16:46:07.164 INFO:     #107 chat/completions (stream): 256 tokens generated at
                       256.9 T/s · prompt 153 tokens, none cached, 153 new in
                       0.09 s · first token 0.09 s, total 1.09 s · draft 179/231
                       accepted (77%) · max_tokens reached
16:46:07.177 INFO:     #108 chat/completions (stream): 63 prompt tokens ·
                       temperature: 0, greedy (req), max_tokens: 256 (req),
                       min_tokens: 256 (req)
16:46:07.262 INFO:     #106 chat/completions (stream): 256 tokens generated at
                       206.3 T/s · prompt 74 tokens, none cached, 74 new in 0.08
                       s · first token 0.09 s, total 1.33 s · draft 165/273
                       accepted (60%) · max_tokens reached
16:46:07.295 INFO:     #109 chat/completions (stream): 729 prompt tokens ·
                       temperature: 0, greedy (req), max_tokens: 256 (req),
                       min_tokens: 256 (req)
16:46:08.812 INFO:     #109 chat/completions (stream): 256 tokens generated at
                       215.0 T/s · prompt 729 tokens, none cached, 729 new in
                       0.28 s (2,604 T/s) · first token 0.28 s, total 1.48 s ·
                       draft 164/276 accepted (59%) · max_tokens reached
16:46:08.816 INFO:     #110 chat/completions (stream): 789 prompt tokens ·
                       temperature: 0, greedy (req), max_tokens: 256 (req),
                       min_tokens: 256 (req)
16:46:08.820 INFO:     #108 chat/completions (stream): 256 tokens generated at
                       164.2 T/s · prompt 63 tokens, none cached, 63 new in 0.07
                       s · first token 0.08 s, total 1.63 s · draft 155/303
                       accepted (51%) · max_tokens reached
16:46:09.071 INFO:     #111 chat/completions (stream): 168 prompt tokens ·
                       temperature: 0, greedy (req), max_tokens: 256 (req),
                       min_tokens: 256 (req)
16:46:10.225 INFO:     #111 chat/completions (stream): 256 tokens generated at
                       252.5 T/s · prompt 168 tokens, none cached, 168 new in
                       0.10 s · first token 0.10 s, total 1.12 s · draft 176/240
                       accepted (73%) · max_tokens reached
16:46:10.257 INFO:     #112 chat/completions (stream): 143 prompt tokens ·
                       temperature: 0, greedy (req), max_tokens: 256 (req),
                       min_tokens: 256 (req)
16:46:10.720 INFO:     #110 chat/completions (stream): 256 tokens generated at
                       155.9 T/s · prompt 789 tokens, none cached, 789 new in
                       0.21 s (3,757 T/s) · first token 0.22 s, total 1.86 s ·
                       draft 142/342 accepted (42%) · max_tokens reached
16:46:10.753 INFO:     #113 chat/completions (stream): 118 prompt tokens ·
                       temperature: 0, greedy (req), max_tokens: 256 (req),
                       min_tokens: 256 (req)
16:46:11.784 INFO:     #112 chat/completions (stream): 256 tokens generated at
                       186.7 T/s · prompt 143 tokens, none cached, 143 new in
                       0.11 s · first token 0.12 s, total 1.49 s · draft 156/300
                       accepted (52%) · max_tokens reached
16:46:11.816 INFO:     #114 chat/completions (stream): 273 prompt tokens ·
                       temperature: 0, greedy (req), max_tokens: 256 (req),
                       min_tokens: 256 (req)
16:46:12.360 INFO:     #113 chat/completions (stream): 256 tokens generated at
                       175.6 T/s · prompt 118 tokens, none cached, 118 new in
                       0.10 s · first token 0.10 s, total 1.56 s · draft 152/312
                       accepted (49%) · max_tokens reached
16:46:12.393 INFO:     #115 chat/completions (stream): 87 prompt tokens ·
                       temperature: 0, greedy (req), max_tokens: 256 (req),
                       min_tokens: 256 (req)
16:46:13.274 INFO:     #114 chat/completions (stream): 256 tokens generated at
                       203.5 T/s · prompt 273 tokens, none cached, 273 new in
                       0.15 s (1,820 T/s) · first token 0.16 s, total 1.41 s ·
                       draft 163/279 accepted (58%) · max_tokens reached
16:46:13.307 INFO:     #116 chat/completions (stream): 130 prompt tokens ·
                       temperature: 0, greedy (req), max_tokens: 256 (req),
                       min_tokens: 256 (req)
16:46:13.512 INFO:     #115 chat/completions (stream): 256 tokens generated at
                       259.5 T/s · prompt 87 tokens, none cached, 87 new in 0.08
                       s · first token 0.09 s, total 1.07 s · draft 186/210
                       accepted (89%) · max_tokens reached
16:46:13.545 INFO:     #117 chat/completions (stream): 63 prompt tokens ·
                       temperature: 0, greedy (req), max_tokens: 256 (req),
                       min_tokens: 256 (req)
16:46:14.459 INFO:     #116 chat/completions (stream): 256 tokens generated at
                       258.9 T/s · prompt 130 tokens, none cached, 130 new in
                       0.11 s · first token 0.12 s, total 1.10 s · draft 183/219
                       accepted (84%) · max_tokens reached
16:46:14.492 INFO:     #118 chat/completions (stream): 67 prompt tokens ·
                       temperature: 0, greedy (req), max_tokens: 256 (req),
                       min_tokens: 256 (req)
16:46:14.920 INFO:     #117 chat/completions (stream): 256 tokens generated at
                       203.3 T/s · prompt 63 tokens, none cached, 63 new in 0.07
                       s · first token 0.08 s, total 1.33 s · draft 163/279
                       accepted (58%) · max_tokens reached
16:46:14.952 INFO:     #119 chat/completions (stream): 61 prompt tokens ·
                       temperature: 0, greedy (req), max_tokens: 256 (req),
                       min_tokens: 256 (req)
16:46:15.721 INFO:     #118 chat/completions (stream): 256 tokens generated at
                       231.4 T/s · prompt 67 tokens, none cached, 67 new in 0.07
                       s · first token 0.08 s, total 1.18 s · draft 174/246
                       accepted (71%) · max_tokens reached
16:46:15.754 INFO:     #120 chat/completions (stream): 96 prompt tokens ·
                       temperature: 0, greedy (req), max_tokens: 256 (req),
                       min_tokens: 256 (req)
16:46:16.273 INFO:     #119 chat/completions (stream): 256 tokens generated at
                       212.4 T/s · prompt 61 tokens, none cached, 61 new in 0.07
                       s · first token 0.07 s, total 1.28 s · draft 168/264
                       accepted (64%) · max_tokens reached
16:46:16.307 INFO:     #121 chat/completions (stream): 497 prompt tokens ·
                       temperature: 0, greedy (req), max_tokens: 256 (req),
                       min_tokens: 256 (req)
16:46:17.126 INFO:     #120 chat/completions (stream): 256 tokens generated at
                       207.0 T/s · prompt 96 tokens, none cached, 96 new in 0.09
                       s · first token 0.10 s, total 1.33 s · draft 177/237
                       accepted (75%) · max_tokens reached
16:46:17.158 INFO:     #123 chat/completions (stream): 357 prompt tokens ·
                       temperature: 0, greedy (req), max_tokens: 256 (req),
                       min_tokens: 256 (req)
16:46:17.935 INFO:     #121 chat/completions (stream): 256 tokens generated at
                       192.2 T/s · prompt 497 tokens, none cached, 497 new in
                       0.25 s (1,988 T/s) · first token 0.25 s, total 1.59 s ·
                       draft 168/264 accepted (64%) · max_tokens reached
16:46:17.968 INFO:     #124 chat/completions (stream): 82 prompt tokens ·
                       temperature: 0, greedy (req), max_tokens: 256 (req),
                       min_tokens: 256 (req)
16:46:18.645 INFO:     #123 chat/completions (stream): 256 tokens generated at
                       211.0 T/s · prompt 357 tokens, none cached, 357 new in
                       0.23 s (1,552 T/s) · first token 0.23 s, total 1.45 s ·
                       draft 167/267 accepted (63%) · max_tokens reached
16:46:18.679 INFO:     #125 chat/completions (stream): 851 prompt tokens ·
                       temperature: 0, greedy (req), max_tokens: 256 (req),
                       min_tokens: 256 (req)
16:46:19.530 INFO:     #124 chat/completions (stream): 256 tokens generated at
                       178.9 T/s · prompt 82 tokens, none cached, 82 new in 0.08
                       s · first token 0.09 s, total 1.52 s · draft 166/270
                       accepted (61%) · max_tokens reached
16:46:19.562 INFO:     #126 chat/completions (stream): 121 prompt tokens ·
                       temperature: 0, greedy (req), max_tokens: 256 (req),
                       min_tokens: 256 (req)
16:46:20.293 INFO:     #125 chat/completions (stream): 256 tokens generated at
                       199.9 T/s · prompt 851 tokens, none cached, 851 new in
                       0.29 s (2,934 T/s) · first token 0.29 s, total 1.58 s ·
                       draft 164/276 accepted (59%) · max_tokens reached
16:46:20.325 INFO:     #127 chat/completions (stream): 62 prompt tokens ·
                       temperature: 0, greedy (req), max_tokens: 256 (req),
                       min_tokens: 256 (req)
16:46:20.743 INFO:     #126 chat/completions (stream): 256 tokens generated at
                       247.0 T/s · prompt 121 tokens, none cached, 121 new in
                       0.10 s · first token 0.11 s, total 1.14 s · draft 180/228
                       accepted (79%) · max_tokens reached
16:46:20.776 INFO:     #128 chat/completions (stream): 95 prompt tokens ·
                       temperature: 0, greedy (req), max_tokens: 256 (req),
                       min_tokens: 256 (req)
16:46:21.699 INFO:     #127 chat/completions (stream): 256 tokens generated at
                       203.6 T/s · prompt 62 tokens, none cached, 62 new in 0.07
                       s · first token 0.07 s, total 1.33 s · draft 165/273
                       accepted (60%) · max_tokens reached
16:46:21.731 INFO:     #129 chat/completions (stream): 61 prompt tokens ·
                       temperature: 0, greedy (req), max_tokens: 256 (req),
                       min_tokens: 256 (req)
16:46:22.074 INFO:     #128 chat/completions (stream): 256 tokens generated at
                       219.5 T/s · prompt 95 tokens, none cached, 95 new in 0.09
                       s · first token 0.09 s, total 1.26 s · draft 170/258
                       accepted (66%) · max_tokens reached
16:46:22.109 INFO:     #130 chat/completions (stream): 1,431 prompt tokens ·
                       temperature: 0, greedy (req), max_tokens: 256 (req),
                       min_tokens: 256 (req)
16:46:23.633 INFO:     #129 chat/completions (stream): 256 tokens generated at
                       143.4 T/s · prompt 61 tokens, none cached, 61 new in 0.07
                       s · first token 0.08 s, total 1.86 s · draft 143/339
                       accepted (42%) · max_tokens reached
16:46:23.667 INFO:     #131 chat/completions (stream): 670 prompt tokens ·
                       temperature: 0, greedy (req), max_tokens: 256 (req),
                       min_tokens: 256 (req)
16:46:24.018 INFO:     #130 chat/completions (stream): 256 tokens generated at
                       170.9 T/s · prompt 1,431 tokens, none cached, 1,431 new
                       in 0.36 s (3,975 T/s) · first token 0.36 s, total 1.86 s
                       · draft 157/297 accepted (53%) · max_tokens reached
16:46:24.056 INFO:     #132 chat/completions (stream): 393 prompt tokens ·
                       temperature: 0, greedy (req), max_tokens: 256 (req),
                       min_tokens: 256 (req)
16:46:25.391 INFO:     #131 chat/completions (stream): 256 tokens generated at
                       179.9 T/s · prompt 670 tokens, none cached, 670 new in
                       0.25 s (2,680 T/s) · first token 0.26 s, total 1.68 s ·
                       draft 170/258 accepted (66%) · max_tokens reached
16:46:25.424 INFO:     #133 chat/completions (stream): 242 prompt tokens ·
                       temperature: 0, greedy (req), max_tokens: 256 (req),
                       min_tokens: 256 (req)
16:46:25.725 INFO:     #132 chat/completions (stream): 256 tokens generated at
                       189.1 T/s · prompt 393 tokens, none cached, 393 new in
                       0.27 s (1,456 T/s) · first token 0.28 s, total 1.63 s ·
                       draft 164/276 accepted (59%) · max_tokens reached
16:46:25.758 INFO:     #134 chat/completions (stream): 199 prompt tokens ·
                       temperature: 0, greedy (req), max_tokens: 256 (req),
                       min_tokens: 256 (req)
16:46:26.616 INFO:     #133 chat/completions (stream): 256 tokens generated at
                       248.7 T/s · prompt 242 tokens, none cached, 242 new in
                       0.12 s · first token 0.13 s, total 1.15 s · draft 184/216
                       accepted (85%) · max_tokens reached
16:46:26.649 INFO:     #135 chat/completions (stream): 412 prompt tokens ·
                       temperature: 0, greedy (req), max_tokens: 256 (req),
                       min_tokens: 256 (req)
16:46:27.423 INFO:     #134 chat/completions (stream): 256 tokens generated at
                       169.2 T/s · prompt 199 tokens, none cached, 199 new in
                       0.10 s · first token 0.10 s, total 1.62 s · draft 155/303
                       accepted (51%) · max_tokens reached
16:46:27.455 INFO:     #136 chat/completions (stream): 109 prompt tokens ·
                       temperature: 0, greedy (req), max_tokens: 256 (req),
                       min_tokens: 256 (req)
16:46:28.116 INFO:     #135 chat/completions (stream): 256 tokens generated at
                       215.0 T/s · prompt 412 tokens, none cached, 412 new in
                       0.23 s (1,791 T/s) · first token 0.24 s, total 1.43 s ·
                       draft 169/261 accepted (65%) · max_tokens reached
16:46:28.148 INFO:     #137 chat/completions (stream): 92 prompt tokens ·
                       temperature: 0, greedy (req), max_tokens: 256 (req),
                       min_tokens: 256 (req)
16:46:28.672 INFO:     #136 chat/completions (stream): 256 tokens generated at
                       237.7 T/s · prompt 109 tokens, none cached, 109 new in
                       0.09 s · first token 0.10 s, total 1.17 s · draft 178/234
                       accepted (76%) · max_tokens reached
16:46:28.706 INFO:     #138 chat/completions (stream): 98 prompt tokens ·
                       temperature: 0, greedy (req), max_tokens: 256 (req),
                       min_tokens: 256 (req)
16:46:29.647 INFO:     #137 chat/completions (stream): 256 tokens generated at
                       187.2 T/s · prompt 92 tokens, none cached, 92 new in 0.09
                       s · first token 0.09 s, total 1.46 s · draft 157/297
                       accepted (53%) · max_tokens reached
16:46:29.679 INFO:     #139 chat/completions (stream): 91 prompt tokens ·
                       temperature: 0, greedy (req), max_tokens: 256 (req),
                       min_tokens: 256 (req)
16:46:29.940 INFO:     #138 chat/completions (stream): 256 tokens generated at
                       233.3 T/s · prompt 98 tokens, none cached, 98 new in 0.09
                       s · first token 0.10 s, total 1.19 s · draft 177/237
                       accepted (75%) · max_tokens reached
16:46:29.974 INFO:     #140 chat/completions (stream): 774 prompt tokens ·
                       temperature: 0, greedy (req), max_tokens: 256 (req),
                       min_tokens: 256 (req)
16:46:31.001 INFO:     #139 chat/completions (stream): 256 tokens generated at
                       215.3 T/s · prompt 91 tokens, none cached, 91 new in 0.09
                       s · first token 0.10 s, total 1.28 s · draft 178/234
                       accepted (76%) · max_tokens reached
16:46:31.034 INFO:     #141 chat/completions (stream): 823 prompt tokens ·
                       temperature: 0, greedy (req), max_tokens: 256 (req),
                       min_tokens: 256 (req)
16:46:31.561 INFO:     #140 chat/completions (stream): 256 tokens generated at
                       192.7 T/s · prompt 774 tokens, none cached, 774 new in
                       0.21 s (3,686 T/s) · first token 0.21 s, total 1.54 s ·
                       draft 172/252 accepted (68%) · max_tokens reached
16:46:31.593 INFO:     #142 chat/completions (stream): 75 prompt tokens ·
                       temperature: 0, greedy (req), max_tokens: 256 (req),
                       min_tokens: 256 (req)
16:46:32.545 INFO:     #141 chat/completions (stream): 256 tokens generated at
                       213.8 T/s · prompt 823 tokens, none cached, 823 new in
                       0.27 s (3,048 T/s) · first token 0.27 s, total 1.47 s ·
                       draft 169/261 accepted (65%) · max_tokens reached
16:46:32.579 INFO:     #144 chat/completions (stream): 819 prompt tokens ·
                       temperature: 0, greedy (req), max_tokens: 256 (req),
                       min_tokens: 256 (req)
16:46:33.129 INFO:     #142 chat/completions (stream): 256 tokens generated at
                       180.9 T/s · prompt 75 tokens, none cached, 75 new in 0.08
                       s · first token 0.09 s, total 1.50 s · draft 165/273
                       accepted (60%) · max_tokens reached
16:46:33.160 INFO:     #145 chat/completions (stream): 125 prompt tokens ·
                       temperature: 0, greedy (req), max_tokens: 256 (req),
                       min_tokens: 256 (req)
16:46:33.836 INFO:     #144 chat/completions (stream): 256 tokens generated at
                       271.5 T/s · prompt 819 tokens, none cached, 819 new in
                       0.27 s (3,033 T/s) · first token 0.27 s, total 1.22 s ·
                       draft 187/207 accepted (90%) · max_tokens reached
16:46:33.870 INFO:     #146 chat/completions (stream): 763 prompt tokens ·
                       temperature: 0, greedy (req), max_tokens: 256 (req),
                       min_tokens: 256 (req)
16:46:34.537 INFO:     #145 chat/completions (stream): 256 tokens generated at
                       207.8 T/s · prompt 125 tokens, none cached, 125 new in
                       0.10 s · first token 0.10 s, total 1.34 s · draft 180/228
                       accepted (79%) · max_tokens reached
16:46:34.570 INFO:     #147 chat/completions (stream): 65 prompt tokens ·
                       temperature: 0, greedy (req), max_tokens: 256 (req),
                       min_tokens: 256 (req)
16:46:35.505 INFO:     #146 chat/completions (stream): 256 tokens generated at
                       196.6 T/s · prompt 763 tokens, none cached, 763 new in
                       0.29 s (2,631 T/s) · first token 0.29 s, total 1.60 s ·
                       draft 160/288 accepted (56%) · max_tokens reached
16:46:35.538 INFO:     #148 chat/completions (stream): 536 prompt tokens ·
                       temperature: 0, greedy (req), max_tokens: 256 (req),
                       min_tokens: 256 (req)
16:46:36.130 INFO:     #147 chat/completions (stream): 256 tokens generated at
                       177.5 T/s · prompt 65 tokens, none cached, 65 new in 0.07
                       s · first token 0.08 s, total 1.52 s · draft 156/300
                       accepted (52%) · max_tokens reached
16:46:36.162 INFO:     #149 chat/completions (stream): 106 prompt tokens ·
                       temperature: 0, greedy (req), max_tokens: 256 (req),
                       min_tokens: 256 (req)
16:46:37.038 INFO:     #148 chat/completions (stream): 256 tokens generated at
                       202.6 T/s · prompt 536 tokens, none cached, 536 new in
                       0.19 s (2,821 T/s) · first token 0.20 s, total 1.46 s ·
                       draft 164/276 accepted (59%) · max_tokens reached
16:46:37.070 INFO:     #150 chat/completions (stream): 70 prompt tokens ·
                       temperature: 0, greedy (req), max_tokens: 256 (req),
                       min_tokens: 256 (req)
16:46:37.477 INFO:     #149 chat/completions (stream): 256 tokens generated at
                       218.1 T/s · prompt 106 tokens, none cached, 106 new in
                       0.09 s · first token 0.10 s, total 1.27 s · draft 170/258
                       accepted (66%) · max_tokens reached
16:46:37.513 INFO:     #151 chat/completions (stream): 1,053 prompt tokens ·
                       temperature: 0, greedy (req), max_tokens: 256 (req),
                       min_tokens: 256 (req)
16:46:38.616 INFO:     #150 chat/completions (stream): 256 tokens generated at
                       180.1 T/s · prompt 70 tokens, none cached, 70 new in 0.08
                       s · first token 0.09 s, total 1.51 s · draft 164/276
                       accepted (59%) · max_tokens reached
16:46:38.651 INFO:     #152 chat/completions (stream): 1,100 prompt tokens ·
                       temperature: 0, greedy (req), max_tokens: 256 (req),
                       min_tokens: 256 (req)
16:46:39.380 INFO:     #151 chat/completions (stream): 256 tokens generated at
                       163.6 T/s · prompt 1,053 tokens, none cached, 1,053 new
                       in 0.26 s (4,050 T/s) · first token 0.26 s, total 1.83 s
                       · draft 157/297 accepted (53%) · max_tokens reached
16:46:39.414 INFO:     #153 chat/completions (stream): 411 prompt tokens ·
                       temperature: 0, greedy (req), max_tokens: 256 (req),
                       min_tokens: 256 (req)
16:46:40.212 INFO:     #152 chat/completions (stream): 256 tokens generated at
                       213.1 T/s · prompt 1,100 tokens, none cached, 1,100 new
                       in 0.31 s (3,548 T/s) · first token 0.32 s, total 1.52 s
                       · draft 179/231 accepted (77%) · max_tokens reached
16:46:40.245 INFO:     #154 chat/completions (stream): 128 prompt tokens ·
                       temperature: 0, greedy (req), max_tokens: 256 (req),
                       min_tokens: 256 (req)
16:46:40.834 INFO:     #153 chat/completions (stream): 256 tokens generated at
                       225.9 T/s · prompt 411 tokens, none cached, 411 new in
                       0.24 s (1,712 T/s) · first token 0.25 s, total 1.38 s ·
                       draft 175/243 accepted (72%) · max_tokens reached
16:46:40.866 INFO:     #155 chat/completions (stream): 84 prompt tokens ·
                       temperature: 0, greedy (req), max_tokens: 256 (req),
                       min_tokens: 256 (req)
16:46:41.420 INFO:     #154 chat/completions (stream): 256 tokens generated at
                       249.8 T/s · prompt 128 tokens, none cached, 128 new in
                       0.10 s · first token 0.11 s, total 1.13 s · draft 182/222
                       accepted (82%) · max_tokens reached
16:46:41.459 INFO:     #156 chat/completions (stream): 74 prompt tokens ·
                       temperature: 0, greedy (req), max_tokens: 256 (req),
                       min_tokens: 256 (req)
16:46:42.357 INFO:     #155 chat/completions (stream): 256 tokens generated at
                       187.8 T/s · prompt 84 tokens, none cached, 84 new in 0.08
                       s · first token 0.08 s, total 1.45 s · draft 154/306
                       accepted (50%) · max_tokens reached
16:46:42.391 INFO:     #157 chat/completions (stream): 61 prompt tokens ·
                       temperature: 0, greedy (req), max_tokens: 256 (req),
                       min_tokens: 256 (req)
16:46:43.108 INFO:     #156 chat/completions (stream): 256 tokens generated at
                       167.6 T/s · prompt 74 tokens, none cached, 74 new in 0.08
                       s · first token 0.08 s, total 1.61 s · draft 139/351
                       accepted (40%) · max_tokens reached
16:46:43.140 INFO:     #158 chat/completions (stream): 80 prompt tokens ·
                       temperature: 0, greedy (req), max_tokens: 256 (req),
                       min_tokens: 256 (req)
16:46:43.730 INFO:     #157 chat/completions (stream): 256 tokens generated at
                       208.9 T/s · prompt 61 tokens, none cached, 61 new in 0.07
                       s · first token 0.08 s, total 1.30 s · draft 165/273
                       accepted (60%) · max_tokens reached
16:46:43.763 INFO:     #159 chat/completions (stream): 112 prompt tokens ·
                       temperature: 0, greedy (req), max_tokens: 256 (req),
                       min_tokens: 256 (req)
16:46:44.334 INFO:     #158 chat/completions (stream): 256 tokens generated at
                       239.6 T/s · prompt 80 tokens, none cached, 80 new in 0.08
                       s · first token 0.08 s, total 1.15 s · draft 179/231
                       accepted (77%) · max_tokens reached
16:46:44.367 INFO:     #160 chat/completions (stream): 83 prompt tokens ·
                       temperature: 0, greedy (req), max_tokens: 256 (req),
                       min_tokens: 256 (req)
16:46:44.919 INFO:     #159 chat/completions (stream): 256 tokens generated at
                       252.1 T/s · prompt 112 tokens, none cached, 112 new in
                       0.09 s · first token 0.09 s, total 1.11 s · draft 182/222
                       accepted (82%) · max_tokens reached
16:46:44.953 INFO:     #161 chat/completions (stream): 100 prompt tokens ·
                       temperature: 0, greedy (req), max_tokens: 256 (req),
                       min_tokens: 256 (req)
16:46:45.867 INFO:     #160 chat/completions (stream): 256 tokens generated at
                       186.9 T/s · prompt 83 tokens, none cached, 83 new in 0.08
                       s · first token 0.09 s, total 1.46 s · draft 156/300
                       accepted (52%) · max_tokens reached
16:46:45.899 INFO:     #162 chat/completions (stream): 127 prompt tokens ·
                       temperature: 0, greedy (req), max_tokens: 256 (req),
                       min_tokens: 256 (req)
16:46:46.266 INFO:     #161 chat/completions (stream): 256 tokens generated at
                       217.8 T/s · prompt 100 tokens, none cached, 100 new in
                       0.09 s · first token 0.09 s, total 1.27 s · draft 171/255
                       accepted (67%) · max_tokens reached
16:46:46.299 INFO:     #163 chat/completions (stream): 90 prompt tokens ·
                       temperature: 0, greedy (req), max_tokens: 256 (req),
                       min_tokens: 256 (req)
16:46:47.064 INFO:     #162 chat/completions (stream): 256 tokens generated at
                       251.4 T/s · prompt 127 tokens, none cached, 127 new in
                       0.10 s · first token 0.11 s, total 1.12 s · draft 183/219
                       accepted (84%) · max_tokens reached
16:46:47.097 INFO:     #165 chat/completions (stream): 63 prompt tokens ·
                       temperature: 0, greedy (req), max_tokens: 256 (req),
                       min_tokens: 256 (req)
16:46:47.638 INFO:     #163 chat/completions (stream): 256 tokens generated at
                       211.8 T/s · prompt 90 tokens, none cached, 90 new in 0.08
                       s · first token 0.08 s, total 1.29 s · draft 169/261
                       accepted (65%) · max_tokens reached
16:46:47.670 INFO:     #166 chat/completions (stream): 104 prompt tokens ·
                       temperature: 0, greedy (req), max_tokens: 256 (req),
                       min_tokens: 256 (req)
16:46:48.577 INFO:     #165 chat/completions (stream): 256 tokens generated at
                       187.6 T/s · prompt 63 tokens, none cached, 63 new in 0.07
                       s · first token 0.08 s, total 1.44 s · draft 158/294
                       accepted (54%) · max_tokens reached
16:46:48.609 INFO:     #167 chat/completions (stream): 80 prompt tokens ·
                       temperature: 0, greedy (req), max_tokens: 256 (req),
                       min_tokens: 256 (req)
16:46:49.061 INFO:     #166 chat/completions (stream): 256 tokens generated at
                       204.6 T/s · prompt 104 tokens, none cached, 104 new in
                       0.09 s · first token 0.09 s, total 1.35 s · draft 164/276
                       accepted (59%) · max_tokens reached
16:46:49.095 INFO:     #168 chat/completions (stream): 82 prompt tokens ·
                       temperature: 0, greedy (req), max_tokens: 256 (req),
                       min_tokens: 256 (req)
16:46:50.081 INFO:     #167 chat/completions (stream): 256 tokens generated at
                       189.9 T/s · prompt 80 tokens, none cached, 80 new in 0.08
                       s · first token 0.09 s, total 1.43 s · draft 156/300
                       accepted (52%) · max_tokens reached
16:46:50.115 INFO:     #169 chat/completions (stream): 809 prompt tokens ·
                       temperature: 0, greedy (req), max_tokens: 256 (req),
                       min_tokens: 256 (req)
16:46:50.890 INFO:     #168 chat/completions (stream): 256 tokens generated at
                       153.5 T/s · prompt 82 tokens, none cached, 82 new in 0.08
                       s · first token 0.08 s, total 1.75 s · draft 145/333
                       accepted (44%) · max_tokens reached
16:46:50.922 INFO:     #170 chat/completions (stream): 77 prompt tokens ·
                       temperature: 0, greedy (req), max_tokens: 256 (req),
                       min_tokens: 256 (req)
16:46:51.635 INFO:     #169 chat/completions (stream): 256 tokens generated at
                       211.4 T/s · prompt 809 tokens, none cached, 809 new in
                       0.26 s (3,112 T/s) · first token 0.27 s, total 1.48 s ·
                       draft 167/267 accepted (63%) · max_tokens reached
16:46:51.668 INFO:     #171 chat/completions (stream): 64 prompt tokens ·
                       temperature: 0, greedy (req), max_tokens: 256 (req),
                       min_tokens: 256 (req)
16:46:52.136 INFO:     #170 chat/completions (stream): 256 tokens generated at
                       235.2 T/s · prompt 77 tokens, none cached, 77 new in 0.08
                       s · first token 0.09 s, total 1.17 s · draft 175/243
                       accepted (72%) · max_tokens reached
16:46:52.169 INFO:     #172 chat/completions (stream): 104 prompt tokens ·
                       temperature: 0, greedy (req), max_tokens: 256 (req),
                       min_tokens: 256 (req)
16:46:53.029 INFO:     #171 chat/completions (stream): 256 tokens generated at
                       205.8 T/s · prompt 64 tokens, none cached, 64 new in 0.07
                       s · first token 0.08 s, total 1.32 s · draft 164/276
                       accepted (59%) · max_tokens reached
16:46:53.061 INFO:     #173 chat/completions (stream): 66 prompt tokens ·
                       temperature: 0, greedy (req), max_tokens: 256 (req),
                       min_tokens: 256 (req)
16:46:53.266 INFO:     #172 chat/completions (stream): 256 tokens generated at
                       266.6 T/s · prompt 104 tokens, none cached, 104 new in
                       0.09 s · first token 0.09 s, total 1.05 s · draft 185/213
                       accepted (87%) · max_tokens reached
16:46:53.300 INFO:     #174 chat/completions (stream): 786 prompt tokens ·
                       temperature: 0, greedy (req), max_tokens: 256 (req),
                       min_tokens: 256 (req)
16:46:54.575 INFO:     #173 chat/completions (stream): 256 tokens generated at
                       178.7 T/s · prompt 66 tokens, none cached, 66 new in 0.07
                       s · first token 0.08 s, total 1.51 s · draft 157/297
                       accepted (53%) · max_tokens reached
16:46:54.576 INFO:     #174 chat/completions (stream): 256 tokens generated at
                       240.6 T/s · prompt 786 tokens, none cached, 786 new in
                       0.20 s (3,930 T/s) · first token 0.20 s, total 1.27 s ·
                       draft 172/252 accepted (68%) · max_tokens reached
16:46:54.580 INFO:     #175 chat/completions (stream): 67 prompt tokens ·
                       temperature: 0, greedy (req), max_tokens: 256 (req),
                       min_tokens: 256 (req)
16:46:54.582 INFO:     #176 chat/completions (stream): 831 prompt tokens ·
                       temperature: 0, greedy (req), max_tokens: 256 (req),
                       min_tokens: 256 (req)
16:46:56.126 INFO:     #176 chat/completions (stream): 256 tokens generated at
                       222.1 T/s · prompt 831 tokens, none cached, 831 new in
                       0.27 s (3,078 T/s) · first token 0.35 s, total 1.50 s ·
                       draft 166/270 accepted (61%) · max_tokens reached
16:46:56.159 INFO:     #177 chat/completions (stream): 731 prompt tokens ·
                       temperature: 0, greedy (req), max_tokens: 256 (req),
                       min_tokens: 256 (req)
16:46:56.584 INFO:     #175 chat/completions (stream): 256 tokens generated at
                       151.0 T/s · prompt 67 tokens, none cached, 67 new in 0.26
                       s · first token 0.27 s, total 1.97 s · draft 148/324
                       accepted (46%) · max_tokens reached
16:46:56.616 INFO:     #178 chat/completions (stream): 87 prompt tokens ·
                       temperature: 0, greedy (req), max_tokens: 256 (req),
                       min_tokens: 256 (req)
16:46:57.577 INFO:     #177 chat/completions (stream): 256 tokens generated at
                       231.2 T/s · prompt 731 tokens, none cached, 731 new in
                       0.26 s (2,812 T/s) · first token 0.27 s, total 1.37 s ·
                       draft 176/240 accepted (73%) · max_tokens reached
16:46:57.611 INFO:     #179 chat/completions (stream): 1,138 prompt tokens ·
                       temperature: 0, greedy (req), max_tokens: 256 (req),
                       min_tokens: 256 (req)
16:46:58.072 INFO:     #178 chat/completions (stream): 256 tokens generated at
                       193.0 T/s · prompt 87 tokens, none cached, 87 new in 0.08
                       s · first token 0.09 s, total 1.41 s · draft 177/237
                       accepted (75%) · max_tokens reached
16:46:58.105 INFO:     #180 chat/completions (stream): 128 prompt tokens ·
                       temperature: 0, greedy (req), max_tokens: 256 (req),
                       min_tokens: 256 (req)
16:46:59.212 INFO:     #180 chat/completions (stream): 256 tokens generated at
                       260.4 T/s · prompt 128 tokens, none cached, 128 new in
                       0.10 s · first token 0.11 s, total 1.09 s · draft 179/231
                       accepted (77%) · max_tokens reached
16:46:59.215 INFO:     #179 chat/completions (stream): 256 tokens generated at
                       202.2 T/s · prompt 1,138 tokens, none cached, 1,138 new
                       in 0.33 s (3,448 T/s) · first token 0.34 s, total 1.60 s
                       · draft 163/279 accepted (58%) · max_tokens reached
16:46:59.217 INFO:     #181 chat/completions (stream): 592 prompt tokens ·
                       temperature: 0, greedy (req), max_tokens: 256 (req),
                       min_tokens: 256 (req)
16:46:59.219 INFO:     #182 chat/completions (stream): 63 prompt tokens ·
                       temperature: 0, greedy (req), max_tokens: 256 (req),
                       min_tokens: 256 (req)
16:47:00.754 INFO:     #181 chat/completions (stream): 256 tokens generated at
                       217.6 T/s · prompt 592 tokens, none cached, 592 new in
                       0.31 s (1,910 T/s) · first token 0.32 s, total 1.50 s ·
                       draft 164/276 accepted (59%) · max_tokens reached
16:47:00.788 INFO:     #183 chat/completions (stream): 654 prompt tokens ·
                       temperature: 0, greedy (req), max_tokens: 256 (req),
                       min_tokens: 256 (req)
16:47:01.253 INFO:     #182 chat/completions (stream): 256 tokens generated at
                       145.0 T/s · prompt 63 tokens, none cached, 63 new in 0.07
                       s · queued 0.16 s, first token 0.23 s, total 1.99 s ·
                       draft 143/339 accepted (42%) · max_tokens reached
16:47:01.287 INFO:     #184 chat/completions (stream): 586 prompt tokens ·
                       temperature: 0, greedy (req), max_tokens: 256 (req),
                       min_tokens: 256 (req)
16:47:02.705 INFO:     #183 chat/completions (stream): 256 tokens generated at
                       157.0 T/s · prompt 654 tokens, none cached, 654 new in
                       0.27 s (2,422 T/s) · first token 0.28 s, total 1.91 s ·
                       draft 145/333 accepted (44%) · max_tokens reached
16:47:02.706 INFO:     #184 chat/completions (stream): 256 tokens generated at
                       218.4 T/s · prompt 586 tokens, none cached, 586 new in
                       0.24 s (2,442 T/s) · first token 0.25 s, total 1.42 s ·
                       draft 164/276 accepted (59%) · max_tokens reached
16:47:02.710 INFO:     #186 chat/completions (stream): 212 prompt tokens ·
                       temperature: 0, greedy (req), max_tokens: 256 (req),
                       min_tokens: 256 (req)
16:47:02.712 INFO:     #187 chat/completions (stream): 960 prompt tokens ·
                       temperature: 0, greedy (req), max_tokens: 256 (req),
                       min_tokens: 256 (req)
16:47:04.135 INFO:     #186 chat/completions (stream): 256 tokens generated at
                       236.4 T/s · prompt 212 tokens, none cached, 212 new in
                       0.29 s · first token 0.30 s, total 1.38 s · draft 179/231
                       accepted (77%) · max_tokens reached
16:47:04.167 INFO:     #188 chat/completions (stream): 77 prompt tokens ·
                       temperature: 0, greedy (req), max_tokens: 256 (req),
                       min_tokens: 256 (req)
16:47:04.524 INFO:     #187 chat/completions (stream): 256 tokens generated at
                       187.6 T/s · prompt 960 tokens, none cached, 960 new in
                       0.29 s (3,310 T/s) · queued 0.11 s, first token 0.40 s,
                       total 1.77 s · draft 157/297 accepted (53%) · max_tokens
                       reached
16:47:04.558 INFO:     #189 chat/completions (stream): 819 prompt tokens ·
                       temperature: 0, greedy (req), max_tokens: 256 (req),
                       min_tokens: 256 (req)
16:47:05.692 INFO:     #188 chat/completions (stream): 256 tokens generated at
                       183.1 T/s · prompt 77 tokens, none cached, 77 new in 0.08
                       s · first token 0.09 s, total 1.48 s · draft 167/267
                       accepted (63%) · max_tokens reached
16:47:05.727 INFO:     #190 chat/completions (stream): 780 prompt tokens ·
                       temperature: 0, greedy (req), max_tokens: 256 (req),
                       min_tokens: 256 (req)
16:47:06.466 INFO:     #189 chat/completions (stream): 256 tokens generated at
                       160.7 T/s · prompt 819 tokens, none cached, 819 new in
                       0.26 s (3,150 T/s) · first token 0.27 s, total 1.86 s ·
                       draft 147/327 accepted (45%) · max_tokens reached
16:47:06.499 INFO:     #191 chat/completions (stream): 134 prompt tokens ·
                       temperature: 0, greedy (req), max_tokens: 256 (req),
                       min_tokens: 256 (req)
16:47:07.233 INFO:     #190 chat/completions (stream): 256 tokens generated at
                       207.8 T/s · prompt 780 tokens, none cached, 780 new in
                       0.23 s (3,391 T/s) · first token 0.24 s, total 1.47 s ·
                       draft 167/267 accepted (63%) · max_tokens reached
16:47:07.266 INFO:     #192 chat/completions (stream): 695 prompt tokens ·
                       temperature: 0, greedy (req), max_tokens: 256 (req),
                       min_tokens: 256 (req)
16:47:07.867 INFO:     #191 chat/completions (stream): 256 tokens generated at
                       210.4 T/s · prompt 134 tokens, none cached, 134 new in
                       0.11 s · first token 0.12 s, total 1.33 s · draft 181/225
                       accepted (80%) · max_tokens reached
16:47:07.899 INFO:     #193 chat/completions (stream): 88 prompt tokens ·
                       temperature: 0, greedy (req), max_tokens: 256 (req),
                       min_tokens: 256 (req)
16:47:08.820 INFO:     #192 chat/completions (stream): 256 tokens generated at
                       210.4 T/s · prompt 695 tokens, none cached, 695 new in
                       0.29 s (2,397 T/s) · first token 0.29 s, total 1.51 s ·
                       draft 166/270 accepted (61%) · max_tokens reached
16:47:08.853 INFO:     #194 chat/completions (stream): 516 prompt tokens ·
                       temperature: 0, greedy (req), max_tokens: 256 (req),
                       min_tokens: 256 (req)
16:47:09.247 INFO:     #193 chat/completions (stream): 256 tokens generated at
                       210.1 T/s · prompt 88 tokens, none cached, 88 new in 0.08
                       s · first token 0.08 s, total 1.30 s · draft 172/252
                       accepted (68%) · max_tokens reached
16:47:09.280 INFO:     #195 chat/completions (stream): 93 prompt tokens ·
                       temperature: 0, greedy (req), max_tokens: 256 (req),
                       min_tokens: 256 (req)
16:47:10.399 INFO:     #195 chat/completions (stream): 256 tokens generated at
                       251.9 T/s · prompt 93 tokens, none cached, 93 new in 0.09
                       s · first token 0.10 s, total 1.11 s · draft 182/222
                       accepted (82%) · max_tokens reached
16:47:10.400 INFO:     #194 chat/completions (stream): 256 tokens generated at
                       186.9 T/s · prompt 516 tokens, none cached, 516 new in
                       0.17 s (3,035 T/s) · first token 0.18 s, total 1.54 s ·
                       draft 160/288 accepted (56%) · max_tokens reached
16:47:10.404 INFO:     #196 chat/completions (stream): 386 prompt tokens ·
                       temperature: 0, greedy (req), max_tokens: 256 (req),
                       min_tokens: 256 (req)
16:47:10.407 INFO:     #197 chat/completions (stream): 775 prompt tokens ·
                       temperature: 0, greedy (req), max_tokens: 256 (req),
                       min_tokens: 256 (req)
16:47:12.062 INFO:     #196 chat/completions (stream): 256 tokens generated at
                       215.3 T/s · prompt 386 tokens, none cached, 386 new in
                       0.45 s (858 T/s) · first token 0.46 s, total 1.65 s ·
                       draft 163/279 accepted (58%) · max_tokens reached
16:47:12.063 INFO:     #197 chat/completions (stream): 256 tokens generated at
                       215.2 T/s · prompt 775 tokens, none cached, 775 new in
                       0.32 s (2,422 T/s) · queued 0.15 s, first token 0.47 s,
                       total 1.66 s · draft 163/279 accepted (58%) · max_tokens
                       reached
16:47:12.067 INFO:     #198 chat/completions (stream): 123 prompt tokens ·
                       temperature: 0, greedy (req), max_tokens: 256 (req),
                       min_tokens: 256 (req)
16:47:12.068 INFO:     #199 chat/completions (stream): 78 prompt tokens ·
                       temperature: 0, greedy (req), max_tokens: 256 (req),
                       min_tokens: 256 (req)
16:47:13.479 INFO:     #199 chat/completions (stream): 256 tokens generated at
                       216.3 T/s · prompt 78 tokens, none cached, 78 new in 0.08
                       s · queued 0.11 s, first token 0.19 s, total 1.37 s ·
                       draft 164/276 accepted (59%) · max_tokens reached
16:47:13.492 INFO:     #200 chat/completions (stream): 116 prompt tokens ·
                       temperature: 0, greedy (req), max_tokens: 256 (req),
                       min_tokens: 256 (req)
16:47:13.605 INFO:     #198 chat/completions (stream): 256 tokens generated at
                       207.4 T/s · prompt 123 tokens, none cached, 123 new in
                       0.18 s · first token 0.19 s, total 1.42 s · draft 159/291
                       accepted (55%) · max_tokens reached
16:47:13.639 INFO:     #201 chat/completions (stream): 67 prompt tokens ·
                       temperature: 0, greedy (req), max_tokens: 256 (req),
                       min_tokens: 256 (req)
16:47:14.742 INFO:     #201 chat/completions (stream): 256 tokens generated at
                       260.6 T/s · prompt 67 tokens, none cached, 67 new in 0.07
                       s · first token 0.08 s, total 1.06 s · draft 179/231
                       accepted (77%) · max_tokens reached
16:47:14.764 INFO:     #202 chat/completions (stream): 74 prompt tokens ·
                       temperature: 0, greedy (req), max_tokens: 256 (req),
                       min_tokens: 256 (req)
16:47:14.869 INFO:     #200 chat/completions (stream): 256 tokens generated at
                       219.3 T/s · prompt 116 tokens, none cached, 116 new in
                       0.10 s · first token 0.11 s, total 1.27 s · draft 169/261
                       accepted (65%) · max_tokens reached
16:47:14.903 INFO:     #203 chat/completions (stream): 148 prompt tokens ·
                       temperature: 0, greedy (req), max_tokens: 256 (req),
                       min_tokens: 256 (req)
16:47:15.996 INFO:     #203 chat/completions (stream): 256 tokens generated at
                       266.5 T/s · prompt 148 tokens, none cached, 148 new in
                       0.09 s · first token 0.09 s, total 1.06 s · draft 181/225
                       accepted (80%) · max_tokens reached
16:47:16.031 INFO:     #204 chat/completions (stream): 660 prompt tokens ·
                       temperature: 0, greedy (req), max_tokens: 256 (req),
                       min_tokens: 256 (req)
16:47:16.369 INFO:     #202 chat/completions (stream): 256 tokens generated at
                       173.0 T/s · prompt 74 tokens, none cached, 74 new in 0.08
                       s · first token 0.09 s, total 1.56 s · draft 165/273
                       accepted (60%) · max_tokens reached
16:47:16.401 INFO:     #205 chat/completions (stream): 62 prompt tokens ·
                       temperature: 0, greedy (req), max_tokens: 256 (req),
                       min_tokens: 256 (req)
16:47:17.667 INFO:     #204 chat/completions (stream): 256 tokens generated at
                       191.7 T/s · prompt 660 tokens, none cached, 660 new in
                       0.25 s (2,640 T/s) · first token 0.26 s, total 1.59 s ·
                       draft 160/288 accepted (56%) · max_tokens reached
16:47:17.699 INFO:     #207 chat/completions (stream): 61 prompt tokens ·
                       temperature: 0, greedy (req), max_tokens: 256 (req),
                       min_tokens: 256 (req)
16:47:17.837 INFO:     #205 chat/completions (stream): 256 tokens generated at
                       200.8 T/s · prompt 62 tokens, none cached, 62 new in 0.11
                       s · first token 0.11 s, total 1.39 s · draft 161/285
                       accepted (56%) · max_tokens reached
16:47:17.869 INFO:     #208 chat/completions (stream): 91 prompt tokens ·
                       temperature: 0, greedy (req), max_tokens: 256 (req),
                       min_tokens: 256 (req)
16:47:18.899 INFO:     #208 chat/completions (stream): 256 tokens generated at
                       278.8 T/s · prompt 91 tokens, none cached, 91 new in 0.09
                       s · first token 0.09 s, total 1.01 s · draft 183/219
                       accepted (84%) · max_tokens reached
16:47:18.901 INFO:     #207 chat/completions (stream): 256 tokens generated at
                       227.4 T/s · prompt 61 tokens, none cached, 61 new in 0.07
                       s · first token 0.08 s, total 1.20 s · draft 172/252
                       accepted (68%) · max_tokens reached
16:47:18.903 INFO:     #209 chat/completions (stream): 86 prompt tokens ·
                       temperature: 0, greedy (req), max_tokens: 256 (req),
                       min_tokens: 256 (req)
16:47:18.904 INFO:     #210 chat/completions (stream): 64 prompt tokens ·
                       temperature: 0, greedy (req), max_tokens: 256 (req),
                       min_tokens: 256 (req)
16:47:20.274 INFO:     #210 chat/completions (stream): 256 tokens generated at
                       219.9 T/s · prompt 64 tokens, none cached, 64 new in 0.07
                       s · first token 0.16 s, total 1.33 s · draft 164/276
                       accepted (59%) · max_tokens reached
16:47:20.308 INFO:     #211 chat/completions (stream): 745 prompt tokens ·
                       temperature: 0, greedy (req), max_tokens: 256 (req),
                       min_tokens: 256 (req)
16:47:20.630 INFO:     #209 chat/completions (stream): 256 tokens generated at
                       181.9 T/s · prompt 86 tokens, none cached, 86 new in 0.16
                       s · first token 0.17 s, total 1.58 s · draft 156/300
                       accepted (52%) · max_tokens reached
16:47:20.664 INFO:     #212 chat/completions (stream): 722 prompt tokens ·
                       temperature: 0, greedy (req), max_tokens: 256 (req),
                       min_tokens: 256 (req)
16:47:22.046 INFO:     #211 chat/completions (stream): 256 tokens generated at
                       180.8 T/s · prompt 745 tokens, none cached, 745 new in
                       0.27 s (2,759 T/s) · first token 0.28 s, total 1.69 s ·
                       draft 164/276 accepted (59%) · max_tokens reached
16:47:22.080 INFO:     #213 chat/completions (stream): 115 prompt tokens ·
                       temperature: 0, greedy (req), max_tokens: 256 (req),
                       min_tokens: 256 (req)
16:47:22.224 INFO:     #212 chat/completions (stream): 256 tokens generated at
                       223.6 T/s · prompt 722 tokens, none cached, 722 new in
                       0.26 s (2,777 T/s) · first token 0.27 s, total 1.41 s ·
                       draft 165/273 accepted (60%) · max_tokens reached
16:47:22.256 INFO:     #214 chat/completions (stream): 91 prompt tokens ·
                       temperature: 0, greedy (req), max_tokens: 256 (req),
                       min_tokens: 256 (req)
16:47:23.271 INFO:     #213 chat/completions (stream): 256 tokens generated at
                       235.4 T/s · prompt 115 tokens, none cached, 115 new in
                       0.10 s · first token 0.11 s, total 1.19 s · draft 176/240
                       accepted (73%) · max_tokens reached
16:47:23.272 INFO:     #214 chat/completions (stream): 256 tokens generated at
                       277.5 T/s · prompt 91 tokens, none cached, 91 new in 0.09
                       s · first token 0.09 s, total 1.02 s · draft 183/219
                       accepted (84%) · max_tokens reached
16:47:23.277 INFO:     #215 chat/completions (stream): 680 prompt tokens ·
                       temperature: 0, greedy (req), max_tokens: 256 (req),
                       min_tokens: 256 (req)
16:47:23.278 INFO:     #216 chat/completions (stream): 100 prompt tokens ·
                       temperature: 0, greedy (req), max_tokens: 256 (req),
                       min_tokens: 256 (req)
16:47:24.697 INFO:     #216 chat/completions (stream): 256 tokens generated at
                       228.0 T/s · prompt 100 tokens, none cached, 100 new in
                       0.09 s · queued 0.16 s, first token 0.25 s, total 1.37 s
                       · draft 181/225 accepted (80%) · max_tokens reached
16:47:24.732 INFO:     #217 chat/completions (stream): 64 prompt tokens ·
                       temperature: 0, greedy (req), max_tokens: 256 (req),
                       min_tokens: 256 (req)
16:47:25.140 INFO:     #215 chat/completions (stream): 256 tokens generated at
                       175.5 T/s · prompt 680 tokens, none cached, 680 new in
                       0.35 s (1,943 T/s) · first token 0.36 s, total 1.82 s ·
                       draft 155/303 accepted (51%) · max_tokens reached
16:47:25.176 INFO:     #218 chat/completions (stream): 672 prompt tokens ·
                       temperature: 0, greedy (req), max_tokens: 256 (req),
                       min_tokens: 256 (req)
16:47:26.217 INFO:     #217 chat/completions (stream): 256 tokens generated at
                       188.4 T/s · prompt 64 tokens, none cached, 64 new in 0.08
                       s · first token 0.09 s, total 1.45 s · draft 170/258
                       accepted (66%) · max_tokens reached
16:47:26.251 INFO:     #219 chat/completions (stream): 875 prompt tokens ·
                       temperature: 0, greedy (req), max_tokens: 256 (req),
                       min_tokens: 256 (req)
16:47:26.838 INFO:     #218 chat/completions (stream): 256 tokens generated at
                       188.2 T/s · prompt 672 tokens, none cached, 672 new in
                       0.25 s (2,688 T/s) · first token 0.26 s, total 1.62 s ·
                       draft 171/255 accepted (67%) · max_tokens reached
16:47:26.869 INFO:     #220 chat/completions (stream): 139 prompt tokens ·
                       temperature: 0, greedy (req), max_tokens: 256 (req),
                       min_tokens: 256 (req)
16:47:27.752 INFO:     #219 chat/completions (stream): 256 tokens generated at
                       221.0 T/s · prompt 875 tokens, none cached, 875 new in
                       0.30 s (2,917 T/s) · first token 0.31 s, total 1.46 s ·
                       draft 173/249 accepted (69%) · max_tokens reached
16:47:27.785 INFO:     #221 chat/completions (stream): 63 prompt tokens ·
                       temperature: 0, greedy (req), max_tokens: 256 (req),
                       min_tokens: 256 (req)
16:47:28.093 INFO:     #220 chat/completions (stream): 256 tokens generated at
                       239.3 T/s · prompt 139 tokens, none cached, 139 new in
                       0.11 s · first token 0.12 s, total 1.19 s · draft 177/237
                       accepted (75%) · max_tokens reached
16:47:28.127 INFO:     #222 chat/completions (stream): 778 prompt tokens ·
                       temperature: 0, greedy (req), max_tokens: 256 (req),
                       min_tokens: 256 (req)
16:47:29.374 INFO:     #222 chat/completions (stream): 256 tokens generated at
                       256.5 T/s · prompt 778 tokens, none cached, 778 new in
                       0.20 s (3,890 T/s) · first token 0.20 s, total 1.20 s ·
                       draft 178/234 accepted (76%) · max_tokens reached
16:47:29.409 INFO:     #223 chat/completions (stream): 774 prompt tokens ·
                       temperature: 0, greedy (req), max_tokens: 256 (req),
                       min_tokens: 256 (req)
16:47:29.760 INFO:     #221 chat/completions (stream): 256 tokens generated at
                       137.7 T/s · prompt 63 tokens, none cached, 63 new in 0.07
                       s · first token 0.08 s, total 1.93 s · draft 140/348
                       accepted (40%) · max_tokens reached
16:47:29.792 INFO:     #224 chat/completions (stream): 65 prompt tokens ·
                       temperature: 0, greedy (req), max_tokens: 256 (req),
                       min_tokens: 256 (req)
16:47:30.914 INFO:     #223 chat/completions (stream): 256 tokens generated at
                       206.2 T/s · prompt 774 tokens, none cached, 774 new in
                       0.22 s (3,518 T/s) · first token 0.23 s, total 1.47 s ·
                       draft 162/282 accepted (57%) · max_tokens reached
16:47:30.951 INFO:     #225 chat/completions (stream): 117 prompt tokens ·
                       temperature: 0, greedy (req), max_tokens: 256 (req),
                       min_tokens: 256 (req)
16:47:31.096 INFO:     #224 chat/completions (stream): 256 tokens generated at
                       237.2 T/s · prompt 65 tokens, none cached, 65 new in 0.07
                       s · first token 0.08 s, total 1.15 s · draft 169/261
                       accepted (65%) · max_tokens reached
16:47:31.129 INFO:     #226 chat/completions (stream): 405 prompt tokens ·
                       temperature: 0, greedy (req), max_tokens: 256 (req),
                       min_tokens: 256 (req)
16:47:32.268 INFO:     #225 chat/completions (stream): 256 tokens generated at
                       218.5 T/s · prompt 117 tokens, none cached, 117 new in
                       0.10 s · first token 0.11 s, total 1.28 s · draft 180/228
                       accepted (79%) · max_tokens reached
16:47:32.300 INFO:     #228 chat/completions (stream): 96 prompt tokens ·
                       temperature: 0, greedy (req), max_tokens: 256 (req),
                       min_tokens: 256 (req)
16:47:32.649 INFO:     #226 chat/completions (stream): 256 tokens generated at
                       204.8 T/s · prompt 405 tokens, none cached, 405 new in
                       0.22 s (1,841 T/s) · first token 0.22 s, total 1.47 s ·
                       draft 165/273 accepted (60%) · max_tokens reached
16:47:32.685 INFO:     #229 chat/completions (stream): 1,533 prompt tokens ·
                       temperature: 0, greedy (req), max_tokens: 256 (req),
                       min_tokens: 256 (req)
16:47:33.912 INFO:     #228 chat/completions (stream): 256 tokens generated at
                       173.3 T/s · prompt 96 tokens, none cached, 96 new in 0.09
                       s · first token 0.10 s, total 1.57 s · draft 168/264
                       accepted (64%) · max_tokens reached
16:47:33.947 INFO:     #230 chat/completions (stream): 786 prompt tokens ·
                       temperature: 0, greedy (req), max_tokens: 256 (req),
                       min_tokens: 256 (req)
16:47:34.419 INFO:     #229 chat/completions (stream): 256 tokens generated at
                       193.9 T/s · prompt 1,533 tokens, none cached, 1,533 new
                       in 0.37 s (4,143 T/s) · first token 0.38 s, total 1.70 s
                       · draft 168/264 accepted (64%) · max_tokens reached
16:47:34.451 INFO:     #231 chat/completions (stream): 61 prompt tokens ·
                       temperature: 0, greedy (req), max_tokens: 256 (req),
                       min_tokens: 256 (req)
16:47:35.321 INFO:     #230 chat/completions (stream): 256 tokens generated at
                       230.9 T/s · prompt 786 tokens, none cached, 786 new in
                       0.22 s (3,573 T/s) · first token 0.23 s, total 1.33 s ·
                       draft 173/249 accepted (69%) · max_tokens reached
16:47:35.354 INFO:     #232 chat/completions (stream): 84 prompt tokens ·
                       temperature: 0, greedy (req), max_tokens: 256 (req),
                       min_tokens: 256 (req)
16:47:35.662 INFO:     #231 chat/completions (stream): 256 tokens generated at
                       233.7 T/s · prompt 61 tokens, none cached, 61 new in 0.07
                       s · first token 0.08 s, total 1.17 s · draft 175/243
                       accepted (72%) · max_tokens reached
16:47:35.694 INFO:     #233 chat/completions (stream): 92 prompt tokens ·
                       temperature: 0, greedy (req), max_tokens: 256 (req),
                       min_tokens: 256 (req)
16:47:36.853 INFO:     #233 chat/completions (stream): 256 tokens generated at
                       243.3 T/s · prompt 92 tokens, none cached, 92 new in 0.08
                       s · first token 0.08 s, total 1.14 s · draft 174/246
                       accepted (71%) · max_tokens reached
16:47:36.854 INFO:     #232 chat/completions (stream): 256 tokens generated at
                       182.5 T/s · prompt 84 tokens, none cached, 84 new in 0.08
                       s · first token 0.09 s, total 1.49 s · draft 152/312
                       accepted (49%) · max_tokens reached
16:47:36.858 INFO:     #234 chat/completions (stream): 388 prompt tokens ·
                       temperature: 0, greedy (req), max_tokens: 256 (req),
                       min_tokens: 256 (req)
16:47:36.860 INFO:     #235 chat/completions (stream): 63 prompt tokens ·
                       temperature: 0, greedy (req), max_tokens: 256 (req),
                       min_tokens: 256 (req)
16:47:38.333 INFO:     #234 chat/completions (stream): 256 tokens generated at
                       230.4 T/s · prompt 388 tokens, none cached, 388 new in
                       0.31 s (1,252 T/s) · first token 0.32 s, total 1.43 s ·
                       draft 170/258 accepted (66%) · max_tokens reached
16:47:38.366 INFO:     #236 chat/completions (stream): 78 prompt tokens ·
                       temperature: 0, greedy (req), max_tokens: 256 (req),
                       min_tokens: 256 (req)
16:47:38.603 INFO:     #235 chat/completions (stream): 256 tokens generated at
                       170.8 T/s · prompt 63 tokens, none cached, 63 new in 0.07
                       s · queued 0.13 s, first token 0.20 s, total 1.70 s ·
                       draft 153/309 accepted (50%) · max_tokens reached
16:47:38.637 INFO:     #237 chat/completions (stream): 707 prompt tokens ·
                       temperature: 0, greedy (req), max_tokens: 256 (req),
                       min_tokens: 256 (req)
16:47:39.960 INFO:     #236 chat/completions (stream): 256 tokens generated at
                       171.0 T/s · prompt 78 tokens, none cached, 78 new in 0.08
                       s · first token 0.09 s, total 1.58 s · draft 158/294
                       accepted (54%) · max_tokens reached
16:47:39.961 INFO:     #237 chat/completions (stream): 256 tokens generated at
                       243.1 T/s · prompt 707 tokens, none cached, 707 new in
                       0.26 s (2,719 T/s) · first token 0.26 s, total 1.32 s ·
                       draft 174/246 accepted (71%) · max_tokens reached
16:47:39.964 INFO:     #238 chat/completions (stream): 316 prompt tokens ·
                       temperature: 0, greedy (req), max_tokens: 256 (req),
                       min_tokens: 256 (req)
16:47:39.966 INFO:     #239 chat/completions (stream): 70 prompt tokens ·
                       temperature: 0, greedy (req), max_tokens: 256 (req),
                       min_tokens: 256 (req)
16:47:41.633 INFO:     #238 chat/completions (stream): 256 tokens generated at
                       186.4 T/s · prompt 316 tokens, none cached, 316 new in
                       0.28 s (1,129 T/s) · first token 0.29 s, total 1.66 s ·
                       draft 150/318 accepted (47%) · max_tokens reached
16:47:41.634 INFO:     #239 chat/completions (stream): 256 tokens generated at
                       176.1 T/s · prompt 70 tokens, none cached, 70 new in 0.08
                       s · queued 0.13 s, first token 0.21 s, total 1.67 s ·
                       draft 149/321 accepted (46%) · max_tokens reached
16:47:41.638 INFO:     #240 chat/completions (stream): 689 prompt tokens ·
                       temperature: 0, greedy (req), max_tokens: 256 (req),
                       min_tokens: 256 (req)
16:47:41.640 INFO:     #241 chat/completions (stream): 85 prompt tokens ·
                       temperature: 0, greedy (req), max_tokens: 256 (req),
                       min_tokens: 256 (req)
16:47:43.335 INFO:     #240 chat/completions (stream): 256 tokens generated at
                       195.9 T/s · prompt 689 tokens, none cached, 689 new in
                       0.34 s (2,026 T/s) · first token 0.35 s, total 1.66 s ·
                       draft 153/309 accepted (50%) · max_tokens reached
16:47:43.351 INFO:     #242 chat/completions (stream): 118 prompt tokens ·
                       temperature: 0, greedy (req), max_tokens: 256 (req),
                       min_tokens: 256 (req)
16:47:43.464 INFO:     #241 chat/completions (stream): 256 tokens generated at
                       175.0 T/s · prompt 85 tokens, none cached, 85 new in 0.08
                       s · queued 0.16 s, first token 0.24 s, total 1.70 s ·
                       draft 147/327 accepted (45%) · max_tokens reached
16:47:43.500 INFO:     #243 chat/completions (stream): 811 prompt tokens ·
                       temperature: 0, greedy (req), max_tokens: 256 (req),
                       min_tokens: 256 (req)
16:47:44.750 INFO:     #242 chat/completions (stream): 256 tokens generated at
                       203.9 T/s · prompt 118 tokens, none cached, 118 new in
                       0.10 s · first token 0.11 s, total 1.36 s · draft 177/237
                       accepted (75%) · max_tokens reached
16:47:44.783 INFO:     #244 chat/completions (stream): 560 prompt tokens ·
                       temperature: 0, greedy (req), max_tokens: 256 (req),
                       min_tokens: 256 (req)
16:47:45.231 INFO:     #243 chat/completions (stream): 256 tokens generated at
                       179.7 T/s · prompt 811 tokens, none cached, 811 new in
                       0.26 s (3,119 T/s) · first token 0.26 s, total 1.69 s ·
                       draft 160/288 accepted (56%) · max_tokens reached
16:47:45.264 INFO:     #245 chat/completions (stream): 105 prompt tokens ·
                       temperature: 0, greedy (req), max_tokens: 256 (req),
                       min_tokens: 256 (req)
16:47:46.283 INFO:     #244 chat/completions (stream): 256 tokens generated at
                       208.3 T/s · prompt 560 tokens, none cached, 560 new in
                       0.22 s (2,545 T/s) · first token 0.23 s, total 1.45 s ·
                       draft 166/270 accepted (61%) · max_tokens reached
16:47:46.317 INFO:     #246 chat/completions (stream): 715 prompt tokens ·
                       temperature: 0, greedy (req), max_tokens: 256 (req),
                       min_tokens: 256 (req)
16:47:46.750 INFO:     #245 chat/completions (stream): 256 tokens generated at
                       190.4 T/s · prompt 105 tokens, none cached, 105 new in
                       0.09 s · first token 0.10 s, total 1.44 s · draft 169/261
                       accepted (65%) · max_tokens reached
16:47:46.783 INFO:     #247 chat/completions (stream): 116 prompt tokens ·
                       temperature: 0, greedy (req), max_tokens: 256 (req),
                       min_tokens: 256 (req)
16:47:47.903 INFO:     #246 chat/completions (stream): 256 tokens generated at
                       200.4 T/s · prompt 715 tokens, none cached, 715 new in
                       0.26 s (2,750 T/s) · first token 0.27 s, total 1.54 s ·
                       draft 162/282 accepted (57%) · max_tokens reached
16:47:47.917 INFO:     #249 chat/completions (stream): 69 prompt tokens ·
                       temperature: 0, greedy (req), max_tokens: 256 (req),
                       min_tokens: 256 (req)
16:47:48.007 INFO:     #247 chat/completions (stream): 256 tokens generated at
                       248.8 T/s · prompt 116 tokens, none cached, 116 new in
                       0.10 s · first token 0.11 s, total 1.13 s · draft 174/246
                       accepted (71%) · max_tokens reached
16:47:48.040 INFO:     #250 chat/completions (stream): 63 prompt tokens ·
                       temperature: 0, greedy (req), max_tokens: 256 (req),
                       min_tokens: 256 (req)
16:47:49.322 INFO:     #250 chat/completions (stream): 256 tokens generated at
                       219.2 T/s · prompt 63 tokens, none cached, 63 new in 0.07
                       s · first token 0.08 s, total 1.24 s · draft 164/276
                       accepted (59%) · max_tokens reached
16:47:49.356 INFO:     #251 chat/completions (stream): 74 prompt tokens ·
                       temperature: 0, greedy (req), max_tokens: 256 (req),
                       min_tokens: 256 (req)
16:47:49.478 INFO:     #249 chat/completions (stream): 256 tokens generated at
                       188.6 T/s · prompt 69 tokens, none cached, 69 new in 0.07
                       s · first token 0.08 s, total 1.43 s · draft 153/309
                       accepted (50%) · max_tokens reached
16:47:49.514 INFO:     #252 chat/completions (stream): 755 prompt tokens ·
                       temperature: 0, greedy (req), max_tokens: 256 (req),
                       min_tokens: 256 (req)
16:47:50.820 INFO:     #251 chat/completions (stream): 256 tokens generated at
                       190.9 T/s · prompt 74 tokens, none cached, 74 new in 0.08
                       s · first token 0.09 s, total 1.43 s · draft 171/255
                       accepted (67%) · max_tokens reached
16:47:50.853 INFO:     #253 chat/completions (stream): 119 prompt tokens ·
                       temperature: 0, greedy (req), max_tokens: 256 (req),
                       min_tokens: 256 (req)
16:47:51.163 INFO:     #252 chat/completions (stream): 256 tokens generated at
                       192.6 T/s · prompt 755 tokens, none cached, 755 new in
                       0.27 s (2,796 T/s) · first token 0.27 s, total 1.60 s ·
                       draft 159/291 accepted (55%) · max_tokens reached
16:47:51.195 INFO:     #254 chat/completions (stream): 157 prompt tokens ·
                       temperature: 0, greedy (req), max_tokens: 256 (req),
                       min_tokens: 256 (req)
16:47:52.021 INFO:     #253 chat/completions (stream): 256 tokens generated at
                       250.4 T/s · prompt 119 tokens, none cached, 119 new in
                       0.10 s · first token 0.11 s, total 1.13 s · draft 182/222
                       accepted (82%) · max_tokens reached
16:47:52.055 INFO:     #255 chat/completions (stream): 588 prompt tokens ·
                       temperature: 0, greedy (req), max_tokens: 256 (req),
                       min_tokens: 256 (req)
16:47:52.522 INFO:     #254 chat/completions (stream): 256 tokens generated at
                       215.4 T/s · prompt 157 tokens, none cached, 157 new in
                       0.09 s · first token 0.09 s, total 1.28 s · draft 180/228
                       accepted (79%) · max_tokens reached
16:47:52.554 INFO:     #256 chat/completions (stream): 86 prompt tokens ·
                       temperature: 0, greedy (req), max_tokens: 256 (req),
                       min_tokens: 256 (req)
16:47:53.733 INFO:     #255 chat/completions (stream): 256 tokens generated at
                       184.2 T/s · prompt 588 tokens, none cached, 588 new in
                       0.24 s (2,450 T/s) · first token 0.25 s, total 1.63 s ·
                       draft 153/309 accepted (50%) · max_tokens reached
16:47:53.767 INFO:     #257 chat/completions (stream): 71 prompt tokens ·
                       temperature: 0, greedy (req), max_tokens: 256 (req),
                       min_tokens: 256 (req)
16:47:53.902 INFO:     #256 chat/completions (stream): 256 tokens generated at
                       210.4 T/s · prompt 86 tokens, none cached, 86 new in 0.08
                       s · first token 0.09 s, total 1.30 s · draft 166/270
                       accepted (61%) · max_tokens reached
16:47:53.938 INFO:     #258 chat/completions (stream): 1,392 prompt tokens ·
                       temperature: 0, greedy (req), max_tokens: 256 (req),
                       min_tokens: 256 (req)
16:47:55.554 INFO:     #258 chat/completions (stream): 256 tokens generated at
                       210.2 T/s · prompt 1,392 tokens, none cached, 1,392 new
                       in 0.36 s (3,867 T/s) · first token 0.36 s, total 1.58 s
                       · draft 162/282 accepted (57%) · max_tokens reached
16:47:55.556 INFO:     #257 chat/completions (stream): 256 tokens generated at
                       150.7 T/s · prompt 71 tokens, none cached, 71 new in 0.08
                       s · first token 0.08 s, total 1.78 s · draft 150/318
                       accepted (47%) · max_tokens reached
16:47:55.557 INFO:     #259 chat/completions (stream): 107 prompt tokens ·
                       temperature: 0, greedy (req), max_tokens: 256 (req),
                       min_tokens: 256 (req)
16:47:55.676 INFO:     #260 chat/completions (stream): 75 prompt tokens ·
                       temperature: 0, greedy (req), max_tokens: 256 (req),
                       min_tokens: 256 (req)
16:47:56.994 INFO:     #260 chat/completions (stream): 256 tokens generated at
                       214.6 T/s · prompt 75 tokens, none cached, 75 new in 0.08
                       s · first token 0.08 s, total 1.28 s · draft 162/282
                       accepted (57%) · max_tokens reached
16:47:57.026 INFO:     #261 chat/completions (stream): 97 prompt tokens ·
                       temperature: 0, greedy (req), max_tokens: 256 (req),
                       min_tokens: 256 (req)
16:47:57.213 INFO:     #259 chat/completions (stream): 256 tokens generated at
                       168.8 T/s · prompt 107 tokens, none cached, 107 new in
                       0.09 s · first token 0.10 s, total 1.61 s · draft 149/321
                       accepted (46%) · max_tokens reached
16:47:57.246 INFO:     #262 chat/completions (stream): 81 prompt tokens ·
                       temperature: 0, greedy (req), max_tokens: 256 (req),
                       min_tokens: 256 (req)
16:47:58.283 INFO:     #261 chat/completions (stream): 256 tokens generated at
                       228.9 T/s · prompt 97 tokens, none cached, 97 new in 0.09
                       s · first token 0.10 s, total 1.21 s · draft 173/249
                       accepted (69%) · max_tokens reached
16:47:58.297 INFO:     #263 chat/completions (stream): 642 prompt tokens ·
                       temperature: 0, greedy (req), max_tokens: 256 (req),
                       min_tokens: 256 (req)
16:47:58.448 INFO:     #262 chat/completions (stream): 256 tokens generated at
                       265.8 T/s · prompt 81 tokens, none cached, 81 new in 0.08
                       s · first token 0.09 s, total 1.05 s · draft 179/231
                       accepted (77%) · max_tokens reached
16:47:58.585 INFO:     #264 chat/completions (stream): 61 prompt tokens ·
                       temperature: 0, greedy (req), max_tokens: 256 (req),
                       min_tokens: 256 (req)
16:47:59.728 INFO:     #264 chat/completions (stream): 256 tokens generated at
                       249.2 T/s · prompt 61 tokens, none cached, 61 new in 0.07
                       s · first token 0.08 s, total 1.10 s · draft 175/243
                       accepted (72%) · max_tokens reached
16:47:59.763 INFO:     #265 chat/completions (stream): 128 prompt tokens ·
                       temperature: 0, greedy (req), max_tokens: 256 (req),
                       min_tokens: 256 (req)
16:47:59.907 INFO:     #263 chat/completions (stream): 256 tokens generated at
                       212.1 T/s · prompt 642 tokens, none cached, 642 new in
                       0.25 s (2,568 T/s) · first token 0.26 s, total 1.46 s ·
                       draft 165/273 accepted (60%) · max_tokens reached
16:47:59.943 INFO:     #266 chat/completions (stream): 712 prompt tokens ·
                       temperature: 0, greedy (req), max_tokens: 256 (req),
                       min_tokens: 256 (req)
16:48:01.114 INFO:     #265 chat/completions (stream): 256 tokens generated at
                       212.2 T/s · prompt 128 tokens, none cached, 128 new in
                       0.10 s · first token 0.11 s, total 1.31 s · draft 182/222
                       accepted (82%) · max_tokens reached
16:48:01.146 INFO:     #267 chat/completions (stream): 94 prompt tokens ·
                       temperature: 0, greedy (req), max_tokens: 256 (req),
                       min_tokens: 256 (req)
16:48:01.480 INFO:     #266 chat/completions (stream): 256 tokens generated at
                       208.4 T/s · prompt 712 tokens, none cached, 712 new in
                       0.26 s (2,738 T/s) · first token 0.26 s, total 1.49 s ·
                       draft 167/267 accepted (63%) · max_tokens reached
16:48:01.513 INFO:     #268 chat/completions (stream): 66 prompt tokens ·
                       temperature: 0, greedy (req), max_tokens: 256 (req),
                       min_tokens: 256 (req)
16:48:02.593 INFO:     #267 chat/completions (stream): 256 tokens generated at
                       195.1 T/s · prompt 94 tokens, none cached, 94 new in 0.09
                       s · first token 0.10 s, total 1.41 s · draft 158/294
                       accepted (54%) · max_tokens reached
16:48:02.626 INFO:     #270 chat/completions (stream): 93 prompt tokens ·
                       temperature: 0, greedy (req), max_tokens: 256 (req),
                       min_tokens: 256 (req)
16:48:02.821 INFO:     #268 chat/completions (stream): 256 tokens generated at
                       215.5 T/s · prompt 66 tokens, none cached, 66 new in 0.07
                       s · first token 0.08 s, total 1.26 s · draft 169/261
                       accepted (65%) · max_tokens reached
16:48:02.853 INFO:     #271 chat/completions (stream): 108 prompt tokens ·
                       temperature: 0, greedy (req), max_tokens: 256 (req),
                       min_tokens: 256 (req)
16:48:03.879 INFO:     #270 chat/completions (stream): 256 tokens generated at
                       228.5 T/s · prompt 93 tokens, none cached, 93 new in 0.09
                       s · first token 0.10 s, total 1.22 s · draft 176/240
                       accepted (73%) · max_tokens reached
16:48:03.912 INFO:     #272 chat/completions (stream): 93 prompt tokens ·
                       temperature: 0, greedy (req), max_tokens: 256 (req),
                       min_tokens: 256 (req)
16:48:04.188 INFO:     #271 chat/completions (stream): 256 tokens generated at
                       214.9 T/s · prompt 108 tokens, none cached, 108 new in
                       0.10 s · first token 0.10 s, total 1.30 s · draft 170/258
                       accepted (66%) · max_tokens reached
16:48:04.221 INFO:     #273 chat/completions (stream): 86 prompt tokens ·
                       temperature: 0, greedy (req), max_tokens: 256 (req),
                       min_tokens: 256 (req)
16:48:05.094 INFO:     #272 chat/completions (stream): 256 tokens generated at
                       244.4 T/s · prompt 93 tokens, none cached, 93 new in 0.09
                       s · first token 0.10 s, total 1.14 s · draft 180/228
                       accepted (79%) · max_tokens reached
16:48:05.128 INFO:     #274 chat/completions (stream): 87 prompt tokens ·
                       temperature: 0, greedy (req), max_tokens: 256 (req),
                       min_tokens: 256 (req)
16:48:05.468 INFO:     #273 chat/completions (stream): 256 tokens generated at
                       229.6 T/s · prompt 86 tokens, none cached, 86 new in 0.08
                       s · first token 0.09 s, total 1.20 s · draft 175/243
                       accepted (72%) · max_tokens reached
16:48:05.500 INFO:     #275 chat/completions (stream): 91 prompt tokens ·
                       temperature: 0, greedy (req), max_tokens: 256 (req),
                       min_tokens: 256 (req)
16:48:06.619 INFO:     #274 chat/completions (stream): 256 tokens generated at
                       188.2 T/s · prompt 87 tokens, none cached, 87 new in 0.08
                       s · first token 0.09 s, total 1.45 s · draft 156/300
                       accepted (52%) · max_tokens reached
16:48:06.654 INFO:     #276 chat/completions (stream): 849 prompt tokens ·
                       temperature: 0, greedy (req), max_tokens: 256 (req),
                       min_tokens: 256 (req)
16:48:07.132 INFO:     #275 chat/completions (stream): 256 tokens generated at
                       170.5 T/s · prompt 91 tokens, none cached, 91 new in 0.08
                       s · first token 0.09 s, total 1.59 s · draft 158/294
                       accepted (54%) · max_tokens reached
16:48:07.164 INFO:     #277 chat/completions (stream): 82 prompt tokens ·
                       temperature: 0, greedy (req), max_tokens: 256 (req),
                       min_tokens: 256 (req)
16:48:08.154 INFO:     #276 chat/completions (stream): 256 tokens generated at
                       216.4 T/s · prompt 849 tokens, none cached, 849 new in
                       0.27 s (3,144 T/s) · first token 0.28 s, total 1.46 s ·
                       draft 169/261 accepted (65%) · max_tokens reached
16:48:08.186 INFO:     #278 chat/completions (stream): 64 prompt tokens ·
                       temperature: 0, greedy (req), max_tokens: 256 (req),
                       min_tokens: 256 (req)
16:48:08.569 INFO:     #277 chat/completions (stream): 256 tokens generated at
                       200.6 T/s · prompt 82 tokens, none cached, 82 new in 0.08
                       s · first token 0.09 s, total 1.36 s · draft 162/282
                       accepted (57%) · max_tokens reached
16:48:08.602 INFO:     #279 chat/completions (stream): 117 prompt tokens ·
                       temperature: 0, greedy (req), max_tokens: 256 (req),
                       min_tokens: 256 (req)
16:48:09.675 INFO:     #279 chat/completions (stream): 256 tokens generated at
                       273.7 T/s · prompt 117 tokens, none cached, 117 new in
                       0.10 s · first token 0.10 s, total 1.04 s · draft 183/219
                       accepted (84%) · max_tokens reached
16:48:09.680 INFO:     #278 chat/completions (stream): 256 tokens generated at
                       181.6 T/s · prompt 64 tokens, none cached, 64 new in 0.07
                       s · first token 0.08 s, total 1.49 s · draft 153/309
                       accepted (50%) · max_tokens reached
16:48:09.682 INFO:     #280 chat/completions (stream): 1,307 prompt tokens ·
                       temperature: 0, greedy (req), max_tokens: 256 (req),
                       min_tokens: 256 (req)
16:48:09.974 INFO:     #281 chat/completions (stream): 93 prompt tokens ·
                       temperature: 0, greedy (req), max_tokens: 256 (req),
                       min_tokens: 256 (req)
16:48:11.292 INFO:     #280 chat/completions (stream): 256 tokens generated at
                       198.9 T/s · prompt 1,307 tokens, none cached, 1,307 new
                       in 0.27 s (4,841 T/s) · first token 0.28 s, total 1.56 s
                       · draft 163/279 accepted (58%) · max_tokens reached
16:48:11.327 INFO:     #282 chat/completions (stream): 108 prompt tokens ·
                       temperature: 0, greedy (req), max_tokens: 256 (req),
                       min_tokens: 256 (req)
16:48:11.467 INFO:     #281 chat/completions (stream): 256 tokens generated at
                       203.4 T/s · prompt 93 tokens, none cached, 93 new in 0.09
                       s · first token 0.09 s, total 1.35 s · draft 157/297
                       accepted (53%) · max_tokens reached
16:48:11.500 INFO:     #283 chat/completions (stream): 97 prompt tokens ·
                       temperature: 0, greedy (req), max_tokens: 256 (req),
                       min_tokens: 256 (req)
16:48:12.622 INFO:     #283 chat/completions (stream): 256 tokens generated at
                       256.3 T/s · prompt 97 tokens, none cached, 97 new in 0.09
                       s · first token 0.09 s, total 1.09 s · draft 177/237
                       accepted (75%) · max_tokens reached
16:48:12.626 INFO:     #282 chat/completions (stream): 256 tokens generated at
                       214.4 T/s · prompt 108 tokens, none cached, 108 new in
                       0.09 s · first token 0.10 s, total 1.29 s · draft 167/267
                       accepted (63%) · max_tokens reached
16:48:12.627 INFO:     #284 chat/completions (stream): 752 prompt tokens ·
                       temperature: 0, greedy (req), max_tokens: 256 (req),
                       min_tokens: 256 (req)
16:48:12.905 INFO:     #285 chat/completions (stream): 772 prompt tokens ·
                       temperature: 0, greedy (req), max_tokens: 256 (req),
                       min_tokens: 256 (req)
16:48:14.244 INFO:     #285 chat/completions (stream): 256 tokens generated at
                       234.7 T/s · prompt 772 tokens, none cached, 772 new in
                       0.20 s (3,860 T/s) · first token 0.21 s, total 1.30 s ·
                       draft 171/255 accepted (67%) · max_tokens reached
16:48:14.269 INFO:     #286 chat/completions (stream): 84 prompt tokens ·
                       temperature: 0, greedy (req), max_tokens: 256 (req),
                       min_tokens: 256 (req)
16:48:14.377 INFO:     #284 chat/completions (stream): 256 tokens generated at
                       186.5 T/s · prompt 752 tokens, none cached, 752 new in
                       0.26 s (2,892 T/s) · first token 0.27 s, total 1.64 s ·
                       draft 163/279 accepted (58%) · max_tokens reached
16:48:14.410 INFO:     #287 chat/completions (stream): 76 prompt tokens ·
                       temperature: 0, greedy (req), max_tokens: 256 (req),
                       min_tokens: 256 (req)
16:48:15.607 INFO:     #287 chat/completions (stream): 256 tokens generated at
                       241.8 T/s · prompt 76 tokens, none cached, 76 new in 0.09
                       s · first token 0.09 s, total 1.15 s · draft 172/252
                       accepted (68%) · max_tokens reached
16:48:15.641 INFO:     #288 chat/completions (stream): 881 prompt tokens ·
                       temperature: 0, greedy (req), max_tokens: 256 (req),
                       min_tokens: 256 (req)
16:48:16.035 INFO:     #286 chat/completions (stream): 256 tokens generated at
                       156.4 T/s · prompt 84 tokens, none cached, 84 new in 0.08
                       s · first token 0.09 s, total 1.72 s · draft 154/306
                       accepted (50%) · max_tokens reached
16:48:16.067 INFO:     #289 chat/completions (stream): 78 prompt tokens ·
                       temperature: 0, greedy (req), max_tokens: 256 (req),
                       min_tokens: 256 (req)
16:48:17.105 INFO:     #288 chat/completions (stream): 256 tokens generated at
                       226.2 T/s · prompt 881 tokens, none cached, 881 new in
                       0.29 s (3,038 T/s) · first token 0.30 s, total 1.43 s ·
                       draft 172/252 accepted (68%) · max_tokens reached
16:48:17.139 INFO:     #291 chat/completions (stream): 681 prompt tokens ·
                       temperature: 0, greedy (req), max_tokens: 256 (req),
                       min_tokens: 256 (req)
16:48:17.517 INFO:     #289 chat/completions (stream): 256 tokens generated at
                       193.2 T/s · prompt 78 tokens, none cached, 78 new in 0.08
                       s · first token 0.09 s, total 1.41 s · draft 170/258
                       accepted (66%) · max_tokens reached
16:48:17.553 INFO:     #292 chat/completions (stream): 947 prompt tokens ·
                       temperature: 0, greedy (req), max_tokens: 256 (req),
                       min_tokens: 256 (req)
16:48:18.854 INFO:     #291 chat/completions (stream): 256 tokens generated at
                       179.9 T/s · prompt 681 tokens, none cached, 681 new in
                       0.25 s (2,724 T/s) · first token 0.26 s, total 1.68 s ·
                       draft 166/270 accepted (61%) · max_tokens reached
16:48:18.887 INFO:     #293 chat/completions (stream): 98 prompt tokens ·
                       temperature: 0, greedy (req), max_tokens: 256 (req),
                       min_tokens: 256 (req)
16:48:19.061 INFO:     #292 chat/completions (stream): 256 tokens generated at
                       217.6 T/s · prompt 947 tokens, none cached, 947 new in
                       0.29 s (3,266 T/s) · first token 0.30 s, total 1.47 s ·
                       draft 170/258 accepted (66%) · max_tokens reached
16:48:19.094 INFO:     #294 chat/completions (stream): 96 prompt tokens ·
                       temperature: 0, greedy (req), max_tokens: 256 (req),
                       min_tokens: 256 (req)
16:48:20.329 INFO:     #293 chat/completions (stream): 256 tokens generated at
                       195.5 T/s · prompt 98 tokens, none cached, 98 new in 0.09
                       s · first token 0.10 s, total 1.40 s · draft 159/291
                       accepted (55%) · max_tokens reached
16:48:20.332 INFO:     #294 chat/completions (stream): 256 tokens generated at
                       225.0 T/s · prompt 96 tokens, none cached, 96 new in 0.09
                       s · first token 0.10 s, total 1.23 s · draft 166/270
                       accepted (61%) · max_tokens reached
16:48:20.333 INFO:     #295 chat/completions (stream): 191 prompt tokens ·
                       temperature: 0, greedy (req), max_tokens: 256 (req),
                       min_tokens: 256 (req)
16:48:20.458 INFO:     #296 chat/completions (stream): 166 prompt tokens ·
                       temperature: 0, greedy (req), max_tokens: 256 (req),
                       min_tokens: 256 (req)
16:48:21.682 INFO:     #296 chat/completions (stream): 256 tokens generated at
                       235.7 T/s · prompt 166 tokens, none cached, 166 new in
                       0.09 s · first token 0.09 s, total 1.18 s · draft 172/252
                       accepted (68%) · max_tokens reached
16:48:21.684 INFO:     #297 chat/completions (stream): 85 prompt tokens ·
                       temperature: 0, greedy (req), max_tokens: 256 (req),
                       min_tokens: 256 (req)
16:48:21.685 INFO:     #295 chat/completions (stream): 256 tokens generated at
                       205.9 T/s · prompt 191 tokens, none cached, 191 new in
                       0.10 s · first token 0.11 s, total 1.35 s · draft 166/270
                       accepted (61%) · max_tokens reached
16:48:21.817 INFO:     #298 chat/completions (stream): 62 prompt tokens ·
                       temperature: 0, greedy (req), max_tokens: 256 (req),
                       min_tokens: 256 (req)
16:48:22.986 INFO:     #298 chat/completions (stream): 256 tokens generated at
                       238.6 T/s · prompt 62 tokens, none cached, 62 new in 0.07
                       s · first token 0.07 s, total 1.15 s · draft 172/252
                       accepted (68%) · max_tokens reached
16:48:22.988 INFO:     #297 chat/completions (stream): 256 tokens generated at
                       211.7 T/s · prompt 85 tokens, none cached, 85 new in 0.08
                       s · first token 0.09 s, total 1.30 s · draft 166/270
                       accepted (61%) · max_tokens reached
16:48:22.991 INFO:     #299 chat/completions (stream): 775 prompt tokens ·
                       temperature: 0, greedy (req), max_tokens: 256 (req),
                       min_tokens: 256 (req)
16:48:22.992 INFO:     #300 chat/completions (stream): 63 prompt tokens ·
                       temperature: 0, greedy (req), max_tokens: 256 (req),
                       min_tokens: 256 (req)
16:48:24.443 INFO:     #299 chat/completions (stream): 256 tokens generated at
                       228.2 T/s · prompt 775 tokens, none cached, 775 new in
                       0.27 s (2,870 T/s) · first token 0.28 s, total 1.40 s ·
                       draft 170/258 accepted (66%) · max_tokens reached
16:48:24.478 INFO:     #301 chat/completions (stream): 97 prompt tokens ·
                       temperature: 0, greedy (req), max_tokens: 256 (req),
                       min_tokens: 256 (req)
16:48:24.830 INFO:     #300 chat/completions (stream): 256 tokens generated at
                       166.0 T/s · prompt 63 tokens, none cached, 63 new in 0.07
                       s · queued 0.18 s, first token 0.25 s, total 1.79 s ·
                       draft 147/327 accepted (45%) · max_tokens reached
16:48:24.865 INFO:     #302 chat/completions (stream): 65 prompt tokens ·
                       temperature: 0, greedy (req), max_tokens: 256 (req),
                       min_tokens: 256 (req)
16:48:25.777 INFO:     #301 chat/completions (stream): 256 tokens generated at
                       221.7 T/s · prompt 97 tokens, none cached, 97 new in 0.10
                       s · first token 0.11 s, total 1.26 s · draft 173/249
                       accepted (69%) · max_tokens reached
16:48:25.808 INFO:     #303 chat/completions (stream): 61 prompt tokens ·
                       temperature: 0, greedy (req), max_tokens: 256 (req),
                       min_tokens: 256 (req)
16:48:26.101 INFO:     #302 chat/completions (stream): 256 tokens generated at
                       229.9 T/s · prompt 65 tokens, none cached, 65 new in 0.07
                       s · first token 0.08 s, total 1.19 s · draft 174/246
                       accepted (71%) · max_tokens reached
16:48:26.134 INFO:     #304 chat/completions (stream): 797 prompt tokens ·
                       temperature: 0, greedy (req), max_tokens: 256 (req),
                       min_tokens: 256 (req)
16:48:27.283 INFO:     #304 chat/completions (stream): 256 tokens generated at
                       284.9 T/s · prompt 797 tokens, none cached, 797 new in
                       0.20 s (3,985 T/s) · first token 0.20 s, total 1.10 s ·
                       draft 185/213 accepted (87%) · max_tokens reached
16:48:27.318 INFO:     #305 chat/completions (stream): 822 prompt tokens ·
                       temperature: 0, greedy (req), max_tokens: 256 (req),
                       min_tokens: 256 (req)
16:48:27.641 INFO:     #303 chat/completions (stream): 256 tokens generated at
                       149.2 T/s · prompt 61 tokens, none cached, 61 new in 0.07
                       s · first token 0.08 s, total 1.79 s · draft 154/306
                       accepted (50%) · max_tokens reached
16:48:27.674 INFO:     #306 chat/completions (stream): 63 prompt tokens ·
                       temperature: 0, greedy (req), max_tokens: 256 (req),
                       min_tokens: 256 (req)
16:48:28.813 INFO:     #306 chat/completions (stream): 256 tokens generated at
                       248.3 T/s · prompt 63 tokens, none cached, 63 new in 0.07
                       s · first token 0.08 s, total 1.11 s · draft 176/240
                       accepted (73%) · max_tokens reached
16:48:28.815 INFO:     #305 chat/completions (stream): 256 tokens generated at
                       209.3 T/s · prompt 822 tokens, none cached, 822 new in
                       0.26 s (3,162 T/s) · first token 0.27 s, total 1.49 s ·
                       draft 165/273 accepted (60%) · max_tokens reached
16:48:28.816 INFO:     #307 chat/completions (stream): 94 prompt tokens ·
                       temperature: 0, greedy (req), max_tokens: 256 (req),
                       min_tokens: 256 (req)
16:48:28.929 INFO:     #308 chat/completions (stream): 104 prompt tokens ·
                       temperature: 0, greedy (req), max_tokens: 256 (req),
                       min_tokens: 256 (req)
16:48:30.008 INFO:     #307 chat/completions (stream): 256 tokens generated at
                       242.0 T/s · prompt 94 tokens, none cached, 94 new in 0.09
                       s · first token 0.10 s, total 1.15 s · draft 180/228
                       accepted (79%) · max_tokens reached
16:48:30.040 INFO:     #309 chat/completions (stream): 470 prompt tokens ·
                       temperature: 0, greedy (req), max_tokens: 256 (req),
                       min_tokens: 256 (req)
16:48:30.464 INFO:     #308 chat/completions (stream): 256 tokens generated at
                       183.2 T/s · prompt 104 tokens, none cached, 104 new in
                       0.09 s · first token 0.09 s, total 1.49 s · draft 163/279
                       accepted (58%) · max_tokens reached
16:48:30.501 INFO:     #310 chat/completions (stream): 957 prompt tokens ·
                       temperature: 0, greedy (req), max_tokens: 256 (req),
                       min_tokens: 256 (req)
16:48:31.871 INFO:     #309 chat/completions (stream): 256 tokens generated at
                       165.1 T/s · prompt 470 tokens, none cached, 470 new in
                       0.23 s (2,043 T/s) · first token 0.24 s, total 1.79 s ·
                       draft 155/303 accepted (51%) · max_tokens reached
16:48:31.904 INFO:     #311 chat/completions (stream): 90 prompt tokens ·
                       temperature: 0, greedy (req), max_tokens: 256 (req),
                       min_tokens: 256 (req)
16:48:32.046 INFO:     #310 chat/completions (stream): 256 tokens generated at
                       210.5 T/s · prompt 957 tokens, none cached, 957 new in
                       0.28 s (3,418 T/s) · first token 0.29 s, total 1.50 s ·
                       draft 166/270 accepted (61%) · max_tokens reached
16:48:32.078 INFO:     #313 chat/completions (stream): 72 prompt tokens ·
                       temperature: 0, greedy (req), max_tokens: 256 (req),
                       min_tokens: 256 (req)
16:48:33.061 INFO:     #311 chat/completions (stream): 256 tokens generated at
                       247.9 T/s · prompt 90 tokens, none cached, 90 new in 0.08
                       s · first token 0.09 s, total 1.12 s · draft 180/228
                       accepted (79%) · max_tokens reached
16:48:33.064 INFO:     #313 chat/completions (stream): 256 tokens generated at
                       285.4 T/s · prompt 72 tokens, none cached, 72 new in 0.08
                       s · first token 0.08 s, total 0.98 s · draft 185/213
                       accepted (87%) · max_tokens reached
16:48:33.066 INFO:     #314 chat/completions (stream): 748 prompt tokens ·
                       temperature: 0, greedy (req), max_tokens: 256 (req),
                       min_tokens: 256 (req)
16:48:33.339 INFO:     #315 chat/completions (stream): 135 prompt tokens ·
                       temperature: 0, greedy (req), max_tokens: 256 (req),
                       min_tokens: 256 (req)
16:48:34.490 INFO:     #315 chat/completions (stream): 256 tokens generated at
                       256.6 T/s · prompt 135 tokens, none cached, 135 new in
                       0.11 s · first token 0.12 s, total 1.11 s · draft 178/234
                       accepted (76%) · max_tokens reached
16:48:34.525 INFO:     #316 chat/completions (stream): 109 prompt tokens ·
                       temperature: 0, greedy (req), max_tokens: 256 (req),
                       min_tokens: 256 (req)
16:48:34.663 INFO:     #314 chat/completions (stream): 256 tokens generated at
                       214.4 T/s · prompt 748 tokens, none cached, 748 new in
                       0.25 s (2,992 T/s) · first token 0.26 s, total 1.45 s ·
                       draft 170/258 accepted (66%) · max_tokens reached
16:48:34.699 INFO:     #317 chat/completions (stream): 748 prompt tokens ·
                       temperature: 0, greedy (req), max_tokens: 256 (req),
                       min_tokens: 256 (req)
16:48:35.843 INFO:     #316 chat/completions (stream): 256 tokens generated at
                       216.9 T/s · prompt 109 tokens, none cached, 109 new in
                       0.09 s · first token 0.10 s, total 1.28 s · draft 182/222
                       accepted (82%) · max_tokens reached
16:48:35.879 INFO:     #318 chat/completions (stream): 1,170 prompt tokens ·
                       temperature: 0, greedy (req), max_tokens: 256 (req),
                       min_tokens: 256 (req)
16:48:36.477 INFO:     #317 chat/completions (stream): 256 tokens generated at
                       174.5 T/s · prompt 748 tokens, none cached, 748 new in
                       0.26 s (2,877 T/s) · first token 0.26 s, total 1.73 s ·
                       draft 163/279 accepted (58%) · max_tokens reached
16:48:36.512 INFO:     #319 chat/completions (stream): 832 prompt tokens ·
                       temperature: 0, greedy (req), max_tokens: 256 (req),
                       min_tokens: 256 (req)
16:48:37.634 INFO:     #318 chat/completions (stream): 256 tokens generated at
                       182.2 T/s · prompt 1,170 tokens, none cached, 1,170 new
                       in 0.30 s (3,900 T/s) · first token 0.31 s, total 1.71 s
                       · draft 165/273 accepted (60%) · max_tokens reached
16:48:37.667 INFO:     #320 chat/completions (stream): 64 prompt tokens ·
                       temperature: 0, greedy (req), max_tokens: 256 (req),
                       min_tokens: 256 (req)
16:48:37.900 INFO:     #319 chat/completions (stream): 256 tokens generated at
                       237.1 T/s · prompt 832 tokens, none cached, 832 new in
                       0.26 s (3,200 T/s) · first token 0.27 s, total 1.35 s ·
                       draft 176/240 accepted (73%) · max_tokens reached
16:48:37.933 INFO:     #321 chat/completions (stream): 103 prompt tokens ·
                       temperature: 0, greedy (req), max_tokens: 256 (req),
                       min_tokens: 256 (req)
16:48:39.136 INFO:     #320 chat/completions (stream): 256 tokens generated at
                       189.3 T/s · prompt 64 tokens, none cached, 64 new in 0.07
                       s · first token 0.08 s, total 1.43 s · draft 156/300
                       accepted (52%) · max_tokens reached
16:48:39.172 INFO:     #322 chat/completions (stream): 101 prompt tokens ·
                       temperature: 0, greedy (req), max_tokens: 256 (req),
                       min_tokens: 256 (req)
16:48:39.310 INFO:     #321 chat/completions (stream): 256 tokens generated at
                       225.0 T/s · prompt 103 tokens, none cached, 103 new in
                       0.09 s · first token 0.10 s, total 1.23 s · draft 165/273
                       accepted (60%) · max_tokens reached
16:48:39.342 INFO:     #323 chat/completions (stream): 63 prompt tokens ·
                       temperature: 0, greedy (req), max_tokens: 256 (req),
                       min_tokens: 256 (req)
16:48:40.548 INFO:     #322 chat/completions (stream): 256 tokens generated at
                       207.3 T/s · prompt 101 tokens, none cached, 101 new in
                       0.09 s · first token 0.10 s, total 1.33 s · draft 164/276
                       accepted (59%) · max_tokens reached
16:48:40.551 INFO:     #324 chat/completions (stream): 63 prompt tokens ·
                       temperature: 0, greedy (req), max_tokens: 256 (req),
                       min_tokens: 256 (req)
16:48:40.551 INFO:     #323 chat/completions (stream): 256 tokens generated at
                       226.7 T/s · prompt 63 tokens, none cached, 63 new in 0.07
                       s · first token 0.08 s, total 1.20 s · draft 167/267
                       accepted (63%) · max_tokens reached
16:48:40.669 INFO:     #325 chat/completions (stream): 155 prompt tokens ·
                       temperature: 0, greedy (req), max_tokens: 256 (req),
                       min_tokens: 256 (req)
16:48:41.878 INFO:     #325 chat/completions (stream): 256 tokens generated at
                       239.2 T/s · prompt 155 tokens, none cached, 155 new in
                       0.09 s · first token 0.09 s, total 1.16 s · draft 172/252
                       accepted (68%) · max_tokens reached
16:48:41.880 INFO:     #326 chat/completions (stream): 71 prompt tokens ·
                       temperature: 0, greedy (req), max_tokens: 256 (req),
                       min_tokens: 256 (req)
16:48:41.881 INFO:     #324 chat/completions (stream): 256 tokens generated at
                       204.9 T/s · prompt 63 tokens, none cached, 63 new in 0.07
                       s · first token 0.08 s, total 1.33 s · draft 164/276
                       accepted (59%) · max_tokens reached
16:48:42.005 INFO:     #327 chat/completions (stream): 102 prompt tokens ·
                       temperature: 0, greedy (req), max_tokens: 256 (req),
                       min_tokens: 256 (req)
16:48:43.394 INFO:     #326 chat/completions (stream): 256 tokens generated at
                       184.2 T/s · prompt 71 tokens, none cached, 71 new in 0.08
                       s · first token 0.09 s, total 1.48 s · draft 153/309
                       accepted (50%) · max_tokens reached
16:48:43.425 INFO:     #328 chat/completions (stream): 91 prompt tokens ·
                       temperature: 0, greedy (req), max_tokens: 256 (req),
                       min_tokens: 256 (req)
16:48:43.605 INFO:     #327 chat/completions (stream): 256 tokens generated at
                       174.9 T/s · prompt 102 tokens, none cached, 102 new in
                       0.09 s · first token 0.09 s, total 1.56 s · draft 146/330
                       accepted (44%) · max_tokens reached
16:48:43.638 INFO:     #329 chat/completions (stream): 788 prompt tokens ·
                       temperature: 0, greedy (req), max_tokens: 256 (req),
                       min_tokens: 256 (req)
16:48:44.869 INFO:     #328 chat/completions (stream): 256 tokens generated at
                       195.1 T/s · prompt 91 tokens, none cached, 91 new in 0.08
                       s · first token 0.09 s, total 1.40 s · draft 168/264
                       accepted (64%) · max_tokens reached
16:48:44.903 INFO:     #330 chat/completions (stream): 809 prompt tokens ·
                       temperature: 0, greedy (req), max_tokens: 256 (req),
                       min_tokens: 256 (req)
16:48:45.283 INFO:     #329 chat/completions (stream): 256 tokens generated at
                       184.8 T/s · prompt 788 tokens, none cached, 788 new in
                       0.21 s (3,752 T/s) · first token 0.21 s, total 1.60 s ·
                       draft 166/270 accepted (61%) · max_tokens reached
16:48:45.316 INFO:     #331 chat/completions (stream): 106 prompt tokens ·
                       temperature: 0, greedy (req), max_tokens: 256 (req),
                       min_tokens: 256 (req)
16:48:46.393 INFO:     #331 chat/completions (stream): 256 tokens generated at
                       272.8 T/s · prompt 106 tokens, none cached, 106 new in
                       0.09 s · first token 0.10 s, total 1.03 s · draft 182/222
                       accepted (82%) · max_tokens reached
16:48:46.430 INFO:     #332 chat/completions (stream): 87 prompt tokens ·
                       temperature: 0, greedy (req), max_tokens: 256 (req),
                       min_tokens: 256 (req)
16:48:46.753 INFO:     #330 chat/completions (stream): 256 tokens generated at
                       165.3 T/s · prompt 809 tokens, none cached, 809 new in
                       0.25 s (3,236 T/s) · first token 0.26 s, total 1.80 s ·
                       draft 147/327 accepted (45%) · max_tokens reached
16:48:46.786 INFO:     #333 chat/completions (stream): 95 prompt tokens ·
                       temperature: 0, greedy (req), max_tokens: 256 (req),
                       min_tokens: 256 (req)
16:48:47.679 INFO:     #332 chat/completions (stream): 256 tokens generated at
                       229.0 T/s · prompt 87 tokens, none cached, 87 new in 0.08
                       s · first token 0.09 s, total 1.20 s · draft 175/243
                       accepted (72%) · max_tokens reached
16:48:47.712 INFO:     #335 chat/completions (stream): 133 prompt tokens ·
                       temperature: 0, greedy (req), max_tokens: 256 (req),
                       min_tokens: 256 (req)
16:48:48.255 INFO:     #333 chat/completions (stream): 256 tokens generated at
                       191.3 T/s · prompt 95 tokens, none cached, 95 new in 0.08
                       s · first token 0.08 s, total 1.42 s · draft 159/291
                       accepted (55%) · max_tokens reached
16:48:48.287 INFO:     #336 chat/completions (stream): 125 prompt tokens ·
                       temperature: 0, greedy (req), max_tokens: 256 (req),
                       min_tokens: 256 (req)
16:48:48.958 INFO:     #335 chat/completions (stream): 256 tokens generated at
                       234.1 T/s · prompt 133 tokens, none cached, 133 new in
                       0.11 s · first token 0.12 s, total 1.21 s · draft 176/240
                       accepted (73%) · max_tokens reached
16:48:48.991 INFO:     #337 chat/completions (stream): 92 prompt tokens ·
                       temperature: 0, greedy (req), max_tokens: 256 (req),
                       min_tokens: 256 (req)
16:48:49.494 INFO:     #336 chat/completions (stream): 256 tokens generated at
                       240.9 T/s · prompt 125 tokens, none cached, 125 new in
                       0.10 s · first token 0.10 s, total 1.17 s · draft 178/234
                       accepted (76%) · max_tokens reached
16:48:49.526 INFO:     #338 chat/completions (stream): 143 prompt tokens ·
                       temperature: 0, greedy (req), max_tokens: 256 (req),
                       min_tokens: 256 (req)
16:48:50.189 INFO:     #337 chat/completions (stream): 256 tokens generated at
                       240.2 T/s · prompt 92 tokens, none cached, 92 new in 0.09
                       s · first token 0.10 s, total 1.16 s · draft 179/231
                       accepted (77%) · max_tokens reached
16:48:50.223 INFO:     #339 chat/completions (stream): 832 prompt tokens ·
                       temperature: 0, greedy (req), max_tokens: 256 (req),
                       min_tokens: 256 (req)
16:48:51.308 INFO:     #338 chat/completions (stream): 256 tokens generated at
                       156.9 T/s · prompt 143 tokens, none cached, 143 new in
                       0.10 s · first token 0.11 s, total 1.74 s · draft 149/321
                       accepted (46%) · max_tokens reached
16:48:51.341 INFO:     #340 chat/completions (stream): 91 prompt tokens ·
                       temperature: 0, greedy (req), max_tokens: 256 (req),
                       min_tokens: 256 (req)
16:48:51.767 INFO:     #339 chat/completions (stream): 256 tokens generated at
                       214.1 T/s · prompt 832 tokens, none cached, 832 new in
                       0.30 s (2,773 T/s) · first token 0.31 s, total 1.50 s ·
                       draft 168/264 accepted (64%) · max_tokens reached
16:48:51.800 INFO:     #341 chat/completions (stream): 62 prompt tokens ·
                       temperature: 0, greedy (req), max_tokens: 256 (req),
                       min_tokens: 256 (req)
16:48:52.457 INFO:     #340 chat/completions (stream): 256 tokens generated at
                       263.1 T/s · prompt 91 tokens, none cached, 91 new in 0.09
                       s · first token 0.10 s, total 1.07 s · draft 183/219
                       accepted (84%) · max_tokens reached
16:48:52.491 INFO:     #342 chat/completions (stream): 62 prompt tokens ·
                       temperature: 0, greedy (req), max_tokens: 256 (req),
                       min_tokens: 256 (req)
16:48:53.207 INFO:     #341 chat/completions (stream): 256 tokens generated at
                       198.2 T/s · prompt 62 tokens, none cached, 62 new in 0.07
                       s · first token 0.08 s, total 1.37 s · draft 159/291
                       accepted (55%) · max_tokens reached
16:48:53.240 INFO:     #343 chat/completions (stream): 71 prompt tokens ·
                       temperature: 0, greedy (req), max_tokens: 256 (req),
                       min_tokens: 256 (req)
16:48:53.923 INFO:     #342 chat/completions (stream): 256 tokens generated at
                       194.4 T/s · prompt 62 tokens, none cached, 62 new in 0.07
                       s · first token 0.08 s, total 1.39 s · draft 158/294
                       accepted (54%) · max_tokens reached
16:48:53.955 INFO:     #344 chat/completions (stream): 93 prompt tokens ·
                       temperature: 0, greedy (req), max_tokens: 256 (req),
                       min_tokens: 256 (req)
16:48:54.537 INFO:     #343 chat/completions (stream): 256 tokens generated at
                       217.8 T/s · prompt 71 tokens, none cached, 71 new in 0.08
                       s · first token 0.08 s, total 1.26 s · draft 170/258
                       accepted (66%) · max_tokens reached
16:48:54.568 INFO:     #345 chat/completions (stream): 74 prompt tokens ·
                       temperature: 0, greedy (req), max_tokens: 256 (req),
                       min_tokens: 256 (req)
16:48:55.077 INFO:     #344 chat/completions (stream): 256 tokens generated at
                       258.8 T/s · prompt 93 tokens, none cached, 93 new in 0.09
                       s · first token 0.10 s, total 1.08 s · draft 183/219
                       accepted (84%) · max_tokens reached
16:48:55.111 INFO:     #346 chat/completions (stream): 892 prompt tokens ·
                       temperature: 0, greedy (req), max_tokens: 256 (req),
                       min_tokens: 256 (req)
16:48:56.168 INFO:     #345 chat/completions (stream): 256 tokens generated at
                       173.3 T/s · prompt 74 tokens, none cached, 74 new in 0.08
                       s · first token 0.09 s, total 1.56 s · draft 160/288
                       accepted (56%) · max_tokens reached
16:48:56.203 INFO:     #347 chat/completions (stream): 726 prompt tokens ·
                       temperature: 0, greedy (req), max_tokens: 256 (req),
                       min_tokens: 256 (req)
16:48:56.779 INFO:     #346 chat/completions (stream): 256 tokens generated at
                       191.2 T/s · prompt 892 tokens, none cached, 892 new in
                       0.28 s (3,186 T/s) · first token 0.28 s, total 1.62 s ·
                       draft 169/261 accepted (65%) · max_tokens reached
16:48:56.813 INFO:     #348 chat/completions (stream): 433 prompt tokens ·
                       temperature: 0, greedy (req), max_tokens: 256 (req),
                       min_tokens: 256 (req)
16:48:57.805 INFO:     #347 chat/completions (stream): 256 tokens generated at
                       196.8 T/s · prompt 726 tokens, none cached, 726 new in
                       0.26 s (2,792 T/s) · first token 0.27 s, total 1.57 s ·
                       draft 169/261 accepted (65%) · max_tokens reached
16:48:57.838 INFO:     #349 chat/completions (stream): 116 prompt tokens ·
                       temperature: 0, greedy (req), max_tokens: 256 (req),
                       min_tokens: 256 (req)
16:48:58.210 INFO:     #348 chat/completions (stream): 256 tokens generated at
                       227.3 T/s · prompt 433 tokens, none cached, 433 new in
                       0.22 s (1,968 T/s) · first token 0.23 s, total 1.35 s ·
                       draft 174/246 accepted (71%) · max_tokens reached
16:48:58.242 INFO:     #350 chat/completions (stream): 81 prompt tokens ·
                       temperature: 0, greedy (req), max_tokens: 256 (req),
                       min_tokens: 256 (req)
16:48:58.995 INFO:     #349 chat/completions (stream): 256 tokens generated at
                       252.7 T/s · prompt 116 tokens, none cached, 116 new in
                       0.10 s · first token 0.11 s, total 1.12 s · draft 182/222
                       accepted (82%) · max_tokens reached
16:48:59.028 INFO:     #351 chat/completions (stream): 634 prompt tokens ·
                       temperature: 0, greedy (req), max_tokens: 256 (req),
                       min_tokens: 256 (req)
16:48:59.696 INFO:     #350 chat/completions (stream): 256 tokens generated at
                       192.8 T/s · prompt 81 tokens, none cached, 81 new in 0.08
                       s · first token 0.08 s, total 1.41 s · draft 170/258
                       accepted (66%) · max_tokens reached
16:48:59.729 INFO:     #352 chat/completions (stream): 71 prompt tokens ·
                       temperature: 0, greedy (req), max_tokens: 256 (req),
                       min_tokens: 256 (req)
16:49:00.570 INFO:     #351 chat/completions (stream): 256 tokens generated at
                       205.9 T/s · prompt 634 tokens, none cached, 634 new in
                       0.25 s (2,536 T/s) · first token 0.26 s, total 1.50 s ·
                       draft 164/276 accepted (59%) · max_tokens reached
16:49:00.602 INFO:     #353 chat/completions (stream): 100 prompt tokens ·
                       temperature: 0, greedy (req), max_tokens: 256 (req),
                       min_tokens: 256 (req)
16:49:01.046 INFO:     #352 chat/completions (stream): 256 tokens generated at
                       214.4 T/s · prompt 71 tokens, none cached, 71 new in 0.08
                       s · first token 0.09 s, total 1.28 s · draft 169/261
                       accepted (65%) · max_tokens reached
16:49:01.080 INFO:     #354 chat/completions (stream): 96 prompt tokens ·
                       temperature: 0, greedy (req), max_tokens: 256 (req),
                       min_tokens: 256 (req)
16:49:01.861 INFO:     #353 chat/completions (stream): 256 tokens generated at
                       228.1 T/s · prompt 100 tokens, none cached, 100 new in
                       0.09 s · first token 0.10 s, total 1.22 s · draft 173/249
                       accepted (69%) · max_tokens reached
16:49:01.894 INFO:     #355 chat/completions (stream): 93 prompt tokens ·
                       temperature: 0, greedy (req), max_tokens: 256 (req),
                       min_tokens: 256 (req)
16:49:02.389 INFO:     #354 chat/completions (stream): 256 tokens generated at
                       217.6 T/s · prompt 96 tokens, none cached, 96 new in 0.09
                       s · first token 0.09 s, total 1.27 s · draft 168/264
                       accepted (64%) · max_tokens reached
16:49:02.434 INFO:     #357 chat/completions (stream): 804 prompt tokens ·
                       temperature: 0, greedy (req), max_tokens: 256 (req),
                       min_tokens: 256 (req)
16:49:03.635 INFO:     #355 chat/completions (stream): 256 tokens generated at
                       159.0 T/s · prompt 93 tokens, none cached, 93 new in 0.08
                       s · first token 0.09 s, total 1.70 s · draft 148/324
                       accepted (46%) · max_tokens reached
16:49:03.669 INFO:     #358 chat/completions (stream): 745 prompt tokens ·
                       temperature: 0, greedy (req), max_tokens: 256 (req),
                       min_tokens: 256 (req)
16:49:04.046 INFO:     #357 chat/completions (stream): 256 tokens generated at
                       194.7 T/s · prompt 804 tokens, none cached, 804 new in
                       0.25 s (3,216 T/s) · first token 0.26 s, total 1.57 s ·
                       draft 172/252 accepted (68%) · max_tokens reached
16:49:04.081 INFO:     #359 chat/completions (stream): 740 prompt tokens ·
                       temperature: 0, greedy (req), max_tokens: 256 (req),
                       min_tokens: 256 (req)
16:49:05.259 INFO:     #358 chat/completions (stream): 256 tokens generated at
                       200.6 T/s · prompt 745 tokens, none cached, 745 new in
                       0.27 s (2,759 T/s) · first token 0.28 s, total 1.55 s ·
                       draft 175/243 accepted (72%) · max_tokens reached
16:49:05.292 INFO:     #360 chat/completions (stream): 93 prompt tokens ·
                       temperature: 0, greedy (req), max_tokens: 256 (req),
                       min_tokens: 256 (req)
16:49:05.692 INFO:     #359 chat/completions (stream): 256 tokens generated at
                       196.3 T/s · prompt 740 tokens, none cached, 740 new in
                       0.26 s (2,846 T/s) · first token 0.27 s, total 1.57 s ·
                       draft 160/288 accepted (56%) · max_tokens reached
16:49:05.724 INFO:     #361 chat/completions (stream): 108 prompt tokens ·
                       temperature: 0, greedy (req), max_tokens: 256 (req),
                       min_tokens: 256 (req)
16:49:06.490 INFO:     #360 chat/completions (stream): 256 tokens generated at
                       240.4 T/s · prompt 93 tokens, none cached, 93 new in 0.09
                       s · first token 0.10 s, total 1.16 s · draft 178/234
                       accepted (76%) · max_tokens reached
16:49:06.521 INFO:     #362 chat/completions (stream): 63 prompt tokens ·
                       temperature: 0, greedy (req), max_tokens: 256 (req),
                       min_tokens: 256 (req)
16:49:06.886 INFO:     #361 chat/completions (stream): 256 tokens generated at
                       250.2 T/s · prompt 108 tokens, none cached, 108 new in
                       0.09 s · first token 0.10 s, total 1.12 s · draft 179/231
                       accepted (77%) · max_tokens reached
16:49:06.919 INFO:     #363 chat/completions (stream): 395 prompt tokens ·
                       temperature: 0, greedy (req), max_tokens: 256 (req),
                       min_tokens: 256 (req)
16:49:08.136 INFO:     #363 chat/completions (stream): 256 tokens generated at
                       268.0 T/s · prompt 395 tokens, none cached, 395 new in
                       0.22 s (1,795 T/s) · first token 0.22 s, total 1.18 s ·
                       draft 182/222 accepted (82%) · max_tokens reached
16:49:08.167 INFO:     #364 chat/completions (stream): 692 prompt tokens ·
                       temperature: 0, greedy (req), max_tokens: 256 (req),
                       min_tokens: 256 (req)
16:49:08.423 INFO:     #362 chat/completions (stream): 256 tokens generated at
                       163.8 T/s · prompt 63 tokens, none cached, 63 new in 0.07
                       s · first token 0.08 s, total 1.64 s · draft 148/324
                       accepted (46%) · max_tokens reached
16:49:08.460 INFO:     #365 chat/completions (stream): 714 prompt tokens ·
                       temperature: 0, greedy (req), max_tokens: 256 (req),
                       min_tokens: 256 (req)
16:49:09.760 INFO:     #365 chat/completions (stream): 256 tokens generated at
                       255.1 T/s · prompt 714 tokens, none cached, 714 new in
                       0.25 s (2,856 T/s) · first token 0.26 s, total 1.26 s ·
                       draft 177/237 accepted (75%) · max_tokens reached
16:49:09.786 INFO:     #366 chat/completions (stream): 79 prompt tokens ·
                       temperature: 0, greedy (req), max_tokens: 256 (req),
                       min_tokens: 256 (req)
16:49:09.891 INFO:     #364 chat/completions (stream): 256 tokens generated at
                       187.1 T/s · prompt 692 tokens, none cached, 692 new in
                       0.24 s (2,883 T/s) · first token 0.25 s, total 1.61 s ·
                       draft 166/270 accepted (61%) · max_tokens reached
16:49:09.925 INFO:     #367 chat/completions (stream): 587 prompt tokens ·
                       temperature: 0, greedy (req), max_tokens: 256 (req),
                       min_tokens: 256 (req)
16:49:11.504 INFO:     #366 chat/completions (stream): 256 tokens generated at
                       158.1 T/s · prompt 79 tokens, none cached, 79 new in 0.08
                       s · first token 0.09 s, total 1.70 s · draft 148/324
                       accepted (46%) · max_tokens reached
16:49:11.505 INFO:     #367 chat/completions (stream): 256 tokens generated at
                       192.0 T/s · prompt 587 tokens, none cached, 587 new in
                       0.24 s (2,446 T/s) · first token 0.24 s, total 1.58 s ·
                       draft 153/309 accepted (50%) · max_tokens reached
16:49:11.508 INFO:     #368 chat/completions (stream): 120 prompt tokens ·
                       temperature: 0, greedy (req), max_tokens: 256 (req),
                       min_tokens: 256 (req)
16:49:11.509 INFO:     #369 chat/completions (stream): 111 prompt tokens ·
                       temperature: 0, greedy (req), max_tokens: 256 (req),
                       min_tokens: 256 (req)
16:49:12.622 INFO:     #368 chat/completions (stream): 256 tokens generated at
                       291.2 T/s · prompt 120 tokens, none cached, 120 new in
                       0.19 s · first token 0.20 s, total 1.08 s · draft 186/210
                       accepted (89%) · max_tokens reached
16:49:12.625 INFO:     #369 chat/completions (stream): 256 tokens generated at
                       281.4 T/s · prompt 111 tokens, none cached, 111 new in
                       0.09 s · queued 0.11 s, first token 0.20 s, total 1.11 s
                       · draft 183/219 accepted (84%) · max_tokens reached
16:49:12.627 INFO:     #370 chat/completions (stream): 894 prompt tokens ·
                       temperature: 0, greedy (req), max_tokens: 256 (req),
                       min_tokens: 256 (req)
16:49:12.922 INFO:     #371 chat/completions (stream): 1,157 prompt tokens ·
                       temperature: 0, greedy (req), max_tokens: 256 (req),
                       min_tokens: 256 (req)
16:49:14.280 INFO:     #370 chat/completions (stream): 256 tokens generated at
                       192.4 T/s · prompt 894 tokens, none cached, 894 new in
                       0.27 s (3,311 T/s) · first token 0.28 s, total 1.61 s ·
                       draft 175/243 accepted (72%) · max_tokens reached
16:49:14.311 INFO:     #372 chat/completions (stream): 93 prompt tokens ·
                       temperature: 0, greedy (req), max_tokens: 256 (req),
                       min_tokens: 256 (req)
16:49:14.598 INFO:     #371 chat/completions (stream): 256 tokens generated at
                       195.5 T/s · prompt 1,157 tokens, none cached, 1,157 new
                       in 0.32 s (3,616 T/s) · first token 0.33 s, total 1.63 s
                       · draft 158/294 accepted (54%) · max_tokens reached
16:49:14.631 INFO:     #373 chat/completions (stream): 61 prompt tokens ·
                       temperature: 0, greedy (req), max_tokens: 256 (req),
                       min_tokens: 256 (req)
16:49:15.634 INFO:     #372 chat/completions (stream): 256 tokens generated at
                       215.7 T/s · prompt 93 tokens, none cached, 93 new in 0.09
                       s · first token 0.10 s, total 1.28 s · draft 167/267
                       accepted (63%) · max_tokens reached
16:49:15.670 INFO:     #374 chat/completions (stream): 1,540 prompt tokens ·
                       temperature: 0, greedy (req), max_tokens: 256 (req),
                       min_tokens: 256 (req)
16:49:16.081 INFO:     #373 chat/completions (stream): 256 tokens generated at
                       191.8 T/s · prompt 61 tokens, none cached, 61 new in 0.07
                       s · first token 0.07 s, total 1.41 s · draft 171/255
                       accepted (67%) · max_tokens reached
16:49:16.114 INFO:     #375 chat/completions (stream): 64 prompt tokens ·
                       temperature: 0, greedy (req), max_tokens: 256 (req),
                       min_tokens: 256 (req)
16:49:17.228 INFO:     #374 chat/completions (stream): 256 tokens generated at
                       207.0 T/s · prompt 1,540 tokens, none cached, 1,540 new
                       in 0.27 s (5,704 T/s) · first token 0.28 s, total 1.51 s
                       · draft 164/276 accepted (59%) · max_tokens reached
16:49:17.266 INFO:     #377 chat/completions (stream): 123 prompt tokens ·
                       temperature: 0, greedy (req), max_tokens: 256 (req),
                       min_tokens: 256 (req)
16:49:17.411 INFO:     #375 chat/completions (stream): 256 tokens generated at
                       238.9 T/s · prompt 64 tokens, none cached, 64 new in 0.07
                       s · first token 0.07 s, total 1.15 s · draft 171/255
                       accepted (67%) · max_tokens reached
16:49:17.471 INFO:     #378 chat/completions (stream): 72 prompt tokens ·
                       temperature: 0, greedy (req), max_tokens: 256 (req),
                       min_tokens: 256 (req)
16:49:18.546 INFO:     #377 chat/completions (stream): 256 tokens generated at
                       225.8 T/s · prompt 123 tokens, none cached, 123 new in
                       0.10 s · first token 0.11 s, total 1.24 s · draft 175/243
                       accepted (72%) · max_tokens reached
16:49:18.578 INFO:     #379 chat/completions (stream): 81 prompt tokens ·
                       temperature: 0, greedy (req), max_tokens: 256 (req),
                       min_tokens: 256 (req)
16:49:18.820 INFO:     #378 chat/completions (stream): 256 tokens generated at
                       209.1 T/s · prompt 72 tokens, none cached, 72 new in 0.08
                       s · first token 0.08 s, total 1.31 s · draft 166/270
                       accepted (61%) · max_tokens reached
16:49:18.852 INFO:     #380 chat/completions (stream): 64 prompt tokens ·
                       temperature: 0, greedy (req), max_tokens: 256 (req),
                       min_tokens: 256 (req)
16:49:19.854 INFO:     #379 chat/completions (stream): 256 tokens generated at
                       222.9 T/s · prompt 81 tokens, none cached, 81 new in 0.08
                       s · first token 0.09 s, total 1.23 s · draft 171/255
                       accepted (67%) · max_tokens reached
16:49:19.886 INFO:     #381 chat/completions (stream): 73 prompt tokens ·
                       temperature: 0, greedy (req), max_tokens: 256 (req),
                       min_tokens: 256 (req)
16:49:20.285 INFO:     #380 chat/completions (stream): 256 tokens generated at
                       194.3 T/s · prompt 64 tokens, none cached, 64 new in 0.07
                       s · first token 0.08 s, total 1.39 s · draft 158/294
                       accepted (54%) · max_tokens reached
16:49:20.318 INFO:     #382 chat/completions (stream): 63 prompt tokens ·
                       temperature: 0, greedy (req), max_tokens: 256 (req),
                       min_tokens: 256 (req)
16:49:21.210 INFO:     #381 chat/completions (stream): 256 tokens generated at
                       213.5 T/s · prompt 73 tokens, none cached, 73 new in 0.08
                       s · first token 0.09 s, total 1.29 s · draft 166/270
                       accepted (61%) · max_tokens reached
16:49:21.244 INFO:     #383 chat/completions (stream): 720 prompt tokens ·
                       temperature: 0, greedy (req), max_tokens: 256 (req),
                       min_tokens: 256 (req)
16:49:21.976 INFO:     #382 chat/completions (stream): 256 tokens generated at
                       166.1 T/s · prompt 63 tokens, none cached, 63 new in 0.07
                       s · first token 0.08 s, total 1.62 s · draft 157/297
                       accepted (53%) · max_tokens reached
16:49:22.010 INFO:     #384 chat/completions (stream): 110 prompt tokens ·
                       temperature: 0, greedy (req), max_tokens: 256 (req),
                       min_tokens: 256 (req)
16:49:22.851 INFO:     #383 chat/completions (stream): 256 tokens generated at
                       203.8 T/s · prompt 720 tokens, none cached, 720 new in
                       0.30 s (2,400 T/s) · first token 0.31 s, total 1.56 s ·
                       draft 164/276 accepted (59%) · max_tokens reached
16:49:22.885 INFO:     #385 chat/completions (stream): 751 prompt tokens ·
                       temperature: 0, greedy (req), max_tokens: 256 (req),
                       min_tokens: 256 (req)
16:49:23.359 INFO:     #384 chat/completions (stream): 256 tokens generated at
                       211.2 T/s · prompt 110 tokens, none cached, 110 new in
                       0.09 s · first token 0.10 s, total 1.31 s · draft 180/228
                       accepted (79%) · max_tokens reached
16:49:23.391 INFO:     #386 chat/completions (stream): 128 prompt tokens ·
                       temperature: 0, greedy (req), max_tokens: 256 (req),
                       min_tokens: 256 (req)
16:49:24.311 INFO:     #385 chat/completions (stream): 256 tokens generated at
                       229.7 T/s · prompt 751 tokens, none cached, 751 new in
                       0.26 s (2,888 T/s) · first token 0.27 s, total 1.38 s ·
                       draft 177/237 accepted (75%) · max_tokens reached
16:49:24.346 INFO:     #387 chat/completions (stream): 103 prompt tokens ·
                       temperature: 0, greedy (req), max_tokens: 256 (req),
                       min_tokens: 256 (req)
16:49:24.566 INFO:     #386 chat/completions (stream): 256 tokens generated at
                       249.9 T/s · prompt 128 tokens, none cached, 128 new in
                       0.10 s · first token 0.11 s, total 1.13 s · draft 185/213
                       accepted (87%) · max_tokens reached
16:49:24.601 INFO:     #388 chat/completions (stream): 64 prompt tokens ·
                       temperature: 0, greedy (req), max_tokens: 256 (req),
                       min_tokens: 256 (req)
16:49:25.792 INFO:     #387 chat/completions (stream): 256 tokens generated at
                       197.0 T/s · prompt 103 tokens, none cached, 103 new in
                       0.10 s · first token 0.11 s, total 1.41 s · draft 162/282
                       accepted (57%) · max_tokens reached
16:49:25.826 INFO:     #389 chat/completions (stream): 114 prompt tokens ·
                       temperature: 0, greedy (req), max_tokens: 256 (req),
                       min_tokens: 256 (req)
16:49:26.048 INFO:     #388 chat/completions (stream): 256 tokens generated at
                       193.7 T/s · prompt 64 tokens, none cached, 64 new in 0.08
                       s · first token 0.09 s, total 1.41 s · draft 161/285
                       accepted (56%) · max_tokens reached
16:49:26.080 INFO:     #390 chat/completions (stream): 135 prompt tokens ·
                       temperature: 0, greedy (req), max_tokens: 256 (req),
                       min_tokens: 256 (req)
16:49:27.185 INFO:     #390 chat/completions (stream): 256 tokens generated at
                       267.9 T/s · prompt 135 tokens, none cached, 135 new in
                       0.10 s · first token 0.11 s, total 1.06 s · draft 181/225
                       accepted (80%) · max_tokens reached
16:49:27.219 INFO:     #391 chat/completions (stream): 80 prompt tokens ·
                       temperature: 0, greedy (req), max_tokens: 256 (req),
                       min_tokens: 256 (req)
16:49:27.549 INFO:     #389 chat/completions (stream): 256 tokens generated at
                       162.2 T/s · prompt 114 tokens, none cached, 114 new in
                       0.10 s · first token 0.11 s, total 1.68 s · draft 145/333
                       accepted (44%) · max_tokens reached
16:49:27.582 INFO:     #392 chat/completions (stream): 73 prompt tokens ·
                       temperature: 0, greedy (req), max_tokens: 256 (req),
                       min_tokens: 256 (req)
16:49:28.600 INFO:     #391 chat/completions (stream): 256 tokens generated at
                       203.8 T/s · prompt 80 tokens, none cached, 80 new in 0.08
                       s · first token 0.09 s, total 1.34 s · draft 163/279
                       accepted (58%) · max_tokens reached
16:49:28.633 INFO:     #393 chat/completions (stream): 62 prompt tokens ·
                       temperature: 0, greedy (req), max_tokens: 256 (req),
                       min_tokens: 256 (req)
16:49:28.861 INFO:     #392 chat/completions (stream): 256 tokens generated at
                       221.1 T/s · prompt 73 tokens, none cached, 73 new in 0.08
                       s · first token 0.09 s, total 1.24 s · draft 170/258
                       accepted (66%) · max_tokens reached
16:49:28.895 INFO:     #394 chat/completions (stream): 785 prompt tokens ·
                       temperature: 0, greedy (req), max_tokens: 256 (req),
                       min_tokens: 256 (req)
16:49:30.079 INFO:     #393 chat/completions (stream): 256 tokens generated at
                       192.4 T/s · prompt 62 tokens, none cached, 62 new in 0.07
                       s · first token 0.08 s, total 1.41 s · draft 165/273
                       accepted (60%) · max_tokens reached
16:49:30.112 INFO:     #395 chat/completions (stream): 92 prompt tokens ·
                       temperature: 0, greedy (req), max_tokens: 256 (req),
                       min_tokens: 256 (req)
16:49:30.370 INFO:     #394 chat/completions (stream): 256 tokens generated at
                       207.6 T/s · prompt 785 tokens, none cached, 785 new in
                       0.20 s (3,925 T/s) · first token 0.20 s, total 1.44 s ·
                       draft 165/273 accepted (60%) · max_tokens reached
16:49:30.405 INFO:     #396 chat/completions (stream): 680 prompt tokens ·
                       temperature: 0, greedy (req), max_tokens: 256 (req),
                       min_tokens: 256 (req)
16:49:31.640 INFO:     #395 chat/completions (stream): 256 tokens generated at
                       183.5 T/s · prompt 92 tokens, none cached, 92 new in 0.08
                       s · first token 0.09 s, total 1.48 s · draft 164/276
                       accepted (59%) · max_tokens reached
16:49:31.674 INFO:     #397 chat/completions (stream): 125 prompt tokens ·
                       temperature: 0, greedy (req), max_tokens: 256 (req),
                       min_tokens: 256 (req)
16:49:31.881 INFO:     #396 chat/completions (stream): 256 tokens generated at
                       219.2 T/s · prompt 680 tokens, none cached, 680 new in
                       0.26 s (2,615 T/s) · first token 0.27 s, total 1.43 s ·
                       draft 170/258 accepted (66%) · max_tokens reached
16:49:31.913 INFO:     #398 chat/completions (stream): 79 prompt tokens ·
                       temperature: 0, greedy (req), max_tokens: 256 (req),
                       min_tokens: 256 (req)
16:49:32.978 INFO:     #397 chat/completions (stream): 256 tokens generated at
                       220.4 T/s · prompt 125 tokens, none cached, 125 new in
                       0.10 s · first token 0.11 s, total 1.27 s · draft 170/258
                       accepted (66%) · max_tokens reached
16:49:33.011 INFO:     #400 chat/completions (stream): 86 prompt tokens ·
                       temperature: 0, greedy (req), max_tokens: 256 (req),
                       min_tokens: 256 (req)
16:49:33.280 INFO:     #398 chat/completions (stream): 256 tokens generated at
                       205.9 T/s · prompt 79 tokens, none cached, 79 new in 0.08
                       s · first token 0.08 s, total 1.33 s · draft 164/276
                       accepted (59%) · max_tokens reached
16:49:33.311 INFO:     #401 chat/completions (stream): 69 prompt tokens ·
                       temperature: 0, greedy (req), max_tokens: 256 (req),
                       min_tokens: 256 (req)
16:49:34.298 INFO:     #400 chat/completions (stream): 256 tokens generated at
                       221.5 T/s · prompt 86 tokens, none cached, 86 new in 0.08
                       s · first token 0.09 s, total 1.24 s · draft 169/261
                       accepted (65%) · max_tokens reached
16:49:34.333 INFO:     #402 chat/completions (stream): 80 prompt tokens ·
                       temperature: 0, greedy (req), max_tokens: 256 (req),
                       min_tokens: 256 (req)
16:49:34.627 INFO:     #401 chat/completions (stream): 256 tokens generated at
                       214.5 T/s · prompt 69 tokens, none cached, 69 new in 0.08
                       s · first token 0.08 s, total 1.28 s · draft 169/261
                       accepted (65%) · max_tokens reached
16:49:34.660 INFO:     #403 chat/completions (stream): 80 prompt tokens ·
                       temperature: 0, greedy (req), max_tokens: 256 (req),
                       min_tokens: 256 (req)
16:49:35.710 INFO:     #402 chat/completions (stream): 256 tokens generated at
                       209.1 T/s · prompt 80 tokens, none cached, 80 new in 0.11
                       s · first token 0.12 s, total 1.34 s · draft 165/273
                       accepted (60%) · max_tokens reached
16:49:35.743 INFO:     #404 chat/completions (stream): 62 prompt tokens ·
                       temperature: 0, greedy (req), max_tokens: 256 (req),
                       min_tokens: 256 (req)
16:49:36.086 INFO:     #403 chat/completions (stream): 256 tokens generated at
                       197.1 T/s · prompt 80 tokens, none cached, 80 new in 0.08
                       s · first token 0.09 s, total 1.38 s · draft 158/294
                       accepted (54%) · max_tokens reached
16:49:36.120 INFO:     #405 chat/completions (stream): 635 prompt tokens ·
                       temperature: 0, greedy (req), max_tokens: 256 (req),
                       min_tokens: 256 (req)
16:49:37.400 INFO:     #404 chat/completions (stream): 256 tokens generated at
                       166.1 T/s · prompt 62 tokens, none cached, 62 new in 0.07
                       s · first token 0.08 s, total 1.62 s · draft 153/309
                       accepted (50%) · max_tokens reached
16:49:37.439 INFO:     #406 chat/completions (stream): 828 prompt tokens ·
                       temperature: 0, greedy (req), max_tokens: 256 (req),
                       min_tokens: 256 (req)
16:49:37.776 INFO:     #405 chat/completions (stream): 256 tokens generated at
                       187.9 T/s · prompt 635 tokens, none cached, 635 new in
                       0.25 s (2,540 T/s) · first token 0.25 s, total 1.62 s ·
                       draft 168/264 accepted (64%) · max_tokens reached
16:49:37.808 INFO:     #407 chat/completions (stream): 62 prompt tokens ·
                       temperature: 0, greedy (req), max_tokens: 256 (req),
                       min_tokens: 256 (req)
16:49:39.048 INFO:     #406 chat/completions (stream): 256 tokens generated at
                       195.5 T/s · prompt 828 tokens, none cached, 828 new in
                       0.25 s (3,312 T/s) · first token 0.26 s, total 1.56 s ·
                       draft 157/297 accepted (53%) · max_tokens reached
16:49:39.080 INFO:     #408 chat/completions (stream): 79 prompt tokens ·
                       temperature: 0, greedy (req), max_tokens: 256 (req),
                       min_tokens: 256 (req)
16:49:39.330 INFO:     #407 chat/completions (stream): 256 tokens generated at
                       182.0 T/s · prompt 62 tokens, none cached, 62 new in 0.07
                       s · first token 0.08 s, total 1.48 s · draft 150/318
                       accepted (47%) · max_tokens reached
16:49:39.364 INFO:     #409 chat/completions (stream): 492 prompt tokens ·
                       temperature: 0, greedy (req), max_tokens: 256 (req),
                       min_tokens: 256 (req)
16:49:40.313 INFO:     #408 chat/completions (stream): 256 tokens generated at
                       231.2 T/s · prompt 79 tokens, none cached, 79 new in 0.08
                       s · first token 0.09 s, total 1.19 s · draft 185/213
                       accepted (87%) · max_tokens reached
16:49:40.345 INFO:     #410 chat/completions (stream): 65 prompt tokens ·
                       temperature: 0, greedy (req), max_tokens: 256 (req),
                       min_tokens: 256 (req)
16:49:40.931 INFO:     #409 chat/completions (stream): 256 tokens generated at
                       200.2 T/s · prompt 492 tokens, none cached, 492 new in
                       0.24 s (2,050 T/s) · first token 0.25 s, total 1.52 s ·
                       draft 159/291 accepted (55%) · max_tokens reached
16:49:40.963 INFO:     #411 chat/completions (stream): 63 prompt tokens ·
                       temperature: 0, greedy (req), max_tokens: 256 (req),
                       min_tokens: 256 (req)
16:49:41.668 INFO:     #410 chat/completions (stream): 256 tokens generated at
                       211.9 T/s · prompt 65 tokens, none cached, 65 new in 0.07
                       s · first token 0.08 s, total 1.28 s · draft 165/273
                       accepted (60%) · max_tokens reached
16:49:41.702 INFO:     #412 chat/completions (stream): 724 prompt tokens ·
                       temperature: 0, greedy (req), max_tokens: 256 (req),
                       min_tokens: 256 (req)
16:49:42.413 INFO:     #411 chat/completions (stream): 256 tokens generated at
                       191.8 T/s · prompt 63 tokens, none cached, 63 new in 0.07
                       s · first token 0.07 s, total 1.41 s · draft 168/264
                       accepted (64%) · max_tokens reached
16:49:42.447 INFO:     #413 chat/completions (stream): 760 prompt tokens ·
                       temperature: 0, greedy (req), max_tokens: 256 (req),
                       min_tokens: 256 (req)
16:49:43.308 INFO:     #412 chat/completions (stream): 256 tokens generated at
                       195.7 T/s · prompt 724 tokens, none cached, 724 new in
                       0.25 s (2,896 T/s) · first token 0.26 s, total 1.56 s ·
                       draft 170/258 accepted (66%) · max_tokens reached
16:49:43.343 INFO:     #414 chat/completions (stream): 742 prompt tokens ·
                       temperature: 0, greedy (req), max_tokens: 256 (req),
                       min_tokens: 256 (req)
16:49:44.033 INFO:     #413 chat/completions (stream): 256 tokens generated at
                       199.0 T/s · prompt 760 tokens, none cached, 760 new in
                       0.25 s (3,040 T/s) · first token 0.26 s, total 1.54 s ·
                       draft 172/252 accepted (68%) · max_tokens reached
16:49:44.066 INFO:     #415 chat/completions (stream): 61 prompt tokens ·
                       temperature: 0, greedy (req), max_tokens: 256 (req),
                       min_tokens: 256 (req)
16:49:44.721 INFO:     #414 chat/completions (stream): 256 tokens generated at
                       238.1 T/s · prompt 742 tokens, none cached, 742 new in
                       0.25 s (2,968 T/s) · first token 0.26 s, total 1.33 s ·
                       draft 176/240 accepted (73%) · max_tokens reached
16:49:44.755 INFO:     #416 chat/completions (stream): 764 prompt tokens ·
                       temperature: 0, greedy (req), max_tokens: 256 (req),
                       min_tokens: 256 (req)
16:49:45.810 INFO:     #415 chat/completions (stream): 256 tokens generated at
                       157.1 T/s · prompt 61 tokens, none cached, 61 new in 0.07
                       s · first token 0.08 s, total 1.70 s · draft 147/327
                       accepted (45%) · max_tokens reached
16:49:45.846 INFO:     #417 chat/completions (stream): 833 prompt tokens ·
                       temperature: 0, greedy (req), max_tokens: 256 (req),
                       min_tokens: 256 (req)
16:49:46.378 INFO:     #416 chat/completions (stream): 256 tokens generated at
                       194.6 T/s · prompt 764 tokens, none cached, 764 new in
                       0.26 s (2,938 T/s) · first token 0.27 s, total 1.58 s ·
                       draft 171/255 accepted (67%) · max_tokens reached
16:49:46.411 INFO:     #418 chat/completions (stream): 71 prompt tokens ·
                       temperature: 0, greedy (req), max_tokens: 256 (req),
                       min_tokens: 256 (req)
16:49:47.191 INFO:     #417 chat/completions (stream): 256 tokens generated at
                       246.7 T/s · prompt 833 tokens, none cached, 833 new in
                       0.26 s (3,204 T/s) · first token 0.27 s, total 1.30 s ·
                       draft 179/231 accepted (77%) · max_tokens reached
16:49:47.225 INFO:     #420 chat/completions (stream): 798 prompt tokens ·
                       temperature: 0, greedy (req), max_tokens: 256 (req),
                       min_tokens: 256 (req)
16:49:47.994 INFO:     #418 chat/completions (stream): 256 tokens generated at
                       176.2 T/s · prompt 71 tokens, none cached, 71 new in 0.08
                       s · first token 0.09 s, total 1.54 s · draft 159/291
                       accepted (55%) · max_tokens reached
16:49:48.026 INFO:     #421 chat/completions (stream): 87 prompt tokens ·
                       temperature: 0, greedy (req), max_tokens: 256 (req),
                       min_tokens: 256 (req)
16:49:48.729 INFO:     #420 chat/completions (stream): 256 tokens generated at
                       212.3 T/s · prompt 798 tokens, none cached, 798 new in
                       0.25 s (3,192 T/s) · first token 0.25 s, total 1.46 s ·
                       draft 167/267 accepted (63%) · max_tokens reached
16:49:48.765 INFO:     #422 chat/completions (stream): 773 prompt tokens ·
                       temperature: 0, greedy (req), max_tokens: 256 (req),
                       min_tokens: 256 (req)
16:49:49.341 INFO:     #421 chat/completions (stream): 256 tokens generated at
                       216.1 T/s · prompt 87 tokens, none cached, 87 new in 0.08
                       s · first token 0.09 s, total 1.27 s · draft 176/240
                       accepted (73%) · max_tokens reached
16:49:49.378 INFO:     #423 chat/completions (stream): 114 prompt tokens ·
                       temperature: 0, greedy (req), max_tokens: 256 (req),
                       min_tokens: 256 (req)
16:49:50.143 INFO:     #422 chat/completions (stream): 256 tokens generated at
                       224.3 T/s · prompt 773 tokens, none cached, 773 new in
                       0.19 s (4,068 T/s) · first token 0.20 s, total 1.34 s ·
                       draft 172/252 accepted (68%) · max_tokens reached
16:49:50.177 INFO:     #424 chat/completions (stream): 312 prompt tokens ·
                       temperature: 0, greedy (req), max_tokens: 256 (req),
                       min_tokens: 256 (req)
16:49:50.864 INFO:     #423 chat/completions (stream): 256 tokens generated at
                       190.8 T/s · prompt 114 tokens, none cached, 114 new in
                       0.10 s · first token 0.11 s, total 1.45 s · draft 164/276
                       accepted (59%) · max_tokens reached
16:49:50.897 INFO:     #425 chat/completions (stream): 63 prompt tokens ·
                       temperature: 0, greedy (req), max_tokens: 256 (req),
                       min_tokens: 256 (req)
16:49:51.585 INFO:     #424 chat/completions (stream): 256 tokens generated at
                       220.1 T/s · prompt 312 tokens, none cached, 312 new in
                       0.20 s (1,560 T/s) · first token 0.21 s, total 1.37 s ·
                       draft 170/258 accepted (66%) · max_tokens reached
16:49:51.618 INFO:     #426 chat/completions (stream): 66 prompt tokens ·
                       temperature: 0, greedy (req), max_tokens: 256 (req),
                       min_tokens: 256 (req)
16:49:52.102 INFO:     #425 chat/completions (stream): 256 tokens generated at
                       235.2 T/s · prompt 63 tokens, none cached, 63 new in 0.07
                       s · first token 0.08 s, total 1.16 s · draft 175/243
                       accepted (72%) · max_tokens reached
16:49:52.137 INFO:     #427 chat/completions (stream): 912 prompt tokens ·
                       temperature: 0, greedy (req), max_tokens: 256 (req),
                       min_tokens: 256 (req)
16:49:53.314 INFO:     #426 chat/completions (stream): 256 tokens generated at
                       162.5 T/s · prompt 66 tokens, none cached, 66 new in 0.07
                       s · first token 0.08 s, total 1.65 s · draft 152/312
                       accepted (49%) · max_tokens reached
16:49:53.347 INFO:     #428 chat/completions (stream): 66 prompt tokens ·
                       temperature: 0, greedy (req), max_tokens: 256 (req),
                       min_tokens: 256 (req)
16:49:53.796 INFO:     #427 chat/completions (stream): 256 tokens generated at
                       194.0 T/s · prompt 912 tokens, none cached, 912 new in
                       0.29 s (3,145 T/s) · first token 0.30 s, total 1.61 s ·
                       draft 156/300 accepted (52%) · max_tokens reached
16:49:53.828 INFO:     #429 chat/completions (stream): 75 prompt tokens ·
                       temperature: 0, greedy (req), max_tokens: 256 (req),
                       min_tokens: 256 (req)
16:49:54.626 INFO:     #428 chat/completions (stream): 256 tokens generated at
                       220.8 T/s · prompt 66 tokens, none cached, 66 new in 0.07
                       s · first token 0.08 s, total 1.23 s · draft 170/258
                       accepted (66%) · max_tokens reached
16:49:54.660 INFO:     #430 chat/completions (stream): 624 prompt tokens ·
                       temperature: 0, greedy (req), max_tokens: 256 (req),
                       min_tokens: 256 (req)
16:49:55.305 INFO:     #429 chat/completions (stream): 256 tokens generated at
                       189.3 T/s · prompt 75 tokens, none cached, 75 new in 0.08
                       s · first token 0.09 s, total 1.44 s · draft 168/264
                       accepted (64%) · max_tokens reached
16:49:55.337 INFO:     #431 chat/completions (stream): 63 prompt tokens ·
                       temperature: 0, greedy (req), max_tokens: 256 (req),
                       min_tokens: 256 (req)
16:49:56.185 INFO:     #430 chat/completions (stream): 256 tokens generated at
                       208.5 T/s · prompt 624 tokens, none cached, 624 new in
                       0.25 s (2,496 T/s) · first token 0.26 s, total 1.48 s ·
                       draft 164/276 accepted (59%) · max_tokens reached
16:49:56.217 INFO:     #432 chat/completions (stream): 78 prompt tokens ·
                       temperature: 0, greedy (req), max_tokens: 256 (req),
                       min_tokens: 256 (req)
16:49:56.772 INFO:     #431 chat/completions (stream): 256 tokens generated at
                       194.0 T/s · prompt 63 tokens, none cached, 63 new in 0.07
                       s · first token 0.08 s, total 1.39 s · draft 157/297
                       accepted (53%) · max_tokens reached
16:49:56.805 INFO:     #433 chat/completions (stream): 136 prompt tokens ·
                       temperature: 0, greedy (req), max_tokens: 256 (req),
                       min_tokens: 256 (req)
16:49:57.649 INFO:     #432 chat/completions (stream): 256 tokens generated at
                       195.7 T/s · prompt 78 tokens, none cached, 78 new in 0.08
                       s · first token 0.09 s, total 1.39 s · draft 160/288
                       accepted (56%) · max_tokens reached
16:49:57.681 INFO:     #434 chat/completions (stream): 87 prompt tokens ·
                       temperature: 0, greedy (req), max_tokens: 256 (req),
                       min_tokens: 256 (req)
16:49:58.122 INFO:     #433 chat/completions (stream): 256 tokens generated at
                       219.7 T/s · prompt 136 tokens, none cached, 136 new in
                       0.11 s · first token 0.12 s, total 1.28 s · draft 169/261
                       accepted (65%) · max_tokens reached
16:49:58.155 INFO:     #435 chat/completions (stream): 63 prompt tokens ·
                       temperature: 0, greedy (req), max_tokens: 256 (req),
                       min_tokens: 256 (req)
16:49:58.972 INFO:     #434 chat/completions (stream): 256 tokens generated at
                       220.3 T/s · prompt 87 tokens, none cached, 87 new in 0.08
                       s · first token 0.09 s, total 1.25 s · draft 168/264
                       accepted (64%) · max_tokens reached
16:49:59.005 INFO:     #436 chat/completions (stream): 106 prompt tokens ·
                       temperature: 0, greedy (req), max_tokens: 256 (req),
                       min_tokens: 256 (req)
16:49:59.471 INFO:     #435 chat/completions (stream): 256 tokens generated at
                       213.1 T/s · prompt 63 tokens, none cached, 63 new in 0.07
                       s · first token 0.07 s, total 1.28 s · draft 167/267
                       accepted (63%) · max_tokens reached
16:49:59.504 INFO:     #437 chat/completions (stream): 121 prompt tokens ·
                       temperature: 0, greedy (req), max_tokens: 256 (req),
                       min_tokens: 256 (req)
16:50:00.404 INFO:     #436 chat/completions (stream): 256 tokens generated at
                       203.3 T/s · prompt 106 tokens, none cached, 106 new in
                       0.09 s · first token 0.10 s, total 1.35 s · draft 164/276
                       accepted (59%) · max_tokens reached
16:50:00.439 INFO:     #438 chat/completions (stream): 88 prompt tokens ·
                       temperature: 0, greedy (req), max_tokens: 256 (req),
                       min_tokens: 256 (req)
16:50:00.733 INFO:     #437 chat/completions (stream): 256 tokens generated at
                       236.2 T/s · prompt 121 tokens, none cached, 121 new in
                       0.10 s · first token 0.11 s, total 1.19 s · draft 177/237
                       accepted (75%) · max_tokens reached
16:50:00.767 INFO:     #439 chat/completions (stream): 728 prompt tokens ·
                       temperature: 0, greedy (req), max_tokens: 256 (req),
                       min_tokens: 256 (req)
16:50:01.858 INFO:     #438 chat/completions (stream): 256 tokens generated at
                       198.8 T/s · prompt 88 tokens, none cached, 88 new in 0.08
                       s · first token 0.09 s, total 1.37 s · draft 173/249
                       accepted (69%) · max_tokens reached
16:50:01.892 INFO:     #440 chat/completions (stream): 749 prompt tokens ·
                       temperature: 0, greedy (req), max_tokens: 256 (req),
                       min_tokens: 256 (req)
16:50:02.539 INFO:     #439 chat/completions (stream): 256 tokens generated at
                       174.2 T/s · prompt 728 tokens, none cached, 728 new in
                       0.26 s (2,800 T/s) · first token 0.26 s, total 1.73 s ·
                       draft 160/288 accepted (56%) · max_tokens reached
16:50:02.571 INFO:     #442 chat/completions (stream): 89 prompt tokens ·
                       temperature: 0, greedy (req), max_tokens: 256 (req),
                       min_tokens: 256 (req)
16:50:03.340 INFO:     #440 chat/completions (stream): 256 tokens generated at
                       222.8 T/s · prompt 749 tokens, none cached, 749 new in
                       0.25 s (2,996 T/s) · first token 0.26 s, total 1.40 s ·
                       draft 173/249 accepted (69%) · max_tokens reached
16:50:03.373 INFO:     #443 chat/completions (stream): 341 prompt tokens ·
                       temperature: 0, greedy (req), max_tokens: 256 (req),
                       min_tokens: 256 (req)
16:50:04.061 INFO:     #442 chat/completions (stream): 256 tokens generated at
                       188.6 T/s · prompt 89 tokens, none cached, 89 new in 0.09
                       s · first token 0.10 s, total 1.45 s · draft 164/276
                       accepted (59%) · max_tokens reached
16:50:04.094 INFO:     #444 chat/completions (stream): 66 prompt tokens ·
                       temperature: 0, greedy (req), max_tokens: 256 (req),
                       min_tokens: 256 (req)
16:50:04.894 INFO:     #443 chat/completions (stream): 256 tokens generated at
                       202.6 T/s · prompt 341 tokens, none cached, 341 new in
                       0.21 s (1,624 T/s) · first token 0.22 s, total 1.48 s ·
                       draft 162/282 accepted (57%) · max_tokens reached
16:50:04.927 INFO:     #445 chat/completions (stream): 63 prompt tokens ·
                       temperature: 0, greedy (req), max_tokens: 256 (req),
                       min_tokens: 256 (req)
16:50:05.383 INFO:     #444 chat/completions (stream): 256 tokens generated at
                       218.8 T/s · prompt 66 tokens, none cached, 66 new in 0.07
                       s · first token 0.08 s, total 1.25 s · draft 169/261
                       accepted (65%) · max_tokens reached
16:50:05.416 INFO:     #446 chat/completions (stream): 74 prompt tokens ·
                       temperature: 0, greedy (req), max_tokens: 256 (req),
                       min_tokens: 256 (req)
16:50:06.158 INFO:     #445 chat/completions (stream): 256 tokens generated at
                       229.6 T/s · prompt 63 tokens, none cached, 63 new in 0.07
                       s · first token 0.08 s, total 1.19 s · draft 173/249
                       accepted (69%) · max_tokens reached
16:50:06.190 INFO:     #447 chat/completions (stream): 107 prompt tokens ·
                       temperature: 0, greedy (req), max_tokens: 256 (req),
                       min_tokens: 256 (req)
16:50:06.827 INFO:     #446 chat/completions (stream): 256 tokens generated at
                       199.2 T/s · prompt 74 tokens, none cached, 74 new in 0.08
                       s · first token 0.09 s, total 1.37 s · draft 161/285
                       accepted (56%) · max_tokens reached
16:50:06.861 INFO:     #448 chat/completions (stream): 165 prompt tokens ·
                       temperature: 0, greedy (req), max_tokens: 256 (req),
                       min_tokens: 256 (req)
16:50:07.403 INFO:     #447 chat/completions (stream): 256 tokens generated at
                       238.3 T/s · prompt 107 tokens, none cached, 107 new in
                       0.09 s · first token 0.10 s, total 1.17 s · draft 178/234
                       accepted (76%) · max_tokens reached
16:50:07.441 INFO:     #449 chat/completions (stream): 780 prompt tokens ·
                       temperature: 0, greedy (req), max_tokens: 256 (req),
                       min_tokens: 256 (req)
16:50:08.149 INFO:     #448 chat/completions (stream): 256 tokens generated at
                       222.6 T/s · prompt 165 tokens, none cached, 165 new in
                       0.09 s · first token 0.10 s, total 1.25 s · draft 180/228
                       accepted (79%) · max_tokens reached
16:50:08.181 INFO:     #450 chat/completions (stream): 79 prompt tokens ·
                       temperature: 0, greedy (req), max_tokens: 256 (req),
                       min_tokens: 256 (req)
16:50:08.927 INFO:     #449 chat/completions (stream): 256 tokens generated at
                       207.6 T/s · prompt 780 tokens, none cached, 780 new in
                       0.21 s (3,714 T/s) · first token 0.22 s, total 1.45 s ·
                       draft 164/276 accepted (59%) · max_tokens reached
16:50:08.961 INFO:     #451 chat/completions (stream): 1,083 prompt tokens ·
                       temperature: 0, greedy (req), max_tokens: 256 (req),
                       min_tokens: 256 (req)
16:50:09.620 INFO:     #450 chat/completions (stream): 256 tokens generated at
                       195.1 T/s · prompt 79 tokens, none cached, 79 new in 0.08
                       s · first token 0.09 s, total 1.40 s · draft 174/246
                       accepted (71%) · max_tokens reached
16:50:09.652 INFO:     #452 chat/completions (stream): 82 prompt tokens ·
                       temperature: 0, greedy (req), max_tokens: 256 (req),
                       min_tokens: 256 (req)
16:50:10.592 INFO:     #451 chat/completions (stream): 256 tokens generated at
                       197.4 T/s · prompt 1,083 tokens, none cached, 1,083 new
                       in 0.29 s (3,734 T/s) · first token 0.30 s, total 1.59 s
                       · draft 160/288 accepted (56%) · max_tokens reached
16:50:10.610 INFO:     #453 chat/completions (stream): 91 prompt tokens ·
                       temperature: 0, greedy (req), max_tokens: 256 (req),
                       min_tokens: 256 (req)
16:50:10.710 INFO:     #452 chat/completions (stream): 256 tokens generated at
                       296.4 T/s · prompt 82 tokens, none cached, 82 new in 0.08
                       s · first token 0.09 s, total 0.95 s · draft 187/207
                       accepted (90%) · max_tokens reached
16:50:10.744 INFO:     #454 chat/completions (stream): 82 prompt tokens ·
                       temperature: 0, greedy (req), max_tokens: 256 (req),
                       min_tokens: 256 (req)
16:50:11.994 INFO:     #453 chat/completions (stream): 256 tokens generated at
                       204.4 T/s · prompt 91 tokens, none cached, 91 new in 0.08
                       s · first token 0.09 s, total 1.34 s · draft 163/279
                       accepted (58%) · max_tokens reached
16:50:12.026 INFO:     #455 chat/completions (stream): 70 prompt tokens ·
                       temperature: 0, greedy (req), max_tokens: 256 (req),
                       min_tokens: 256 (req)
16:50:12.244 INFO:     #454 chat/completions (stream): 256 tokens generated at
                       186.4 T/s · prompt 82 tokens, none cached, 82 new in 0.08
                       s · first token 0.08 s, total 1.46 s · draft 152/312
                       accepted (49%) · max_tokens reached
16:50:12.278 INFO:     #456 chat/completions (stream): 816 prompt tokens ·
                       temperature: 0, greedy (req), max_tokens: 256 (req),
                       min_tokens: 256 (req)
16:50:13.445 INFO:     #455 chat/completions (stream): 256 tokens generated at
                       197.3 T/s · prompt 70 tokens, none cached, 70 new in 0.08
                       s · first token 0.09 s, total 1.38 s · draft 170/258
                       accepted (66%) · max_tokens reached
16:50:13.478 INFO:     #457 chat/completions (stream): 103 prompt tokens ·
                       temperature: 0, greedy (req), max_tokens: 256 (req),
                       min_tokens: 256 (req)
16:50:13.691 INFO:     #456 chat/completions (stream): 256 tokens generated at
                       228.4 T/s · prompt 816 tokens, none cached, 816 new in
                       0.24 s (3,400 T/s) · first token 0.25 s, total 1.37 s ·
                       draft 173/249 accepted (69%) · max_tokens reached
16:50:13.722 INFO:     #458 chat/completions (stream): 96 prompt tokens ·
                       temperature: 0, greedy (req), max_tokens: 256 (req),
                       min_tokens: 256 (req)
16:50:14.574 INFO:     #457 chat/completions (stream): 256 tokens generated at
                       266.9 T/s · prompt 103 tokens, none cached, 103 new in
                       0.09 s · first token 0.10 s, total 1.05 s · draft 185/213
                       accepted (87%) · max_tokens reached
16:50:14.607 INFO:     #459 chat/completions (stream): 64 prompt tokens ·
                       temperature: 0, greedy (req), max_tokens: 256 (req),
                       min_tokens: 256 (req)
16:50:14.923 INFO:     #458 chat/completions (stream): 256 tokens generated at
                       239.2 T/s · prompt 96 tokens, none cached, 96 new in 0.09
                       s · first token 0.09 s, total 1.17 s · draft 175/243
                       accepted (72%) · max_tokens reached
16:50:14.957 INFO:     #460 chat/completions (stream): 494 prompt tokens ·
                       temperature: 0, greedy (req), max_tokens: 256 (req),
                       min_tokens: 256 (req)
16:50:16.213 INFO:     #459 chat/completions (stream): 256 tokens generated at
                       171.9 T/s · prompt 64 tokens, none cached, 64 new in 0.07
                       s · first token 0.08 s, total 1.56 s · draft 156/300
                       accepted (52%) · max_tokens reached
16:50:16.248 INFO:     #461 chat/completions (stream): 814 prompt tokens ·
                       temperature: 0, greedy (req), max_tokens: 256 (req),
                       min_tokens: 256 (req)
16:50:16.803 INFO:     #460 chat/completions (stream): 256 tokens generated at
                       163.7 T/s · prompt 494 tokens, none cached, 494 new in
                       0.24 s (2,058 T/s) · first token 0.25 s, total 1.81 s ·
                       draft 153/309 accepted (50%) · max_tokens reached
16:50:16.836 INFO:     #462 chat/completions (stream): 64 prompt tokens ·
                       temperature: 0, greedy (req), max_tokens: 256 (req),
                       min_tokens: 256 (req)
16:50:17.645 INFO:     #461 chat/completions (stream): 256 tokens generated at
                       237.0 T/s · prompt 814 tokens, none cached, 814 new in
                       0.27 s (3,015 T/s) · first token 0.28 s, total 1.36 s ·
                       draft 175/243 accepted (72%) · max_tokens reached
16:50:17.678 INFO:     #464 chat/completions (stream): 82 prompt tokens ·
                       temperature: 0, greedy (req), max_tokens: 256 (req),
                       min_tokens: 256 (req)
16:50:18.057 INFO:     #462 chat/completions (stream): 256 tokens generated at
                       231.8 T/s · prompt 64 tokens, none cached, 64 new in 0.07
                       s · first token 0.08 s, total 1.18 s · draft 174/246
                       accepted (71%) · max_tokens reached
16:50:18.089 INFO:     #465 chat/completions (stream): 97 prompt tokens ·
                       temperature: 0, greedy (req), max_tokens: 256 (req),
                       min_tokens: 256 (req)
16:50:18.975 INFO:     #464 chat/completions (stream): 256 tokens generated at
                       219.1 T/s · prompt 82 tokens, none cached, 82 new in 0.08
                       s · first token 0.09 s, total 1.25 s · draft 169/261
                       accepted (65%) · max_tokens reached
16:50:19.009 INFO:     #466 chat/completions (stream): 64 prompt tokens ·
                       temperature: 0, greedy (req), max_tokens: 256 (req),
                       min_tokens: 256 (req)
16:50:19.238 INFO:     #465 chat/completions (stream): 256 tokens generated at
                       251.5 T/s · prompt 97 tokens, none cached, 97 new in 0.09
                       s · first token 0.09 s, total 1.11 s · draft 180/228
                       accepted (79%) · max_tokens reached
16:50:19.271 INFO:     #467 chat/completions (stream): 684 prompt tokens ·
                       temperature: 0, greedy (req), max_tokens: 256 (req),
                       min_tokens: 256 (req)
16:50:20.798 INFO:     #467 chat/completions (stream): 256 tokens generated at
                       211.9 T/s · prompt 684 tokens, none cached, 684 new in
                       0.27 s (2,533 T/s) · first token 0.27 s, total 1.48 s ·
                       draft 161/285 accepted (56%) · max_tokens reached
16:50:20.834 INFO:     #468 chat/completions (stream): 704 prompt tokens ·
                       temperature: 0, greedy (req), max_tokens: 256 (req),
                       min_tokens: 256 (req)
16:50:21.175 INFO:     #466 chat/completions (stream): 256 tokens generated at
                       125.1 T/s · prompt 64 tokens, none cached, 64 new in 0.07
                       s · first token 0.08 s, total 2.12 s · draft 133/369
                       accepted (36%) · max_tokens reached
16:50:21.209 INFO:     #469 chat/completions (stream): 583 prompt tokens ·
                       temperature: 0, greedy (req), max_tokens: 256 (req),
                       min_tokens: 256 (req)
16:50:22.593 INFO:     #468 chat/completions (stream): 256 tokens generated at
                       176.4 T/s · prompt 704 tokens, none cached, 704 new in
                       0.26 s (2,708 T/s) · first token 0.27 s, total 1.72 s ·
                       draft 158/294 accepted (54%) · max_tokens reached
16:50:22.597 INFO:     #470 chat/completions (stream): 255 prompt tokens ·
                       temperature: 0, greedy (req), max_tokens: 256 (req),
                       min_tokens: 256 (req)
16:50:22.598 INFO:     #469 chat/completions (stream): 256 tokens generated at
                       223.1 T/s · prompt 583 tokens, none cached, 583 new in
                       0.22 s (2,650 T/s) · first token 0.23 s, total 1.37 s ·
                       draft 165/273 accepted (60%) · max_tokens reached
16:50:22.758 INFO:     #471 chat/completions (stream): 61 prompt tokens ·
                       temperature: 0, greedy (req), max_tokens: 256 (req),
                       min_tokens: 256 (req)
16:50:23.858 INFO:     #470 chat/completions (stream): 256 tokens generated at
                       232.3 T/s · prompt 255 tokens, none cached, 255 new in
                       0.11 s · first token 0.12 s, total 1.22 s · draft 174/246
                       accepted (71%) · max_tokens reached
16:50:23.890 INFO:     #472 chat/completions (stream): 66 prompt tokens ·
                       temperature: 0, greedy (req), max_tokens: 256 (req),
                       min_tokens: 256 (req)
16:50:24.052 INFO:     #471 chat/completions (stream): 256 tokens generated at
                       218.0 T/s · prompt 61 tokens, none cached, 61 new in 0.07
                       s · first token 0.08 s, total 1.25 s · draft 168/264
                       accepted (64%) · max_tokens reached
16:50:24.089 INFO:     #473 chat/completions (stream): 479 prompt tokens ·
                       temperature: 0, greedy (req), max_tokens: 256 (req),
                       min_tokens: 256 (req)
16:50:25.238 INFO:     #472 chat/completions (stream): 256 tokens generated at
                       208.5 T/s · prompt 66 tokens, none cached, 66 new in 0.07
                       s · first token 0.08 s, total 1.30 s · draft 183/219
                       accepted (84%) · max_tokens reached
16:50:25.270 INFO:     #474 chat/completions (stream): 93 prompt tokens ·
                       temperature: 0, greedy (req), max_tokens: 256 (req),
                       min_tokens: 256 (req)
16:50:25.776 INFO:     #473 chat/completions (stream): 256 tokens generated at
                       185.6 T/s · prompt 479 tokens, none cached, 479 new in
                       0.26 s (1,842 T/s) · first token 0.27 s, total 1.65 s ·
                       draft 158/294 accepted (54%) · max_tokens reached
16:50:25.810 INFO:     #475 chat/completions (stream): 743 prompt tokens ·
                       temperature: 0, greedy (req), max_tokens: 256 (req),
                       min_tokens: 256 (req)
16:50:26.645 INFO:     #474 chat/completions (stream): 256 tokens generated at
                       206.3 T/s · prompt 93 tokens, none cached, 93 new in 0.09
                       s · first token 0.10 s, total 1.34 s · draft 177/237
                       accepted (75%) · max_tokens reached
16:50:26.679 INFO:     #476 chat/completions (stream): 82 prompt tokens ·
                       temperature: 0, greedy (req), max_tokens: 256 (req),
                       min_tokens: 256 (req)
16:50:27.291 INFO:     #475 chat/completions (stream): 256 tokens generated at
                       217.0 T/s · prompt 743 tokens, none cached, 743 new in
                       0.26 s (2,858 T/s) · first token 0.27 s, total 1.45 s ·
                       draft 169/261 accepted (65%) · max_tokens reached
16:50:27.323 INFO:     #477 chat/completions (stream): 124 prompt tokens ·
                       temperature: 0, greedy (req), max_tokens: 256 (req),
                       min_tokens: 256 (req)
16:50:27.909 INFO:     #476 chat/completions (stream): 256 tokens generated at
                       232.6 T/s · prompt 82 tokens, none cached, 82 new in 0.08
                       s · first token 0.09 s, total 1.19 s · draft 176/240
                       accepted (73%) · max_tokens reached
16:50:27.943 INFO:     #478 chat/completions (stream): 228 prompt tokens ·
                       temperature: 0, greedy (req), max_tokens: 256 (req),
                       min_tokens: 256 (req)
16:50:28.574 INFO:     #477 chat/completions (stream): 256 tokens generated at
                       231.3 T/s · prompt 124 tokens, none cached, 124 new in
                       0.10 s · first token 0.11 s, total 1.21 s · draft 177/237
                       accepted (75%) · max_tokens reached
16:50:28.607 INFO:     #479 chat/completions (stream): 69 prompt tokens ·
                       temperature: 0, greedy (req), max_tokens: 256 (req),
                       min_tokens: 256 (req)
16:50:29.292 INFO:     #478 chat/completions (stream): 256 tokens generated at
                       213.6 T/s · prompt 228 tokens, none cached, 228 new in
                       0.10 s · first token 0.11 s, total 1.30 s · draft 168/264
                       accepted (64%) · max_tokens reached
16:50:29.325 INFO:     #480 chat/completions (stream): 73 prompt tokens ·
                       temperature: 0, greedy (req), max_tokens: 256 (req),
                       min_tokens: 256 (req)
16:50:30.036 INFO:     #479 chat/completions (stream): 256 tokens generated at
                       195.9 T/s · prompt 69 tokens, none cached, 69 new in 0.08
                       s · first token 0.09 s, total 1.39 s · draft 159/291
                       accepted (55%) · max_tokens reached
16:50:30.068 INFO:     #481 chat/completions (stream): 66 prompt tokens ·
                       temperature: 0, greedy (req), max_tokens: 256 (req),
                       min_tokens: 256 (req)
16:50:30.756 INFO:     #480 chat/completions (stream): 256 tokens generated at
                       195.9 T/s · prompt 73 tokens, none cached, 73 new in 0.08
                       s · first token 0.09 s, total 1.39 s · draft 158/294
                       accepted (54%) · max_tokens reached
16:50:30.791 INFO:     #482 chat/completions (stream): 736 prompt tokens ·
                       temperature: 0, greedy (req), max_tokens: 256 (req),
                       min_tokens: 256 (req)
16:50:31.519 INFO:     #481 chat/completions (stream): 256 tokens generated at
                       192.5 T/s · prompt 66 tokens, none cached, 66 new in 0.07
                       s · first token 0.08 s, total 1.41 s · draft 169/261
                       accepted (65%) · max_tokens reached
16:50:31.551 INFO:     #483 chat/completions (stream): 106 prompt tokens ·
                       temperature: 0, greedy (req), max_tokens: 256 (req),
                       min_tokens: 256 (req)
16:50:32.358 INFO:     #482 chat/completions (stream): 256 tokens generated at
                       201.8 T/s · prompt 736 tokens, none cached, 736 new in
                       0.25 s (2,944 T/s) · first token 0.26 s, total 1.52 s ·
                       draft 162/282 accepted (57%) · max_tokens reached
16:50:32.390 INFO:     #485 chat/completions (stream): 63 prompt tokens ·
                       temperature: 0, greedy (req), max_tokens: 256 (req),
                       min_tokens: 256 (req)
16:50:32.688 INFO:     #483 chat/completions (stream): 256 tokens generated at
                       256.0 T/s · prompt 106 tokens, none cached, 106 new in
                       0.09 s · first token 0.10 s, total 1.10 s · draft 181/225
                       accepted (80%) · max_tokens reached
16:50:32.719 INFO:     #486 chat/completions (stream): 76 prompt tokens ·
                       temperature: 0, greedy (req), max_tokens: 256 (req),
                       min_tokens: 256 (req)
16:50:33.919 INFO:     #485 chat/completions (stream): 256 tokens generated at
                       182.0 T/s · prompt 63 tokens, none cached, 63 new in 0.07
                       s · first token 0.08 s, total 1.48 s · draft 149/321
                       accepted (46%) · max_tokens reached
16:50:33.923 INFO:     #487 chat/completions (stream): 833 prompt tokens ·
                       temperature: 0, greedy (req), max_tokens: 256 (req),
                       min_tokens: 256 (req)
16:50:33.924 INFO:     #486 chat/completions (stream): 256 tokens generated at
                       230.5 T/s · prompt 76 tokens, none cached, 76 new in 0.08
                       s · first token 0.08 s, total 1.20 s · draft 167/267
                       accepted (63%) · max_tokens reached
16:50:34.209 INFO:     #488 chat/completions (stream): 61 prompt tokens ·
                       temperature: 0, greedy (req), max_tokens: 256 (req),
                       min_tokens: 256 (req)
16:50:35.473 INFO:     #487 chat/completions (stream): 256 tokens generated at
                       204.0 T/s · prompt 833 tokens, none cached, 833 new in
                       0.25 s (3,332 T/s) · first token 0.26 s, total 1.51 s ·
                       draft 163/279 accepted (58%) · max_tokens reached
16:50:35.505 INFO:     #489 chat/completions (stream): 85 prompt tokens ·
                       temperature: 0, greedy (req), max_tokens: 256 (req),
                       min_tokens: 256 (req)
16:50:35.646 INFO:     #488 chat/completions (stream): 256 tokens generated at
                       193.8 T/s · prompt 61 tokens, none cached, 61 new in 0.07
                       s · first token 0.08 s, total 1.40 s · draft 158/294
                       accepted (54%) · max_tokens reached
16:50:35.678 INFO:     #490 chat/completions (stream): 100 prompt tokens ·
                       temperature: 0, greedy (req), max_tokens: 256 (req),
                       min_tokens: 256 (req)
16:50:36.840 INFO:     #490 chat/completions (stream): 256 tokens generated at
                       249.5 T/s · prompt 100 tokens, none cached, 100 new in
                       0.09 s · first token 0.09 s, total 1.12 s · draft 175/243
                       accepted (72%) · max_tokens reached
16:50:36.875 INFO:     #491 chat/completions (stream): 723 prompt tokens ·
                       temperature: 0, greedy (req), max_tokens: 256 (req),
                       min_tokens: 256 (req)
16:50:37.254 INFO:     #489 chat/completions (stream): 256 tokens generated at
                       158.0 T/s · prompt 85 tokens, none cached, 85 new in 0.08
                       s · first token 0.09 s, total 1.71 s · draft 153/309
                       accepted (50%) · max_tokens reached
16:50:37.286 INFO:     #492 chat/completions (stream): 120 prompt tokens ·
                       temperature: 0, greedy (req), max_tokens: 256 (req),
                       min_tokens: 256 (req)
16:50:38.253 INFO:     #491 chat/completions (stream): 256 tokens generated at
                       238.3 T/s · prompt 723 tokens, none cached, 723 new in
                       0.26 s (2,781 T/s) · first token 0.27 s, total 1.34 s ·
                       draft 177/237 accepted (75%) · max_tokens reached
16:50:38.287 INFO:     #493 chat/completions (stream): 66 prompt tokens ·
                       temperature: 0, greedy (req), max_tokens: 256 (req),
                       min_tokens: 256 (req)
16:50:38.581 INFO:     #492 chat/completions (stream): 256 tokens generated at
                       222.7 T/s · prompt 120 tokens, none cached, 120 new in
                       0.10 s · first token 0.11 s, total 1.25 s · draft 169/261
                       accepted (65%) · max_tokens reached
16:50:38.614 INFO:     #494 chat/completions (stream): 68 prompt tokens ·
                       temperature: 0, greedy (req), max_tokens: 256 (req),
                       min_tokens: 256 (req)
16:50:39.828 INFO:     #494 chat/completions (stream): 256 tokens generated at
                       233.7 T/s · prompt 68 tokens, none cached, 68 new in 0.07
                       s · first token 0.08 s, total 1.17 s · draft 170/258
                       accepted (66%) · max_tokens reached
16:50:39.861 INFO:     #495 chat/completions (stream): 70 prompt tokens ·
                       temperature: 0, greedy (req), max_tokens: 256 (req),
                       min_tokens: 256 (req)
16:50:40.007 INFO:     #493 chat/completions (stream): 256 tokens generated at
                       159.8 T/s · prompt 66 tokens, none cached, 66 new in 0.07
                       s · first token 0.08 s, total 1.68 s · draft 140/348
                       accepted (40%) · max_tokens reached
16:50:40.041 INFO:     #496 chat/completions (stream): 737 prompt tokens ·
                       temperature: 0, greedy (req), max_tokens: 256 (req),
                       min_tokens: 256 (req)
16:50:41.311 INFO:     #495 chat/completions (stream): 256 tokens generated at
                       192.9 T/s · prompt 70 tokens, none cached, 70 new in 0.08
                       s · first token 0.09 s, total 1.41 s · draft 170/258
                       accepted (66%) · max_tokens reached
16:50:41.344 INFO:     #497 chat/completions (stream): 61 prompt tokens ·
                       temperature: 0, greedy (req), max_tokens: 256 (req),
                       min_tokens: 256 (req)
16:50:41.599 INFO:     #496 chat/completions (stream): 256 tokens generated at
                       204.5 T/s · prompt 737 tokens, none cached, 737 new in
                       0.26 s (2,835 T/s) · first token 0.26 s, total 1.52 s ·
                       draft 162/282 accepted (57%) · max_tokens reached
16:50:41.633 INFO:     #498 chat/completions (stream): 1,015 prompt tokens ·
                       temperature: 0, greedy (req), max_tokens: 256 (req),
                       min_tokens: 256 (req)
16:50:42.846 INFO:     #497 chat/completions (stream): 256 tokens generated at
                       184.7 T/s · prompt 61 tokens, none cached, 61 new in 0.07
                       s · first token 0.08 s, total 1.46 s · draft 167/267
                       accepted (63%) · max_tokens reached
16:50:42.880 INFO:     #499 chat/completions (stream): 62 prompt tokens ·
                       temperature: 0, greedy (req), max_tokens: 256 (req),
                       min_tokens: 256 (req)
16:50:43.148 INFO:     #498 chat/completions (stream): 256 tokens generated at
                       216.8 T/s · prompt 1,015 tokens, none cached, 1,015 new
                       in 0.29 s (3,500 T/s) · first token 0.29 s, total 1.48 s
                       · draft 167/267 accepted (63%) · max_tokens reached
16:50:43.179 INFO:     #500 chat/completions (stream): 84 prompt tokens ·
                       temperature: 0, greedy (req), max_tokens: 256 (req),
                       min_tokens: 256 (req)
16:50:44.079 INFO:     #499 chat/completions (stream): 256 tokens generated at
                       236.4 T/s · prompt 62 tokens, none cached, 62 new in 0.07
                       s · first token 0.08 s, total 1.16 s · draft 176/240
                       accepted (73%) · max_tokens reached
16:50:44.114 INFO:     #501 chat/completions (stream): 783 prompt tokens ·
                       temperature: 0, greedy (req), max_tokens: 256 (req),
                       min_tokens: 256 (req)
16:50:44.540 INFO:     #500 chat/completions (stream): 256 tokens generated at
                       207.6 T/s · prompt 84 tokens, none cached, 84 new in 0.08
                       s · first token 0.08 s, total 1.32 s · draft 174/246
                       accepted (71%) · max_tokens reached
16:50:44.574 INFO:     #502 chat/completions (stream): 766 prompt tokens ·
                       temperature: 0, greedy (req), max_tokens: 256 (req),
                       min_tokens: 256 (req)
16:50:45.665 INFO:     #501 chat/completions (stream): 256 tokens generated at
                       197.8 T/s · prompt 783 tokens, none cached, 783 new in
                       0.21 s (3,729 T/s) · first token 0.22 s, total 1.51 s ·
                       draft 174/246 accepted (71%) · max_tokens reached
16:50:45.701 INFO:     #503 chat/completions (stream): 1,490 prompt tokens ·
                       temperature: 0, greedy (req), max_tokens: 256 (req),
                       min_tokens: 256 (req)
16:50:46.258 INFO:     #502 chat/completions (stream): 256 tokens generated at
                       187.0 T/s · prompt 766 tokens, none cached, 766 new in
                       0.27 s (2,837 T/s) · first token 0.28 s, total 1.64 s ·
                       draft 174/246 accepted (71%) · max_tokens reached
16:50:46.292 INFO:     #504 chat/completions (stream): 61 prompt tokens ·
                       temperature: 0, greedy (req), max_tokens: 256 (req),
                       min_tokens: 256 (req)
16:50:47.450 INFO:     #503 chat/completions (stream): 256 tokens generated at
                       189.2 T/s · prompt 1,490 tokens, none cached, 1,490 new
                       in 0.35 s (4,257 T/s) · first token 0.36 s, total 1.71 s
                       · draft 154/306 accepted (50%) · max_tokens reached
16:50:47.481 INFO:     #506 chat/completions (stream): 65 prompt tokens ·
                       temperature: 0, greedy (req), max_tokens: 256 (req),
                       min_tokens: 256 (req)
16:50:47.686 INFO:     #504 chat/completions (stream): 256 tokens generated at
                       200.1 T/s · prompt 61 tokens, none cached, 61 new in 0.07
                       s · first token 0.08 s, total 1.35 s · draft 160/288
                       accepted (56%) · max_tokens reached
16:50:47.717 INFO:     #507 chat/completions (stream): 89 prompt tokens ·
                       temperature: 0, greedy (req), max_tokens: 256 (req),
                       min_tokens: 256 (req)
16:50:48.779 INFO:     #506 chat/completions (stream): 256 tokens generated at
                       217.1 T/s · prompt 65 tokens, none cached, 65 new in 0.07
                       s · first token 0.08 s, total 1.26 s · draft 168/264
                       accepted (64%) · max_tokens reached
16:50:48.811 INFO:     #508 chat/completions (stream): 90 prompt tokens ·
                       temperature: 0, greedy (req), max_tokens: 256 (req),
                       min_tokens: 256 (req)
16:50:49.028 INFO:     #507 chat/completions (stream): 256 tokens generated at
                       217.0 T/s · prompt 89 tokens, none cached, 89 new in 0.08
                       s · first token 0.08 s, total 1.26 s · draft 168/264
                       accepted (64%) · max_tokens reached
16:50:49.063 INFO:     #509 chat/completions (stream): 875 prompt tokens ·
                       temperature: 0, greedy (req), max_tokens: 256 (req),
                       min_tokens: 256 (req)
16:50:50.359 INFO:     #508 chat/completions (stream): 256 tokens generated at
                       180.6 T/s · prompt 90 tokens, none cached, 90 new in 0.08
                       s · first token 0.09 s, total 1.50 s · draft 166/270
                       accepted (61%) · max_tokens reached
16:50:50.394 INFO:     #510 chat/completions (stream): 749 prompt tokens ·
                       temperature: 0, greedy (req), max_tokens: 256 (req),
                       min_tokens: 256 (req)
16:50:50.831 INFO:     #509 chat/completions (stream): 256 tokens generated at
                       176.5 T/s · prompt 875 tokens, none cached, 875 new in
                       0.27 s (3,241 T/s) · first token 0.27 s, total 1.73 s ·
                       draft 164/276 accepted (59%) · max_tokens reached
16:50:50.864 INFO:     #511 chat/completions (stream): 94 prompt tokens ·
                       temperature: 0, greedy (req), max_tokens: 256 (req),
                       min_tokens: 256 (req)
16:50:51.854 INFO:     #510 chat/completions (stream): 256 tokens generated at
                       225.3 T/s · prompt 749 tokens, none cached, 749 new in
                       0.28 s (2,675 T/s) · first token 0.29 s, total 1.42 s ·
                       draft 171/255 accepted (67%) · max_tokens reached
16:50:51.884 INFO:     #512 chat/completions (stream): 1,065 prompt tokens ·
                       temperature: 0, greedy (req), max_tokens: 256 (req),
                       min_tokens: 256 (req)
16:50:52.157 INFO:     #511 chat/completions (stream): 256 tokens generated at
                       278.1 T/s · prompt 94 tokens, none cached, 94 new in 0.09
                       s · first token 0.10 s, total 1.02 s · draft 181/225
                       accepted (80%) · max_tokens reached
16:50:52.192 INFO:     #513 chat/completions (stream): 761 prompt tokens ·
                       temperature: 0, greedy (req), max_tokens: 256 (req),
                       min_tokens: 256 (req)
16:50:53.579 INFO:     #513 chat/completions (stream): 256 tokens generated at
                       235.6 T/s · prompt 761 tokens, none cached, 761 new in
                       0.26 s (2,927 T/s) · first token 0.27 s, total 1.35 s ·
                       draft 170/258 accepted (66%) · max_tokens reached
16:50:53.580 INFO:     #512 chat/completions (stream): 256 tokens generated at
                       179.3 T/s · prompt 1,065 tokens, none cached, 1,065 new
                       in 0.26 s (4,096 T/s) · first token 0.27 s, total 1.69 s
                       · draft 162/282 accepted (57%) · max_tokens reached
