16:11:19.245 INFO:     Sampler preset "qwen38_thinking": temperature 0.6, top_k
                       20, top_p 0.95
16:11:19.282 INFO:     exllamav3 version: 1.5.2
16:11:20.601 INFO:     Using main model MTP component for drafting
16:11:20.621 INFO:     Context: max_seq_len 262,144 tokens (configured),
                       cache_size 901,120 tokens
16:11:20.668 INFO:     Using tool format: qwen3_coder
16:11:20.669 INFO:     Using template "chat_template" for chat completions.
16:11:22.827 INFO:     Loading model
                       /models/qwen3.8-flash-next-exl3-2.50bpw-r0b0tlab (manual
                       GPU split)
Loading vision modules ━━━━━━━━━━━━━━━━━━━━━━━━━━━━━━━━━━━━━━ 100% 30/30 0:00:00
Loading draft modules  ━━━━━━━━━━━━━━━━━━━━━━━━━━━━━━━━━━━━━━ 100% 3/3   0:00:00
Loading model modules  ━━━━━━━━━━━━━━━━━━━━━━━━━━━━━━━━━━━━━━ 100% 53/53 0:00:00
EXL3_EMBED_GPU_PRUNED=1: embedding mirror 65536 of 248320 rows (320.0 MiB, prefix) on cuda:1
16:11:33.791 INFO:     Model loaded in 13.1 s

16:11:33.791 WARNING:  Disabling authentication makes your instance vulnerable.
                       Set the `disable_auth` flag to False in config.yml if you
                       want to share this instance with others.
16:11:33.791 WARNING:  With authentication disabled and `allowed_origins` left
                       at ["*"], any website open in a browser on this machine
                       can send requests to this instance and read the
                       responses, including admin endpoints. Set
                       `network.allowed_origins` to your own frontends (or [])
                       unless you use a browser-based frontend that needs it.
16:11:33.792 INFO:     Serving OAI API on http://0.0.0.0:8022 (docs at
                       http://0.0.0.0:8022/redoc)
16:11:34.110 INFO:     #3 completions: 3 prompt tokens · temperature: 0, greedy
                       (req), max_tokens: 16 (req)
densegemm lcguard: device 1: dense calls on the QSA side branch use the side scratch (hctr upper half, side slots)
densegemm lcguard: device 0: dense calls on the QSA side branch use the side scratch (hctr upper half, side slots)
16:11:34.495 INFO:     #3 completions: 16 tokens generated at 86.9 T/s · prompt
                       3 tokens, none cached, 3 new in 0.19 s · first token 0.20
                       s, total 0.38 s · draft 7/27 accepted (26%) · max_tokens
                       reached
16:11:34.892 INFO:     #5 chat/completions: 73 prompt tokens · temperature: 0,
                       greedy (req), max_tokens: 64 (req), min_tokens: 64 (req)
16:11:34.893 INFO:     #6 chat/completions: 73 prompt tokens · temperature: 0,
                       greedy (req), max_tokens: 64 (req), min_tokens: 64 (req)
16:11:34.894 INFO:     #7 chat/completions: 73 prompt tokens · temperature: 0,
                       greedy (req), max_tokens: 64 (req), min_tokens: 64 (req)
16:11:35.215 INFO:     #8 chat/completions: 73 prompt tokens · temperature: 0,
                       greedy (req), max_tokens: 64 (req), min_tokens: 64 (req)
16:11:35.317 INFO:     #9 chat/completions: 73 prompt tokens · temperature: 0,
                       greedy (req), max_tokens: 64 (req), min_tokens: 64 (req)
16:11:35.420 INFO:     #10 chat/completions: 73 prompt tokens · temperature: 0,
                       greedy (req), max_tokens: 64 (req), min_tokens: 64 (req)
16:11:35.524 INFO:     #11 chat/completions: 73 prompt tokens · temperature: 0,
                       greedy (req), max_tokens: 64 (req), min_tokens: 64 (req)
16:11:35.626 INFO:     #12 chat/completions: 73 prompt tokens · temperature: 0,
                       greedy (req), max_tokens: 64 (req), min_tokens: 64 (req)
16:11:36.241 INFO:     #6 chat/completions: 64 tokens generated at 66.9 T/s ·
                       prompt 73 tokens, none cached, 73 new in 0.15 s · queued
                       0.14 s, first token 0.29 s, total 1.25 s · draft 38/54
                       accepted (70%) · max_tokens reached
16:11:36.252 INFO:     #5 chat/completions: 64 tokens generated at 65.1 T/s ·
                       prompt 73 tokens, none cached, 73 new in 0.28 s · first
                       token 0.30 s, total 1.28 s · draft 37/56 accepted (66%) ·
                       max_tokens reached
16:11:36.253 INFO:     #9 chat/completions: 64 tokens generated at 82.6 T/s ·
                       prompt 73 tokens, none cached, 73 new in 0.08 s · first
                       token 0.09 s, total 0.86 s · draft 39/50 accepted (78%) ·
                       max_tokens reached
16:11:36.263 INFO:     #7 chat/completions: 64 tokens generated at 63.7 T/s ·
                       prompt 73 tokens, none cached, 73 new in 0.08 s · queued
                       0.22 s, first token 0.30 s, total 1.30 s · draft 36/58
                       accepted (62%) · max_tokens reached
16:11:36.274 INFO:     #8 chat/completions: 64 tokens generated at 69.5 T/s ·
                       prompt 73 tokens, none cached, 73 new in 0.08 s · first
                       token 0.09 s, total 1.01 s · draft 36/58 accepted (62%) ·
                       max_tokens reached
16:11:36.275 INFO:     #10 chat/completions: 64 tokens generated at 86.7 T/s ·
                       prompt 73 tokens, none cached, 73 new in 0.08 s · first
                       token 0.09 s, total 0.82 s · draft 37/56 accepted (66%) ·
                       max_tokens reached
16:11:36.275 INFO:     #11 chat/completions: 64 tokens generated at 100.9 T/s ·
                       prompt 73 tokens, none cached, 73 new in 0.08 s · first
                       token 0.09 s, total 0.72 s · draft 38/54 accepted (70%) ·
                       max_tokens reached
16:11:36.276 INFO:     #12 chat/completions: 64 tokens generated at 113.2 T/s ·
                       prompt 73 tokens, none cached, 73 new in 0.08 s · first
                       token 0.08 s, total 0.65 s · draft 36/61 accepted (59%) ·
                       max_tokens reached
16:11:48.261 INFO:     #16 chat/completions (stream): 511 prompt tokens ·
                       temperature: 0, greedy (req), max_tokens: 256 (req),
                       min_tokens: 256 (req)
16:11:48.423 INFO:     #17 chat/completions (stream): 92 prompt tokens ·
                       temperature: 0, greedy (req), max_tokens: 256 (req),
                       min_tokens: 256 (req)
16:11:48.702 INFO:     #18 chat/completions (stream): 74 prompt tokens ·
                       temperature: 0, greedy (req), max_tokens: 256 (req),
                       min_tokens: 256 (req)
16:11:48.802 INFO:     #19 chat/completions (stream): 105 prompt tokens ·
                       temperature: 0, greedy (req), max_tokens: 256 (req),
                       min_tokens: 256 (req)
16:11:48.929 INFO:     #20 chat/completions (stream): 121 prompt tokens ·
                       temperature: 0, greedy (req), max_tokens: 256 (req),
                       min_tokens: 256 (req)
16:11:49.055 INFO:     #21 chat/completions (stream): 74 prompt tokens ·
                       temperature: 0, greedy (req), max_tokens: 256 (req),
                       min_tokens: 256 (req)
16:11:49.164 INFO:     #22 chat/completions (stream): 78 prompt tokens ·
                       temperature: 0, greedy (req), max_tokens: 256 (req),
                       min_tokens: 256 (req)
16:11:49.271 INFO:     #23 chat/completions (stream): 87 prompt tokens ·
                       temperature: 0, greedy (req), max_tokens: 256 (req),
                       min_tokens: 256 (req)
16:11:51.716 INFO:     #19 chat/completions (stream): 256 tokens generated at
                       94.4 T/s · prompt 105 tokens, none cached, 105 new in
                       0.10 s · first token 0.11 s, total 2.82 s · draft 162/189
                       accepted (86%) · max_tokens reached
16:11:51.779 INFO:     #24 chat/completions (stream): 62 prompt tokens ·
                       temperature: 0, greedy (req), max_tokens: 256 (req),
                       min_tokens: 256 (req)
16:11:51.780 INFO:     #17 chat/completions (stream): 256 tokens generated at
                       85.2 T/s · prompt 92 tokens, none cached, 92 new in 0.09
                       s · queued 0.17 s, first token 0.26 s, total 3.27 s ·
                       draft 157/201 accepted (78%) · max_tokens reached
16:11:51.929 INFO:     #25 chat/completions (stream): 64 prompt tokens ·
                       temperature: 0, greedy (req), max_tokens: 256 (req),
                       min_tokens: 256 (req)
16:11:51.929 INFO:     #16 chat/completions (stream): 256 tokens generated at
                       83.3 T/s · prompt 511 tokens, none cached, 511 new in
                       0.42 s (1,217 T/s) · first token 0.43 s, total 3.50 s ·
                       draft 154/207 accepted (74%) · max_tokens reached
16:11:52.069 INFO:     #26 chat/completions (stream): 89 prompt tokens ·
                       temperature: 0, greedy (req), max_tokens: 256 (req),
                       min_tokens: 256 (req)
16:11:52.202 INFO:     #20 chat/completions (stream): 256 tokens generated at
                       85.7 T/s · prompt 121 tokens, none cached, 121 new in
                       0.10 s · first token 0.11 s, total 3.09 s · draft 152/208
                       accepted (73%) · max_tokens reached
16:11:52.263 INFO:     #27 chat/completions (stream): 109 prompt tokens ·
                       temperature: 0, greedy (req), max_tokens: 256 (req),
                       min_tokens: 256 (req)
16:11:52.396 INFO:     #21 chat/completions (stream): 256 tokens generated at
                       83.0 T/s · prompt 74 tokens, none cached, 74 new in 0.08
                       s · first token 0.09 s, total 3.17 s · draft 148/216
                       accepted (69%) · max_tokens reached
16:11:52.397 INFO:     #23 chat/completions (stream): 256 tokens generated at
                       89.4 T/s · prompt 87 tokens, none cached, 87 new in 0.09
                       s · first token 0.09 s, total 2.96 s · draft 150/212
                       accepted (71%) · max_tokens reached
16:11:52.418 INFO:     #18 chat/completions (stream): 256 tokens generated at
                       74.0 T/s · prompt 74 tokens, none cached, 74 new in 0.08
                       s · first token 0.09 s, total 3.54 s · draft 144/226
                       accepted (64%) · max_tokens reached
16:11:52.463 INFO:     #28 chat/completions (stream): 67 prompt tokens ·
                       temperature: 0, greedy (req), max_tokens: 256 (req),
                       min_tokens: 256 (req)
16:11:52.465 INFO:     #29 chat/completions (stream): 829 prompt tokens ·
                       temperature: 0, greedy (req), max_tokens: 256 (req),
                       min_tokens: 256 (req)
16:11:52.466 INFO:     #22 chat/completions (stream): 256 tokens generated at
                       81.8 T/s · prompt 78 tokens, none cached, 78 new in 0.08
                       s · first token 0.08 s, total 3.21 s · draft 146/221
                       accepted (66%) · max_tokens reached
16:11:52.770 INFO:     #30 chat/completions (stream): 201 prompt tokens ·
                       temperature: 0, greedy (req), max_tokens: 256 (req),
                       min_tokens: 256 (req)
16:11:53.003 INFO:     #31 chat/completions (stream): 88 prompt tokens ·
                       temperature: 0, greedy (req), max_tokens: 256 (req),
                       min_tokens: 256 (req)
16:11:55.542 INFO:     #26 chat/completions (stream): 256 tokens generated at
                       77.7 T/s · prompt 89 tokens, none cached, 89 new in 0.08
                       s · first token 0.09 s, total 3.38 s · draft 152/213
                       accepted (71%) · max_tokens reached
16:11:55.581 INFO:     #24 chat/completions (stream): 256 tokens generated at
                       70.4 T/s · prompt 62 tokens, none cached, 62 new in 0.08
                       s · first token 0.09 s, total 3.72 s · draft 144/229
                       accepted (63%) · max_tokens reached
16:11:55.582 INFO:     #27 chat/completions (stream): 256 tokens generated at
                       81.5 T/s · prompt 109 tokens, none cached, 109 new in
                       0.09 s · first token 0.09 s, total 3.24 s · draft 155/206
                       accepted (75%) · max_tokens reached
16:11:55.583 INFO:     #28 chat/completions (stream): 256 tokens generated at
                       93.0 T/s · prompt 67 tokens, none cached, 67 new in 0.27
                       s · first token 0.28 s, total 3.03 s · draft 160/192
                       accepted (83%) · max_tokens reached
16:11:55.601 INFO:     #32 chat/completions (stream): 84 prompt tokens ·
                       temperature: 0, greedy (req), max_tokens: 256 (req),
                       min_tokens: 256 (req)
16:11:55.733 INFO:     #33 chat/completions (stream): 735 prompt tokens ·
                       temperature: 0, greedy (req), max_tokens: 256 (req),
                       min_tokens: 256 (req)
16:11:55.736 INFO:     #34 chat/completions (stream): 1,231 prompt tokens ·
                       temperature: 0, greedy (req), max_tokens: 256 (req),
                       min_tokens: 256 (req)
16:11:55.737 INFO:     #35 chat/completions (stream): 72 prompt tokens ·
                       temperature: 0, greedy (req), max_tokens: 256 (req),
                       min_tokens: 256 (req)
16:11:56.561 INFO:     #25 chat/completions (stream): 256 tokens generated at
                       60.3 T/s · prompt 64 tokens, none cached, 64 new in 0.07
                       s · first token 0.08 s, total 4.32 s · draft 139/244
                       accepted (57%) · max_tokens reached
16:11:56.604 INFO:     #30 chat/completions (stream): 256 tokens generated at
                       71.9 T/s · prompt 201 tokens, none cached, 201 new in
                       0.10 s · first token 0.18 s, total 3.74 s · draft 151/215
                       accepted (70%) · max_tokens reached
16:11:56.627 INFO:     #36 chat/completions (stream): 134 prompt tokens ·
                       temperature: 0, greedy (req), max_tokens: 256 (req),
                       min_tokens: 256 (req)
16:11:56.790 INFO:     #37 chat/completions (stream): 1,082 prompt tokens ·
                       temperature: 0, greedy (req), max_tokens: 256 (req),
                       min_tokens: 256 (req)
16:11:57.201 INFO:     #29 chat/completions (stream): 256 tokens generated at
                       66.9 T/s · prompt 829 tokens, none cached, 829 new in
                       0.41 s (2,022 T/s) · first token 0.49 s, total 4.32 s ·
                       draft 144/229 accepted (63%) · max_tokens reached
16:11:57.268 INFO:     #38 chat/completions (stream): 84 prompt tokens ·
                       temperature: 0, greedy (req), max_tokens: 256 (req),
                       min_tokens: 256 (req)
16:11:57.402 INFO:     #31 chat/completions (stream): 256 tokens generated at
                       62.0 T/s · prompt 88 tokens, none cached, 88 new in 0.08
                       s · first token 0.08 s, total 4.21 s · draft 141/235
                       accepted (60%) · max_tokens reached
16:11:57.473 INFO:     #39 chat/completions (stream): 78 prompt tokens ·
                       temperature: 0, greedy (req), max_tokens: 256 (req),
                       min_tokens: 256 (req)
16:11:59.686 INFO:     #36 chat/completions (stream): 256 tokens generated at
                       89.5 T/s · prompt 134 tokens, none cached, 134 new in
                       0.11 s · first token 0.12 s, total 2.98 s · draft 162/188
                       accepted (86%) · max_tokens reached
16:11:59.707 INFO:     #33 chat/completions (stream): 256 tokens generated at
                       81.3 T/s · prompt 735 tokens, none cached, 735 new in
                       0.73 s (1,007 T/s) · first token 0.75 s, total 3.90 s ·
                       draft 154/204 accepted (75%) · max_tokens reached
16:11:59.727 INFO:     #32 chat/completions (stream): 256 tokens generated at
                       64.8 T/s · prompt 84 tokens, none cached, 84 new in 0.08
                       s · first token 0.09 s, total 4.04 s · draft 150/212
                       accepted (71%) · max_tokens reached
16:11:59.747 INFO:     #40 chat/completions (stream): 70 prompt tokens ·
                       temperature: 0, greedy (req), max_tokens: 256 (req),
                       min_tokens: 256 (req)
16:11:59.850 INFO:     #41 chat/completions (stream): 149 prompt tokens ·
                       temperature: 0, greedy (req), max_tokens: 256 (req),
                       min_tokens: 256 (req)
16:11:59.851 INFO:     #34 chat/completions (stream): 256 tokens generated at
                       79.8 T/s · prompt 1,231 tokens, none cached, 1,231 new in
                       0.56 s (2,198 T/s) · queued 0.18 s, first token 0.74 s,
                       total 3.94 s · draft 151/210 accepted (72%) · max_tokens
                       reached
16:11:59.974 INFO:     #42 chat/completions (stream): 258 prompt tokens ·
                       temperature: 0, greedy (req), max_tokens: 256 (req),
                       min_tokens: 256 (req)
16:12:00.171 INFO:     #43 chat/completions (stream): 109 prompt tokens ·
                       temperature: 0, greedy (req), max_tokens: 256 (req),
                       min_tokens: 256 (req)
16:12:00.412 INFO:     #38 chat/completions (stream): 256 tokens generated at
                       86.5 T/s · prompt 84 tokens, none cached, 84 new in 0.08
                       s · first token 0.09 s, total 3.05 s · draft 158/199
                       accepted (79%) · max_tokens reached
16:12:00.499 INFO:     #44 chat/completions (stream): 105 prompt tokens ·
                       temperature: 0, greedy (req), max_tokens: 256 (req),
                       min_tokens: 256 (req)
16:12:00.717 INFO:     #35 chat/completions (stream): 256 tokens generated at
                       58.3 T/s · prompt 72 tokens, none cached, 72 new in 0.08
                       s · queued 0.42 s, first token 0.50 s, total 4.89 s ·
                       draft 133/249 accepted (53%) · max_tokens reached
16:12:00.788 INFO:     #45 chat/completions (stream): 788 prompt tokens ·
                       temperature: 0, greedy (req), max_tokens: 256 (req),
                       min_tokens: 256 (req)
16:12:01.074 INFO:     #37 chat/completions (stream): 256 tokens generated at
                       70.5 T/s · prompt 1,082 tokens, none cached, 1,082 new in
                       0.34 s (3,182 T/s) · first token 0.34 s, total 3.98 s ·
                       draft 138/239 accepted (58%) · max_tokens reached
16:12:01.141 INFO:     #46 chat/completions (stream): 62 prompt tokens ·
                       temperature: 0, greedy (req), max_tokens: 256 (req),
                       min_tokens: 256 (req)
16:12:01.142 INFO:     #39 chat/completions (stream): 256 tokens generated at
                       73.3 T/s · prompt 78 tokens, none cached, 78 new in 0.08
                       s · first token 0.09 s, total 3.58 s · draft 146/223
                       accepted (65%) · max_tokens reached
16:12:01.290 INFO:     #47 chat/completions (stream): 1,445 prompt tokens ·
                       temperature: 0, greedy (req), max_tokens: 256 (req),
                       min_tokens: 256 (req)
16:12:03.664 INFO:     #40 chat/completions (stream): 256 tokens generated at
                       68.4 T/s · prompt 70 tokens, none cached, 70 new in 0.08
                       s · first token 0.09 s, total 3.83 s · draft 152/208
                       accepted (73%) · max_tokens reached
16:12:03.688 INFO:     #41 chat/completions (stream): 256 tokens generated at
                       70.2 T/s · prompt 149 tokens, none cached, 149 new in
                       0.10 s · first token 0.11 s, total 3.75 s · draft 152/208
                       accepted (73%) · max_tokens reached
16:12:03.734 INFO:     #49 chat/completions (stream): 159 prompt tokens ·
                       temperature: 0, greedy (req), max_tokens: 256 (req),
                       min_tokens: 256 (req)
16:12:03.859 INFO:     #50 chat/completions (stream): 705 prompt tokens ·
                       temperature: 0, greedy (req), max_tokens: 256 (req),
                       min_tokens: 256 (req)
16:12:04.275 INFO:     #42 chat/completions (stream): 256 tokens generated at
                       63.3 T/s · prompt 258 tokens, none cached, 258 new in
                       0.17 s (1,518 T/s) · first token 0.18 s, total 4.22 s ·
                       draft 145/222 accepted (65%) · max_tokens reached
16:12:04.276 INFO:     #43 chat/completions (stream): 256 tokens generated at
                       65.3 T/s · prompt 109 tokens, none cached, 109 new in
                       0.09 s · first token 0.10 s, total 4.01 s · draft 146/220
                       accepted (66%) · max_tokens reached
16:12:04.342 INFO:     #51 chat/completions (stream): 62 prompt tokens ·
                       temperature: 0, greedy (req), max_tokens: 256 (req),
                       min_tokens: 256 (req)
16:12:04.344 INFO:     #52 chat/completions (stream): 796 prompt tokens ·
                       temperature: 0, greedy (req), max_tokens: 256 (req),
                       min_tokens: 256 (req)
16:12:04.777 INFO:     #44 chat/completions (stream): 256 tokens generated at
                       62.6 T/s · prompt 105 tokens, none cached, 105 new in
                       0.09 s · first token 0.10 s, total 4.19 s · draft 146/220
                       accepted (66%) · max_tokens reached
16:12:04.778 INFO:     #45 chat/completions (stream): 256 tokens generated at
                       69.9 T/s · prompt 788 tokens, none cached, 788 new in
                       0.24 s (3,283 T/s) · first token 0.24 s, total 3.91 s ·
                       draft 155/202 accepted (77%) · max_tokens reached
16:12:04.844 INFO:     #53 chat/completions (stream): 93 prompt tokens ·
                       temperature: 0, greedy (req), max_tokens: 256 (req),
                       min_tokens: 256 (req)
16:12:04.845 INFO:     #54 chat/completions (stream): 94 prompt tokens ·
                       temperature: 0, greedy (req), max_tokens: 256 (req),
                       min_tokens: 256 (req)
16:12:05.241 INFO:     #46 chat/completions (stream): 256 tokens generated at
                       65.1 T/s · prompt 62 tokens, none cached, 62 new in 0.07
                       s · first token 0.08 s, total 4.01 s · draft 148/216
                       accepted (69%) · max_tokens reached
16:12:05.307 INFO:     #55 chat/completions (stream): 65 prompt tokens ·
                       temperature: 0, greedy (req), max_tokens: 256 (req),
                       min_tokens: 256 (req)
16:12:05.413 INFO:     #47 chat/completions (stream): 256 tokens generated at
                       72.5 T/s · prompt 1,445 tokens, none cached, 1,445 new in
                       0.41 s (3,524 T/s) · first token 0.41 s, total 3.95 s ·
                       draft 148/216 accepted (69%) · max_tokens reached
16:12:05.502 INFO:     #56 chat/completions (stream): 1,347 prompt tokens ·
                       temperature: 0, greedy (req), max_tokens: 256 (req),
                       min_tokens: 256 (req)
16:12:07.365 INFO:     #49 chat/completions (stream): 256 tokens generated at
                       74.5 T/s · prompt 159 tokens, none cached, 159 new in
                       0.10 s · first token 0.11 s, total 3.54 s · draft 165/182
                       accepted (91%) · max_tokens reached
16:12:07.452 INFO:     #57 chat/completions (stream): 754 prompt tokens ·
                       temperature: 0, greedy (req), max_tokens: 256 (req),
                       min_tokens: 256 (req)
16:12:08.089 INFO:     #50 chat/completions (stream): 256 tokens generated at
                       66.9 T/s · prompt 705 tokens, none cached, 705 new in
                       0.30 s (2,350 T/s) · first token 0.30 s, total 4.13 s ·
                       draft 149/214 accepted (70%) · max_tokens reached
16:12:08.151 INFO:     #58 chat/completions (stream): 73 prompt tokens ·
                       temperature: 0, greedy (req), max_tokens: 256 (req),
                       min_tokens: 256 (req)
16:12:08.270 INFO:     #51 chat/completions (stream): 256 tokens generated at
                       73.3 T/s · prompt 62 tokens, none cached, 62 new in 0.26
                       s · first token 0.27 s, total 3.76 s · draft 152/208
                       accepted (73%) · max_tokens reached
16:12:08.270 INFO:     #52 chat/completions (stream): 256 tokens generated at
                       74.4 T/s · prompt 796 tokens, none cached, 796 new in
                       0.25 s (3,184 T/s) · first token 0.33 s, total 3.77 s ·
                       draft 153/206 accepted (74%) · max_tokens reached
16:12:08.292 INFO:     #53 chat/completions (stream): 256 tokens generated at
                       82.5 T/s · prompt 93 tokens, none cached, 93 new in 0.17
                       s · first token 0.18 s, total 3.28 s · draft 160/192
                       accepted (83%) · max_tokens reached
16:12:08.333 INFO:     #59 chat/completions (stream): 758 prompt tokens ·
                       temperature: 0, greedy (req), max_tokens: 256 (req),
                       min_tokens: 256 (req)
16:12:08.334 INFO:     #60 chat/completions (stream): 63 prompt tokens ·
                       temperature: 0, greedy (req), max_tokens: 256 (req),
                       min_tokens: 256 (req)
16:12:08.587 INFO:     #61 chat/completions (stream): 71 prompt tokens ·
                       temperature: 0, greedy (req), max_tokens: 256 (req),
                       min_tokens: 256 (req)
16:12:08.857 INFO:     #54 chat/completions (stream): 256 tokens generated at
                       77.5 T/s · prompt 94 tokens, none cached, 94 new in 0.09
                       s · first token 0.18 s, total 3.49 s · draft 154/205
                       accepted (75%) · max_tokens reached
16:12:08.927 INFO:     #62 chat/completions (stream): 71 prompt tokens ·
                       temperature: 0, greedy (req), max_tokens: 256 (req),
                       min_tokens: 256 (req)
16:12:09.101 INFO:     #55 chat/completions (stream): 256 tokens generated at
                       72.4 T/s · prompt 65 tokens, none cached, 65 new in 0.08
                       s · first token 0.08 s, total 3.62 s · draft 159/195
                       accepted (82%) · max_tokens reached
16:12:09.173 INFO:     #63 chat/completions (stream): 741 prompt tokens ·
                       temperature: 0, greedy (req), max_tokens: 256 (req),
                       min_tokens: 256 (req)
16:12:09.833 INFO:     #56 chat/completions (stream): 256 tokens generated at
                       66.5 T/s · prompt 1,347 tokens, none cached, 1,347 new in
                       0.38 s (3,545 T/s) · first token 0.38 s, total 4.23 s ·
                       draft 145/223 accepted (65%) · max_tokens reached
16:12:09.906 INFO:     #64 chat/completions (stream): 117 prompt tokens ·
                       temperature: 0, greedy (req), max_tokens: 256 (req),
                       min_tokens: 256 (req)
16:12:11.380 INFO:     #57 chat/completions (stream): 256 tokens generated at
                       72.5 T/s · prompt 754 tokens, none cached, 754 new in
                       0.29 s (2,600 T/s) · first token 0.30 s, total 3.83 s ·
                       draft 149/215 accepted (69%) · max_tokens reached
16:12:11.477 INFO:     #65 chat/completions (stream): 72 prompt tokens ·
                       temperature: 0, greedy (req), max_tokens: 256 (req),
                       min_tokens: 256 (req)
16:12:11.649 INFO:     #58 chat/completions (stream): 256 tokens generated at
                       79.0 T/s · prompt 73 tokens, none cached, 73 new in 0.08
                       s · first token 0.09 s, total 3.33 s · draft 159/194
                       accepted (82%) · max_tokens reached
16:12:11.720 INFO:     #66 chat/completions (stream): 127 prompt tokens ·
                       temperature: 0, greedy (req), max_tokens: 256 (req),
                       min_tokens: 256 (req)
16:12:12.057 INFO:     #59 chat/completions (stream): 256 tokens generated at
                       80.5 T/s · prompt 758 tokens, none cached, 758 new in
                       0.45 s (1,684 T/s) · first token 0.46 s, total 3.64 s ·
                       draft 152/208 accepted (73%) · max_tokens reached
16:12:12.058 INFO:     #62 chat/completions (stream): 256 tokens generated at
                       86.4 T/s · prompt 71 tokens, none cached, 71 new in 0.08
                       s · first token 0.08 s, total 3.05 s · draft 158/196
                       accepted (81%) · max_tokens reached
16:12:12.122 INFO:     #67 chat/completions (stream): 62 prompt tokens ·
                       temperature: 0, greedy (req), max_tokens: 256 (req),
                       min_tokens: 256 (req)
16:12:12.123 INFO:     #68 chat/completions (stream): 104 prompt tokens ·
                       temperature: 0, greedy (req), max_tokens: 256 (req),
                       min_tokens: 256 (req)
16:12:12.420 INFO:     #60 chat/completions (stream): 256 tokens generated at
                       67.9 T/s · prompt 63 tokens, none cached, 63 new in 0.07
                       s · queued 0.16 s, first token 0.23 s, total 4.00 s ·
                       draft 142/228 accepted (62%) · max_tokens reached
16:12:12.421 INFO:     #61 chat/completions (stream): 256 tokens generated at
                       72.2 T/s · prompt 71 tokens, none cached, 71 new in 0.08
                       s · queued 0.13 s, first token 0.21 s, total 3.75 s ·
                       draft 143/226 accepted (63%) · max_tokens reached
16:12:12.489 INFO:     #69 chat/completions (stream): 67 prompt tokens ·
                       temperature: 0, greedy (req), max_tokens: 256 (req),
                       min_tokens: 256 (req)
16:12:12.491 INFO:     #70 chat/completions (stream): 676 prompt tokens ·
                       temperature: 0, greedy (req), max_tokens: 256 (req),
                       min_tokens: 256 (req)
16:12:12.915 INFO:     #63 chat/completions (stream): 256 tokens generated at
                       84.9 T/s · prompt 741 tokens, none cached, 741 new in
                       0.29 s (2,555 T/s) · first token 0.29 s, total 3.31 s ·
                       draft 150/212 accepted (71%) · max_tokens reached
16:12:12.986 INFO:     #71 chat/completions (stream): 802 prompt tokens ·
                       temperature: 0, greedy (req), max_tokens: 256 (req),
                       min_tokens: 256 (req)
16:12:13.621 INFO:     #64 chat/completions (stream): 256 tokens generated at
                       72.8 T/s · prompt 117 tokens, none cached, 117 new in
                       0.10 s · first token 0.11 s, total 3.62 s · draft 150/212
                       accepted (71%) · max_tokens reached
16:12:13.694 INFO:     #72 chat/completions (stream): 992 prompt tokens ·
                       temperature: 0, greedy (req), max_tokens: 256 (req),
                       min_tokens: 256 (req)
16:12:15.399 INFO:     #65 chat/completions (stream): 256 tokens generated at
                       68.4 T/s · prompt 72 tokens, none cached, 72 new in 0.08
                       s · first token 0.09 s, total 3.83 s · draft 149/214
                       accepted (70%) · max_tokens reached
16:12:15.469 INFO:     #73 chat/completions (stream): 68 prompt tokens ·
                       temperature: 0, greedy (req), max_tokens: 256 (req),
                       min_tokens: 256 (req)
16:12:15.620 INFO:     #66 chat/completions (stream): 256 tokens generated at
                       70.8 T/s · prompt 127 tokens, none cached, 127 new in
                       0.10 s · first token 0.11 s, total 3.72 s · draft 150/212
                       accepted (71%) · max_tokens reached
16:12:15.695 INFO:     #74 chat/completions (stream): 785 prompt tokens ·
                       temperature: 0, greedy (req), max_tokens: 256 (req),
                       min_tokens: 256 (req)
16:12:16.154 INFO:     #68 chat/completions (stream): 256 tokens generated at
                       67.9 T/s · prompt 104 tokens, none cached, 104 new in
                       0.09 s · first token 0.17 s, total 3.94 s · draft 150/212
                       accepted (71%) · max_tokens reached
16:12:16.218 INFO:     #75 chat/completions (stream): 262 prompt tokens ·
                       temperature: 0, greedy (req), max_tokens: 256 (req),
                       min_tokens: 256 (req)
16:12:16.409 INFO:     #71 chat/completions (stream): 256 tokens generated at
                       87.9 T/s · prompt 802 tokens, none cached, 802 new in
                       0.27 s (2,970 T/s) · first token 0.28 s, total 3.19 s ·
                       draft 162/188 accepted (86%) · max_tokens reached
16:12:16.454 INFO:     #67 chat/completions (stream): 256 tokens generated at
                       65.5 T/s · prompt 62 tokens, none cached, 62 new in 0.16
                       s · first token 0.17 s, total 4.08 s · draft 144/224
                       accepted (64%) · max_tokens reached
16:12:16.494 INFO:     #76 chat/completions (stream): 689 prompt tokens ·
                       temperature: 0, greedy (req), max_tokens: 256 (req),
                       min_tokens: 256 (req)
16:12:16.675 INFO:     #77 chat/completions (stream): 702 prompt tokens ·
                       temperature: 0, greedy (req), max_tokens: 256 (req),
                       min_tokens: 256 (req)
16:12:16.960 INFO:     #69 chat/completions (stream): 256 tokens generated at
                       68.8 T/s · prompt 67 tokens, none cached, 67 new in 0.23
                       s · first token 0.24 s, total 3.96 s · draft 149/214
                       accepted (70%) · max_tokens reached
16:12:17.133 INFO:     #78 chat/completions (stream): 785 prompt tokens ·
                       temperature: 0, greedy (req), max_tokens: 256 (req),
                       min_tokens: 256 (req)
16:12:17.424 INFO:     #70 chat/completions (stream): 256 tokens generated at
                       60.1 T/s · prompt 676 tokens, none cached, 676 new in
                       0.27 s (2,504 T/s) · first token 0.35 s, total 4.61 s ·
                       draft 144/224 accepted (64%) · max_tokens reached
16:12:17.498 INFO:     #80 chat/completions (stream): 67 prompt tokens ·
                       temperature: 0, greedy (req), max_tokens: 256 (req),
                       min_tokens: 256 (req)
16:12:17.768 INFO:     #72 chat/completions (stream): 256 tokens generated at
                       70.0 T/s · prompt 992 tokens, none cached, 992 new in
                       0.31 s (3,200 T/s) · first token 0.32 s, total 3.97 s ·
                       draft 158/196 accepted (81%) · max_tokens reached
16:12:17.843 INFO:     #81 chat/completions (stream): 724 prompt tokens ·
                       temperature: 0, greedy (req), max_tokens: 256 (req),
                       min_tokens: 256 (req)
16:12:19.885 INFO:     #74 chat/completions (stream): 256 tokens generated at
                       66.3 T/s · prompt 785 tokens, none cached, 785 new in
                       0.24 s (3,271 T/s) · first token 0.24 s, total 4.10 s ·
                       draft 150/212 accepted (71%) · max_tokens reached
16:12:19.942 INFO:     #82 chat/completions (stream): 414 prompt tokens ·
                       temperature: 0, greedy (req), max_tokens: 256 (req),
                       min_tokens: 256 (req)
16:12:19.943 INFO:     #73 chat/completions (stream): 256 tokens generated at
                       59.3 T/s · prompt 68 tokens, none cached, 68 new in 0.08
                       s · first token 0.09 s, total 4.40 s · draft 140/232
                       accepted (60%) · max_tokens reached
16:12:19.944 INFO:     #75 chat/completions (stream): 256 tokens generated at
                       73.6 T/s · prompt 262 tokens, none cached, 262 new in
                       0.16 s (1,638 T/s) · first token 0.17 s, total 3.64 s ·
                       draft 160/192 accepted (83%) · max_tokens reached
16:12:20.234 INFO:     #83 chat/completions (stream): 63 prompt tokens ·
                       temperature: 0, greedy (req), max_tokens: 256 (req),
                       min_tokens: 256 (req)
16:12:20.236 INFO:     #84 chat/completions (stream): 104 prompt tokens ·
                       temperature: 0, greedy (req), max_tokens: 256 (req),
                       min_tokens: 256 (req)
16:12:20.502 INFO:     #78 chat/completions (stream): 256 tokens generated at
                       89.7 T/s · prompt 785 tokens, none cached, 785 new in
                       0.24 s (3,271 T/s) · first token 0.25 s, total 3.10 s ·
                       draft 163/186 accepted (88%) · max_tokens reached
16:12:20.571 INFO:     #85 chat/completions (stream): 666 prompt tokens ·
                       temperature: 0, greedy (req), max_tokens: 256 (req),
                       min_tokens: 256 (req)
16:12:21.034 INFO:     #80 chat/completions (stream): 256 tokens generated at
                       76.0 T/s · prompt 67 tokens, none cached, 67 new in 0.07
                       s · first token 0.08 s, total 3.44 s · draft 156/200
                       accepted (78%) · max_tokens reached
16:12:21.056 INFO:     #77 chat/completions (stream): 256 tokens generated at
                       65.5 T/s · prompt 702 tokens, none cached, 702 new in
                       0.28 s (2,507 T/s) · queued 0.10 s, first token 0.38 s,
                       total 4.29 s · draft 146/220 accepted (66%) · max_tokens
                       reached
16:12:21.100 INFO:     #86 chat/completions (stream): 90 prompt tokens ·
                       temperature: 0, greedy (req), max_tokens: 256 (req),
                       min_tokens: 256 (req)
16:12:21.214 INFO:     #87 chat/completions (stream): 61 prompt tokens ·
                       temperature: 0, greedy (req), max_tokens: 256 (req),
                       min_tokens: 256 (req)
16:12:21.374 INFO:     #76 chat/completions (stream): 256 tokens generated at
                       59.9 T/s · prompt 689 tokens, none cached, 689 new in
                       0.44 s (1,566 T/s) · first token 0.45 s, total 4.72 s ·
                       draft 138/236 accepted (58%) · max_tokens reached
16:12:21.448 INFO:     #88 chat/completions (stream): 1,355 prompt tokens ·
                       temperature: 0, greedy (req), max_tokens: 256 (req),
                       min_tokens: 256 (req)
16:12:22.089 INFO:     #81 chat/completions (stream): 256 tokens generated at
                       66.2 T/s · prompt 724 tokens, none cached, 724 new in
                       0.28 s (2,586 T/s) · first token 0.29 s, total 4.15 s ·
                       draft 145/222 accepted (65%) · max_tokens reached
16:12:22.159 INFO:     #89 chat/completions (stream): 67 prompt tokens ·
                       temperature: 0, greedy (req), max_tokens: 256 (req),
                       min_tokens: 256 (req)
16:12:23.795 INFO:     #82 chat/completions (stream): 256 tokens generated at
                       73.0 T/s · prompt 414 tokens, none cached, 414 new in
                       0.24 s (1,725 T/s) · first token 0.25 s, total 3.75 s ·
                       draft 153/206 accepted (74%) · max_tokens reached
16:12:23.869 INFO:     #90 chat/completions (stream): 1,173 prompt tokens ·
                       temperature: 0, greedy (req), max_tokens: 256 (req),
                       min_tokens: 256 (req)
16:12:24.302 INFO:     #84 chat/completions (stream): 256 tokens generated at
                       74.0 T/s · prompt 104 tokens, none cached, 104 new in
                       0.09 s · first token 0.17 s, total 3.63 s · draft 148/216
                       accepted (69%) · max_tokens reached
16:12:24.376 INFO:     #91 chat/completions (stream): 65 prompt tokens ·
                       temperature: 0, greedy (req), max_tokens: 256 (req),
                       min_tokens: 256 (req)
16:12:24.486 INFO:     #83 chat/completions (stream): 256 tokens generated at
                       65.8 T/s · prompt 63 tokens, none cached, 63 new in 0.16
                       s · first token 0.17 s, total 4.06 s · draft 144/224
                       accepted (64%) · max_tokens reached
16:12:24.563 INFO:     #92 chat/completions (stream): 100 prompt tokens ·
                       temperature: 0, greedy (req), max_tokens: 256 (req),
                       min_tokens: 256 (req)
16:12:24.840 INFO:     #85 chat/completions (stream): 256 tokens generated at
                       65.8 T/s · prompt 666 tokens, none cached, 666 new in
                       0.28 s (2,379 T/s) · first token 0.28 s, total 4.18 s ·
                       draft 142/228 accepted (62%) · max_tokens reached
16:12:24.865 INFO:     #87 chat/completions (stream): 256 tokens generated at
                       73.5 T/s · prompt 61 tokens, none cached, 61 new in 0.07
                       s · first token 0.07 s, total 3.56 s · draft 153/206
                       accepted (74%) · max_tokens reached
16:12:24.916 INFO:     #93 chat/completions (stream): 110 prompt tokens ·
                       temperature: 0, greedy (req), max_tokens: 256 (req),
                       min_tokens: 256 (req)
16:12:25.048 INFO:     #94 chat/completions (stream): 112 prompt tokens ·
                       temperature: 0, greedy (req), max_tokens: 256 (req),
                       min_tokens: 256 (req)
16:12:25.192 INFO:     #86 chat/completions (stream): 256 tokens generated at
                       69.2 T/s · prompt 90 tokens, none cached, 90 new in 0.09
                       s · first token 0.10 s, total 3.79 s · draft 147/218
                       accepted (67%) · max_tokens reached
16:12:25.263 INFO:     #95 chat/completions (stream): 64 prompt tokens ·
                       temperature: 0, greedy (req), max_tokens: 256 (req),
                       min_tokens: 256 (req)
16:12:25.570 INFO:     #88 chat/completions (stream): 256 tokens generated at
                       70.2 T/s · prompt 1,355 tokens, none cached, 1,355 new in
                       0.37 s (3,662 T/s) · first token 0.37 s, total 4.02 s ·
                       draft 144/224 accepted (64%) · max_tokens reached
16:12:25.636 INFO:     #96 chat/completions (stream): 63 prompt tokens ·
                       temperature: 0, greedy (req), max_tokens: 256 (req),
                       min_tokens: 256 (req)
16:12:25.637 INFO:     #89 chat/completions (stream): 256 tokens generated at
                       77.4 T/s · prompt 67 tokens, none cached, 67 new in 0.07
                       s · first token 0.08 s, total 3.38 s · draft 155/202
                       accepted (77%) · max_tokens reached
16:12:25.786 INFO:     #97 chat/completions (stream): 794 prompt tokens ·
                       temperature: 0, greedy (req), max_tokens: 256 (req),
                       min_tokens: 256 (req)
16:12:27.769 INFO:     #90 chat/completions (stream): 256 tokens generated at
                       74.3 T/s · prompt 1,173 tokens, none cached, 1,173 new in
                       0.35 s (3,351 T/s) · first token 0.36 s, total 3.80 s ·
                       draft 148/216 accepted (69%) · max_tokens reached
16:12:27.837 INFO:     #98 chat/completions (stream): 440 prompt tokens ·
                       temperature: 0, greedy (req), max_tokens: 256 (req),
                       min_tokens: 256 (req)
16:12:27.991 INFO:     #92 chat/completions (stream): 256 tokens generated at
                       82.6 T/s · prompt 100 tokens, none cached, 100 new in
                       0.10 s · first token 0.11 s, total 3.21 s · draft 154/204
                       accepted (75%) · max_tokens reached
16:12:28.166 INFO:     #99 chat/completions (stream): 65 prompt tokens ·
                       temperature: 0, greedy (req), max_tokens: 256 (req),
                       min_tokens: 256 (req)
16:12:28.527 INFO:     #95 chat/completions (stream): 256 tokens generated at
                       82.3 T/s · prompt 64 tokens, none cached, 64 new in 0.07
                       s · first token 0.07 s, total 3.19 s · draft 155/202
                       accepted (77%) · max_tokens reached
16:12:28.549 INFO:     #93 chat/completions (stream): 256 tokens generated at
                       74.3 T/s · prompt 110 tokens, none cached, 110 new in
                       0.10 s · first token 0.11 s, total 3.55 s · draft 148/216
                       accepted (69%) · max_tokens reached
16:12:28.549 INFO:     #94 chat/completions (stream): 256 tokens generated at
                       77.0 T/s · prompt 112 tokens, none cached, 112 new in
                       0.09 s · first token 0.10 s, total 3.42 s · draft 149/214
                       accepted (70%) · max_tokens reached
16:12:28.590 INFO:     #100 chat/completions (stream): 1,320 prompt tokens ·
                       temperature: 0, greedy (req), max_tokens: 256 (req),
                       min_tokens: 256 (req)
16:12:28.884 INFO:     #101 chat/completions (stream): 795 prompt tokens ·
                       temperature: 0, greedy (req), max_tokens: 256 (req),
                       min_tokens: 256 (req)
16:12:28.886 INFO:     #102 chat/completions (stream): 267 prompt tokens ·
                       temperature: 0, greedy (req), max_tokens: 256 (req),
                       min_tokens: 256 (req)
16:12:29.386 INFO:     #91 chat/completions (stream): 256 tokens generated at
                       62.0 T/s · prompt 65 tokens, none cached, 65 new in 0.08
                       s · first token 0.09 s, total 4.21 s · draft 128/256
                       accepted (50%) · max_tokens reached
16:12:29.477 INFO:     #103 chat/completions (stream): 300 prompt tokens ·
                       temperature: 0, greedy (req), max_tokens: 256 (req),
                       min_tokens: 256 (req)
16:12:29.832 INFO:     #97 chat/completions (stream): 256 tokens generated at
                       68.9 T/s · prompt 794 tokens, none cached, 794 new in
                       0.24 s (3,308 T/s) · first token 0.25 s, total 3.96 s ·
                       draft 154/205 accepted (75%) · max_tokens reached
16:12:29.856 INFO:     #96 chat/completions (stream): 256 tokens generated at
                       63.1 T/s · prompt 63 tokens, none cached, 63 new in 0.07
                       s · first token 0.08 s, total 4.13 s · draft 149/215
                       accepted (69%) · max_tokens reached
16:12:29.904 INFO:     #104 chat/completions (stream): 73 prompt tokens ·
                       temperature: 0, greedy (req), max_tokens: 256 (req),
                       min_tokens: 256 (req)
16:12:30.013 INFO:     #105 chat/completions (stream): 64 prompt tokens ·
                       temperature: 0, greedy (req), max_tokens: 256 (req),
                       min_tokens: 256 (req)
16:12:31.915 INFO:     #98 chat/completions (stream): 256 tokens generated at
                       68.7 T/s · prompt 440 tokens, none cached, 440 new in
                       0.25 s (1,760 T/s) · first token 0.26 s, total 3.98 s ·
                       draft 149/215 accepted (69%) · max_tokens reached
16:12:31.982 INFO:     #106 chat/completions (stream): 121 prompt tokens ·
                       temperature: 0, greedy (req), max_tokens: 256 (req),
                       min_tokens: 256 (req)
16:12:32.110 INFO:     #99 chat/completions (stream): 256 tokens generated at
                       69.7 T/s · prompt 65 tokens, none cached, 65 new in 0.07
                       s · first token 0.08 s, total 3.75 s · draft 148/217
                       accepted (68%) · max_tokens reached
16:12:32.183 INFO:     #108 chat/completions (stream): 464 prompt tokens ·
                       temperature: 0, greedy (req), max_tokens: 256 (req),
                       min_tokens: 256 (req)
16:12:32.538 INFO:     #101 chat/completions (stream): 256 tokens generated at
                       85.4 T/s · prompt 795 tokens, none cached, 795 new in
                       0.38 s (2,092 T/s) · first token 0.45 s, total 3.45 s ·
                       draft 157/198 accepted (79%) · max_tokens reached
16:12:32.610 INFO:     #109 chat/completions (stream): 443 prompt tokens ·
                       temperature: 0, greedy (req), max_tokens: 256 (req),
                       min_tokens: 256 (req)
16:12:32.910 INFO:     #102 chat/completions (stream): 256 tokens generated at
                       78.9 T/s · prompt 267 tokens, none cached, 267 new in
                       0.20 s (1,335 T/s) · queued 0.26 s, first token 0.46 s,
                       total 3.70 s · draft 151/210 accepted (72%) · max_tokens
                       reached
16:12:32.982 INFO:     #110 chat/completions (stream): 74 prompt tokens ·
                       temperature: 0, greedy (req), max_tokens: 256 (req),
                       min_tokens: 256 (req)
16:12:33.194 INFO:     #100 chat/completions (stream): 256 tokens generated at
                       66.7 T/s · prompt 1,320 tokens, none cached, 1,320 new in
                       0.67 s (1,970 T/s) · first token 0.68 s, total 4.52 s ·
                       draft 141/230 accepted (61%) · max_tokens reached
16:12:33.214 INFO:     #103 chat/completions (stream): 256 tokens generated at
                       74.5 T/s · prompt 300 tokens, none cached, 300 new in
                       0.22 s (1,364 T/s) · first token 0.23 s, total 3.66 s ·
                       draft 147/218 accepted (67%) · max_tokens reached
16:12:33.234 INFO:     #104 chat/completions (stream): 256 tokens generated at
                       80.8 T/s · prompt 73 tokens, none cached, 73 new in 0.08
                       s · first token 0.09 s, total 3.25 s · draft 155/202
                       accepted (77%) · max_tokens reached
16:12:33.252 INFO:     #111 chat/completions (stream): 153 prompt tokens ·
                       temperature: 0, greedy (req), max_tokens: 256 (req),
                       min_tokens: 256 (req)
16:12:33.373 INFO:     #112 chat/completions (stream): 63 prompt tokens ·
                       temperature: 0, greedy (req), max_tokens: 256 (req),
                       min_tokens: 256 (req)
16:12:33.472 INFO:     #113 chat/completions (stream): 729 prompt tokens ·
                       temperature: 0, greedy (req), max_tokens: 256 (req),
                       min_tokens: 256 (req)
16:12:33.833 INFO:     #105 chat/completions (stream): 256 tokens generated at
                       75.7 T/s · prompt 64 tokens, none cached, 64 new in 0.07
                       s · first token 0.08 s, total 3.46 s · draft 149/214
                       accepted (70%) · max_tokens reached
16:12:33.904 INFO:     #114 chat/completions (stream): 789 prompt tokens ·
                       temperature: 0, greedy (req), max_tokens: 256 (req),
                       min_tokens: 256 (req)
16:12:35.797 INFO:     #106 chat/completions (stream): 256 tokens generated at
                       70.8 T/s · prompt 121 tokens, none cached, 121 new in
                       0.10 s · first token 0.11 s, total 3.72 s · draft 158/196
                       accepted (81%) · max_tokens reached
16:12:35.871 INFO:     #115 chat/completions (stream): 168 prompt tokens ·
                       temperature: 0, greedy (req), max_tokens: 256 (req),
                       min_tokens: 256 (req)
16:12:36.261 INFO:     #108 chat/completions (stream): 256 tokens generated at
                       68.9 T/s · prompt 464 tokens, none cached, 464 new in
                       0.26 s (1,785 T/s) · first token 0.26 s, total 3.98 s ·
                       draft 148/216 accepted (69%) · max_tokens reached
16:12:36.333 INFO:     #116 chat/completions (stream): 143 prompt tokens ·
                       temperature: 0, greedy (req), max_tokens: 256 (req),
                       min_tokens: 256 (req)
16:12:36.538 INFO:     #109 chat/completions (stream): 256 tokens generated at
                       73.9 T/s · prompt 443 tokens, none cached, 443 new in
                       0.25 s (1,772 T/s) · first token 0.26 s, total 3.72 s ·
                       draft 149/214 accepted (70%) · max_tokens reached
16:12:36.605 INFO:     #117 chat/completions (stream): 118 prompt tokens ·
                       temperature: 0, greedy (req), max_tokens: 256 (req),
                       min_tokens: 256 (req)
16:12:36.606 INFO:     #110 chat/completions (stream): 256 tokens generated at
                       74.2 T/s · prompt 74 tokens, none cached, 74 new in 0.08
                       s · first token 0.09 s, total 3.54 s · draft 151/210
                       accepted (72%) · max_tokens reached
16:12:36.778 INFO:     #118 chat/completions (stream): 273 prompt tokens ·
                       temperature: 0, greedy (req), max_tokens: 256 (req),
                       min_tokens: 256 (req)
16:12:36.930 INFO:     #111 chat/completions (stream): 256 tokens generated at
                       78.7 T/s · prompt 153 tokens, none cached, 153 new in
                       0.09 s · first token 0.10 s, total 3.35 s · draft 156/200
                       accepted (78%) · max_tokens reached
16:12:37.016 INFO:     #119 chat/completions (stream): 87 prompt tokens ·
                       temperature: 0, greedy (req), max_tokens: 256 (req),
                       min_tokens: 256 (req)
16:12:37.336 INFO:     #112 chat/completions (stream): 256 tokens generated at
                       67.4 T/s · prompt 63 tokens, none cached, 63 new in 0.07
                       s · first token 0.08 s, total 3.87 s · draft 144/224
                       accepted (64%) · max_tokens reached
16:12:37.337 INFO:     #113 chat/completions (stream): 256 tokens generated at
                       73.5 T/s · prompt 729 tokens, none cached, 729 new in
                       0.29 s (2,514 T/s) · first token 0.29 s, total 3.78 s ·
                       draft 146/220 accepted (66%) · max_tokens reached
16:12:37.400 INFO:     #120 chat/completions (stream): 130 prompt tokens ·
                       temperature: 0, greedy (req), max_tokens: 256 (req),
                       min_tokens: 256 (req)
16:12:37.401 INFO:     #121 chat/completions (stream): 63 prompt tokens ·
                       temperature: 0, greedy (req), max_tokens: 256 (req),
                       min_tokens: 256 (req)
16:12:37.670 INFO:     #114 chat/completions (stream): 256 tokens generated at
                       79.2 T/s · prompt 789 tokens, none cached, 789 new in
                       0.24 s (3,288 T/s) · first token 0.25 s, total 3.48 s ·
                       draft 147/218 accepted (67%) · max_tokens reached
16:12:37.741 INFO:     #122 chat/completions (stream): 67 prompt tokens ·
                       temperature: 0, greedy (req), max_tokens: 256 (req),
                       min_tokens: 256 (req)
16:12:39.135 INFO:     #115 chat/completions (stream): 256 tokens generated at
                       83.4 T/s · prompt 168 tokens, none cached, 168 new in
                       0.09 s · first token 0.10 s, total 3.16 s · draft 159/194
                       accepted (82%) · max_tokens reached
16:12:39.207 INFO:     #123 chat/completions (stream): 61 prompt tokens ·
                       temperature: 0, greedy (req), max_tokens: 256 (req),
                       min_tokens: 256 (req)
16:12:39.853 INFO:     #119 chat/completions (stream): 256 tokens generated at
                       96.5 T/s · prompt 87 tokens, none cached, 87 new in 0.08
                       s · first token 0.09 s, total 2.74 s · draft 163/186
                       accepted (88%) · max_tokens reached
16:12:39.924 INFO:     #124 chat/completions (stream): 96 prompt tokens ·
                       temperature: 0, greedy (req), max_tokens: 256 (req),
                       min_tokens: 256 (req)
16:12:40.080 INFO:     #118 chat/completions (stream): 256 tokens generated at
                       86.7 T/s · prompt 273 tokens, none cached, 273 new in
                       0.16 s (1,706 T/s) · first token 0.16 s, total 3.12 s ·
                       draft 154/204 accepted (75%) · max_tokens reached
16:12:40.103 INFO:     #116 chat/completions (stream): 256 tokens generated at
                       73.7 T/s · prompt 143 tokens, none cached, 143 new in
                       0.11 s · first token 0.12 s, total 3.59 s · draft 142/228
                       accepted (62%) · max_tokens reached
16:12:40.147 INFO:     #125 chat/completions (stream): 497 prompt tokens ·
                       temperature: 0, greedy (req), max_tokens: 256 (req),
                       min_tokens: 256 (req)
16:12:40.299 INFO:     #126 chat/completions (stream): 357 prompt tokens ·
                       temperature: 0, greedy (req), max_tokens: 256 (req),
                       min_tokens: 256 (req)
16:12:40.708 INFO:     #120 chat/completions (stream): 256 tokens generated at
                       100.7 T/s · prompt 130 tokens, none cached, 130 new in
                       0.19 s · first token 0.20 s, total 2.74 s · draft 163/186
                       accepted (88%) · max_tokens reached
16:12:40.771 INFO:     #127 chat/completions (stream): 82 prompt tokens ·
                       temperature: 0, greedy (req), max_tokens: 256 (req),
                       min_tokens: 256 (req)
16:12:40.881 INFO:     #117 chat/completions (stream): 256 tokens generated at
                       64.1 T/s · prompt 118 tokens, none cached, 118 new in
                       0.10 s · first token 0.11 s, total 4.10 s · draft 139/234
                       accepted (59%) · max_tokens reached
16:12:40.951 INFO:     #128 chat/completions (stream): 851 prompt tokens ·
                       temperature: 0, greedy (req), max_tokens: 256 (req),
                       min_tokens: 256 (req)
16:12:41.472 INFO:     #121 chat/completions (stream): 256 tokens generated at
                       68.0 T/s · prompt 63 tokens, none cached, 63 new in 0.07
                       s · queued 0.13 s, first token 0.20 s, total 3.97 s ·
                       draft 146/220 accepted (66%) · max_tokens reached
16:12:41.473 INFO:     #122 chat/completions (stream): 256 tokens generated at
                       72.2 T/s · prompt 67 tokens, none cached, 67 new in 0.07
                       s · first token 0.08 s, total 3.62 s · draft 152/208
                       accepted (73%) · max_tokens reached
16:12:41.541 INFO:     #129 chat/completions (stream): 62 prompt tokens ·
                       temperature: 0, greedy (req), max_tokens: 256 (req),
                       min_tokens: 256 (req)
16:12:41.542 INFO:     #130 chat/completions (stream): 121 prompt tokens ·
                       temperature: 0, greedy (req), max_tokens: 256 (req),
                       min_tokens: 256 (req)
16:12:43.175 INFO:     #123 chat/completions (stream): 256 tokens generated at
                       67.4 T/s · prompt 61 tokens, none cached, 61 new in 0.07
                       s · first token 0.08 s, total 3.87 s · draft 147/218
                       accepted (67%) · max_tokens reached
16:12:43.247 INFO:     #131 chat/completions (stream): 95 prompt tokens ·
                       temperature: 0, greedy (req), max_tokens: 256 (req),
                       min_tokens: 256 (req)
16:12:43.596 INFO:     #124 chat/completions (stream): 256 tokens generated at
                       73.5 T/s · prompt 96 tokens, none cached, 96 new in 0.09
                       s · first token 0.10 s, total 3.58 s · draft 159/194
                       accepted (82%) · max_tokens reached
16:12:43.667 INFO:     #132 chat/completions (stream): 61 prompt tokens ·
                       temperature: 0, greedy (req), max_tokens: 256 (req),
                       min_tokens: 256 (req)
16:12:44.035 INFO:     #125 chat/completions (stream): 256 tokens generated at
                       75.5 T/s · prompt 497 tokens, none cached, 497 new in
                       0.40 s (1,242 T/s) · first token 0.40 s, total 3.80 s ·
                       draft 151/210 accepted (72%) · max_tokens reached
16:12:44.082 INFO:     #127 chat/completions (stream): 256 tokens generated at
                       81.8 T/s · prompt 82 tokens, none cached, 82 new in 0.08
                       s · first token 0.09 s, total 3.22 s · draft 155/202
                       accepted (77%) · max_tokens reached
16:12:44.105 INFO:     #133 chat/completions (stream): 1,431 prompt tokens ·
                       temperature: 0, greedy (req), max_tokens: 256 (req),
                       min_tokens: 256 (req)
16:12:44.510 INFO:     #134 chat/completions (stream): 670 prompt tokens ·
                       temperature: 0, greedy (req), max_tokens: 256 (req),
                       min_tokens: 256 (req)
16:12:44.806 INFO:     #126 chat/completions (stream): 256 tokens generated at
                       74.5 T/s · prompt 357 tokens, none cached, 357 new in
                       0.25 s (1,428 T/s) · queued 0.12 s, first token 0.37 s,
                       total 3.80 s · draft 145/222 accepted (65%) · max_tokens
                       reached
16:12:44.875 INFO:     #135 chat/completions (stream): 393 prompt tokens ·
                       temperature: 0, greedy (req), max_tokens: 256 (req),
                       min_tokens: 256 (req)
16:12:45.030 INFO:     #128 chat/completions (stream): 256 tokens generated at
                       72.1 T/s · prompt 851 tokens, none cached, 851 new in
                       0.30 s (2,837 T/s) · first token 0.30 s, total 3.86 s ·
                       draft 151/210 accepted (72%) · max_tokens reached
16:12:45.205 INFO:     #136 chat/completions (stream): 242 prompt tokens ·
                       temperature: 0, greedy (req), max_tokens: 256 (req),
                       min_tokens: 256 (req)
16:12:45.348 INFO:     #130 chat/completions (stream): 256 tokens generated at
                       77.4 T/s · prompt 121 tokens, none cached, 121 new in
                       0.10 s · first token 0.18 s, total 3.49 s · draft 159/194
                       accepted (82%) · max_tokens reached
16:12:45.419 INFO:     #137 chat/completions (stream): 199 prompt tokens ·
                       temperature: 0, greedy (req), max_tokens: 256 (req),
                       min_tokens: 256 (req)
16:12:45.719 INFO:     #129 chat/completions (stream): 256 tokens generated at
                       65.6 T/s · prompt 62 tokens, none cached, 62 new in 0.17
                       s · first token 0.18 s, total 4.09 s · draft 148/216
                       accepted (69%) · max_tokens reached
16:12:45.791 INFO:     #138 chat/completions (stream): 412 prompt tokens ·
                       temperature: 0, greedy (req), max_tokens: 256 (req),
                       min_tokens: 256 (req)
16:12:47.295 INFO:     #131 chat/completions (stream): 256 tokens generated at
                       66.3 T/s · prompt 95 tokens, none cached, 95 new in 0.09
                       s · first token 0.10 s, total 3.96 s · draft 155/202
                       accepted (77%) · max_tokens reached
16:12:47.367 INFO:     #140 chat/completions (stream): 109 prompt tokens ·
                       temperature: 0, greedy (req), max_tokens: 256 (req),
                       min_tokens: 256 (req)
16:12:48.095 INFO:     #133 chat/completions (stream): 256 tokens generated at
                       72.6 T/s · prompt 1,431 tokens, none cached, 1,431 new in
                       0.37 s (3,868 T/s) · first token 0.38 s, total 3.90 s ·
                       draft 155/202 accepted (77%) · max_tokens reached
16:12:48.096 INFO:     #136 chat/completions (stream): 256 tokens generated at
                       95.2 T/s · prompt 242 tokens, none cached, 242 new in
                       0.11 s · first token 0.12 s, total 2.80 s · draft 165/182
                       accepted (91%) · max_tokens reached
16:12:48.136 INFO:     #132 chat/completions (stream): 256 tokens generated at
                       59.3 T/s · prompt 61 tokens, none cached, 61 new in 0.07
                       s · first token 0.08 s, total 4.39 s · draft 137/238
                       accepted (58%) · max_tokens reached
16:12:48.136 INFO:     #134 chat/completions (stream): 256 tokens generated at
                       78.2 T/s · prompt 670 tokens, none cached, 670 new in
                       0.27 s (2,481 T/s) · first token 0.28 s, total 3.55 s ·
                       draft 155/202 accepted (77%) · max_tokens reached
16:12:48.155 INFO:     #141 chat/completions (stream): 92 prompt tokens ·
                       temperature: 0, greedy (req), max_tokens: 256 (req),
                       min_tokens: 256 (req)
16:12:48.157 INFO:     #142 chat/completions (stream): 98 prompt tokens ·
                       temperature: 0, greedy (req), max_tokens: 256 (req),
                       min_tokens: 256 (req)
16:12:48.386 INFO:     #143 chat/completions (stream): 91 prompt tokens ·
                       temperature: 0, greedy (req), max_tokens: 256 (req),
                       min_tokens: 256 (req)
16:12:48.389 INFO:     #144 chat/completions (stream): 774 prompt tokens ·
                       temperature: 0, greedy (req), max_tokens: 256 (req),
                       min_tokens: 256 (req)
16:12:49.184 INFO:     #137 chat/completions (stream): 256 tokens generated at
                       71.8 T/s · prompt 199 tokens, none cached, 199 new in
                       0.10 s · first token 0.11 s, total 3.67 s · draft 143/231
                       accepted (62%) · max_tokens reached
16:12:49.209 INFO:     #135 chat/completions (stream): 256 tokens generated at
                       64.4 T/s · prompt 393 tokens, none cached, 393 new in
                       0.26 s (1,512 T/s) · first token 0.27 s, total 4.24 s ·
                       draft 135/247 accepted (55%) · max_tokens reached
16:12:49.252 INFO:     #145 chat/completions (stream): 823 prompt tokens ·
                       temperature: 0, greedy (req), max_tokens: 256 (req),
                       min_tokens: 256 (req)
16:12:49.475 INFO:     #146 chat/completions (stream): 75 prompt tokens ·
                       temperature: 0, greedy (req), max_tokens: 256 (req),
                       min_tokens: 256 (req)
16:12:49.672 INFO:     #138 chat/completions (stream): 256 tokens generated at
                       80.2 T/s · prompt 412 tokens, none cached, 412 new in
                       0.24 s (1,717 T/s) · first token 0.25 s, total 3.44 s ·
                       draft 149/219 accepted (68%) · max_tokens reached
16:12:49.744 INFO:     #147 chat/completions (stream): 819 prompt tokens ·
                       temperature: 0, greedy (req), max_tokens: 256 (req),
                       min_tokens: 256 (req)
16:12:50.991 INFO:     #140 chat/completions (stream): 256 tokens generated at
                       74.7 T/s · prompt 109 tokens, none cached, 109 new in
                       0.09 s · first token 0.10 s, total 3.52 s · draft 159/199
                       accepted (80%) · max_tokens reached
16:12:51.065 INFO:     #148 chat/completions (stream): 125 prompt tokens ·
                       temperature: 0, greedy (req), max_tokens: 256 (req),
                       min_tokens: 256 (req)
16:12:51.859 INFO:     #142 chat/completions (stream): 256 tokens generated at
                       74.8 T/s · prompt 98 tokens, none cached, 98 new in 0.09
                       s · queued 0.10 s, first token 0.19 s, total 3.61 s ·
                       draft 157/198 accepted (79%) · max_tokens reached
16:12:51.884 INFO:     #143 chat/completions (stream): 256 tokens generated at
                       82.0 T/s · prompt 91 tokens, none cached, 91 new in 0.27
                       s · first token 0.28 s, total 3.40 s · draft 158/196
                       accepted (81%) · max_tokens reached
16:12:51.930 INFO:     #149 chat/completions (stream): 763 prompt tokens ·
                       temperature: 0, greedy (req), max_tokens: 256 (req),
                       min_tokens: 256 (req)
16:12:52.115 INFO:     #150 chat/completions (stream): 65 prompt tokens ·
                       temperature: 0, greedy (req), max_tokens: 256 (req),
                       min_tokens: 256 (req)
16:12:52.424 INFO:     #144 chat/completions (stream): 256 tokens generated at
                       70.6 T/s · prompt 774 tokens, none cached, 774 new in
                       0.22 s (3,518 T/s) · first token 0.31 s, total 3.94 s ·
                       draft 151/210 accepted (72%) · max_tokens reached
16:12:52.496 INFO:     #151 chat/completions (stream): 536 prompt tokens ·
                       temperature: 0, greedy (req), max_tokens: 256 (req),
                       min_tokens: 256 (req)
16:12:53.016 INFO:     #141 chat/completions (stream): 256 tokens generated at
                       55.9 T/s · prompt 92 tokens, none cached, 92 new in 0.17
                       s · first token 0.18 s, total 4.77 s · draft 131/250
                       accepted (52%) · max_tokens reached
16:12:53.040 INFO:     #145 chat/completions (stream): 256 tokens generated at
                       77.1 T/s · prompt 823 tokens, none cached, 823 new in
                       0.37 s (2,224 T/s) · first token 0.38 s, total 3.70 s ·
                       draft 157/198 accepted (79%) · max_tokens reached
16:12:53.080 INFO:     #152 chat/completions (stream): 106 prompt tokens ·
                       temperature: 0, greedy (req), max_tokens: 256 (req),
                       min_tokens: 256 (req)
16:12:53.202 INFO:     #153 chat/completions (stream): 70 prompt tokens ·
                       temperature: 0, greedy (req), max_tokens: 256 (req),
                       min_tokens: 256 (req)
16:12:53.324 INFO:     #147 chat/completions (stream): 256 tokens generated at
                       84.5 T/s · prompt 819 tokens, none cached, 819 new in
                       0.28 s (2,925 T/s) · first token 0.28 s, total 3.32 s ·
                       draft 158/196 accepted (81%) · max_tokens reached
16:12:53.368 INFO:     #146 chat/completions (stream): 256 tokens generated at
                       71.7 T/s · prompt 75 tokens, none cached, 75 new in 0.08
                       s · first token 0.16 s, total 3.73 s · draft 150/212
                       accepted (71%) · max_tokens reached
16:12:53.391 INFO:     #154 chat/completions (stream): 1,053 prompt tokens ·
                       temperature: 0, greedy (req), max_tokens: 256 (req),
                       min_tokens: 256 (req)
16:12:53.718 INFO:     #155 chat/completions (stream): 1,100 prompt tokens ·
                       temperature: 0, greedy (req), max_tokens: 256 (req),
                       min_tokens: 256 (req)
16:12:54.869 INFO:     #148 chat/completions (stream): 256 tokens generated at
                       71.0 T/s · prompt 125 tokens, none cached, 125 new in
                       0.10 s · first token 0.11 s, total 3.71 s · draft 161/190
                       accepted (85%) · max_tokens reached
16:12:54.941 INFO:     #156 chat/completions (stream): 411 prompt tokens ·
                       temperature: 0, greedy (req), max_tokens: 256 (req),
                       min_tokens: 256 (req)
16:12:56.167 INFO:     #149 chat/completions (stream): 256 tokens generated at
                       68.0 T/s · prompt 763 tokens, none cached, 763 new in
                       0.37 s (2,062 T/s) · first token 0.38 s, total 4.14 s ·
                       draft 150/212 accepted (71%) · max_tokens reached
16:12:56.237 INFO:     #157 chat/completions (stream): 128 prompt tokens ·
                       temperature: 0, greedy (req), max_tokens: 256 (req),
                       min_tokens: 256 (req)
16:12:56.497 INFO:     #150 chat/completions (stream): 256 tokens generated at
                       62.8 T/s · prompt 65 tokens, none cached, 65 new in 0.07
                       s · queued 0.12 s, first token 0.19 s, total 4.27 s ·
                       draft 141/230 accepted (61%) · max_tokens reached
16:12:56.562 INFO:     #158 chat/completions (stream): 84 prompt tokens ·
                       temperature: 0, greedy (req), max_tokens: 256 (req),
                       min_tokens: 256 (req)
16:12:56.673 INFO:     #151 chat/completions (stream): 256 tokens generated at
                       67.5 T/s · prompt 536 tokens, none cached, 536 new in
                       0.20 s (2,680 T/s) · first token 0.21 s, total 4.00 s ·
                       draft 146/220 accepted (66%) · max_tokens reached
16:12:56.745 INFO:     #159 chat/completions (stream): 74 prompt tokens ·
                       temperature: 0, greedy (req), max_tokens: 256 (req),
                       min_tokens: 256 (req)
16:12:57.002 INFO:     #152 chat/completions (stream): 256 tokens generated at
                       68.4 T/s · prompt 106 tokens, none cached, 106 new in
                       0.09 s · first token 0.10 s, total 3.84 s · draft 151/210
                       accepted (72%) · max_tokens reached
16:12:57.002 INFO:     #155 chat/completions (stream): 256 tokens generated at
                       89.2 T/s · prompt 1,100 tokens, none cached, 1,100 new in
                       0.33 s (3,333 T/s) · first token 0.34 s, total 3.21 s ·
                       draft 160/192 accepted (83%) · max_tokens reached
16:12:57.039 INFO:     #153 chat/completions (stream): 256 tokens generated at
                       69.5 T/s · prompt 70 tokens, none cached, 70 new in 0.08
                       s · first token 0.08 s, total 3.77 s · draft 150/212
                       accepted (71%) · max_tokens reached
16:12:57.057 INFO:     #160 chat/completions (stream): 61 prompt tokens ·
                       temperature: 0, greedy (req), max_tokens: 256 (req),
                       min_tokens: 256 (req)
16:12:57.059 INFO:     #161 chat/completions (stream): 80 prompt tokens ·
                       temperature: 0, greedy (req), max_tokens: 256 (req),
                       min_tokens: 256 (req)
16:12:57.260 INFO:     #162 chat/completions (stream): 112 prompt tokens ·
                       temperature: 0, greedy (req), max_tokens: 256 (req),
                       min_tokens: 256 (req)
16:12:57.522 INFO:     #154 chat/completions (stream): 256 tokens generated at
                       68.9 T/s · prompt 1,053 tokens, none cached, 1,053 new in
                       0.29 s (3,631 T/s) · first token 0.30 s, total 4.01 s ·
                       draft 147/218 accepted (67%) · max_tokens reached
16:12:57.593 INFO:     #163 chat/completions (stream): 83 prompt tokens ·
                       temperature: 0, greedy (req), max_tokens: 256 (req),
                       min_tokens: 256 (req)
16:12:58.382 INFO:     #156 chat/completions (stream): 256 tokens generated at
                       82.7 T/s · prompt 411 tokens, none cached, 411 new in
                       0.24 s (1,712 T/s) · first token 0.25 s, total 3.34 s ·
                       draft 155/202 accepted (77%) · max_tokens reached
16:12:58.478 INFO:     #164 chat/completions (stream): 100 prompt tokens ·
                       temperature: 0, greedy (req), max_tokens: 256 (req),
                       min_tokens: 256 (req)
16:12:59.288 INFO:     #157 chat/completions (stream): 256 tokens generated at
                       89.7 T/s · prompt 128 tokens, none cached, 128 new in
                       0.10 s · first token 0.11 s, total 2.96 s · draft 165/182
                       accepted (91%) · max_tokens reached
16:12:59.360 INFO:     #165 chat/completions (stream): 127 prompt tokens ·
                       temperature: 0, greedy (req), max_tokens: 256 (req),
                       min_tokens: 256 (req)
16:13:00.099 INFO:     #161 chat/completions (stream): 256 tokens generated at
                       91.7 T/s · prompt 80 tokens, none cached, 80 new in 0.08
                       s · first token 0.16 s, total 2.95 s · draft 160/192
                       accepted (83%) · max_tokens reached
16:13:00.157 INFO:     #166 chat/completions (stream): 90 prompt tokens ·
                       temperature: 0, greedy (req), max_tokens: 256 (req),
                       min_tokens: 256 (req)
16:13:00.267 INFO:     #162 chat/completions (stream): 256 tokens generated at
                       93.5 T/s · prompt 112 tokens, none cached, 112 new in
                       0.10 s · first token 0.10 s, total 2.84 s · draft 158/196
                       accepted (81%) · max_tokens reached
16:13:00.286 INFO:     #158 chat/completions (stream): 256 tokens generated at
                       73.8 T/s · prompt 84 tokens, none cached, 84 new in 0.08
                       s · first token 0.09 s, total 3.55 s · draft 140/232
                       accepted (60%) · max_tokens reached
16:13:00.324 INFO:     #167 chat/completions (stream): 63 prompt tokens ·
                       temperature: 0, greedy (req), max_tokens: 256 (req),
                       min_tokens: 256 (req)
16:13:00.420 INFO:     #168 chat/completions (stream): 104 prompt tokens ·
                       temperature: 0, greedy (req), max_tokens: 256 (req),
                       min_tokens: 256 (req)
16:13:00.421 INFO:     #160 chat/completions (stream): 256 tokens generated at
                       83.9 T/s · prompt 61 tokens, none cached, 61 new in 0.15
                       s · first token 0.16 s, total 3.21 s · draft 152/208
                       accepted (73%) · max_tokens reached
16:13:00.587 INFO:     #169 chat/completions (stream): 80 prompt tokens ·
                       temperature: 0, greedy (req), max_tokens: 256 (req),
                       min_tokens: 256 (req)
16:13:00.876 INFO:     #159 chat/completions (stream): 256 tokens generated at
                       64.7 T/s · prompt 74 tokens, none cached, 74 new in 0.08
                       s · first token 0.08 s, total 4.04 s · draft 129/254
                       accepted (51%) · max_tokens reached
16:13:00.945 INFO:     #170 chat/completions (stream): 82 prompt tokens ·
                       temperature: 0, greedy (req), max_tokens: 256 (req),
                       min_tokens: 256 (req)
16:13:01.077 INFO:     #163 chat/completions (stream): 256 tokens generated at
                       79.6 T/s · prompt 83 tokens, none cached, 83 new in 0.08
                       s · first token 0.09 s, total 3.30 s · draft 146/220
                       accepted (66%) · max_tokens reached
16:13:01.151 INFO:     #171 chat/completions (stream): 809 prompt tokens ·
                       temperature: 0, greedy (req), max_tokens: 256 (req),
                       min_tokens: 256 (req)
16:13:01.770 INFO:     #164 chat/completions (stream): 256 tokens generated at
                       82.6 T/s · prompt 100 tokens, none cached, 100 new in
                       0.09 s · first token 0.10 s, total 3.19 s · draft 159/194
                       accepted (82%) · max_tokens reached
16:13:01.844 INFO:     #172 chat/completions (stream): 77 prompt tokens ·
                       temperature: 0, greedy (req), max_tokens: 256 (req),
                       min_tokens: 256 (req)
16:13:02.569 INFO:     #165 chat/completions (stream): 256 tokens generated at
                       85.1 T/s · prompt 127 tokens, none cached, 127 new in
                       0.10 s · first token 0.11 s, total 3.11 s · draft 163/186
                       accepted (88%) · max_tokens reached
16:13:02.641 INFO:     #174 chat/completions (stream): 64 prompt tokens ·
                       temperature: 0, greedy (req), max_tokens: 256 (req),
                       min_tokens: 256 (req)
16:13:03.667 INFO:     #166 chat/completions (stream): 256 tokens generated at
                       77.0 T/s · prompt 90 tokens, none cached, 90 new in 0.08
                       s · first token 0.09 s, total 3.41 s · draft 151/210
                       accepted (72%) · max_tokens reached
16:13:03.737 INFO:     #175 chat/completions (stream): 104 prompt tokens ·
                       temperature: 0, greedy (req), max_tokens: 256 (req),
                       min_tokens: 256 (req)
16:13:03.976 INFO:     #167 chat/completions (stream): 256 tokens generated at
                       73.5 T/s · prompt 63 tokens, none cached, 63 new in 0.07
                       s · first token 0.08 s, total 3.56 s · draft 146/220
                       accepted (66%) · max_tokens reached
16:13:04.045 INFO:     #176 chat/completions (stream): 66 prompt tokens ·
                       temperature: 0, greedy (req), max_tokens: 256 (req),
                       min_tokens: 256 (req)
16:13:04.045 INFO:     #168 chat/completions (stream): 256 tokens generated at
                       74.6 T/s · prompt 104 tokens, none cached, 104 new in
                       0.09 s · first token 0.10 s, total 3.53 s · draft 144/224
                       accepted (64%) · max_tokens reached
16:13:04.200 INFO:     #177 chat/completions (stream): 786 prompt tokens ·
                       temperature: 0, greedy (req), max_tokens: 256 (req),
                       min_tokens: 256 (req)
16:13:04.605 INFO:     #169 chat/completions (stream): 256 tokens generated at
                       66.7 T/s · prompt 80 tokens, none cached, 80 new in 0.08
                       s · first token 0.08 s, total 3.92 s · draft 136/240
                       accepted (57%) · max_tokens reached
16:13:04.675 INFO:     #178 chat/completions (stream): 67 prompt tokens ·
                       temperature: 0, greedy (req), max_tokens: 256 (req),
                       min_tokens: 256 (req)
16:13:04.824 INFO:     #171 chat/completions (stream): 256 tokens generated at
                       79.5 T/s · prompt 809 tokens, none cached, 809 new in
                       0.27 s (2,996 T/s) · first token 0.28 s, total 3.50 s ·
                       draft 148/216 accepted (69%) · max_tokens reached
16:13:04.899 INFO:     #179 chat/completions (stream): 831 prompt tokens ·
                       temperature: 0, greedy (req), max_tokens: 256 (req),
                       min_tokens: 256 (req)
16:13:05.247 INFO:     #170 chat/completions (stream): 256 tokens generated at
                       66.2 T/s · prompt 82 tokens, none cached, 82 new in 0.08
                       s · first token 0.09 s, total 3.95 s · draft 135/242
                       accepted (56%) · max_tokens reached
16:13:05.271 INFO:     #172 chat/completions (stream): 256 tokens generated at
                       80.5 T/s · prompt 77 tokens, none cached, 77 new in 0.08
                       s · first token 0.09 s, total 3.26 s · draft 157/198
                       accepted (79%) · max_tokens reached
16:13:05.315 INFO:     #180 chat/completions (stream): 731 prompt tokens ·
                       temperature: 0, greedy (req), max_tokens: 256 (req),
                       min_tokens: 256 (req)
16:13:05.492 INFO:     #181 chat/completions (stream): 87 prompt tokens ·
                       temperature: 0, greedy (req), max_tokens: 256 (req),
                       min_tokens: 256 (req)
16:13:06.306 INFO:     #174 chat/completions (stream): 256 tokens generated at
                       73.3 T/s · prompt 64 tokens, none cached, 64 new in 0.07
                       s · first token 0.08 s, total 3.57 s · draft 157/198
                       accepted (79%) · max_tokens reached
16:13:06.381 INFO:     #182 chat/completions (stream): 1,138 prompt tokens ·
                       temperature: 0, greedy (req), max_tokens: 256 (req),
                       min_tokens: 256 (req)
16:13:07.471 INFO:     #175 chat/completions (stream): 256 tokens generated at
                       72.3 T/s · prompt 104 tokens, none cached, 104 new in
                       0.09 s · first token 0.10 s, total 3.64 s · draft 165/182
                       accepted (91%) · max_tokens reached
16:13:07.544 INFO:     #183 chat/completions (stream): 128 prompt tokens ·
                       temperature: 0, greedy (req), max_tokens: 256 (req),
                       min_tokens: 256 (req)
16:13:08.180 INFO:     #176 chat/completions (stream): 256 tokens generated at
                       64.6 T/s · prompt 66 tokens, none cached, 66 new in 0.07
                       s · first token 0.08 s, total 4.04 s · draft 149/214
                       accepted (70%) · max_tokens reached
16:13:08.247 INFO:     #184 chat/completions (stream): 592 prompt tokens ·
                       temperature: 0, greedy (req), max_tokens: 256 (req),
                       min_tokens: 256 (req)
16:13:08.423 INFO:     #177 chat/completions (stream): 256 tokens generated at
                       68.4 T/s · prompt 786 tokens, none cached, 786 new in
                       0.23 s (3,417 T/s) · first token 0.23 s, total 3.98 s ·
                       draft 149/214 accepted (70%) · max_tokens reached
16:13:08.608 INFO:     #185 chat/completions (stream): 63 prompt tokens ·
                       temperature: 0, greedy (req), max_tokens: 256 (req),
                       min_tokens: 256 (req)
16:13:08.937 INFO:     #178 chat/completions (stream): 256 tokens generated at
                       62.5 T/s · prompt 67 tokens, none cached, 67 new in 0.07
                       s · first token 0.08 s, total 4.17 s · draft 145/222
                       accepted (65%) · max_tokens reached
16:13:08.957 INFO:     #180 chat/completions (stream): 256 tokens generated at
                       80.3 T/s · prompt 731 tokens, none cached, 731 new in
                       0.37 s (1,976 T/s) · first token 0.38 s, total 3.56 s ·
                       draft 158/196 accepted (81%) · max_tokens reached
16:13:08.996 INFO:     #186 chat/completions (stream): 654 prompt tokens ·
                       temperature: 0, greedy (req), max_tokens: 256 (req),
                       min_tokens: 256 (req)
16:13:08.997 INFO:     #181 chat/completions (stream): 256 tokens generated at
                       79.3 T/s · prompt 87 tokens, none cached, 87 new in 0.08
                       s · queued 0.11 s, first token 0.19 s, total 3.42 s ·
                       draft 156/200 accepted (78%) · max_tokens reached
16:13:09.173 INFO:     #187 chat/completions (stream): 586 prompt tokens ·
                       temperature: 0, greedy (req), max_tokens: 256 (req),
                       min_tokens: 256 (req)
16:13:09.565 INFO:     #188 chat/completions (stream): 212 prompt tokens ·
                       temperature: 0, greedy (req), max_tokens: 256 (req),
                       min_tokens: 256 (req)
16:13:10.136 INFO:     #179 chat/completions (stream): 256 tokens generated at
                       52.7 T/s · prompt 831 tokens, none cached, 831 new in
                       0.28 s (2,968 T/s) · first token 0.29 s, total 5.14 s ·
                       draft 127/258 accepted (49%) · max_tokens reached
16:13:10.212 INFO:     #189 chat/completions (stream): 960 prompt tokens ·
                       temperature: 0, greedy (req), max_tokens: 256 (req),
                       min_tokens: 256 (req)
16:13:10.722 INFO:     #182 chat/completions (stream): 256 tokens generated at
                       66.2 T/s · prompt 1,138 tokens, none cached, 1,138 new in
                       0.37 s (3,076 T/s) · first token 0.38 s, total 4.25 s ·
                       draft 152/208 accepted (73%) · max_tokens reached
16:13:10.794 INFO:     #190 chat/completions (stream): 77 prompt tokens ·
                       temperature: 0, greedy (req), max_tokens: 256 (req),
                       min_tokens: 256 (req)
16:13:11.366 INFO:     #183 chat/completions (stream): 256 tokens generated at
                       70.7 T/s · prompt 128 tokens, none cached, 128 new in
                       0.10 s · first token 0.11 s, total 3.73 s · draft 161/190
                       accepted (85%) · max_tokens reached
16:13:11.451 INFO:     #191 chat/completions (stream): 819 prompt tokens ·
                       temperature: 0, greedy (req), max_tokens: 256 (req),
                       min_tokens: 256 (req)
16:13:12.589 INFO:     #184 chat/completions (stream): 256 tokens generated at
                       64.6 T/s · prompt 592 tokens, none cached, 592 new in
                       0.28 s (2,114 T/s) · first token 0.29 s, total 4.25 s ·
                       draft 148/216 accepted (69%) · max_tokens reached
16:13:12.664 INFO:     #192 chat/completions (stream): 780 prompt tokens ·
                       temperature: 0, greedy (req), max_tokens: 256 (req),
                       min_tokens: 256 (req)
16:13:13.149 INFO:     #185 chat/completions (stream): 256 tokens generated at
                       58.5 T/s · prompt 63 tokens, none cached, 63 new in 0.07
                       s · first token 0.08 s, total 4.45 s · draft 137/238
                       accepted (58%) · max_tokens reached
16:13:13.149 INFO:     #188 chat/completions (stream): 256 tokens generated at
                       75.6 T/s · prompt 212 tokens, none cached, 212 new in
                       0.10 s · first token 0.11 s, total 3.49 s · draft 154/204
                       accepted (75%) · max_tokens reached
16:13:13.210 INFO:     #193 chat/completions (stream): 134 prompt tokens ·
                       temperature: 0, greedy (req), max_tokens: 256 (req),
                       min_tokens: 256 (req)
16:13:13.212 INFO:     #194 chat/completions (stream): 695 prompt tokens ·
                       temperature: 0, greedy (req), max_tokens: 256 (req),
                       min_tokens: 256 (req)
16:13:13.627 INFO:     #187 chat/completions (stream): 256 tokens generated at
                       70.6 T/s · prompt 586 tokens, none cached, 586 new in
                       0.25 s (2,344 T/s) · queued 0.12 s, first token 0.37 s,
                       total 3.99 s · draft 148/216 accepted (69%) · max_tokens
                       reached
16:13:13.699 INFO:     #195 chat/completions (stream): 88 prompt tokens ·
                       temperature: 0, greedy (req), max_tokens: 256 (req),
                       min_tokens: 256 (req)
16:13:14.031 INFO:     #186 chat/completions (stream): 256 tokens generated at
                       57.0 T/s · prompt 654 tokens, none cached, 654 new in
                       0.44 s (1,486 T/s) · first token 0.45 s, total 4.94 s ·
                       draft 134/244 accepted (55%) · max_tokens reached
16:13:14.108 INFO:     #196 chat/completions (stream): 516 prompt tokens ·
                       temperature: 0, greedy (req), max_tokens: 256 (req),
                       min_tokens: 256 (req)
16:13:14.666 INFO:     #190 chat/completions (stream): 256 tokens generated at
                       69.3 T/s · prompt 77 tokens, none cached, 77 new in 0.08
                       s · first token 0.09 s, total 3.78 s · draft 150/212
                       accepted (71%) · max_tokens reached
16:13:14.732 INFO:     #197 chat/completions (stream): 93 prompt tokens ·
                       temperature: 0, greedy (req), max_tokens: 256 (req),
                       min_tokens: 256 (req)
16:13:14.733 INFO:     #189 chat/completions (stream): 256 tokens generated at
                       62.6 T/s · prompt 960 tokens, none cached, 960 new in
                       0.34 s (2,824 T/s) · first token 0.35 s, total 4.43 s ·
                       draft 137/238 accepted (58%) · max_tokens reached
16:13:14.899 INFO:     #198 chat/completions (stream): 775 prompt tokens ·
                       temperature: 0, greedy (req), max_tokens: 256 (req),
                       min_tokens: 256 (req)
16:13:15.798 INFO:     #191 chat/completions (stream): 256 tokens generated at
                       64.5 T/s · prompt 819 tokens, none cached, 819 new in
                       0.27 s (3,033 T/s) · first token 0.28 s, total 4.25 s ·
                       draft 140/232 accepted (60%) · max_tokens reached
16:13:15.872 INFO:     #199 chat/completions (stream): 386 prompt tokens ·
                       temperature: 0, greedy (req), max_tokens: 256 (req),
                       min_tokens: 256 (req)
16:13:16.794 INFO:     #193 chat/completions (stream): 256 tokens generated at
                       79.5 T/s · prompt 134 tokens, none cached, 134 new in
                       0.26 s · first token 0.27 s, total 3.49 s · draft 162/188
                       accepted (86%) · max_tokens reached
16:13:16.862 INFO:     #200 chat/completions (stream): 123 prompt tokens ·
                       temperature: 0, greedy (req), max_tokens: 256 (req),
                       min_tokens: 256 (req)
16:13:16.863 INFO:     #192 chat/completions (stream): 256 tokens generated at
                       66.4 T/s · prompt 780 tokens, none cached, 780 new in
                       0.24 s (3,250 T/s) · first token 0.25 s, total 4.10 s ·
                       draft 146/220 accepted (66%) · max_tokens reached
16:13:17.038 INFO:     #201 chat/completions (stream): 78 prompt tokens ·
                       temperature: 0, greedy (req), max_tokens: 256 (req),
                       min_tokens: 256 (req)
16:13:17.336 INFO:     #194 chat/completions (stream): 256 tokens generated at
                       70.3 T/s · prompt 695 tokens, none cached, 695 new in
                       0.28 s (2,482 T/s) · queued 0.11 s, first token 0.39 s,
                       total 4.04 s · draft 148/216 accepted (69%) · max_tokens
                       reached
16:13:17.359 INFO:     #195 chat/completions (stream): 256 tokens generated at
                       73.5 T/s · prompt 88 tokens, none cached, 88 new in 0.08
                       s · first token 0.09 s, total 3.57 s · draft 151/210
                       accepted (72%) · max_tokens reached
16:13:17.404 INFO:     #203 chat/completions (stream): 116 prompt tokens ·
                       temperature: 0, greedy (req), max_tokens: 256 (req),
                       min_tokens: 256 (req)
16:13:17.552 INFO:     #204 chat/completions (stream): 67 prompt tokens ·
                       temperature: 0, greedy (req), max_tokens: 256 (req),
                       min_tokens: 256 (req)
16:13:18.017 INFO:     #197 chat/completions (stream): 256 tokens generated at
                       82.6 T/s · prompt 93 tokens, none cached, 93 new in 0.09
                       s · first token 0.10 s, total 3.19 s · draft 164/184
                       accepted (89%) · max_tokens reached
16:13:18.087 INFO:     #205 chat/completions (stream): 74 prompt tokens ·
                       temperature: 0, greedy (req), max_tokens: 256 (req),
                       min_tokens: 256 (req)
16:13:18.241 INFO:     #196 chat/completions (stream): 256 tokens generated at
                       67.9 T/s · prompt 516 tokens, none cached, 516 new in
                       0.18 s (2,867 T/s) · first token 0.19 s, total 3.95 s ·
                       draft 140/232 accepted (60%) · max_tokens reached
16:13:18.313 INFO:     #206 chat/completions (stream): 148 prompt tokens ·
                       temperature: 0, greedy (req), max_tokens: 256 (req),
                       min_tokens: 256 (req)
16:13:18.844 INFO:     #198 chat/completions (stream): 256 tokens generated at
                       70.8 T/s · prompt 775 tokens, none cached, 775 new in
                       0.23 s (3,370 T/s) · first token 0.23 s, total 3.85 s ·
                       draft 142/228 accepted (62%) · max_tokens reached
16:13:18.916 INFO:     #207 chat/completions (stream): 660 prompt tokens ·
                       temperature: 0, greedy (req), max_tokens: 256 (req),
                       min_tokens: 256 (req)
16:13:19.591 INFO:     #199 chat/completions (stream): 256 tokens generated at
                       76.2 T/s · prompt 386 tokens, none cached, 386 new in
                       0.26 s (1,485 T/s) · first token 0.27 s, total 3.62 s ·
                       draft 153/206 accepted (74%) · max_tokens reached
16:13:19.666 INFO:     #208 chat/completions (stream): 62 prompt tokens ·
                       temperature: 0, greedy (req), max_tokens: 256 (req),
                       min_tokens: 256 (req)
16:13:20.275 INFO:     #201 chat/completions (stream): 256 tokens generated at
                       83.8 T/s · prompt 78 tokens, none cached, 78 new in 0.08
                       s · first token 0.09 s, total 3.14 s · draft 160/192
                       accepted (83%) · max_tokens reached
16:13:20.347 INFO:     #209 chat/completions (stream): 61 prompt tokens ·
                       temperature: 0, greedy (req), max_tokens: 256 (req),
                       min_tokens: 256 (req)
16:13:20.636 INFO:     #200 chat/completions (stream): 256 tokens generated at
                       71.5 T/s · prompt 123 tokens, none cached, 123 new in
                       0.10 s · first token 0.11 s, total 3.69 s · draft 145/222
                       accepted (65%) · max_tokens reached
16:13:20.637 INFO:     #204 chat/completions (stream): 256 tokens generated at
                       87.8 T/s · prompt 67 tokens, none cached, 67 new in 0.08
                       s · first token 0.09 s, total 3.00 s · draft 161/190
                       accepted (85%) · max_tokens reached
16:13:20.699 INFO:     #210 chat/completions (stream): 91 prompt tokens ·
                       temperature: 0, greedy (req), max_tokens: 256 (req),
                       min_tokens: 256 (req)
16:13:20.701 INFO:     #211 chat/completions (stream): 86 prompt tokens ·
                       temperature: 0, greedy (req), max_tokens: 256 (req),
                       min_tokens: 256 (req)
16:13:20.926 INFO:     #203 chat/completions (stream): 256 tokens generated at
                       81.8 T/s · prompt 116 tokens, none cached, 116 new in
                       0.12 s · first token 0.13 s, total 3.25 s · draft 155/202
                       accepted (77%) · max_tokens reached
16:13:20.995 INFO:     #212 chat/completions (stream): 64 prompt tokens ·
                       temperature: 0, greedy (req), max_tokens: 256 (req),
                       min_tokens: 256 (req)
16:13:21.517 INFO:     #206 chat/completions (stream): 256 tokens generated at
                       85.2 T/s · prompt 148 tokens, none cached, 148 new in
                       0.09 s · first token 0.09 s, total 3.10 s · draft 160/192
                       accepted (83%) · max_tokens reached
16:13:21.590 INFO:     #213 chat/completions (stream): 745 prompt tokens ·
                       temperature: 0, greedy (req), max_tokens: 256 (req),
                       min_tokens: 256 (req)
16:13:21.976 INFO:     #205 chat/completions (stream): 256 tokens generated at
                       71.1 T/s · prompt 74 tokens, none cached, 74 new in 0.08
                       s · first token 0.09 s, total 3.69 s · draft 146/220
                       accepted (66%) · max_tokens reached
16:13:22.050 INFO:     #214 chat/completions (stream): 722 prompt tokens ·
                       temperature: 0, greedy (req), max_tokens: 256 (req),
                       min_tokens: 256 (req)
16:13:22.793 INFO:     #207 chat/completions (stream): 256 tokens generated at
                       73.0 T/s · prompt 660 tokens, none cached, 660 new in
                       0.27 s (2,444 T/s) · first token 0.28 s, total 3.78 s ·
                       draft 151/210 accepted (72%) · max_tokens reached
16:13:22.864 INFO:     #215 chat/completions (stream): 115 prompt tokens ·
                       temperature: 0, greedy (req), max_tokens: 256 (req),
                       min_tokens: 256 (req)
16:13:23.666 INFO:     #208 chat/completions (stream): 256 tokens generated at
                       66.8 T/s · prompt 62 tokens, none cached, 62 new in 0.07
                       s · first token 0.08 s, total 3.91 s · draft 139/234
                       accepted (59%) · max_tokens reached
16:13:23.738 INFO:     #216 chat/completions (stream): 91 prompt tokens ·
                       temperature: 0, greedy (req), max_tokens: 256 (req),
                       min_tokens: 256 (req)
16:13:23.964 INFO:     #210 chat/completions (stream): 256 tokens generated at
                       85.4 T/s · prompt 91 tokens, none cached, 91 new in 0.17
                       s · first token 0.18 s, total 3.18 s · draft 167/178
                       accepted (94%) · max_tokens reached
16:13:23.986 INFO:     #209 chat/completions (stream): 256 tokens generated at
                       73.6 T/s · prompt 61 tokens, none cached, 61 new in 0.07
                       s · first token 0.08 s, total 3.55 s · draft 154/204
                       accepted (75%) · max_tokens reached
16:13:24.033 INFO:     #217 chat/completions (stream): 680 prompt tokens ·
                       temperature: 0, greedy (req), max_tokens: 256 (req),
                       min_tokens: 256 (req)
16:13:24.228 INFO:     #218 chat/completions (stream): 100 prompt tokens ·
                       temperature: 0, greedy (req), max_tokens: 256 (req),
                       min_tokens: 256 (req)
16:13:24.986 INFO:     #211 chat/completions (stream): 256 tokens generated at
                       63.9 T/s · prompt 86 tokens, none cached, 86 new in 0.08
                       s · first token 0.17 s, total 4.18 s · draft 142/228
                       accepted (62%) · max_tokens reached
16:13:25.054 INFO:     #219 chat/completions (stream): 64 prompt tokens ·
                       temperature: 0, greedy (req), max_tokens: 256 (req),
                       min_tokens: 256 (req)
16:13:25.055 INFO:     #212 chat/completions (stream): 256 tokens generated at
                       65.8 T/s · prompt 64 tokens, none cached, 64 new in 0.07
                       s · first token 0.07 s, total 3.96 s · draft 144/224
                       accepted (64%) · max_tokens reached
16:13:25.204 INFO:     #220 chat/completions (stream): 672 prompt tokens ·
                       temperature: 0, greedy (req), max_tokens: 256 (req),
                       min_tokens: 256 (req)
16:13:25.617 INFO:     #213 chat/completions (stream): 256 tokens generated at
                       70.3 T/s · prompt 745 tokens, none cached, 745 new in
                       0.29 s (2,569 T/s) · first token 0.30 s, total 3.93 s ·
                       draft 156/200 accepted (78%) · max_tokens reached
16:13:25.692 INFO:     #221 chat/completions (stream): 875 prompt tokens ·
                       temperature: 0, greedy (req), max_tokens: 256 (req),
                       min_tokens: 256 (req)
16:13:26.472 INFO:     #214 chat/completions (stream): 256 tokens generated at
                       63.5 T/s · prompt 722 tokens, none cached, 722 new in
                       0.28 s (2,579 T/s) · first token 0.29 s, total 4.32 s ·
                       draft 141/230 accepted (61%) · max_tokens reached
16:13:26.541 INFO:     #222 chat/completions (stream): 139 prompt tokens ·
                       temperature: 0, greedy (req), max_tokens: 256 (req),
                       min_tokens: 256 (req)
16:13:26.742 INFO:     #215 chat/completions (stream): 256 tokens generated at
                       71.6 T/s · prompt 115 tokens, none cached, 115 new in
                       0.10 s · first token 0.11 s, total 3.68 s · draft 155/202
                       accepted (77%) · max_tokens reached
16:13:26.809 INFO:     #223 chat/completions (stream): 63 prompt tokens ·
                       temperature: 0, greedy (req), max_tokens: 256 (req),
                       min_tokens: 256 (req)
16:13:27.404 INFO:     #216 chat/completions (stream): 256 tokens generated at
                       73.6 T/s · prompt 91 tokens, none cached, 91 new in 0.09
                       s · first token 0.10 s, total 3.57 s · draft 161/190
                       accepted (85%) · max_tokens reached
16:13:27.485 INFO:     #224 chat/completions (stream): 778 prompt tokens ·
                       temperature: 0, greedy (req), max_tokens: 256 (req),
                       min_tokens: 256 (req)
16:13:27.775 INFO:     #218 chat/completions (stream): 256 tokens generated at
                       84.0 T/s · prompt 100 tokens, none cached, 100 new in
                       0.10 s · queued 0.11 s, first token 0.21 s, total 3.26 s
                       · draft 164/184 accepted (89%) · max_tokens reached
16:13:27.847 INFO:     #225 chat/completions (stream): 774 prompt tokens ·
                       temperature: 0, greedy (req), max_tokens: 256 (req),
                       min_tokens: 256 (req)
16:13:28.354 INFO:     #217 chat/completions (stream): 256 tokens generated at
                       66.9 T/s · prompt 680 tokens, none cached, 680 new in
                       0.39 s (1,744 T/s) · first token 0.40 s, total 4.22 s ·
                       draft 148/216 accepted (69%) · max_tokens reached
16:13:28.426 INFO:     #226 chat/completions (stream): 65 prompt tokens ·
                       temperature: 0, greedy (req), max_tokens: 256 (req),
                       min_tokens: 256 (req)
16:13:28.785 INFO:     #219 chat/completions (stream): 256 tokens generated at
                       71.9 T/s · prompt 64 tokens, none cached, 64 new in 0.07
                       s · first token 0.08 s, total 3.64 s · draft 157/198
                       accepted (79%) · max_tokens reached
16:13:28.939 INFO:     #227 chat/completions (stream): 117 prompt tokens ·
                       temperature: 0, greedy (req), max_tokens: 256 (req),
                       min_tokens: 256 (req)
16:13:29.232 INFO:     #220 chat/completions (stream): 256 tokens generated at
                       69.9 T/s · prompt 672 tokens, none cached, 672 new in
                       0.27 s (2,489 T/s) · first token 0.28 s, total 3.94 s ·
                       draft 150/212 accepted (71%) · max_tokens reached
16:13:29.301 INFO:     #228 chat/completions (stream): 405 prompt tokens ·
                       temperature: 0, greedy (req), max_tokens: 256 (req),
                       min_tokens: 256 (req)
16:13:29.587 INFO:     #221 chat/completions (stream): 256 tokens generated at
                       78.1 T/s · prompt 875 tokens, none cached, 875 new in
                       0.30 s (2,917 T/s) · first token 0.31 s, total 3.58 s ·
                       draft 154/204 accepted (75%) · max_tokens reached
16:13:29.659 INFO:     #229 chat/completions (stream): 96 prompt tokens ·
                       temperature: 0, greedy (req), max_tokens: 256 (req),
                       min_tokens: 256 (req)
16:13:29.984 INFO:     #222 chat/completions (stream): 256 tokens generated at
                       79.1 T/s · prompt 139 tokens, none cached, 139 new in
                       0.11 s · first token 0.12 s, total 3.35 s · draft 163/186
                       accepted (88%) · max_tokens reached
16:13:30.056 INFO:     #230 chat/completions (stream): 1,533 prompt tokens ·
                       temperature: 0, greedy (req), max_tokens: 256 (req),
                       min_tokens: 256 (req)
16:13:31.357 INFO:     #224 chat/completions (stream): 256 tokens generated at
                       71.9 T/s · prompt 778 tokens, none cached, 778 new in
                       0.22 s (3,536 T/s) · first token 0.23 s, total 3.79 s ·
                       draft 154/204 accepted (75%) · max_tokens reached
16:13:31.402 INFO:     #223 chat/completions (stream): 256 tokens generated at
                       57.8 T/s · prompt 63 tokens, none cached, 63 new in 0.07
                       s · first token 0.07 s, total 4.50 s · draft 126/260
                       accepted (48%) · max_tokens reached
16:13:31.424 INFO:     #231 chat/completions (stream): 786 prompt tokens ·
                       temperature: 0, greedy (req), max_tokens: 256 (req),
                       min_tokens: 256 (req)
16:13:31.683 INFO:     #232 chat/completions (stream): 61 prompt tokens ·
                       temperature: 0, greedy (req), max_tokens: 256 (req),
                       min_tokens: 256 (req)
16:13:31.846 INFO:     #225 chat/completions (stream): 256 tokens generated at
                       70.9 T/s · prompt 774 tokens, none cached, 774 new in
                       0.22 s (3,518 T/s) · first token 0.23 s, total 3.84 s ·
                       draft 152/208 accepted (73%) · max_tokens reached
16:13:31.916 INFO:     #233 chat/completions (stream): 84 prompt tokens ·
                       temperature: 0, greedy (req), max_tokens: 256 (req),
                       min_tokens: 256 (req)
16:13:32.412 INFO:     #227 chat/completions (stream): 256 tokens generated at
                       78.1 T/s · prompt 117 tokens, none cached, 117 new in
                       0.10 s · first token 0.10 s, total 3.38 s · draft 162/188
                       accepted (86%) · max_tokens reached
16:13:32.489 INFO:     #235 chat/completions (stream): 92 prompt tokens ·
                       temperature: 0, greedy (req), max_tokens: 256 (req),
                       min_tokens: 256 (req)
16:13:32.603 INFO:     #226 chat/completions (stream): 256 tokens generated at
                       65.5 T/s · prompt 65 tokens, none cached, 65 new in 0.07
                       s · first token 0.08 s, total 3.98 s · draft 143/226
                       accepted (63%) · max_tokens reached
16:13:32.675 INFO:     #236 chat/completions (stream): 388 prompt tokens ·
                       temperature: 0, greedy (req), max_tokens: 256 (req),
                       min_tokens: 256 (req)
16:13:33.467 INFO:     #228 chat/completions (stream): 256 tokens generated at
                       66.7 T/s · prompt 405 tokens, none cached, 405 new in
                       0.23 s (1,761 T/s) · first token 0.24 s, total 4.07 s ·
                       draft 144/224 accepted (64%) · max_tokens reached
16:13:33.468 INFO:     #229 chat/completions (stream): 256 tokens generated at
                       70.6 T/s · prompt 96 tokens, none cached, 96 new in 0.09
                       s · first token 0.10 s, total 3.72 s · draft 149/214
                       accepted (70%) · max_tokens reached
16:13:33.535 INFO:     #237 chat/completions (stream): 63 prompt tokens ·
                       temperature: 0, greedy (req), max_tokens: 256 (req),
                       min_tokens: 256 (req)
16:13:33.537 INFO:     #238 chat/completions (stream): 78 prompt tokens ·
                       temperature: 0, greedy (req), max_tokens: 256 (req),
                       min_tokens: 256 (req)
16:13:33.809 INFO:     #230 chat/completions (stream): 256 tokens generated at
                       78.2 T/s · prompt 1,533 tokens, none cached, 1,533 new in
                       0.38 s (4,034 T/s) · first token 0.38 s, total 3.66 s ·
                       draft 155/202 accepted (77%) · max_tokens reached
16:13:33.882 INFO:     #239 chat/completions (stream): 707 prompt tokens ·
                       temperature: 0, greedy (req), max_tokens: 256 (req),
                       min_tokens: 256 (req)
16:13:35.067 INFO:     #231 chat/completions (stream): 256 tokens generated at
                       77.3 T/s · prompt 786 tokens, none cached, 786 new in
                       0.23 s (3,417 T/s) · first token 0.24 s, total 3.55 s ·
                       draft 157/198 accepted (79%) · max_tokens reached
16:13:35.132 INFO:     #240 chat/completions (stream): 316 prompt tokens ·
                       temperature: 0, greedy (req), max_tokens: 256 (req),
                       min_tokens: 256 (req)
16:13:35.133 INFO:     #232 chat/completions (stream): 256 tokens generated at
                       77.9 T/s · prompt 61 tokens, none cached, 61 new in 0.07
                       s · first token 0.08 s, total 3.36 s · draft 155/202
                       accepted (77%) · max_tokens reached
16:13:35.402 INFO:     #241 chat/completions (stream): 70 prompt tokens ·
                       temperature: 0, greedy (req), max_tokens: 256 (req),
                       min_tokens: 256 (req)
16:13:35.960 INFO:     #235 chat/completions (stream): 256 tokens generated at
                       77.9 T/s · prompt 92 tokens, none cached, 92 new in 0.09
                       s · first token 0.10 s, total 3.38 s · draft 160/192
                       accepted (83%) · max_tokens reached
16:13:36.025 INFO:     #242 chat/completions (stream): 85 prompt tokens ·
                       temperature: 0, greedy (req), max_tokens: 256 (req),
                       min_tokens: 256 (req)
16:13:36.137 INFO:     #233 chat/completions (stream): 256 tokens generated at
                       64.7 T/s · prompt 84 tokens, none cached, 84 new in 0.08
                       s · first token 0.08 s, total 4.04 s · draft 136/240
                       accepted (57%) · max_tokens reached
16:13:36.210 INFO:     #243 chat/completions (stream): 689 prompt tokens ·
                       temperature: 0, greedy (req), max_tokens: 256 (req),
                       min_tokens: 256 (req)
16:13:36.574 INFO:     #236 chat/completions (stream): 256 tokens generated at
                       74.2 T/s · prompt 388 tokens, none cached, 388 new in
                       0.25 s (1,552 T/s) · first token 0.26 s, total 3.70 s ·
                       draft 153/206 accepted (74%) · max_tokens reached
16:13:36.647 INFO:     #244 chat/completions (stream): 118 prompt tokens ·
                       temperature: 0, greedy (req), max_tokens: 256 (req),
                       min_tokens: 256 (req)
16:13:37.418 INFO:     #239 chat/completions (stream): 256 tokens generated at
                       81.2 T/s · prompt 707 tokens, none cached, 707 new in
                       0.28 s (2,525 T/s) · first token 0.29 s, total 3.44 s ·
                       draft 157/198 accepted (79%) · max_tokens reached
16:13:37.498 INFO:     #245 chat/completions (stream): 811 prompt tokens ·
                       temperature: 0, greedy (req), max_tokens: 256 (req),
                       min_tokens: 256 (req)
16:13:37.812 INFO:     #237 chat/completions (stream): 256 tokens generated at
                       67.7 T/s · prompt 63 tokens, none cached, 63 new in 0.15
                       s · first token 0.16 s, total 3.94 s · draft 142/228
                       accepted (62%) · max_tokens reached
16:13:37.836 INFO:     #238 chat/completions (stream): 256 tokens generated at
                       67.3 T/s · prompt 78 tokens, none cached, 78 new in 0.08
                       s · first token 0.16 s, total 3.96 s · draft 141/230
                       accepted (61%) · max_tokens reached
16:13:37.881 INFO:     #246 chat/completions (stream): 560 prompt tokens ·
                       temperature: 0, greedy (req), max_tokens: 256 (req),
                       min_tokens: 256 (req)
16:13:38.059 INFO:     #247 chat/completions (stream): 105 prompt tokens ·
                       temperature: 0, greedy (req), max_tokens: 256 (req),
                       min_tokens: 256 (req)
16:13:39.265 INFO:     #240 chat/completions (stream): 256 tokens generated at
                       67.1 T/s · prompt 316 tokens, none cached, 316 new in
                       0.22 s (1,436 T/s) · first token 0.23 s, total 4.04 s ·
                       draft 145/222 accepted (65%) · max_tokens reached
16:13:39.338 INFO:     #248 chat/completions (stream): 715 prompt tokens ·
                       temperature: 0, greedy (req), max_tokens: 256 (req),
                       min_tokens: 256 (req)
16:13:39.717 INFO:     #241 chat/completions (stream): 256 tokens generated at
                       63.8 T/s · prompt 70 tokens, none cached, 70 new in 0.10
                       s · first token 0.11 s, total 4.12 s · draft 139/234
                       accepted (59%) · max_tokens reached
16:13:39.789 INFO:     #249 chat/completions (stream): 116 prompt tokens ·
                       temperature: 0, greedy (req), max_tokens: 256 (req),
                       min_tokens: 256 (req)
16:13:40.129 INFO:     #244 chat/completions (stream): 256 tokens generated at
                       77.9 T/s · prompt 118 tokens, none cached, 118 new in
                       0.10 s · first token 0.11 s, total 3.39 s · draft 160/192
                       accepted (83%) · max_tokens reached
16:13:40.195 INFO:     #250 chat/completions (stream): 69 prompt tokens ·
                       temperature: 0, greedy (req), max_tokens: 256 (req),
                       min_tokens: 256 (req)
16:13:40.196 INFO:     #242 chat/completions (stream): 256 tokens generated at
                       64.1 T/s · prompt 85 tokens, none cached, 85 new in 0.08
                       s · first token 0.09 s, total 4.08 s · draft 145/222
                       accepted (65%) · max_tokens reached
16:13:40.344 INFO:     #251 chat/completions (stream): 63 prompt tokens ·
                       temperature: 0, greedy (req), max_tokens: 256 (req),
                       min_tokens: 256 (req)
16:13:40.472 INFO:     #243 chat/completions (stream): 256 tokens generated at
                       67.1 T/s · prompt 689 tokens, none cached, 689 new in
                       0.27 s (2,552 T/s) · first token 0.27 s, total 4.09 s ·
                       draft 145/222 accepted (65%) · max_tokens reached
16:13:40.545 INFO:     #252 chat/completions (stream): 74 prompt tokens ·
                       temperature: 0, greedy (req), max_tokens: 256 (req),
                       min_tokens: 256 (req)
16:13:41.362 INFO:     #245 chat/completions (stream): 256 tokens generated at
                       73.0 T/s · prompt 811 tokens, none cached, 811 new in
                       0.26 s (3,119 T/s) · first token 0.27 s, total 3.77 s ·
                       draft 150/212 accepted (71%) · max_tokens reached
16:13:41.363 INFO:     #247 chat/completions (stream): 256 tokens generated at
                       83.9 T/s · prompt 105 tokens, none cached, 105 new in
                       0.09 s · first token 0.16 s, total 3.21 s · draft 156/200
                       accepted (78%) · max_tokens reached
16:13:41.443 INFO:     #253 chat/completions (stream): 755 prompt tokens ·
                       temperature: 0, greedy (req), max_tokens: 256 (req),
                       min_tokens: 256 (req)
16:13:41.445 INFO:     #254 chat/completions (stream): 119 prompt tokens ·
                       temperature: 0, greedy (req), max_tokens: 256 (req),
                       min_tokens: 256 (req)
16:13:41.856 INFO:     #246 chat/completions (stream): 256 tokens generated at
                       81.0 T/s · prompt 560 tokens, none cached, 560 new in
                       0.34 s (1,647 T/s) · first token 0.35 s, total 3.50 s ·
                       draft 151/210 accepted (72%) · max_tokens reached
16:13:41.927 INFO:     #255 chat/completions (stream): 157 prompt tokens ·
                       temperature: 0, greedy (req), max_tokens: 256 (req),
                       min_tokens: 256 (req)
16:13:43.113 INFO:     #249 chat/completions (stream): 256 tokens generated at
                       81.8 T/s · prompt 116 tokens, none cached, 116 new in
                       0.10 s · first token 0.11 s, total 3.24 s · draft 157/198
                       accepted (79%) · max_tokens reached
16:13:43.159 INFO:     #248 chat/completions (stream): 256 tokens generated at
                       74.4 T/s · prompt 715 tokens, none cached, 715 new in
                       0.28 s (2,554 T/s) · first token 0.29 s, total 3.73 s ·
                       draft 148/216 accepted (69%) · max_tokens reached
16:13:43.182 INFO:     #256 chat/completions (stream): 588 prompt tokens ·
                       temperature: 0, greedy (req), max_tokens: 256 (req),
                       min_tokens: 256 (req)
16:13:43.466 INFO:     #257 chat/completions (stream): 86 prompt tokens ·
                       temperature: 0, greedy (req), max_tokens: 256 (req),
                       min_tokens: 256 (req)
16:13:43.864 INFO:     #251 chat/completions (stream): 256 tokens generated at
                       76.4 T/s · prompt 63 tokens, none cached, 63 new in 0.07
                       s · first token 0.08 s, total 3.43 s · draft 155/202
                       accepted (77%) · max_tokens reached
16:13:43.930 INFO:     #258 chat/completions (stream): 71 prompt tokens ·
                       temperature: 0, greedy (req), max_tokens: 256 (req),
                       min_tokens: 256 (req)
16:13:44.035 INFO:     #252 chat/completions (stream): 256 tokens generated at
                       79.1 T/s · prompt 74 tokens, none cached, 74 new in 0.08
                       s · first token 0.09 s, total 3.32 s · draft 156/200
                       accepted (78%) · max_tokens reached
16:13:44.111 INFO:     #259 chat/completions (stream): 1,392 prompt tokens ·
                       temperature: 0, greedy (req), max_tokens: 256 (req),
                       min_tokens: 256 (req)
16:13:44.576 INFO:     #250 chat/completions (stream): 256 tokens generated at
                       62.4 T/s · prompt 69 tokens, none cached, 69 new in 0.07
                       s · first token 0.08 s, total 4.18 s · draft 140/232
                       accepted (60%) · max_tokens reached
16:13:44.649 INFO:     #260 chat/completions (stream): 107 prompt tokens ·
                       temperature: 0, greedy (req), max_tokens: 256 (req),
                       min_tokens: 256 (req)
16:13:45.140 INFO:     #254 chat/completions (stream): 256 tokens generated at
                       76.5 T/s · prompt 119 tokens, none cached, 119 new in
                       0.10 s · queued 0.16 s, first token 0.26 s, total 3.60 s
                       · draft 162/188 accepted (86%) · max_tokens reached
16:13:45.208 INFO:     #261 chat/completions (stream): 75 prompt tokens ·
                       temperature: 0, greedy (req), max_tokens: 256 (req),
                       min_tokens: 256 (req)
16:13:45.339 INFO:     #255 chat/completions (stream): 256 tokens generated at
                       81.6 T/s · prompt 157 tokens, none cached, 157 new in
                       0.09 s · first token 0.10 s, total 3.23 s · draft 162/188
                       accepted (86%) · max_tokens reached
16:13:45.411 INFO:     #262 chat/completions (stream): 97 prompt tokens ·
                       temperature: 0, greedy (req), max_tokens: 256 (req),
                       min_tokens: 256 (req)
16:13:45.706 INFO:     #253 chat/completions (stream): 256 tokens generated at
                       67.8 T/s · prompt 755 tokens, none cached, 755 new in
                       0.38 s (1,987 T/s) · first token 0.39 s, total 4.17 s ·
                       draft 147/218 accepted (67%) · max_tokens reached
16:13:45.776 INFO:     #263 chat/completions (stream): 81 prompt tokens ·
                       temperature: 0, greedy (req), max_tokens: 256 (req),
                       min_tokens: 256 (req)
16:13:47.060 INFO:     #257 chat/completions (stream): 256 tokens generated at
                       75.1 T/s · prompt 86 tokens, none cached, 86 new in 0.08
                       s · first token 0.09 s, total 3.50 s · draft 148/216
                       accepted (69%) · max_tokens reached
16:13:47.130 INFO:     #265 chat/completions (stream): 642 prompt tokens ·
                       temperature: 0, greedy (req), max_tokens: 256 (req),
                       min_tokens: 256 (req)
16:13:47.425 INFO:     #256 chat/completions (stream): 256 tokens generated at
                       70.3 T/s · prompt 588 tokens, none cached, 588 new in
                       0.25 s (2,352 T/s) · first token 0.26 s, total 3.90 s ·
                       draft 142/228 accepted (62%) · max_tokens reached
16:13:47.496 INFO:     #266 chat/completions (stream): 61 prompt tokens ·
                       temperature: 0, greedy (req), max_tokens: 256 (req),
                       min_tokens: 256 (req)
16:13:48.077 INFO:     #258 chat/completions (stream): 256 tokens generated at
                       64.5 T/s · prompt 71 tokens, none cached, 71 new in 0.08
                       s · first token 0.09 s, total 4.06 s · draft 135/242
                       accepted (56%) · max_tokens reached
16:13:48.142 INFO:     #267 chat/completions (stream): 128 prompt tokens ·
                       temperature: 0, greedy (req), max_tokens: 256 (req),
                       min_tokens: 256 (req)
16:13:48.268 INFO:     #259 chat/completions (stream): 256 tokens generated at
                       71.3 T/s · prompt 1,392 tokens, none cached, 1,392 new in
                       0.37 s (3,762 T/s) · first token 0.37 s, total 3.97 s ·
                       draft 136/240 accepted (57%) · max_tokens reached
16:13:48.336 INFO:     #268 chat/completions (stream): 712 prompt tokens ·
                       temperature: 0, greedy (req), max_tokens: 256 (req),
                       min_tokens: 256 (req)
16:13:48.519 INFO:     #260 chat/completions (stream): 256 tokens generated at
                       72.8 T/s · prompt 107 tokens, none cached, 107 new in
                       0.09 s · first token 0.10 s, total 3.61 s · draft 139/234
                       accepted (59%) · max_tokens reached
16:13:48.689 INFO:     #269 chat/completions (stream): 94 prompt tokens ·
                       temperature: 0, greedy (req), max_tokens: 256 (req),
                       min_tokens: 256 (req)
16:13:48.828 INFO:     #262 chat/completions (stream): 256 tokens generated at
                       81.8 T/s · prompt 97 tokens, none cached, 97 new in 0.10
                       s · first token 0.11 s, total 3.23 s · draft 158/196
                       accepted (81%) · max_tokens reached
16:13:48.900 INFO:     #270 chat/completions (stream): 66 prompt tokens ·
                       temperature: 0, greedy (req), max_tokens: 256 (req),
                       min_tokens: 256 (req)
16:13:49.138 INFO:     #261 chat/completions (stream): 256 tokens generated at
                       68.1 T/s · prompt 75 tokens, none cached, 75 new in 0.08
                       s · first token 0.09 s, total 3.84 s · draft 143/226
                       accepted (63%) · max_tokens reached
16:13:49.161 INFO:     #263 chat/completions (stream): 256 tokens generated at
                       79.7 T/s · prompt 81 tokens, none cached, 81 new in 0.08
                       s · first token 0.08 s, total 3.30 s · draft 158/196
                       accepted (81%) · max_tokens reached
16:13:49.205 INFO:     #271 chat/completions (stream): 93 prompt tokens ·
                       temperature: 0, greedy (req), max_tokens: 256 (req),
                       min_tokens: 256 (req)
16:13:49.321 INFO:     #272 chat/completions (stream): 108 prompt tokens ·
                       temperature: 0, greedy (req), max_tokens: 256 (req),
                       min_tokens: 256 (req)
16:13:50.867 INFO:     #265 chat/completions (stream): 256 tokens generated at
                       75.8 T/s · prompt 642 tokens, none cached, 642 new in
                       0.27 s (2,378 T/s) · first token 0.28 s, total 3.65 s ·
                       draft 150/212 accepted (71%) · max_tokens reached
16:13:50.868 INFO:     #266 chat/completions (stream): 256 tokens generated at
                       79.8 T/s · prompt 61 tokens, none cached, 61 new in 0.07
                       s · first token 0.08 s, total 3.29 s · draft 154/204
                       accepted (75%) · max_tokens reached
16:13:50.937 INFO:     #273 chat/completions (stream): 86 prompt tokens ·
                       temperature: 0, greedy (req), max_tokens: 256 (req),
                       min_tokens: 256 (req)
16:13:50.938 INFO:     #274 chat/completions (stream): 93 prompt tokens ·
                       temperature: 0, greedy (req), max_tokens: 256 (req),
                       min_tokens: 256 (req)
16:13:51.448 INFO:     #267 chat/completions (stream): 256 tokens generated at
                       82.8 T/s · prompt 128 tokens, none cached, 128 new in
                       0.10 s · first token 0.11 s, total 3.20 s · draft 162/188
                       accepted (86%) · max_tokens reached
16:13:51.520 INFO:     #275 chat/completions (stream): 87 prompt tokens ·
                       temperature: 0, greedy (req), max_tokens: 256 (req),
                       min_tokens: 256 (req)
16:13:51.924 INFO:     #268 chat/completions (stream): 256 tokens generated at
                       79.8 T/s · prompt 712 tokens, none cached, 712 new in
                       0.28 s (2,543 T/s) · first token 0.29 s, total 3.49 s ·
                       draft 151/210 accepted (72%) · max_tokens reached
16:13:51.994 INFO:     #276 chat/completions (stream): 91 prompt tokens ·
                       temperature: 0, greedy (req), max_tokens: 256 (req),
                       min_tokens: 256 (req)
16:13:52.290 INFO:     #270 chat/completions (stream): 256 tokens generated at
                       79.4 T/s · prompt 66 tokens, none cached, 66 new in 0.07
                       s · first token 0.07 s, total 3.30 s · draft 147/218
                       accepted (67%) · max_tokens reached
16:13:52.311 INFO:     #269 chat/completions (stream): 256 tokens generated at
                       74.4 T/s · prompt 94 tokens, none cached, 94 new in 0.09
                       s · first token 0.10 s, total 3.54 s · draft 141/230
                       accepted (61%) · max_tokens reached
16:13:52.350 INFO:     #277 chat/completions (stream): 849 prompt tokens ·
                       temperature: 0, greedy (req), max_tokens: 256 (req),
                       min_tokens: 256 (req)
16:13:52.555 INFO:     #278 chat/completions (stream): 82 prompt tokens ·
                       temperature: 0, greedy (req), max_tokens: 256 (req),
                       min_tokens: 256 (req)
16:13:52.555 INFO:     #271 chat/completions (stream): 256 tokens generated at
                       85.6 T/s · prompt 93 tokens, none cached, 93 new in 0.09
                       s · first token 0.10 s, total 3.09 s · draft 153/206
                       accepted (74%) · max_tokens reached
16:13:52.745 INFO:     #272 chat/completions (stream): 256 tokens generated at
                       88.7 T/s · prompt 108 tokens, none cached, 108 new in
                       0.09 s · first token 0.10 s, total 2.98 s · draft 153/206
                       accepted (74%) · max_tokens reached
16:13:52.788 INFO:     #279 chat/completions (stream): 64 prompt tokens ·
                       temperature: 0, greedy (req), max_tokens: 256 (req),
                       min_tokens: 256 (req)
16:13:52.885 INFO:     #280 chat/completions (stream): 117 prompt tokens ·
                       temperature: 0, greedy (req), max_tokens: 256 (req),
                       min_tokens: 256 (req)
16:13:54.163 INFO:     #274 chat/completions (stream): 256 tokens generated at
                       86.7 T/s · prompt 93 tokens, none cached, 93 new in 0.09
                       s · first token 0.18 s, total 3.13 s · draft 162/191
                       accepted (85%) · max_tokens reached
16:13:54.232 INFO:     #281 chat/completions (stream): 1,307 prompt tokens ·
                       temperature: 0, greedy (req), max_tokens: 256 (req),
                       min_tokens: 256 (req)
16:13:54.233 INFO:     #273 chat/completions (stream): 256 tokens generated at
                       84.8 T/s · prompt 86 tokens, none cached, 86 new in 0.17
                       s · first token 0.18 s, total 3.20 s · draft 159/197
                       accepted (81%) · max_tokens reached
16:13:54.578 INFO:     #282 chat/completions (stream): 93 prompt tokens ·
                       temperature: 0, greedy (req), max_tokens: 256 (req),
                       min_tokens: 256 (req)
16:13:55.518 INFO:     #275 chat/completions (stream): 256 tokens generated at
                       67.1 T/s · prompt 87 tokens, none cached, 87 new in 0.08
                       s · first token 0.09 s, total 3.90 s · draft 137/241
                       accepted (57%) · max_tokens reached
16:13:55.589 INFO:     #283 chat/completions (stream): 108 prompt tokens ·
                       temperature: 0, greedy (req), max_tokens: 256 (req),
                       min_tokens: 256 (req)
16:13:55.772 INFO:     #276 chat/completions (stream): 256 tokens generated at
                       73.1 T/s · prompt 91 tokens, none cached, 91 new in 0.08
                       s · first token 0.09 s, total 3.59 s · draft 146/223
                       accepted (65%) · max_tokens reached
16:13:55.792 INFO:     #280 chat/completions (stream): 256 tokens generated at
                       94.0 T/s · prompt 117 tokens, none cached, 117 new in
                       0.10 s · first token 0.10 s, total 2.83 s · draft 162/188
                       accepted (86%) · max_tokens reached
16:13:55.830 INFO:     #284 chat/completions (stream): 97 prompt tokens ·
                       temperature: 0, greedy (req), max_tokens: 256 (req),
                       min_tokens: 256 (req)
16:13:55.831 INFO:     #277 chat/completions (stream): 256 tokens generated at
                       84.5 T/s · prompt 849 tokens, none cached, 849 new in
                       0.37 s (2,295 T/s) · first token 0.38 s, total 3.40 s ·
                       draft 156/200 accepted (78%) · max_tokens reached
16:13:55.945 INFO:     #285 chat/completions (stream): 752 prompt tokens ·
                       temperature: 0, greedy (req), max_tokens: 256 (req),
                       min_tokens: 256 (req)
16:13:56.249 INFO:     #286 chat/completions (stream): 772 prompt tokens ·
                       temperature: 0, greedy (req), max_tokens: 256 (req),
                       min_tokens: 256 (req)
16:13:56.513 INFO:     #278 chat/completions (stream): 256 tokens generated at
                       79.6 T/s · prompt 82 tokens, none cached, 82 new in 0.08
                       s · first token 0.17 s, total 3.38 s · draft 151/210
                       accepted (72%) · max_tokens reached
16:13:56.578 INFO:     #287 chat/completions (stream): 84 prompt tokens ·
                       temperature: 0, greedy (req), max_tokens: 256 (req),
                       min_tokens: 256 (req)
16:13:56.579 INFO:     #279 chat/completions (stream): 256 tokens generated at
                       70.9 T/s · prompt 64 tokens, none cached, 64 new in 0.07
                       s · first token 0.08 s, total 3.69 s · draft 151/210
                       accepted (72%) · max_tokens reached
16:13:56.738 INFO:     #288 chat/completions (stream): 76 prompt tokens ·
                       temperature: 0, greedy (req), max_tokens: 256 (req),
                       min_tokens: 256 (req)
16:13:58.168 INFO:     #281 chat/completions (stream): 256 tokens generated at
                       72.3 T/s · prompt 1,307 tokens, none cached, 1,307 new in
                       0.29 s (4,507 T/s) · first token 0.30 s, total 3.84 s ·
                       draft 148/216 accepted (69%) · max_tokens reached
16:13:58.235 INFO:     #289 chat/completions (stream): 881 prompt tokens ·
                       temperature: 0, greedy (req), max_tokens: 256 (req),
                       min_tokens: 256 (req)
16:13:58.236 INFO:     #282 chat/completions (stream): 256 tokens generated at
                       73.7 T/s · prompt 93 tokens, none cached, 93 new in 0.09
                       s · first token 0.10 s, total 3.57 s · draft 147/218
                       accepted (67%) · max_tokens reached
16:13:58.618 INFO:     #290 chat/completions (stream): 78 prompt tokens ·
                       temperature: 0, greedy (req), max_tokens: 256 (req),
                       min_tokens: 256 (req)
16:13:59.384 INFO:     #283 chat/completions (stream): 256 tokens generated at
                       71.0 T/s · prompt 108 tokens, none cached, 108 new in
                       0.09 s · first token 0.10 s, total 3.70 s · draft 154/204
                       accepted (75%) · max_tokens reached
16:13:59.409 INFO:     #284 chat/completions (stream): 256 tokens generated at
                       75.4 T/s · prompt 97 tokens, none cached, 97 new in 0.09
                       s · first token 0.10 s, total 3.49 s · draft 160/192
                       accepted (83%) · max_tokens reached
16:13:59.477 INFO:     #291 chat/completions (stream): 681 prompt tokens ·
                       temperature: 0, greedy (req), max_tokens: 256 (req),
                       min_tokens: 256 (req)
16:13:59.649 INFO:     #292 chat/completions (stream): 947 prompt tokens ·
                       temperature: 0, greedy (req), max_tokens: 256 (req),
                       min_tokens: 256 (req)
16:14:00.333 INFO:     #286 chat/completions (stream): 256 tokens generated at
                       68.2 T/s · prompt 772 tokens, none cached, 772 new in
                       0.24 s (3,217 T/s) · first token 0.25 s, total 4.00 s ·
                       draft 148/216 accepted (69%) · max_tokens reached
16:14:00.371 INFO:     #285 chat/completions (stream): 256 tokens generated at
                       63.0 T/s · prompt 752 tokens, none cached, 752 new in
                       0.27 s (2,785 T/s) · first token 0.28 s, total 4.34 s ·
                       draft 144/224 accepted (64%) · max_tokens reached
16:14:00.389 INFO:     #293 chat/completions (stream): 98 prompt tokens ·
                       temperature: 0, greedy (req), max_tokens: 256 (req),
                       min_tokens: 256 (req)
16:14:00.508 INFO:     #288 chat/completions (stream): 256 tokens generated at
                       73.0 T/s · prompt 76 tokens, none cached, 76 new in 0.08
                       s · first token 0.09 s, total 3.59 s · draft 151/210
                       accepted (72%) · max_tokens reached
16:14:00.530 INFO:     #294 chat/completions (stream): 96 prompt tokens ·
                       temperature: 0, greedy (req), max_tokens: 256 (req),
                       min_tokens: 256 (req)
16:14:00.664 INFO:     #295 chat/completions (stream): 191 prompt tokens ·
                       temperature: 0, greedy (req), max_tokens: 256 (req),
                       min_tokens: 256 (req)
16:14:00.809 INFO:     #287 chat/completions (stream): 256 tokens generated at
                       66.3 T/s · prompt 84 tokens, none cached, 84 new in 0.08
                       s · first token 0.09 s, total 3.95 s · draft 143/226
                       accepted (63%) · max_tokens reached
16:14:00.876 INFO:     #296 chat/completions (stream): 166 prompt tokens ·
                       temperature: 0, greedy (req), max_tokens: 256 (req),
                       min_tokens: 256 (req)
16:14:02.021 INFO:     #289 chat/completions (stream): 256 tokens generated at
                       76.3 T/s · prompt 881 tokens, none cached, 881 new in
                       0.33 s (2,670 T/s) · first token 0.34 s, total 3.69 s ·
                       draft 159/194 accepted (82%) · max_tokens reached
16:14:02.094 INFO:     #298 chat/completions (stream): 85 prompt tokens ·
                       temperature: 0, greedy (req), max_tokens: 256 (req),
                       min_tokens: 256 (req)
16:14:02.403 INFO:     #290 chat/completions (stream): 256 tokens generated at
                       71.0 T/s · prompt 78 tokens, none cached, 78 new in 0.08
                       s · first token 0.09 s, total 3.69 s · draft 149/214
                       accepted (70%) · max_tokens reached
16:14:02.474 INFO:     #299 chat/completions (stream): 62 prompt tokens ·
                       temperature: 0, greedy (req), max_tokens: 256 (req),
                       min_tokens: 256 (req)
16:14:03.154 INFO:     #291 chat/completions (stream): 256 tokens generated at
                       81.7 T/s · prompt 681 tokens, none cached, 681 new in
                       0.45 s (1,513 T/s) · first token 0.46 s, total 3.59 s ·
                       draft 153/206 accepted (74%) · max_tokens reached
16:14:03.179 INFO:     #292 chat/completions (stream): 256 tokens generated at
                       84.3 T/s · prompt 947 tokens, none cached, 947 new in
                       0.30 s (3,157 T/s) · queued 0.10 s, first token 0.40 s,
                       total 3.44 s · draft 153/206 accepted (74%) · max_tokens
                       reached
16:14:03.224 INFO:     #300 chat/completions (stream): 775 prompt tokens ·
                       temperature: 0, greedy (req), max_tokens: 256 (req),
                       min_tokens: 256 (req)
16:14:03.422 INFO:     #301 chat/completions (stream): 63 prompt tokens ·
                       temperature: 0, greedy (req), max_tokens: 256 (req),
                       min_tokens: 256 (req)
16:14:03.917 INFO:     #295 chat/completions (stream): 256 tokens generated at
                       83.3 T/s · prompt 191 tokens, none cached, 191 new in
                       0.10 s · first token 0.10 s, total 3.18 s · draft 152/208
                       accepted (73%) · max_tokens reached
16:14:03.918 INFO:     #296 chat/completions (stream): 256 tokens generated at
                       89.4 T/s · prompt 166 tokens, none cached, 166 new in
                       0.09 s · first token 0.09 s, total 2.96 s · draft 157/198
                       accepted (79%) · max_tokens reached
16:14:03.957 INFO:     #293 chat/completions (stream): 256 tokens generated at
                       75.5 T/s · prompt 98 tokens, none cached, 98 new in 0.09
                       s · first token 0.10 s, total 3.49 s · draft 146/220
                       accepted (66%) · max_tokens reached
16:14:03.976 INFO:     #302 chat/completions (stream): 97 prompt tokens ·
                       temperature: 0, greedy (req), max_tokens: 256 (req),
                       min_tokens: 256 (req)
16:14:03.978 INFO:     #303 chat/completions (stream): 65 prompt tokens ·
                       temperature: 0, greedy (req), max_tokens: 256 (req),
                       min_tokens: 256 (req)
16:14:04.168 INFO:     #294 chat/completions (stream): 256 tokens generated at
                       77.8 T/s · prompt 96 tokens, none cached, 96 new in 0.09
                       s · first token 0.10 s, total 3.39 s · draft 146/220
                       accepted (66%) · max_tokens reached
16:14:04.189 INFO:     #304 chat/completions (stream): 61 prompt tokens ·
                       temperature: 0, greedy (req), max_tokens: 256 (req),
                       min_tokens: 256 (req)
16:14:04.309 INFO:     #305 chat/completions (stream): 797 prompt tokens ·
                       temperature: 0, greedy (req), max_tokens: 256 (req),
                       min_tokens: 256 (req)
16:14:05.714 INFO:     #298 chat/completions (stream): 256 tokens generated at
                       74.4 T/s · prompt 85 tokens, none cached, 85 new in 0.08
                       s · first token 0.09 s, total 3.53 s · draft 147/221
                       accepted (67%) · max_tokens reached
16:14:05.761 INFO:     #299 chat/completions (stream): 256 tokens generated at
                       82.0 T/s · prompt 62 tokens, none cached, 62 new in 0.07
                       s · first token 0.08 s, total 3.20 s · draft 157/201
                       accepted (78%) · max_tokens reached
16:14:05.785 INFO:     #306 chat/completions (stream): 822 prompt tokens ·
                       temperature: 0, greedy (req), max_tokens: 256 (req),
                       min_tokens: 256 (req)
16:14:06.094 INFO:     #307 chat/completions (stream): 63 prompt tokens ·
                       temperature: 0, greedy (req), max_tokens: 256 (req),
                       min_tokens: 256 (req)
16:14:06.838 INFO:     #300 chat/completions (stream): 256 tokens generated at
                       79.3 T/s · prompt 775 tokens, none cached, 775 new in
                       0.29 s (2,672 T/s) · first token 0.30 s, total 3.52 s ·
                       draft 156/203 accepted (77%) · max_tokens reached
16:14:06.910 INFO:     #308 chat/completions (stream): 94 prompt tokens ·
                       temperature: 0, greedy (req), max_tokens: 256 (req),
                       min_tokens: 256 (req)
16:14:07.320 INFO:     #301 chat/completions (stream): 256 tokens generated at
                       68.7 T/s · prompt 63 tokens, none cached, 63 new in 0.07
                       s · first token 0.10 s, total 3.82 s · draft 139/237
                       accepted (59%) · max_tokens reached
16:14:07.341 INFO:     #303 chat/completions (stream): 256 tokens generated at
                       82.1 T/s · prompt 65 tokens, none cached, 65 new in 0.07
                       s · queued 0.10 s, first token 0.17 s, total 3.29 s ·
                       draft 158/196 accepted (81%) · max_tokens reached
16:14:07.341 INFO:     #305 chat/completions (stream): 256 tokens generated at
                       94.3 T/s · prompt 797 tokens, none cached, 797 new in
                       0.24 s (3,321 T/s) · first token 0.24 s, total 2.96 s ·
                       draft 163/186 accepted (88%) · max_tokens reached
16:14:07.384 INFO:     #309 chat/completions (stream): 104 prompt tokens ·
                       temperature: 0, greedy (req), max_tokens: 256 (req),
                       min_tokens: 256 (req)
16:14:07.499 INFO:     #310 chat/completions (stream): 470 prompt tokens ·
                       temperature: 0, greedy (req), max_tokens: 256 (req),
                       min_tokens: 256 (req)
16:14:07.502 INFO:     #311 chat/completions (stream): 957 prompt tokens ·
                       temperature: 0, greedy (req), max_tokens: 256 (req),
                       min_tokens: 256 (req)
16:14:07.502 INFO:     #302 chat/completions (stream): 256 tokens generated at
                       80.7 T/s · prompt 97 tokens, none cached, 97 new in 0.16
                       s · first token 0.17 s, total 3.34 s · draft 155/202
                       accepted (77%) · max_tokens reached
16:14:08.067 INFO:     #312 chat/completions (stream): 90 prompt tokens ·
                       temperature: 0, greedy (req), max_tokens: 256 (req),
                       min_tokens: 256 (req)
16:14:08.477 INFO:     #304 chat/completions (stream): 256 tokens generated at
                       62.5 T/s · prompt 61 tokens, none cached, 61 new in 0.07
                       s · first token 0.08 s, total 4.18 s · draft 141/233
                       accepted (61%) · max_tokens reached
16:14:08.550 INFO:     #313 chat/completions (stream): 72 prompt tokens ·
                       temperature: 0, greedy (req), max_tokens: 256 (req),
                       min_tokens: 256 (req)
16:14:09.584 INFO:     #306 chat/completions (stream): 256 tokens generated at
                       74.7 T/s · prompt 822 tokens, none cached, 822 new in
                       0.28 s (2,936 T/s) · first token 0.29 s, total 3.71 s ·
                       draft 154/207 accepted (74%) · max_tokens reached
16:14:09.585 INFO:     #307 chat/completions (stream): 256 tokens generated at
                       77.0 T/s · prompt 63 tokens, none cached, 63 new in 0.07
                       s · first token 0.08 s, total 3.40 s · draft 155/205
                       accepted (76%) · max_tokens reached
16:14:09.655 INFO:     #314 chat/completions (stream): 748 prompt tokens ·
                       temperature: 0, greedy (req), max_tokens: 256 (req),
                       min_tokens: 256 (req)
16:14:09.657 INFO:     #315 chat/completions (stream): 135 prompt tokens ·
                       temperature: 0, greedy (req), max_tokens: 256 (req),
                       min_tokens: 256 (req)
16:14:10.793 INFO:     #308 chat/completions (stream): 256 tokens generated at
                       69.3 T/s · prompt 94 tokens, none cached, 94 new in 0.09
                       s · first token 0.10 s, total 3.79 s · draft 151/213
                       accepted (71%) · max_tokens reached
16:14:10.865 INFO:     #316 chat/completions (stream): 109 prompt tokens ·
                       temperature: 0, greedy (req), max_tokens: 256 (req),
                       min_tokens: 256 (req)
16:14:11.204 INFO:     #312 chat/completions (stream): 256 tokens generated at
                       86.7 T/s · prompt 90 tokens, none cached, 90 new in 0.08
                       s · first token 0.09 s, total 3.04 s · draft 159/194
                       accepted (82%) · max_tokens reached
16:14:11.271 INFO:     #317 chat/completions (stream): 748 prompt tokens ·
                       temperature: 0, greedy (req), max_tokens: 256 (req),
                       min_tokens: 256 (req)
16:14:11.272 INFO:     #309 chat/completions (stream): 256 tokens generated at
                       69.2 T/s · prompt 104 tokens, none cached, 104 new in
                       0.09 s · first token 0.10 s, total 3.80 s · draft 152/208
                       accepted (73%) · max_tokens reached
16:14:11.614 INFO:     #318 chat/completions (stream): 1,170 prompt tokens ·
                       temperature: 0, greedy (req), max_tokens: 256 (req),
                       min_tokens: 256 (req)
16:14:11.844 INFO:     #311 chat/completions (stream): 256 tokens generated at
                       78.9 T/s · prompt 957 tokens, none cached, 957 new in
                       0.39 s (2,454 T/s) · queued 0.13 s, first token 0.52 s,
                       total 3.76 s · draft 150/212 accepted (71%) · max_tokens
                       reached
16:14:11.957 INFO:     #310 chat/completions (stream): 256 tokens generated at
                       74.4 T/s · prompt 470 tokens, none cached, 470 new in
                       0.51 s (922 T/s) · first token 0.52 s, total 3.96 s ·
                       draft 149/214 accepted (70%) · max_tokens reached
16:14:11.998 INFO:     #319 chat/completions (stream): 832 prompt tokens ·
                       temperature: 0, greedy (req), max_tokens: 256 (req),
                       min_tokens: 256 (req)
16:14:12.200 INFO:     #320 chat/completions (stream): 64 prompt tokens ·
                       temperature: 0, greedy (req), max_tokens: 256 (req),
                       min_tokens: 256 (req)
16:14:12.394 INFO:     #313 chat/completions (stream): 256 tokens generated at
                       76.5 T/s · prompt 72 tokens, none cached, 72 new in 0.08
                       s · first token 0.09 s, total 3.43 s · draft 162/188
                       accepted (86%) · max_tokens reached
16:14:12.470 INFO:     #321 chat/completions (stream): 103 prompt tokens ·
                       temperature: 0, greedy (req), max_tokens: 256 (req),
                       min_tokens: 256 (req)
16:14:13.435 INFO:     #315 chat/completions (stream): 256 tokens generated at
                       74.9 T/s · prompt 135 tokens, none cached, 135 new in
                       0.11 s · queued 0.15 s, first token 0.26 s, total 3.68 s
                       · draft 164/184 accepted (89%) · max_tokens reached
16:14:13.506 INFO:     #322 chat/completions (stream): 101 prompt tokens ·
                       temperature: 0, greedy (req), max_tokens: 256 (req),
                       min_tokens: 256 (req)
16:14:13.863 INFO:     #314 chat/completions (stream): 256 tokens generated at
                       68.7 T/s · prompt 748 tokens, none cached, 748 new in
                       0.38 s (1,968 T/s) · first token 0.39 s, total 4.12 s ·
                       draft 151/210 accepted (72%) · max_tokens reached
16:14:13.933 INFO:     #323 chat/completions (stream): 63 prompt tokens ·
                       temperature: 0, greedy (req), max_tokens: 256 (req),
                       min_tokens: 256 (req)
16:14:14.481 INFO:     #316 chat/completions (stream): 256 tokens generated at
                       75.0 T/s · prompt 109 tokens, none cached, 109 new in
                       0.09 s · first token 0.10 s, total 3.51 s · draft 162/188
                       accepted (86%) · max_tokens reached
16:14:14.554 INFO:     #324 chat/completions (stream): 63 prompt tokens ·
                       temperature: 0, greedy (req), max_tokens: 256 (req),
                       min_tokens: 256 (req)
16:14:15.117 INFO:     #319 chat/completions (stream): 256 tokens generated at
                       95.7 T/s · prompt 832 tokens, none cached, 832 new in
                       0.35 s (2,377 T/s) · first token 0.36 s, total 3.03 s ·
                       draft 160/192 accepted (83%) · max_tokens reached
16:14:15.140 INFO:     #317 chat/completions (stream): 256 tokens generated at
                       73.7 T/s · prompt 748 tokens, none cached, 748 new in
                       0.30 s (2,493 T/s) · first token 0.31 s, total 3.78 s ·
                       draft 152/208 accepted (73%) · max_tokens reached
16:14:15.185 INFO:     #325 chat/completions (stream): 155 prompt tokens ·
                       temperature: 0, greedy (req), max_tokens: 256 (req),
                       min_tokens: 256 (req)
16:14:15.306 INFO:     #326 chat/completions (stream): 71 prompt tokens ·
                       temperature: 0, greedy (req), max_tokens: 256 (req),
                       min_tokens: 256 (req)
16:14:15.519 INFO:     #318 chat/completions (stream): 256 tokens generated at
                       73.7 T/s · prompt 1,170 tokens, none cached, 1,170 new in
                       0.31 s (3,774 T/s) · first token 0.32 s, total 3.79 s ·
                       draft 147/218 accepted (67%) · max_tokens reached
16:14:15.587 INFO:     #327 chat/completions (stream): 102 prompt tokens ·
                       temperature: 0, greedy (req), max_tokens: 256 (req),
                       min_tokens: 256 (req)
16:14:15.728 INFO:     #321 chat/completions (stream): 256 tokens generated at
                       86.1 T/s · prompt 103 tokens, none cached, 103 new in
                       0.09 s · first token 0.10 s, total 3.07 s · draft 151/210
                       accepted (72%) · max_tokens reached
16:14:15.799 INFO:     #328 chat/completions (stream): 91 prompt tokens ·
                       temperature: 0, greedy (req), max_tokens: 256 (req),
                       min_tokens: 256 (req)
16:14:15.978 INFO:     #320 chat/completions (stream): 256 tokens generated at
                       74.3 T/s · prompt 64 tokens, none cached, 64 new in 0.07
                       s · first token 0.15 s, total 3.59 s · draft 139/234
                       accepted (59%) · max_tokens reached
16:14:16.049 INFO:     #329 chat/completions (stream): 788 prompt tokens ·
                       temperature: 0, greedy (req), max_tokens: 256 (req),
                       min_tokens: 256 (req)
16:14:17.013 INFO:     #322 chat/completions (stream): 256 tokens generated at
                       77.3 T/s · prompt 101 tokens, none cached, 101 new in
                       0.09 s · first token 0.10 s, total 3.41 s · draft 149/214
                       accepted (70%) · max_tokens reached
16:14:17.087 INFO:     #331 chat/completions (stream): 809 prompt tokens ·
                       temperature: 0, greedy (req), max_tokens: 256 (req),
                       min_tokens: 256 (req)
16:14:17.695 INFO:     #323 chat/completions (stream): 256 tokens generated at
                       71.3 T/s · prompt 63 tokens, none cached, 63 new in 0.07
                       s · first token 0.08 s, total 3.67 s · draft 146/220
                       accepted (66%) · max_tokens reached
16:14:17.769 INFO:     #332 chat/completions (stream): 106 prompt tokens ·
                       temperature: 0, greedy (req), max_tokens: 256 (req),
                       min_tokens: 256 (req)
16:14:18.109 INFO:     #324 chat/completions (stream): 256 tokens generated at
                       75.7 T/s · prompt 63 tokens, none cached, 63 new in 0.07
                       s · first token 0.08 s, total 3.46 s · draft 155/202
                       accepted (77%) · max_tokens reached
16:14:18.180 INFO:     #333 chat/completions (stream): 87 prompt tokens ·
                       temperature: 0, greedy (req), max_tokens: 256 (req),
                       min_tokens: 256 (req)
16:14:18.793 INFO:     #325 chat/completions (stream): 256 tokens generated at
                       75.0 T/s · prompt 155 tokens, none cached, 155 new in
                       0.09 s · first token 0.10 s, total 3.51 s · draft 154/204
                       accepted (75%) · max_tokens reached
16:14:18.866 INFO:     #334 chat/completions (stream): 95 prompt tokens ·
                       temperature: 0, greedy (req), max_tokens: 256 (req),
                       min_tokens: 256 (req)
16:14:19.227 INFO:     #326 chat/completions (stream): 256 tokens generated at
                       68.4 T/s · prompt 71 tokens, none cached, 71 new in 0.08
                       s · first token 0.08 s, total 3.83 s · draft 141/230
                       accepted (61%) · max_tokens reached
16:14:19.300 INFO:     #335 chat/completions (stream): 133 prompt tokens ·
                       temperature: 0, greedy (req), max_tokens: 256 (req),
                       min_tokens: 256 (req)
16:14:19.541 INFO:     #328 chat/completions (stream): 256 tokens generated at
                       71.9 T/s · prompt 91 tokens, none cached, 91 new in 0.08
                       s · first token 0.08 s, total 3.64 s · draft 146/220
                       accepted (66%) · max_tokens reached
16:14:19.586 INFO:     #329 chat/completions (stream): 256 tokens generated at
                       79.5 T/s · prompt 788 tokens, none cached, 788 new in
                       0.22 s (3,582 T/s) · first token 0.22 s, total 3.45 s ·
                       draft 152/208 accepted (73%) · max_tokens reached
16:14:19.608 INFO:     #336 chat/completions (stream): 125 prompt tokens ·
                       temperature: 0, greedy (req), max_tokens: 256 (req),
                       min_tokens: 256 (req)
16:14:19.760 INFO:     #337 chat/completions (stream): 92 prompt tokens ·
                       temperature: 0, greedy (req), max_tokens: 256 (req),
                       min_tokens: 256 (req)
16:14:19.944 INFO:     #327 chat/completions (stream): 256 tokens generated at
                       62.9 T/s · prompt 102 tokens, none cached, 102 new in
                       0.09 s · first token 0.10 s, total 4.17 s · draft 132/248
                       accepted (53%) · max_tokens reached
16:14:20.014 INFO:     #338 chat/completions (stream): 143 prompt tokens ·
                       temperature: 0, greedy (req), max_tokens: 256 (req),
                       min_tokens: 256 (req)
16:14:20.805 INFO:     #332 chat/completions (stream): 256 tokens generated at
                       89.9 T/s · prompt 106 tokens, none cached, 106 new in
                       0.09 s · first token 0.10 s, total 2.94 s · draft 164/184
                       accepted (89%) · max_tokens reached
16:14:20.877 INFO:     #339 chat/completions (stream): 832 prompt tokens ·
                       temperature: 0, greedy (req), max_tokens: 256 (req),
                       min_tokens: 256 (req)
16:14:21.227 INFO:     #331 chat/completions (stream): 256 tokens generated at
                       72.9 T/s · prompt 809 tokens, none cached, 809 new in
                       0.27 s (2,996 T/s) · first token 0.28 s, total 3.79 s ·
                       draft 141/230 accepted (61%) · max_tokens reached
16:14:21.296 INFO:     #340 chat/completions (stream): 91 prompt tokens ·
                       temperature: 0, greedy (req), max_tokens: 256 (req),
                       min_tokens: 256 (req)
16:14:21.476 INFO:     #333 chat/completions (stream): 256 tokens generated at
                       85.3 T/s · prompt 87 tokens, none cached, 87 new in 0.08
                       s · first token 0.09 s, total 3.09 s · draft 164/184
                       accepted (89%) · max_tokens reached
16:14:21.547 INFO:     #341 chat/completions (stream): 62 prompt tokens ·
                       temperature: 0, greedy (req), max_tokens: 256 (req),
                       min_tokens: 256 (req)
16:14:22.596 INFO:     #334 chat/completions (stream): 256 tokens generated at
                       72.2 T/s · prompt 95 tokens, none cached, 95 new in 0.09
                       s · first token 0.10 s, total 3.64 s · draft 146/220
                       accepted (66%) · max_tokens reached
16:14:22.662 INFO:     #342 chat/completions (stream): 62 prompt tokens ·
                       temperature: 0, greedy (req), max_tokens: 256 (req),
                       min_tokens: 256 (req)
16:14:22.755 INFO:     #335 chat/completions (stream): 256 tokens generated at
                       80.4 T/s · prompt 133 tokens, none cached, 133 new in
                       0.10 s · first token 0.11 s, total 3.29 s · draft 156/200
                       accepted (78%) · max_tokens reached
16:14:22.811 INFO:     #343 chat/completions (stream): 71 prompt tokens ·
                       temperature: 0, greedy (req), max_tokens: 256 (req),
                       min_tokens: 256 (req)
16:14:22.812 INFO:     #336 chat/completions (stream): 256 tokens generated at
                       86.9 T/s · prompt 125 tokens, none cached, 125 new in
                       0.10 s · first token 0.11 s, total 3.05 s · draft 161/190
                       accepted (85%) · max_tokens reached
16:14:22.914 INFO:     #337 chat/completions (stream): 256 tokens generated at
                       88.2 T/s · prompt 92 tokens, none cached, 92 new in 0.08
                       s · first token 0.08 s, total 2.99 s · draft 162/188
                       accepted (86%) · max_tokens reached
16:14:22.958 INFO:     #344 chat/completions (stream): 93 prompt tokens ·
                       temperature: 0, greedy (req), max_tokens: 256 (req),
                       min_tokens: 256 (req)
16:14:23.073 INFO:     #345 chat/completions (stream): 74 prompt tokens ·
                       temperature: 0, greedy (req), max_tokens: 256 (req),
                       min_tokens: 256 (req)
16:14:23.572 INFO:     #338 chat/completions (stream): 256 tokens generated at
                       76.4 T/s · prompt 143 tokens, none cached, 143 new in
                       0.10 s · first token 0.11 s, total 3.46 s · draft 149/214
                       accepted (70%) · max_tokens reached
16:14:23.647 INFO:     #346 chat/completions (stream): 892 prompt tokens ·
                       temperature: 0, greedy (req), max_tokens: 256 (req),
                       min_tokens: 256 (req)
16:14:24.426 INFO:     #340 chat/completions (stream): 256 tokens generated at
                       87.2 T/s · prompt 91 tokens, none cached, 91 new in 0.09
                       s · first token 0.10 s, total 3.03 s · draft 165/182
                       accepted (91%) · max_tokens reached
16:14:24.512 INFO:     #347 chat/completions (stream): 726 prompt tokens ·
                       temperature: 0, greedy (req), max_tokens: 256 (req),
                       min_tokens: 256 (req)
16:14:25.034 INFO:     #339 chat/completions (stream): 256 tokens generated at
                       67.8 T/s · prompt 832 tokens, none cached, 832 new in
                       0.27 s (3,081 T/s) · first token 0.28 s, total 4.05 s ·
                       draft 148/216 accepted (69%) · max_tokens reached
16:14:25.107 INFO:     #348 chat/completions (stream): 433 prompt tokens ·
                       temperature: 0, greedy (req), max_tokens: 256 (req),
                       min_tokens: 256 (req)
16:14:25.688 INFO:     #341 chat/completions (stream): 256 tokens generated at
                       64.5 T/s · prompt 62 tokens, none cached, 62 new in 0.07
                       s · first token 0.08 s, total 4.05 s · draft 142/228
                       accepted (62%) · max_tokens reached
16:14:25.760 INFO:     #349 chat/completions (stream): 116 prompt tokens ·
                       temperature: 0, greedy (req), max_tokens: 256 (req),
                       min_tokens: 256 (req)
16:14:26.475 INFO:     #344 chat/completions (stream): 256 tokens generated at
                       77.2 T/s · prompt 93 tokens, none cached, 93 new in 0.09
                       s · first token 0.10 s, total 3.41 s · draft 164/184
                       accepted (89%) · max_tokens reached
16:14:26.544 INFO:     #350 chat/completions (stream): 81 prompt tokens ·
                       temperature: 0, greedy (req), max_tokens: 256 (req),
                       min_tokens: 256 (req)
16:14:26.674 INFO:     #343 chat/completions (stream): 256 tokens generated at
                       71.0 T/s · prompt 71 tokens, none cached, 71 new in 0.07
                       s · first token 0.08 s, total 3.68 s · draft 156/200
                       accepted (78%) · max_tokens reached
16:14:26.747 INFO:     #351 chat/completions (stream): 634 prompt tokens ·
                       temperature: 0, greedy (req), max_tokens: 256 (req),
                       min_tokens: 256 (req)
16:14:27.235 INFO:     #342 chat/completions (stream): 256 tokens generated at
                       58.1 T/s · prompt 62 tokens, none cached, 62 new in 0.07
                       s · first token 0.08 s, total 4.48 s · draft 139/234
                       accepted (59%) · max_tokens reached
16:14:27.302 INFO:     #352 chat/completions (stream): 71 prompt tokens ·
                       temperature: 0, greedy (req), max_tokens: 256 (req),
                       min_tokens: 256 (req)
16:14:27.434 INFO:     #345 chat/completions (stream): 256 tokens generated at
                       62.4 T/s · prompt 74 tokens, none cached, 74 new in 0.08
                       s · first token 0.09 s, total 4.19 s · draft 142/228
                       accepted (62%) · max_tokens reached
16:14:27.508 INFO:     #353 chat/completions (stream): 100 prompt tokens ·
                       temperature: 0, greedy (req), max_tokens: 256 (req),
                       min_tokens: 256 (req)
16:14:27.746 INFO:     #346 chat/completions (stream): 256 tokens generated at
                       69.2 T/s · prompt 892 tokens, none cached, 892 new in
                       0.30 s (2,973 T/s) · first token 0.31 s, total 4.00 s ·
                       draft 154/204 accepted (75%) · max_tokens reached
16:14:27.818 INFO:     #354 chat/completions (stream): 96 prompt tokens ·
                       temperature: 0, greedy (req), max_tokens: 256 (req),
                       min_tokens: 256 (req)
16:14:28.566 INFO:     #347 chat/completions (stream): 256 tokens generated at
                       69.8 T/s · prompt 726 tokens, none cached, 726 new in
                       0.28 s (2,593 T/s) · first token 0.29 s, total 3.95 s ·
                       draft 146/220 accepted (66%) · max_tokens reached
16:14:28.633 INFO:     #355 chat/completions (stream): 93 prompt tokens ·
                       temperature: 0, greedy (req), max_tokens: 256 (req),
                       min_tokens: 256 (req)
16:14:28.792 INFO:     #348 chat/completions (stream): 256 tokens generated at
                       78.5 T/s · prompt 433 tokens, none cached, 433 new in
                       0.24 s (1,804 T/s) · first token 0.25 s, total 3.51 s ·
                       draft 151/210 accepted (72%) · max_tokens reached
16:14:28.866 INFO:     #356 chat/completions (stream): 804 prompt tokens ·
                       temperature: 0, greedy (req), max_tokens: 256 (req),
                       min_tokens: 256 (req)
16:14:29.225 INFO:     #349 chat/completions (stream): 256 tokens generated at
                       79.7 T/s · prompt 116 tokens, none cached, 116 new in
                       0.10 s · first token 0.11 s, total 3.32 s · draft 160/192
                       accepted (83%) · max_tokens reached
16:14:29.296 INFO:     #357 chat/completions (stream): 745 prompt tokens ·
                       temperature: 0, greedy (req), max_tokens: 256 (req),
                       min_tokens: 256 (req)
16:14:30.330 INFO:     #350 chat/completions (stream): 256 tokens generated at
                       71.0 T/s · prompt 81 tokens, none cached, 81 new in 0.08
                       s · first token 0.09 s, total 3.69 s · draft 152/208
                       accepted (73%) · max_tokens reached
16:14:30.403 INFO:     #358 chat/completions (stream): 740 prompt tokens ·
                       temperature: 0, greedy (req), max_tokens: 256 (req),
                       min_tokens: 256 (req)
16:14:30.845 INFO:     #351 chat/completions (stream): 256 tokens generated at
                       68.6 T/s · prompt 634 tokens, none cached, 634 new in
                       0.27 s (2,348 T/s) · first token 0.28 s, total 4.01 s ·
                       draft 148/216 accepted (69%) · max_tokens reached
16:14:30.916 INFO:     #359 chat/completions (stream): 93 prompt tokens ·
                       temperature: 0, greedy (req), max_tokens: 256 (req),
                       min_tokens: 256 (req)
16:14:31.097 INFO:     #353 chat/completions (stream): 256 tokens generated at
                       77.3 T/s · prompt 100 tokens, none cached, 100 new in
                       0.09 s · first token 0.10 s, total 3.40 s · draft 158/196
                       accepted (81%) · max_tokens reached
16:14:31.164 INFO:     #360 chat/completions (stream): 108 prompt tokens ·
                       temperature: 0, greedy (req), max_tokens: 256 (req),
                       min_tokens: 256 (req)
16:14:31.165 INFO:     #352 chat/completions (stream): 256 tokens generated at
                       69.4 T/s · prompt 71 tokens, none cached, 71 new in 0.08
                       s · first token 0.09 s, total 3.77 s · draft 150/212
                       accepted (71%) · max_tokens reached
16:14:31.333 INFO:     #361 chat/completions (stream): 63 prompt tokens ·
                       temperature: 0, greedy (req), max_tokens: 256 (req),
                       min_tokens: 256 (req)
16:14:31.705 INFO:     #354 chat/completions (stream): 256 tokens generated at
                       69.2 T/s · prompt 96 tokens, none cached, 96 new in 0.09
                       s · first token 0.10 s, total 3.79 s · draft 149/214
                       accepted (70%) · max_tokens reached
16:14:31.776 INFO:     #362 chat/completions (stream): 395 prompt tokens ·
                       temperature: 0, greedy (req), max_tokens: 256 (req),
                       min_tokens: 256 (req)
16:14:32.627 INFO:     #356 chat/completions (stream): 256 tokens generated at
                       75.4 T/s · prompt 804 tokens, none cached, 804 new in
                       0.26 s (3,092 T/s) · first token 0.26 s, total 3.66 s ·
                       draft 158/196 accepted (81%) · max_tokens reached
16:14:32.703 INFO:     #364 chat/completions (stream): 692 prompt tokens ·
                       temperature: 0, greedy (req), max_tokens: 256 (req),
                       min_tokens: 256 (req)
16:14:33.189 INFO:     #357 chat/completions (stream): 256 tokens generated at
                       72.9 T/s · prompt 745 tokens, none cached, 745 new in
                       0.28 s (2,661 T/s) · first token 0.29 s, total 3.80 s ·
                       draft 153/206 accepted (74%) · max_tokens reached
16:14:33.258 INFO:     #365 chat/completions (stream): 714 prompt tokens ·
                       temperature: 0, greedy (req), max_tokens: 256 (req),
                       min_tokens: 256 (req)
16:14:33.426 INFO:     #355 chat/completions (stream): 256 tokens generated at
                       57.4 T/s · prompt 93 tokens, none cached, 93 new in 0.08
                       s · first token 0.09 s, total 4.55 s · draft 134/244
                       accepted (55%) · max_tokens reached
16:14:33.630 INFO:     #366 chat/completions (stream): 79 prompt tokens ·
                       temperature: 0, greedy (req), max_tokens: 256 (req),
                       min_tokens: 256 (req)
16:14:34.565 INFO:     #359 chat/completions (stream): 256 tokens generated at
                       73.8 T/s · prompt 93 tokens, none cached, 93 new in 0.09
                       s · first token 0.10 s, total 3.57 s · draft 156/200
                       accepted (78%) · max_tokens reached
16:14:34.605 INFO:     #358 chat/completions (stream): 256 tokens generated at
                       67.0 T/s · prompt 740 tokens, none cached, 740 new in
                       0.29 s (2,552 T/s) · first token 0.30 s, total 4.12 s ·
                       draft 145/222 accepted (65%) · max_tokens reached
16:14:34.605 INFO:     #360 chat/completions (stream): 256 tokens generated at
                       78.5 T/s · prompt 108 tokens, none cached, 108 new in
                       0.09 s · first token 0.10 s, total 3.36 s · draft 161/190
                       accepted (85%) · max_tokens reached
16:14:34.625 INFO:     #367 chat/completions (stream): 587 prompt tokens ·
                       temperature: 0, greedy (req), max_tokens: 256 (req),
                       min_tokens: 256 (req)
16:14:34.900 INFO:     #368 chat/completions (stream): 111 prompt tokens ·
                       temperature: 0, greedy (req), max_tokens: 256 (req),
                       min_tokens: 256 (req)
16:14:34.903 INFO:     #369 chat/completions (stream): 120 prompt tokens ·
                       temperature: 0, greedy (req), max_tokens: 256 (req),
                       min_tokens: 256 (req)
16:14:35.453 INFO:     #362 chat/completions (stream): 256 tokens generated at
                       76.8 T/s · prompt 395 tokens, none cached, 395 new in
                       0.23 s (1,717 T/s) · first token 0.24 s, total 3.57 s ·
                       draft 163/186 accepted (88%) · max_tokens reached
16:14:35.528 INFO:     #370 chat/completions (stream): 894 prompt tokens ·
                       temperature: 0, greedy (req), max_tokens: 256 (req),
                       min_tokens: 256 (req)
16:14:36.136 INFO:     #361 chat/completions (stream): 256 tokens generated at
                       55.2 T/s · prompt 63 tokens, none cached, 63 new in 0.07
                       s · first token 0.08 s, total 4.71 s · draft 130/252
                       accepted (52%) · max_tokens reached
16:14:36.208 INFO:     #371 chat/completions (stream): 1,157 prompt tokens ·
                       temperature: 0, greedy (req), max_tokens: 256 (req),
                       min_tokens: 256 (req)
16:14:36.968 INFO:     #364 chat/completions (stream): 256 tokens generated at
                       65.6 T/s · prompt 692 tokens, none cached, 692 new in
                       0.26 s (2,662 T/s) · first token 0.27 s, total 4.17 s ·
                       draft 154/204 accepted (75%) · max_tokens reached
16:14:37.042 INFO:     #372 chat/completions (stream): 93 prompt tokens ·
                       temperature: 0, greedy (req), max_tokens: 256 (req),
                       min_tokens: 256 (req)
16:14:37.227 INFO:     #365 chat/completions (stream): 256 tokens generated at
                       73.6 T/s · prompt 714 tokens, none cached, 714 new in
                       0.30 s (2,380 T/s) · first token 0.31 s, total 3.79 s ·
                       draft 160/192 accepted (83%) · max_tokens reached
16:14:37.298 INFO:     #373 chat/completions (stream): 61 prompt tokens ·
                       temperature: 0, greedy (req), max_tokens: 256 (req),
                       min_tokens: 256 (req)
16:14:38.106 INFO:     #366 chat/completions (stream): 256 tokens generated at
                       59.5 T/s · prompt 79 tokens, none cached, 79 new in 0.08
                       s · first token 0.09 s, total 4.38 s · draft 130/252
                       accepted (52%) · max_tokens reached
16:14:38.176 INFO:     #374 chat/completions (stream): 1,540 prompt tokens ·
                       temperature: 0, greedy (req), max_tokens: 256 (req),
                       min_tokens: 256 (req)
16:14:38.522 INFO:     #368 chat/completions (stream): 256 tokens generated at
                       83.9 T/s · prompt 111 tokens, none cached, 111 new in
                       0.19 s · first token 0.20 s, total 3.25 s · draft 163/186
                       accepted (88%) · max_tokens reached
16:14:38.590 INFO:     #375 chat/completions (stream): 64 prompt tokens ·
                       temperature: 0, greedy (req), max_tokens: 256 (req),
                       min_tokens: 256 (req)
16:14:38.710 INFO:     #369 chat/completions (stream): 256 tokens generated at
                       74.4 T/s · prompt 120 tokens, none cached, 120 new in
                       0.10 s · queued 0.10 s, first token 0.20 s, total 3.64 s
                       · draft 158/196 accepted (81%) · max_tokens reached
16:14:38.783 INFO:     #376 chat/completions (stream): 123 prompt tokens ·
                       temperature: 0, greedy (req), max_tokens: 256 (req),
                       min_tokens: 256 (req)
16:14:39.241 INFO:     #370 chat/completions (stream): 256 tokens generated at
                       77.0 T/s · prompt 894 tokens, none cached, 894 new in
                       0.29 s (3,083 T/s) · first token 0.30 s, total 3.62 s ·
                       draft 158/196 accepted (81%) · max_tokens reached
16:14:39.265 INFO:     #367 chat/completions (stream): 256 tokens generated at
                       59.6 T/s · prompt 587 tokens, none cached, 587 new in
                       0.24 s (2,446 T/s) · first token 0.25 s, total 4.54 s ·
                       draft 138/236 accepted (58%) · max_tokens reached
16:14:39.310 INFO:     #377 chat/completions (stream): 72 prompt tokens ·
                       temperature: 0, greedy (req), max_tokens: 256 (req),
                       min_tokens: 256 (req)
16:14:39.416 INFO:     #378 chat/completions (stream): 81 prompt tokens ·
                       temperature: 0, greedy (req), max_tokens: 256 (req),
                       min_tokens: 256 (req)
16:14:40.080 INFO:     #371 chat/completions (stream): 256 tokens generated at
                       75.2 T/s · prompt 1,157 tokens, none cached, 1,157 new in
                       0.37 s (3,127 T/s) · first token 0.38 s, total 3.78 s ·
                       draft 147/218 accepted (67%) · max_tokens reached
16:14:40.153 INFO:     #379 chat/completions (stream): 64 prompt tokens ·
                       temperature: 0, greedy (req), max_tokens: 256 (req),
                       min_tokens: 256 (req)
16:14:40.539 INFO:     #372 chat/completions (stream): 256 tokens generated at
                       77.3 T/s · prompt 93 tokens, none cached, 93 new in 0.09
                       s · first token 0.10 s, total 3.41 s · draft 150/212
                       accepted (71%) · max_tokens reached
16:14:40.606 INFO:     #380 chat/completions (stream): 73 prompt tokens ·
                       temperature: 0, greedy (req), max_tokens: 256 (req),
                       min_tokens: 256 (req)
16:14:40.755 INFO:     #373 chat/completions (stream): 256 tokens generated at
                       79.7 T/s · prompt 61 tokens, none cached, 61 new in 0.07
                       s · first token 0.07 s, total 3.29 s · draft 151/210
                       accepted (72%) · max_tokens reached
16:14:40.826 INFO:     #381 chat/completions (stream): 63 prompt tokens ·
                       temperature: 0, greedy (req), max_tokens: 256 (req),
                       min_tokens: 256 (req)
16:14:41.680 INFO:     #376 chat/completions (stream): 256 tokens generated at
                       94.5 T/s · prompt 123 tokens, none cached, 123 new in
                       0.10 s · first token 0.11 s, total 2.81 s · draft 159/194
                       accepted (82%) · max_tokens reached
16:14:41.703 INFO:     #375 chat/completions (stream): 256 tokens generated at
                       86.8 T/s · prompt 64 tokens, none cached, 64 new in 0.07
                       s · first token 0.08 s, total 3.03 s · draft 153/206
                       accepted (74%) · max_tokens reached
16:14:41.745 INFO:     #382 chat/completions (stream): 720 prompt tokens ·
                       temperature: 0, greedy (req), max_tokens: 256 (req),
                       min_tokens: 256 (req)
16:14:41.912 INFO:     #383 chat/completions (stream): 110 prompt tokens ·
                       temperature: 0, greedy (req), max_tokens: 256 (req),
                       min_tokens: 256 (req)
16:14:42.177 INFO:     #374 chat/completions (stream): 256 tokens generated at
                       78.4 T/s · prompt 1,540 tokens, none cached, 1,540 new in
                       0.29 s (5,310 T/s) · first token 0.30 s, total 3.56 s ·
                       draft 142/228 accepted (62%) · max_tokens reached
16:14:42.250 INFO:     #384 chat/completions (stream): 751 prompt tokens ·
                       temperature: 0, greedy (req), max_tokens: 256 (req),
                       min_tokens: 256 (req)
16:14:42.773 INFO:     #378 chat/completions (stream): 256 tokens generated at
                       80.6 T/s · prompt 81 tokens, none cached, 81 new in 0.08
                       s · first token 0.09 s, total 3.26 s · draft 158/196
                       accepted (81%) · max_tokens reached
16:14:42.845 INFO:     #385 chat/completions (stream): 128 prompt tokens ·
                       temperature: 0, greedy (req), max_tokens: 256 (req),
                       min_tokens: 256 (req)
16:14:43.240 INFO:     #377 chat/completions (stream): 256 tokens generated at
                       68.2 T/s · prompt 72 tokens, none cached, 72 new in 0.08
                       s · first token 0.09 s, total 3.84 s · draft 142/228
                       accepted (62%) · max_tokens reached
16:14:43.310 INFO:     #386 chat/completions (stream): 103 prompt tokens ·
                       temperature: 0, greedy (req), max_tokens: 256 (req),
                       min_tokens: 256 (req)
16:14:43.849 INFO:     #379 chat/completions (stream): 256 tokens generated at
                       72.6 T/s · prompt 64 tokens, none cached, 64 new in 0.07
                       s · first token 0.08 s, total 3.60 s · draft 149/214
                       accepted (70%) · max_tokens reached
16:14:43.921 INFO:     #387 chat/completions (stream): 64 prompt tokens ·
                       temperature: 0, greedy (req), max_tokens: 256 (req),
                       min_tokens: 256 (req)
16:14:44.361 INFO:     #380 chat/completions (stream): 256 tokens generated at
                       71.6 T/s · prompt 73 tokens, none cached, 73 new in 0.08
                       s · first token 0.09 s, total 3.66 s · draft 147/218
                       accepted (67%) · max_tokens reached
16:14:44.452 INFO:     #388 chat/completions (stream): 114 prompt tokens ·
                       temperature: 0, greedy (req), max_tokens: 256 (req),
                       min_tokens: 256 (req)
16:14:44.796 INFO:     #381 chat/completions (stream): 256 tokens generated at
                       67.3 T/s · prompt 63 tokens, none cached, 63 new in 0.07
                       s · first token 0.07 s, total 3.88 s · draft 140/232
                       accepted (60%) · max_tokens reached
16:14:44.866 INFO:     #389 chat/completions (stream): 135 prompt tokens ·
                       temperature: 0, greedy (req), max_tokens: 256 (req),
                       min_tokens: 256 (req)
16:14:45.283 INFO:     #383 chat/completions (stream): 256 tokens generated at
                       83.2 T/s · prompt 110 tokens, none cached, 110 new in
                       0.09 s · queued 0.11 s, first token 0.20 s, total 3.28 s
                       · draft 161/190 accepted (85%) · max_tokens reached
16:14:45.352 INFO:     #390 chat/completions (stream): 80 prompt tokens ·
                       temperature: 0, greedy (req), max_tokens: 256 (req),
                       min_tokens: 256 (req)
16:14:45.683 INFO:     #384 chat/completions (stream): 256 tokens generated at
                       84.2 T/s · prompt 751 tokens, none cached, 751 new in
                       0.31 s (2,423 T/s) · first token 0.32 s, total 3.36 s ·
                       draft 154/204 accepted (75%) · max_tokens reached
16:14:45.702 INFO:     #382 chat/completions (stream): 256 tokens generated at
                       72.8 T/s · prompt 720 tokens, none cached, 720 new in
                       0.36 s (2,000 T/s) · first token 0.37 s, total 3.88 s ·
                       draft 146/220 accepted (66%) · max_tokens reached
16:14:45.703 INFO:     #385 chat/completions (stream): 256 tokens generated at
                       95.7 T/s · prompt 128 tokens, none cached, 128 new in
                       0.10 s · first token 0.11 s, total 2.78 s · draft 165/182
                       accepted (91%) · max_tokens reached
16:14:45.742 INFO:     #391 chat/completions (stream): 73 prompt tokens ·
                       temperature: 0, greedy (req), max_tokens: 256 (req),
                       min_tokens: 256 (req)
16:14:45.844 INFO:     #392 chat/completions (stream): 62 prompt tokens ·
                       temperature: 0, greedy (req), max_tokens: 256 (req),
                       min_tokens: 256 (req)
16:14:45.846 INFO:     #393 chat/completions (stream): 785 prompt tokens ·
                       temperature: 0, greedy (req), max_tokens: 256 (req),
                       min_tokens: 256 (req)
16:14:46.812 INFO:     #386 chat/completions (stream): 256 tokens generated at
                       77.3 T/s · prompt 103 tokens, none cached, 103 new in
                       0.09 s · first token 0.10 s, total 3.41 s · draft 148/216
                       accepted (69%) · max_tokens reached
16:14:46.883 INFO:     #394 chat/completions (stream): 92 prompt tokens ·
                       temperature: 0, greedy (req), max_tokens: 256 (req),
                       min_tokens: 256 (req)
16:14:47.451 INFO:     #387 chat/completions (stream): 256 tokens generated at
                       76.6 T/s · prompt 64 tokens, none cached, 64 new in 0.07
                       s · first token 0.08 s, total 3.42 s · draft 147/218
                       accepted (67%) · max_tokens reached
16:14:47.526 INFO:     #396 chat/completions (stream): 680 prompt tokens ·
                       temperature: 0, greedy (req), max_tokens: 256 (req),
                       min_tokens: 256 (req)
16:14:48.027 INFO:     #389 chat/completions (stream): 256 tokens generated at
                       86.6 T/s · prompt 135 tokens, none cached, 135 new in
                       0.10 s · first token 0.11 s, total 3.06 s · draft 164/184
                       accepted (89%) · max_tokens reached
16:14:48.097 INFO:     #397 chat/completions (stream): 125 prompt tokens ·
                       temperature: 0, greedy (req), max_tokens: 256 (req),
                       min_tokens: 256 (req)
16:14:48.244 INFO:     #388 chat/completions (stream): 256 tokens generated at
                       73.3 T/s · prompt 114 tokens, none cached, 114 new in
                       0.10 s · first token 0.11 s, total 3.60 s · draft 146/220
                       accepted (66%) · max_tokens reached
16:14:48.315 INFO:     #398 chat/completions (stream): 79 prompt tokens ·
                       temperature: 0, greedy (req), max_tokens: 256 (req),
                       min_tokens: 256 (req)
16:14:48.944 INFO:     #390 chat/completions (stream): 256 tokens generated at
                       75.0 T/s · prompt 80 tokens, none cached, 80 new in 0.08
                       s · first token 0.09 s, total 3.50 s · draft 150/212
                       accepted (71%) · max_tokens reached
16:14:49.013 INFO:     #399 chat/completions (stream): 86 prompt tokens ·
                       temperature: 0, greedy (req), max_tokens: 256 (req),
                       min_tokens: 256 (req)
16:14:49.340 INFO:     #391 chat/completions (stream): 256 tokens generated at
                       74.8 T/s · prompt 73 tokens, none cached, 73 new in 0.07
                       s · first token 0.08 s, total 3.50 s · draft 151/210
                       accepted (72%) · max_tokens reached
16:14:49.402 INFO:     #400 chat/completions (stream): 69 prompt tokens ·
                       temperature: 0, greedy (req), max_tokens: 256 (req),
                       min_tokens: 256 (req)
16:14:49.403 INFO:     #392 chat/completions (stream): 256 tokens generated at
                       79.4 T/s · prompt 62 tokens, none cached, 62 new in 0.24
                       s · first token 0.25 s, total 3.47 s · draft 149/214
                       accepted (70%) · max_tokens reached
16:14:49.549 INFO:     #393 chat/completions (stream): 256 tokens generated at
                       79.3 T/s · prompt 785 tokens, none cached, 785 new in
                       0.21 s (3,738 T/s) · first token 0.29 s, total 3.52 s ·
                       draft 148/216 accepted (69%) · max_tokens reached
16:14:49.572 INFO:     #401 chat/completions (stream): 80 prompt tokens ·
                       temperature: 0, greedy (req), max_tokens: 256 (req),
                       min_tokens: 256 (req)
16:14:49.705 INFO:     #402 chat/completions (stream): 80 prompt tokens ·
                       temperature: 0, greedy (req), max_tokens: 256 (req),
                       min_tokens: 256 (req)
16:14:50.284 INFO:     #394 chat/completions (stream): 256 tokens generated at
                       79.5 T/s · prompt 92 tokens, none cached, 92 new in 0.08
                       s · first token 0.09 s, total 3.31 s · draft 155/202
                       accepted (77%) · max_tokens reached
16:14:50.353 INFO:     #403 chat/completions (stream): 62 prompt tokens ·
                       temperature: 0, greedy (req), max_tokens: 256 (req),
                       min_tokens: 256 (req)
16:14:51.069 INFO:     #396 chat/completions (stream): 256 tokens generated at
                       80.2 T/s · prompt 680 tokens, none cached, 680 new in
                       0.25 s (2,720 T/s) · first token 0.26 s, total 3.45 s ·
                       draft 148/216 accepted (69%) · max_tokens reached
16:14:51.140 INFO:     #404 chat/completions (stream): 635 prompt tokens ·
                       temperature: 0, greedy (req), max_tokens: 256 (req),
                       min_tokens: 256 (req)
16:14:51.581 INFO:     #397 chat/completions (stream): 256 tokens generated at
                       77.8 T/s · prompt 125 tokens, none cached, 125 new in
                       0.10 s · first token 0.11 s, total 3.40 s · draft 150/212
                       accepted (71%) · max_tokens reached
16:14:51.652 INFO:     #405 chat/completions (stream): 828 prompt tokens ·
                       temperature: 0, greedy (req), max_tokens: 256 (req),
                       min_tokens: 256 (req)
16:14:52.157 INFO:     #398 chat/completions (stream): 256 tokens generated at
                       69.9 T/s · prompt 79 tokens, none cached, 79 new in 0.08
                       s · first token 0.09 s, total 3.75 s · draft 141/230
                       accepted (61%) · max_tokens reached
16:14:52.229 INFO:     #406 chat/completions (stream): 62 prompt tokens ·
                       temperature: 0, greedy (req), max_tokens: 256 (req),
                       min_tokens: 256 (req)
16:14:52.447 INFO:     #399 chat/completions (stream): 256 tokens generated at
                       78.8 T/s · prompt 86 tokens, none cached, 86 new in 0.08
                       s · first token 0.09 s, total 3.33 s · draft 157/198
                       accepted (79%) · max_tokens reached
16:14:52.516 INFO:     #407 chat/completions (stream): 79 prompt tokens ·
                       temperature: 0, greedy (req), max_tokens: 256 (req),
                       min_tokens: 256 (req)
16:14:53.007 INFO:     #401 chat/completions (stream): 256 tokens generated at
                       78.6 T/s · prompt 80 tokens, none cached, 80 new in 0.08
                       s · first token 0.09 s, total 3.34 s · draft 153/206
                       accepted (74%) · max_tokens reached
16:14:53.076 INFO:     #408 chat/completions (stream): 492 prompt tokens ·
                       temperature: 0, greedy (req), max_tokens: 256 (req),
                       min_tokens: 256 (req)
16:14:53.356 INFO:     #402 chat/completions (stream): 256 tokens generated at
                       79.0 T/s · prompt 80 tokens, none cached, 80 new in 0.08
                       s · first token 0.09 s, total 3.32 s · draft 150/212
                       accepted (71%) · max_tokens reached
16:14:53.420 INFO:     #409 chat/completions (stream): 65 prompt tokens ·
                       temperature: 0, greedy (req), max_tokens: 256 (req),
                       min_tokens: 256 (req)
16:14:53.519 INFO:     #400 chat/completions (stream): 256 tokens generated at
                       66.5 T/s · prompt 69 tokens, none cached, 69 new in 0.10
                       s · first token 0.11 s, total 3.95 s · draft 141/230
                       accepted (61%) · max_tokens reached
16:14:53.590 INFO:     #410 chat/completions (stream): 63 prompt tokens ·
                       temperature: 0, greedy (req), max_tokens: 256 (req),
                       min_tokens: 256 (req)
16:14:54.267 INFO:     #403 chat/completions (stream): 256 tokens generated at
                       68.4 T/s · prompt 62 tokens, none cached, 62 new in 0.07
                       s · first token 0.08 s, total 3.82 s · draft 142/228
                       accepted (62%) · max_tokens reached
16:14:54.340 INFO:     #411 chat/completions (stream): 724 prompt tokens ·
                       temperature: 0, greedy (req), max_tokens: 256 (req),
                       min_tokens: 256 (req)
16:14:55.101 INFO:     #404 chat/completions (stream): 256 tokens generated at
                       71.2 T/s · prompt 635 tokens, none cached, 635 new in
                       0.26 s (2,442 T/s) · first token 0.27 s, total 3.86 s ·
                       draft 149/214 accepted (70%) · max_tokens reached
16:14:55.175 INFO:     #412 chat/completions (stream): 760 prompt tokens ·
                       temperature: 0, greedy (req), max_tokens: 256 (req),
                       min_tokens: 256 (req)
16:14:55.707 INFO:     #407 chat/completions (stream): 256 tokens generated at
                       84.8 T/s · prompt 79 tokens, none cached, 79 new in 0.08
                       s · first token 0.09 s, total 3.11 s · draft 167/178
                       accepted (94%) · max_tokens reached
16:14:55.753 INFO:     #405 chat/completions (stream): 256 tokens generated at
                       68.4 T/s · prompt 828 tokens, none cached, 828 new in
                       0.26 s (3,185 T/s) · first token 0.27 s, total 4.01 s ·
                       draft 143/226 accepted (63%) · max_tokens reached
16:14:55.776 INFO:     #413 chat/completions (stream): 742 prompt tokens ·
                       temperature: 0, greedy (req), max_tokens: 256 (req),
                       min_tokens: 256 (req)
16:14:56.075 INFO:     #414 chat/completions (stream): 61 prompt tokens ·
                       temperature: 0, greedy (req), max_tokens: 256 (req),
                       min_tokens: 256 (req)
16:14:56.620 INFO:     #406 chat/completions (stream): 256 tokens generated at
                       60.6 T/s · prompt 62 tokens, none cached, 62 new in 0.07
                       s · first token 0.08 s, total 4.30 s · draft 134/244
                       accepted (55%) · max_tokens reached
16:14:56.693 INFO:     #415 chat/completions (stream): 764 prompt tokens ·
                       temperature: 0, greedy (req), max_tokens: 256 (req),
                       min_tokens: 256 (req)
16:14:57.262 INFO:     #410 chat/completions (stream): 256 tokens generated at
                       73.0 T/s · prompt 63 tokens, none cached, 63 new in 0.07
                       s · first token 0.08 s, total 3.58 s · draft 156/200
                       accepted (78%) · max_tokens reached
16:14:57.328 INFO:     #416 chat/completions (stream): 833 prompt tokens ·
                       temperature: 0, greedy (req), max_tokens: 256 (req),
                       min_tokens: 256 (req)
16:14:57.329 INFO:     #408 chat/completions (stream): 256 tokens generated at
                       65.5 T/s · prompt 492 tokens, none cached, 492 new in
                       0.25 s (1,968 T/s) · first token 0.26 s, total 4.16 s ·
                       draft 145/222 accepted (65%) · max_tokens reached
16:14:57.644 INFO:     #417 chat/completions (stream): 71 prompt tokens ·
                       temperature: 0, greedy (req), max_tokens: 256 (req),
                       min_tokens: 256 (req)
16:14:57.745 INFO:     #409 chat/completions (stream): 256 tokens generated at
                       66.9 T/s · prompt 65 tokens, none cached, 65 new in 0.07
                       s · first token 0.08 s, total 3.90 s · draft 145/222
                       accepted (65%) · max_tokens reached
16:14:57.815 INFO:     #418 chat/completions (stream): 798 prompt tokens ·
                       temperature: 0, greedy (req), max_tokens: 256 (req),
                       min_tokens: 256 (req)
16:14:58.514 INFO:     #411 chat/completions (stream): 256 tokens generated at
                       67.2 T/s · prompt 724 tokens, none cached, 724 new in
                       0.27 s (2,681 T/s) · first token 0.28 s, total 4.08 s ·
                       draft 154/204 accepted (75%) · max_tokens reached
16:14:58.583 INFO:     #419 chat/completions (stream): 87 prompt tokens ·
                       temperature: 0, greedy (req), max_tokens: 256 (req),
                       min_tokens: 256 (req)
16:14:59.156 INFO:     #412 chat/completions (stream): 256 tokens generated at
                       70.8 T/s · prompt 760 tokens, none cached, 760 new in
                       0.27 s (2,815 T/s) · first token 0.28 s, total 3.89 s ·
                       draft 155/202 accepted (77%) · max_tokens reached
16:14:59.230 INFO:     #420 chat/completions (stream): 773 prompt tokens ·
                       temperature: 0, greedy (req), max_tokens: 256 (req),
                       min_tokens: 256 (req)
16:14:59.793 INFO:     #413 chat/completions (stream): 256 tokens generated at
                       70.2 T/s · prompt 742 tokens, none cached, 742 new in
                       0.27 s (2,748 T/s) · first token 0.28 s, total 3.92 s ·
                       draft 153/206 accepted (74%) · max_tokens reached
16:14:59.864 INFO:     #421 chat/completions (stream): 114 prompt tokens ·
                       temperature: 0, greedy (req), max_tokens: 256 (req),
                       min_tokens: 256 (req)
16:15:00.297 INFO:     #414 chat/completions (stream): 256 tokens generated at
                       63.0 T/s · prompt 61 tokens, none cached, 61 new in 0.07
                       s · first token 0.08 s, total 4.14 s · draft 137/238
                       accepted (58%) · max_tokens reached
16:15:00.298 INFO:     #415 chat/completions (stream): 256 tokens generated at
                       79.1 T/s · prompt 764 tokens, none cached, 764 new in
                       0.28 s (2,729 T/s) · first token 0.29 s, total 3.52 s ·
                       draft 160/192 accepted (83%) · max_tokens reached
16:15:00.362 INFO:     #422 chat/completions (stream): 312 prompt tokens ·
                       temperature: 0, greedy (req), max_tokens: 256 (req),
                       min_tokens: 256 (req)
16:15:00.365 INFO:     #423 chat/completions (stream): 63 prompt tokens ·
                       temperature: 0, greedy (req), max_tokens: 256 (req),
                       min_tokens: 256 (req)
16:15:01.040 INFO:     #416 chat/completions (stream): 256 tokens generated at
                       76.6 T/s · prompt 833 tokens, none cached, 833 new in
                       0.27 s (3,085 T/s) · first token 0.28 s, total 3.62 s ·
                       draft 156/200 accepted (78%) · max_tokens reached
16:15:01.110 INFO:     #424 chat/completions (stream): 66 prompt tokens ·
                       temperature: 0, greedy (req), max_tokens: 256 (req),
                       min_tokens: 256 (req)
16:15:01.447 INFO:     #418 chat/completions (stream): 256 tokens generated at
                       77.7 T/s · prompt 798 tokens, none cached, 798 new in
                       0.22 s (3,627 T/s) · first token 0.22 s, total 3.52 s ·
                       draft 150/212 accepted (71%) · max_tokens reached
16:15:01.521 INFO:     #425 chat/completions (stream): 912 prompt tokens ·
                       temperature: 0, greedy (req), max_tokens: 256 (req),
                       min_tokens: 256 (req)
16:15:01.978 INFO:     #417 chat/completions (stream): 256 tokens generated at
                       61.6 T/s · prompt 71 tokens, none cached, 71 new in 0.07
                       s · first token 0.08 s, total 4.23 s · draft 135/242
                       accepted (56%) · max_tokens reached
16:15:02.050 INFO:     #426 chat/completions (stream): 66 prompt tokens ·
                       temperature: 0, greedy (req), max_tokens: 256 (req),
                       min_tokens: 256 (req)
16:15:02.296 INFO:     #419 chat/completions (stream): 256 tokens generated at
                       72.6 T/s · prompt 87 tokens, none cached, 87 new in 0.08
                       s · first token 0.09 s, total 3.61 s · draft 153/206
                       accepted (74%) · max_tokens reached
16:15:02.369 INFO:     #428 chat/completions (stream): 75 prompt tokens ·
                       temperature: 0, greedy (req), max_tokens: 256 (req),
                       min_tokens: 256 (req)
16:15:02.989 INFO:     #420 chat/completions (stream): 256 tokens generated at
                       75.1 T/s · prompt 773 tokens, none cached, 773 new in
                       0.25 s (3,092 T/s) · first token 0.26 s, total 3.66 s ·
                       draft 152/208 accepted (73%) · max_tokens reached
16:15:03.062 INFO:     #429 chat/completions (stream): 624 prompt tokens ·
                       temperature: 0, greedy (req), max_tokens: 256 (req),
                       min_tokens: 256 (req)
16:15:03.589 INFO:     #421 chat/completions (stream): 256 tokens generated at
                       72.6 T/s · prompt 114 tokens, none cached, 114 new in
                       0.10 s · first token 0.11 s, total 3.63 s · draft 154/204
                       accepted (75%) · max_tokens reached
16:15:03.662 INFO:     #430 chat/completions (stream): 63 prompt tokens ·
                       temperature: 0, greedy (req), max_tokens: 256 (req),
                       min_tokens: 256 (req)
16:15:03.855 INFO:     #423 chat/completions (stream): 256 tokens generated at
                       80.0 T/s · prompt 63 tokens, none cached, 63 new in 0.07
                       s · queued 0.13 s, first token 0.20 s, total 3.40 s ·
                       draft 163/186 accepted (88%) · max_tokens reached
16:15:03.927 INFO:     #431 chat/completions (stream): 78 prompt tokens ·
                       temperature: 0, greedy (req), max_tokens: 256 (req),
                       min_tokens: 256 (req)
16:15:04.152 INFO:     #422 chat/completions (stream): 256 tokens generated at
                       75.2 T/s · prompt 312 tokens, none cached, 312 new in
                       0.28 s (1,114 T/s) · first token 0.29 s, total 3.70 s ·
                       draft 155/202 accepted (77%) · max_tokens reached
16:15:04.223 INFO:     #432 chat/completions (stream): 136 prompt tokens ·
                       temperature: 0, greedy (req), max_tokens: 256 (req),
                       min_tokens: 256 (req)
16:15:04.958 INFO:     #424 chat/completions (stream): 256 tokens generated at
                       69.7 T/s · prompt 66 tokens, none cached, 66 new in 0.07
                       s · first token 0.08 s, total 3.75 s · draft 146/220
                       accepted (66%) · max_tokens reached
16:15:05.031 INFO:     #433 chat/completions (stream): 87 prompt tokens ·
                       temperature: 0, greedy (req), max_tokens: 256 (req),
                       min_tokens: 256 (req)
16:15:05.380 INFO:     #426 chat/completions (stream): 256 tokens generated at
                       81.1 T/s · prompt 66 tokens, none cached, 66 new in 0.07
                       s · first token 0.08 s, total 3.23 s · draft 155/202
                       accepted (77%) · max_tokens reached
16:15:05.446 INFO:     #434 chat/completions (stream): 63 prompt tokens ·
                       temperature: 0, greedy (req), max_tokens: 256 (req),
                       min_tokens: 256 (req)
16:15:05.447 INFO:     #425 chat/completions (stream): 256 tokens generated at
                       72.7 T/s · prompt 912 tokens, none cached, 912 new in
                       0.31 s (2,942 T/s) · first token 0.32 s, total 3.84 s ·
                       draft 143/226 accepted (63%) · max_tokens reached
16:15:05.594 INFO:     #435 chat/completions (stream): 106 prompt tokens ·
                       temperature: 0, greedy (req), max_tokens: 256 (req),
                       min_tokens: 256 (req)
16:15:05.927 INFO:     #428 chat/completions (stream): 256 tokens generated at
                       75.6 T/s · prompt 75 tokens, none cached, 75 new in 0.08
                       s · first token 0.09 s, total 3.47 s · draft 149/214
                       accepted (70%) · max_tokens reached
16:15:05.995 INFO:     #436 chat/completions (stream): 121 prompt tokens ·
                       temperature: 0, greedy (req), max_tokens: 256 (req),
                       min_tokens: 256 (req)
16:15:06.515 INFO:     #429 chat/completions (stream): 256 tokens generated at
                       82.9 T/s · prompt 624 tokens, none cached, 624 new in
                       0.27 s (2,311 T/s) · first token 0.28 s, total 3.36 s ·
                       draft 155/202 accepted (77%) · max_tokens reached
16:15:06.585 INFO:     #437 chat/completions (stream): 88 prompt tokens ·
                       temperature: 0, greedy (req), max_tokens: 256 (req),
                       min_tokens: 256 (req)
16:15:07.248 INFO:     #430 chat/completions (stream): 256 tokens generated at
                       74.9 T/s · prompt 63 tokens, none cached, 63 new in 0.07
                       s · first token 0.08 s, total 3.49 s · draft 141/230
                       accepted (61%) · max_tokens reached
16:15:07.313 INFO:     #438 chat/completions (stream): 728 prompt tokens ·
                       temperature: 0, greedy (req), max_tokens: 256 (req),
                       min_tokens: 256 (req)
16:15:07.479 INFO:     #431 chat/completions (stream): 256 tokens generated at
                       79.1 T/s · prompt 78 tokens, none cached, 78 new in 0.08
                       s · first token 0.09 s, total 3.32 s · draft 145/222
                       accepted (65%) · max_tokens reached
16:15:07.651 INFO:     #439 chat/completions (stream): 749 prompt tokens ·
                       temperature: 0, greedy (req), max_tokens: 256 (req),
                       min_tokens: 256 (req)
16:15:07.652 INFO:     #432 chat/completions (stream): 256 tokens generated at
                       86.0 T/s · prompt 136 tokens, none cached, 136 new in
                       0.11 s · first token 0.12 s, total 3.09 s · draft 151/210
                       accepted (72%) · max_tokens reached
16:15:07.967 INFO:     #440 chat/completions (stream): 89 prompt tokens ·
                       temperature: 0, greedy (req), max_tokens: 256 (req),
                       min_tokens: 256 (req)
16:15:08.783 INFO:     #433 chat/completions (stream): 256 tokens generated at
                       71.7 T/s · prompt 87 tokens, none cached, 87 new in 0.08
                       s · first token 0.09 s, total 3.66 s · draft 146/220
                       accepted (66%) · max_tokens reached
16:15:08.851 INFO:     #441 chat/completions (stream): 341 prompt tokens ·
                       temperature: 0, greedy (req), max_tokens: 256 (req),
                       min_tokens: 256 (req)
16:15:09.124 INFO:     #434 chat/completions (stream): 256 tokens generated at
                       77.4 T/s · prompt 63 tokens, none cached, 63 new in 0.07
                       s · first token 0.08 s, total 3.38 s · draft 154/204
                       accepted (75%) · max_tokens reached
16:15:09.187 INFO:     #442 chat/completions (stream): 66 prompt tokens ·
                       temperature: 0, greedy (req), max_tokens: 256 (req),
                       min_tokens: 256 (req)
16:15:09.288 INFO:     #435 chat/completions (stream): 256 tokens generated at
                       74.6 T/s · prompt 106 tokens, none cached, 106 new in
                       0.09 s · first token 0.10 s, total 3.52 s · draft 153/206
                       accepted (74%) · max_tokens reached
16:15:09.351 INFO:     #443 chat/completions (stream): 63 prompt tokens ·
                       temperature: 0, greedy (req), max_tokens: 256 (req),
                       min_tokens: 256 (req)
16:15:09.470 INFO:     #436 chat/completions (stream): 256 tokens generated at
                       79.8 T/s · prompt 121 tokens, none cached, 121 new in
                       0.10 s · first token 0.11 s, total 3.31 s · draft 161/190
                       accepted (85%) · max_tokens reached
16:15:09.543 INFO:     #444 chat/completions (stream): 74 prompt tokens ·
                       temperature: 0, greedy (req), max_tokens: 256 (req),
                       min_tokens: 256 (req)
16:15:10.132 INFO:     #437 chat/completions (stream): 256 tokens generated at
                       76.1 T/s · prompt 88 tokens, none cached, 88 new in 0.08
                       s · first token 0.09 s, total 3.45 s · draft 157/198
                       accepted (79%) · max_tokens reached
16:15:10.201 INFO:     #445 chat/completions (stream): 107 prompt tokens ·
                       temperature: 0, greedy (req), max_tokens: 256 (req),
                       min_tokens: 256 (req)
16:15:11.030 INFO:     #439 chat/completions (stream): 256 tokens generated at
                       84.9 T/s · prompt 749 tokens, none cached, 749 new in
                       0.26 s (2,881 T/s) · first token 0.27 s, total 3.28 s ·
                       draft 156/200 accepted (78%) · max_tokens reached
16:15:11.101 INFO:     #446 chat/completions (stream): 165 prompt tokens ·
                       temperature: 0, greedy (req), max_tokens: 256 (req),
                       min_tokens: 256 (req)
16:15:11.381 INFO:     #438 chat/completions (stream): 256 tokens generated at
                       69.0 T/s · prompt 728 tokens, none cached, 728 new in
                       0.27 s (2,696 T/s) · first token 0.28 s, total 3.98 s ·
                       draft 141/230 accepted (61%) · max_tokens reached
16:15:11.382 INFO:     #440 chat/completions (stream): 256 tokens generated at
                       79.1 T/s · prompt 89 tokens, none cached, 89 new in 0.09
                       s · first token 0.10 s, total 3.33 s · draft 147/218
                       accepted (67%) · max_tokens reached
16:15:11.472 INFO:     #447 chat/completions (stream): 79 prompt tokens ·
                       temperature: 0, greedy (req), max_tokens: 256 (req),
                       min_tokens: 256 (req)
16:15:11.476 INFO:     #448 chat/completions (stream): 780 prompt tokens ·
                       temperature: 0, greedy (req), max_tokens: 256 (req),
                       min_tokens: 256 (req)
16:15:12.495 INFO:     #443 chat/completions (stream): 256 tokens generated at
                       86.4 T/s · prompt 63 tokens, none cached, 63 new in 0.07
                       s · first token 0.08 s, total 3.04 s · draft 157/198
                       accepted (79%) · max_tokens reached
16:15:12.540 INFO:     #441 chat/completions (stream): 256 tokens generated at
                       76.0 T/s · prompt 341 tokens, none cached, 341 new in
                       0.22 s (1,550 T/s) · first token 0.23 s, total 3.60 s ·
                       draft 146/220 accepted (66%) · max_tokens reached
16:15:12.563 INFO:     #449 chat/completions (stream): 1,083 prompt tokens ·
                       temperature: 0, greedy (req), max_tokens: 256 (req),
                       min_tokens: 256 (req)
16:15:12.904 INFO:     #450 chat/completions (stream): 82 prompt tokens ·
                       temperature: 0, greedy (req), max_tokens: 256 (req),
                       min_tokens: 256 (req)
16:15:13.104 INFO:     #442 chat/completions (stream): 256 tokens generated at
                       68.3 T/s · prompt 66 tokens, none cached, 66 new in 0.07
                       s · first token 0.08 s, total 3.82 s · draft 143/226
                       accepted (63%) · max_tokens reached
16:15:13.176 INFO:     #451 chat/completions (stream): 91 prompt tokens ·
                       temperature: 0, greedy (req), max_tokens: 256 (req),
                       min_tokens: 256 (req)
16:15:13.359 INFO:     #444 chat/completions (stream): 256 tokens generated at
                       72.2 T/s · prompt 74 tokens, none cached, 74 new in 0.08
                       s · first token 0.09 s, total 3.63 s · draft 145/222
                       accepted (65%) · max_tokens reached
16:15:13.442 INFO:     #452 chat/completions (stream): 82 prompt tokens ·
                       temperature: 0, greedy (req), max_tokens: 256 (req),
                       min_tokens: 256 (req)
16:15:13.576 INFO:     #445 chat/completions (stream): 256 tokens generated at
                       83.1 T/s · prompt 107 tokens, none cached, 107 new in
                       0.09 s · first token 0.10 s, total 3.18 s · draft 164/184
                       accepted (89%) · max_tokens reached
16:15:13.647 INFO:     #453 chat/completions (stream): 70 prompt tokens ·
                       temperature: 0, greedy (req), max_tokens: 256 (req),
                       min_tokens: 256 (req)
16:15:14.585 INFO:     #446 chat/completions (stream): 256 tokens generated at
                       77.7 T/s · prompt 165 tokens, none cached, 165 new in
                       0.09 s · first token 0.10 s, total 3.39 s · draft 158/196
                       accepted (81%) · max_tokens reached
16:15:14.656 INFO:     #454 chat/completions (stream): 816 prompt tokens ·
                       temperature: 0, greedy (req), max_tokens: 256 (req),
                       min_tokens: 256 (req)
16:15:15.010 INFO:     #447 chat/completions (stream): 256 tokens generated at
                       82.4 T/s · prompt 79 tokens, none cached, 79 new in 0.26
                       s · first token 0.27 s, total 3.38 s · draft 161/190
                       accepted (85%) · max_tokens reached
16:15:15.082 INFO:     #455 chat/completions (stream): 103 prompt tokens ·
                       temperature: 0, greedy (req), max_tokens: 256 (req),
                       min_tokens: 256 (req)
16:15:15.394 INFO:     #448 chat/completions (stream): 256 tokens generated at
                       72.9 T/s · prompt 780 tokens, none cached, 780 new in
                       0.22 s (3,545 T/s) · first token 0.31 s, total 3.82 s ·
                       draft 150/212 accepted (71%) · max_tokens reached
16:15:15.472 INFO:     #456 chat/completions (stream): 96 prompt tokens ·
                       temperature: 0, greedy (req), max_tokens: 256 (req),
                       min_tokens: 256 (req)
16:15:15.958 INFO:     #450 chat/completions (stream): 256 tokens generated at
                       89.2 T/s · prompt 82 tokens, none cached, 82 new in 0.08
                       s · first token 0.09 s, total 2.96 s · draft 165/182
                       accepted (91%) · max_tokens reached
16:15:16.030 INFO:     #457 chat/completions (stream): 64 prompt tokens ·
                       temperature: 0, greedy (req), max_tokens: 256 (req),
                       min_tokens: 256 (req)
16:15:16.541 INFO:     #449 chat/completions (stream): 256 tokens generated at
                       71.8 T/s · prompt 1,083 tokens, none cached, 1,083 new in
                       0.31 s (3,494 T/s) · first token 0.32 s, total 3.88 s ·
                       draft 143/226 accepted (63%) · max_tokens reached
16:15:16.608 INFO:     #458 chat/completions (stream): 494 prompt tokens ·
                       temperature: 0, greedy (req), max_tokens: 256 (req),
                       min_tokens: 256 (req)
16:15:16.751 INFO:     #451 chat/completions (stream): 256 tokens generated at
                       78.2 T/s · prompt 91 tokens, none cached, 91 new in 0.08
                       s · first token 0.09 s, total 3.36 s · draft 148/216
                       accepted (69%) · max_tokens reached
16:15:16.923 INFO:     #459 chat/completions (stream): 814 prompt tokens ·
                       temperature: 0, greedy (req), max_tokens: 256 (req),
                       min_tokens: 256 (req)
16:15:16.924 INFO:     #453 chat/completions (stream): 256 tokens generated at
                       88.9 T/s · prompt 70 tokens, none cached, 70 new in 0.08
                       s · first token 0.08 s, total 2.96 s · draft 157/198
                       accepted (79%) · max_tokens reached
16:15:17.230 INFO:     #460 chat/completions (stream): 64 prompt tokens ·
                       temperature: 0, greedy (req), max_tokens: 256 (req),
                       min_tokens: 256 (req)
16:15:17.561 INFO:     #452 chat/completions (stream): 256 tokens generated at
                       65.0 T/s · prompt 82 tokens, none cached, 82 new in 0.08
                       s · first token 0.09 s, total 4.03 s · draft 138/236
                       accepted (58%) · max_tokens reached
16:15:17.631 INFO:     #462 chat/completions (stream): 82 prompt tokens ·
                       temperature: 0, greedy (req), max_tokens: 256 (req),
                       min_tokens: 256 (req)
16:15:18.193 INFO:     #454 chat/completions (stream): 256 tokens generated at
                       80.4 T/s · prompt 816 tokens, none cached, 816 new in
                       0.25 s (3,264 T/s) · first token 0.26 s, total 3.44 s ·
                       draft 160/192 accepted (83%) · max_tokens reached
16:15:18.257 INFO:     #463 chat/completions (stream): 97 prompt tokens ·
                       temperature: 0, greedy (req), max_tokens: 256 (req),
                       min_tokens: 256 (req)
16:15:18.258 INFO:     #455 chat/completions (stream): 256 tokens generated at
                       85.5 T/s · prompt 103 tokens, none cached, 103 new in
                       0.09 s · first token 0.10 s, total 3.09 s · draft 164/184
                       accepted (89%) · max_tokens reached
16:15:18.418 INFO:     #464 chat/completions (stream): 64 prompt tokens ·
                       temperature: 0, greedy (req), max_tokens: 256 (req),
                       min_tokens: 256 (req)
16:15:19.043 INFO:     #456 chat/completions (stream): 256 tokens generated at
                       75.6 T/s · prompt 96 tokens, none cached, 96 new in 0.09
                       s · first token 0.10 s, total 3.48 s · draft 150/212
                       accepted (71%) · max_tokens reached
16:15:19.115 INFO:     #465 chat/completions (stream): 684 prompt tokens ·
                       temperature: 0, greedy (req), max_tokens: 256 (req),
                       min_tokens: 256 (req)
16:15:19.705 INFO:     #457 chat/completions (stream): 256 tokens generated at
                       73.0 T/s · prompt 64 tokens, none cached, 64 new in 0.07
                       s · first token 0.08 s, total 3.58 s · draft 151/210
                       accepted (72%) · max_tokens reached
16:15:19.775 INFO:     #466 chat/completions (stream): 704 prompt tokens ·
                       temperature: 0, greedy (req), max_tokens: 256 (req),
                       min_tokens: 256 (req)
16:15:20.495 INFO:     #459 chat/completions (stream): 256 tokens generated at
                       79.9 T/s · prompt 814 tokens, none cached, 814 new in
                       0.25 s (3,256 T/s) · first token 0.26 s, total 3.46 s ·
                       draft 155/202 accepted (77%) · max_tokens reached
16:15:20.564 INFO:     #467 chat/completions (stream): 583 prompt tokens ·
                       temperature: 0, greedy (req), max_tokens: 256 (req),
                       min_tokens: 256 (req)
16:15:20.565 INFO:     #460 chat/completions (stream): 256 tokens generated at
                       80.9 T/s · prompt 64 tokens, none cached, 64 new in 0.07
                       s · first token 0.08 s, total 3.24 s · draft 154/204
                       accepted (75%) · max_tokens reached
16:15:20.856 INFO:     #468 chat/completions (stream): 255 prompt tokens ·
                       temperature: 0, greedy (req), max_tokens: 256 (req),
                       min_tokens: 256 (req)
16:15:21.039 INFO:     #458 chat/completions (stream): 256 tokens generated at
                       64.4 T/s · prompt 494 tokens, none cached, 494 new in
                       0.24 s (2,058 T/s) · first token 0.25 s, total 4.22 s ·
                       draft 142/228 accepted (62%) · max_tokens reached
16:15:21.108 INFO:     #469 chat/completions (stream): 61 prompt tokens ·
                       temperature: 0, greedy (req), max_tokens: 256 (req),
                       min_tokens: 256 (req)
16:15:21.396 INFO:     #462 chat/completions (stream): 256 tokens generated at
                       71.5 T/s · prompt 82 tokens, none cached, 82 new in 0.08
                       s · first token 0.09 s, total 3.67 s · draft 150/212
                       accepted (71%) · max_tokens reached
16:15:21.471 INFO:     #470 chat/completions (stream): 66 prompt tokens ·
                       temperature: 0, greedy (req), max_tokens: 256 (req),
                       min_tokens: 256 (req)
16:15:21.765 INFO:     #463 chat/completions (stream): 256 tokens generated at
                       77.0 T/s · prompt 97 tokens, none cached, 97 new in 0.09
                       s · first token 0.10 s, total 3.42 s · draft 161/190
                       accepted (85%) · max_tokens reached
16:15:21.836 INFO:     #471 chat/completions (stream): 479 prompt tokens ·
                       temperature: 0, greedy (req), max_tokens: 256 (req),
                       min_tokens: 256 (req)
16:15:22.736 INFO:     #464 chat/completions (stream): 256 tokens generated at
                       61.7 T/s · prompt 64 tokens, none cached, 64 new in 0.07
                       s · first token 0.08 s, total 4.22 s · draft 133/246
                       accepted (54%) · max_tokens reached
16:15:22.806 INFO:     #472 chat/completions (stream): 93 prompt tokens ·
                       temperature: 0, greedy (req), max_tokens: 256 (req),
                       min_tokens: 256 (req)
16:15:23.239 INFO:     #465 chat/completions (stream): 256 tokens generated at
                       68.0 T/s · prompt 684 tokens, none cached, 684 new in
                       0.26 s (2,631 T/s) · first token 0.27 s, total 4.03 s ·
                       draft 143/226 accepted (63%) · max_tokens reached
16:15:23.311 INFO:     #473 chat/completions (stream): 743 prompt tokens ·
                       temperature: 0, greedy (req), max_tokens: 256 (req),
                       min_tokens: 256 (req)
16:15:23.915 INFO:     #466 chat/completions (stream): 256 tokens generated at
                       67.8 T/s · prompt 704 tokens, none cached, 704 new in
                       0.27 s (2,607 T/s) · first token 0.28 s, total 4.05 s ·
                       draft 143/226 accepted (63%) · max_tokens reached
16:15:23.988 INFO:     #474 chat/completions (stream): 82 prompt tokens ·
                       temperature: 0, greedy (req), max_tokens: 256 (req),
                       min_tokens: 256 (req)
16:15:24.318 INFO:     #468 chat/completions (stream): 256 tokens generated at
                       79.0 T/s · prompt 255 tokens, none cached, 255 new in
                       0.11 s · first token 0.12 s, total 3.36 s · draft 155/202
                       accepted (77%) · max_tokens reached
16:15:24.395 INFO:     #475 chat/completions (stream): 124 prompt tokens ·
                       temperature: 0, greedy (req), max_tokens: 256 (req),
                       min_tokens: 256 (req)
16:15:24.660 INFO:     #467 chat/completions (stream): 256 tokens generated at
                       68.3 T/s · prompt 583 tokens, none cached, 583 new in
                       0.24 s (2,429 T/s) · first token 0.25 s, total 3.99 s ·
                       draft 145/222 accepted (65%) · max_tokens reached
16:15:24.737 INFO:     #476 chat/completions (stream): 228 prompt tokens ·
                       temperature: 0, greedy (req), max_tokens: 256 (req),
                       min_tokens: 256 (req)
16:15:24.878 INFO:     #469 chat/completions (stream): 256 tokens generated at
                       73.7 T/s · prompt 61 tokens, none cached, 61 new in 0.07
                       s · first token 0.08 s, total 3.55 s · draft 149/214
                       accepted (70%) · max_tokens reached
16:15:24.954 INFO:     #477 chat/completions (stream): 69 prompt tokens ·
                       temperature: 0, greedy (req), max_tokens: 256 (req),
                       min_tokens: 256 (req)
16:15:24.955 INFO:     #470 chat/completions (stream): 256 tokens generated at
                       80.4 T/s · prompt 66 tokens, none cached, 66 new in 0.07
                       s · first token 0.08 s, total 3.26 s · draft 158/196
                       accepted (81%) · max_tokens reached
16:15:25.110 INFO:     #478 chat/completions (stream): 73 prompt tokens ·
                       temperature: 0, greedy (req), max_tokens: 256 (req),
                       min_tokens: 256 (req)
16:15:25.706 INFO:     #471 chat/completions (stream): 256 tokens generated at
                       72.7 T/s · prompt 479 tokens, none cached, 479 new in
                       0.25 s (1,916 T/s) · first token 0.26 s, total 3.78 s ·
                       draft 147/218 accepted (67%) · max_tokens reached
16:15:25.776 INFO:     #479 chat/completions (stream): 66 prompt tokens ·
                       temperature: 0, greedy (req), max_tokens: 256 (req),
                       min_tokens: 256 (req)
16:15:26.449 INFO:     #472 chat/completions (stream): 256 tokens generated at
                       74.2 T/s · prompt 93 tokens, none cached, 93 new in 0.09
                       s · first token 0.10 s, total 3.54 s · draft 150/212
                       accepted (71%) · max_tokens reached
16:15:26.524 INFO:     #480 chat/completions (stream): 736 prompt tokens ·
                       temperature: 0, greedy (req), max_tokens: 256 (req),
                       min_tokens: 256 (req)
16:15:26.983 INFO:     #473 chat/completions (stream): 256 tokens generated at
                       77.5 T/s · prompt 743 tokens, none cached, 743 new in
                       0.27 s (2,752 T/s) · first token 0.28 s, total 3.58 s ·
                       draft 156/200 accepted (78%) · max_tokens reached
16:15:27.052 INFO:     #481 chat/completions (stream): 106 prompt tokens ·
                       temperature: 0, greedy (req), max_tokens: 256 (req),
                       min_tokens: 256 (req)
16:15:27.498 INFO:     #474 chat/completions (stream): 256 tokens generated at
                       77.4 T/s · prompt 82 tokens, none cached, 82 new in 0.09
                       s · first token 0.10 s, total 3.40 s · draft 156/200
                       accepted (78%) · max_tokens reached
16:15:27.571 INFO:     #482 chat/completions (stream): 63 prompt tokens ·
                       temperature: 0, greedy (req), max_tokens: 256 (req),
                       min_tokens: 256 (req)
16:15:27.832 INFO:     #475 chat/completions (stream): 256 tokens generated at
                       79.9 T/s · prompt 124 tokens, none cached, 124 new in
                       0.13 s · first token 0.14 s, total 3.34 s · draft 157/198
                       accepted (79%) · max_tokens reached
16:15:27.901 INFO:     #483 chat/completions (stream): 76 prompt tokens ·
                       temperature: 0, greedy (req), max_tokens: 256 (req),
                       min_tokens: 256 (req)
16:15:28.195 INFO:     #476 chat/completions (stream): 256 tokens generated at
                       78.9 T/s · prompt 228 tokens, none cached, 228 new in
                       0.11 s · first token 0.12 s, total 3.36 s · draft 153/206
                       accepted (74%) · max_tokens reached
16:15:28.267 INFO:     #484 chat/completions (stream): 833 prompt tokens ·
                       temperature: 0, greedy (req), max_tokens: 256 (req),
                       min_tokens: 256 (req)
16:15:28.737 INFO:     #477 chat/completions (stream): 256 tokens generated at
                       71.0 T/s · prompt 69 tokens, none cached, 69 new in 0.08
                       s · first token 0.09 s, total 3.69 s · draft 145/222
                       accepted (65%) · max_tokens reached
16:15:28.807 INFO:     #485 chat/completions (stream): 61 prompt tokens ·
                       temperature: 0, greedy (req), max_tokens: 256 (req),
                       min_tokens: 256 (req)
16:15:28.998 INFO:     #478 chat/completions (stream): 256 tokens generated at
                       69.0 T/s · prompt 73 tokens, none cached, 73 new in 0.08
                       s · first token 0.09 s, total 3.80 s · draft 140/232
                       accepted (60%) · max_tokens reached
16:15:29.068 INFO:     #486 chat/completions (stream): 85 prompt tokens ·
                       temperature: 0, greedy (req), max_tokens: 256 (req),
                       min_tokens: 256 (req)
16:15:29.346 INFO:     #479 chat/completions (stream): 256 tokens generated at
                       75.4 T/s · prompt 66 tokens, none cached, 66 new in 0.07
                       s · first token 0.08 s, total 3.47 s · draft 153/206
                       accepted (74%) · max_tokens reached
16:15:29.417 INFO:     #487 chat/completions (stream): 100 prompt tokens ·
                       temperature: 0, greedy (req), max_tokens: 256 (req),
                       min_tokens: 256 (req)
16:15:30.203 INFO:     #481 chat/completions (stream): 256 tokens generated at
                       86.3 T/s · prompt 106 tokens, none cached, 106 new in
                       0.09 s · first token 0.10 s, total 3.06 s · draft 160/192
                       accepted (83%) · max_tokens reached
16:15:30.248 INFO:     #480 chat/completions (stream): 256 tokens generated at
                       76.1 T/s · prompt 736 tokens, none cached, 736 new in
                       0.26 s (2,831 T/s) · first token 0.27 s, total 3.63 s ·
                       draft 147/218 accepted (67%) · max_tokens reached
16:15:30.272 INFO:     #488 chat/completions (stream): 723 prompt tokens ·
                       temperature: 0, greedy (req), max_tokens: 256 (req),
                       min_tokens: 256 (req)
16:15:30.603 INFO:     #489 chat/completions (stream): 120 prompt tokens ·
                       temperature: 0, greedy (req), max_tokens: 256 (req),
                       min_tokens: 256 (req)
16:15:31.365 INFO:     #482 chat/completions (stream): 256 tokens generated at
                       70.5 T/s · prompt 63 tokens, none cached, 63 new in 0.07
                       s · first token 0.08 s, total 3.70 s · draft 145/222
                       accepted (65%) · max_tokens reached
16:15:31.445 INFO:     #490 chat/completions (stream): 66 prompt tokens ·
                       temperature: 0, greedy (req), max_tokens: 256 (req),
                       min_tokens: 256 (req)
16:15:31.445 INFO:     #483 chat/completions (stream): 256 tokens generated at
                       76.2 T/s · prompt 76 tokens, none cached, 76 new in 0.08
                       s · first token 0.08 s, total 3.44 s · draft 153/206
                       accepted (74%) · max_tokens reached
16:15:31.594 INFO:     #491 chat/completions (stream): 68 prompt tokens ·
                       temperature: 0, greedy (req), max_tokens: 256 (req),
                       min_tokens: 256 (req)
16:15:32.053 INFO:     #484 chat/completions (stream): 256 tokens generated at
                       75.2 T/s · prompt 833 tokens, none cached, 833 new in
                       0.28 s (2,975 T/s) · first token 0.29 s, total 3.69 s ·
                       draft 147/218 accepted (67%) · max_tokens reached
16:15:32.125 INFO:     #493 chat/completions (stream): 70 prompt tokens ·
                       temperature: 0, greedy (req), max_tokens: 256 (req),
                       min_tokens: 256 (req)
16:15:32.414 INFO:     #485 chat/completions (stream): 256 tokens generated at
                       74.4 T/s · prompt 61 tokens, none cached, 61 new in 0.07
                       s · first token 0.08 s, total 3.52 s · draft 146/220
                       accepted (66%) · max_tokens reached
16:15:32.490 INFO:     #494 chat/completions (stream): 737 prompt tokens ·
                       temperature: 0, greedy (req), max_tokens: 256 (req),
                       min_tokens: 256 (req)
16:15:32.656 INFO:     #487 chat/completions (stream): 256 tokens generated at
                       88.3 T/s · prompt 100 tokens, none cached, 100 new in
                       0.09 s · first token 0.10 s, total 2.99 s · draft 161/190
                       accepted (85%) · max_tokens reached
16:15:32.806 INFO:     #486 chat/completions (stream): 256 tokens generated at
                       77.2 T/s · prompt 85 tokens, none cached, 85 new in 0.08
                       s · first token 0.09 s, total 3.40 s · draft 148/216
                       accepted (69%) · max_tokens reached
16:15:32.828 INFO:     #495 chat/completions (stream): 61 prompt tokens ·
                       temperature: 0, greedy (req), max_tokens: 256 (req),
                       min_tokens: 256 (req)
16:15:32.949 INFO:     #496 chat/completions (stream): 1,015 prompt tokens ·
                       temperature: 0, greedy (req), max_tokens: 256 (req),
                       min_tokens: 256 (req)
16:15:34.033 INFO:     #489 chat/completions (stream): 256 tokens generated at
                       79.1 T/s · prompt 120 tokens, none cached, 120 new in
                       0.10 s · first token 0.11 s, total 3.34 s · draft 157/198
                       accepted (79%) · max_tokens reached
16:15:34.077 INFO:     #488 chat/completions (stream): 256 tokens generated at
                       75.0 T/s · prompt 723 tokens, none cached, 723 new in
                       0.30 s (2,410 T/s) · first token 0.31 s, total 3.72 s ·
                       draft 154/204 accepted (75%) · max_tokens reached
16:15:34.099 INFO:     #497 chat/completions (stream): 62 prompt tokens ·
                       temperature: 0, greedy (req), max_tokens: 256 (req),
                       min_tokens: 256 (req)
16:15:34.221 INFO:     #498 chat/completions (stream): 84 prompt tokens ·
                       temperature: 0, greedy (req), max_tokens: 256 (req),
                       min_tokens: 256 (req)
16:15:35.097 INFO:     #491 chat/completions (stream): 256 tokens generated at
                       76.8 T/s · prompt 68 tokens, none cached, 68 new in 0.07
                       s · first token 0.08 s, total 3.41 s · draft 153/206
                       accepted (74%) · max_tokens reached
16:15:35.167 INFO:     #499 chat/completions (stream): 783 prompt tokens ·
                       temperature: 0, greedy (req), max_tokens: 256 (req),
                       min_tokens: 256 (req)
16:15:35.711 INFO:     #490 chat/completions (stream): 256 tokens generated at
                       62.5 T/s · prompt 66 tokens, none cached, 66 new in 0.07
                       s · first token 0.08 s, total 4.17 s · draft 133/246
                       accepted (54%) · max_tokens reached
16:15:35.780 INFO:     #500 chat/completions (stream): 766 prompt tokens ·
                       temperature: 0, greedy (req), max_tokens: 256 (req),
                       min_tokens: 256 (req)
16:15:36.088 INFO:     #493 chat/completions (stream): 256 tokens generated at
                       72.6 T/s · prompt 70 tokens, none cached, 70 new in 0.08
                       s · first token 0.09 s, total 3.61 s · draft 150/212
                       accepted (71%) · max_tokens reached
16:15:36.163 INFO:     #501 chat/completions (stream): 1,490 prompt tokens ·
                       temperature: 0, greedy (req), max_tokens: 256 (req),
                       min_tokens: 256 (req)
16:15:36.787 INFO:     #494 chat/completions (stream): 256 tokens generated at
                       65.0 T/s · prompt 737 tokens, none cached, 737 new in
                       0.27 s (2,730 T/s) · first token 0.28 s, total 4.21 s ·
                       draft 149/214 accepted (70%) · max_tokens reached
16:15:36.811 INFO:     #496 chat/completions (stream): 256 tokens generated at
                       73.8 T/s · prompt 1,015 tokens, none cached, 1,015 new in
                       0.30 s (3,383 T/s) · first token 0.30 s, total 3.77 s ·
                       draft 154/204 accepted (75%) · max_tokens reached
16:15:36.855 INFO:     #502 chat/completions (stream): 61 prompt tokens ·
                       temperature: 0, greedy (req), max_tokens: 256 (req),
                       min_tokens: 256 (req)
16:15:36.952 INFO:     #503 chat/completions (stream): 65 prompt tokens ·
                       temperature: 0, greedy (req), max_tokens: 256 (req),
                       min_tokens: 256 (req)
16:15:37.236 INFO:     #495 chat/completions (stream): 256 tokens generated at
                       60.4 T/s · prompt 61 tokens, none cached, 61 new in 0.07
                       s · first token 0.08 s, total 4.32 s · draft 139/234
                       accepted (59%) · max_tokens reached
16:15:37.308 INFO:     #504 chat/completions (stream): 89 prompt tokens ·
                       temperature: 0, greedy (req), max_tokens: 256 (req),
                       min_tokens: 256 (req)
16:15:37.826 INFO:     #498 chat/completions (stream): 256 tokens generated at
                       74.6 T/s · prompt 84 tokens, none cached, 84 new in 0.08
                       s · first token 0.08 s, total 3.51 s · draft 158/196
                       accepted (81%) · max_tokens reached
16:15:37.849 INFO:     #497 chat/completions (stream): 256 tokens generated at
                       71.4 T/s · prompt 62 tokens, none cached, 62 new in 0.07
                       s · first token 0.08 s, total 3.66 s · draft 155/202
                       accepted (77%) · max_tokens reached
16:15:37.892 INFO:     #505 chat/completions (stream): 90 prompt tokens ·
                       temperature: 0, greedy (req), max_tokens: 256 (req),
                       min_tokens: 256 (req)
16:15:38.003 INFO:     #506 chat/completions (stream): 875 prompt tokens ·
                       temperature: 0, greedy (req), max_tokens: 256 (req),
                       min_tokens: 256 (req)
16:15:39.062 INFO:     #499 chat/completions (stream): 256 tokens generated at
                       71.7 T/s · prompt 783 tokens, none cached, 783 new in
                       0.22 s (3,559 T/s) · first token 0.23 s, total 3.80 s ·
                       draft 157/198 accepted (79%) · max_tokens reached
16:15:39.136 INFO:     #507 chat/completions (stream): 749 prompt tokens ·
                       temperature: 0, greedy (req), max_tokens: 256 (req),
                       min_tokens: 256 (req)
16:15:39.944 INFO:     #500 chat/completions (stream): 256 tokens generated at
                       67.6 T/s · prompt 766 tokens, none cached, 766 new in
                       0.28 s (2,736 T/s) · first token 0.29 s, total 4.07 s ·
                       draft 148/216 accepted (69%) · max_tokens reached
16:15:40.013 INFO:     #508 chat/completions (stream): 94 prompt tokens ·
                       temperature: 0, greedy (req), max_tokens: 256 (req),
                       min_tokens: 256 (req)
16:15:40.292 INFO:     #501 chat/completions (stream): 256 tokens generated at
                       70.3 T/s · prompt 1,490 tokens, none cached, 1,490 new in
                       0.39 s (3,821 T/s) · first token 0.40 s, total 4.04 s ·
                       draft 142/228 accepted (62%) · max_tokens reached
16:15:40.317 INFO:     #503 chat/completions (stream): 256 tokens generated at
                       80.1 T/s · prompt 65 tokens, none cached, 65 new in 0.07
                       s · first token 0.08 s, total 3.27 s · draft 155/202
                       accepted (77%) · max_tokens reached
16:15:40.364 INFO:     #509 chat/completions (stream): 1,065 prompt tokens ·
                       temperature: 0, greedy (req), max_tokens: 256 (req),
                       min_tokens: 256 (req)
16:15:40.591 INFO:     #510 chat/completions (stream): 761 prompt tokens ·
                       temperature: 0, greedy (req), max_tokens: 256 (req),
                       min_tokens: 256 (req)
16:15:40.980 INFO:     #502 chat/completions (stream): 256 tokens generated at
                       74.6 T/s · prompt 61 tokens, none cached, 61 new in 0.07
                       s · first token 0.08 s, total 3.51 s · draft 148/216
                       accepted (69%) · max_tokens reached
16:15:41.249 INFO:     #504 chat/completions (stream): 256 tokens generated at
                       68.0 T/s · prompt 89 tokens, none cached, 89 new in 0.09
                       s · first token 0.10 s, total 3.86 s · draft 149/214
                       accepted (70%) · max_tokens reached
16:15:41.726 INFO:     #506 chat/completions (stream): 256 tokens generated at
                       76.2 T/s · prompt 875 tokens, none cached, 875 new in
                       0.28 s (3,125 T/s) · first token 0.28 s, total 3.65 s ·
                       draft 149/214 accepted (70%) · max_tokens reached
16:15:41.744 INFO:     #505 chat/completions (stream): 256 tokens generated at
                       69.4 T/s · prompt 90 tokens, none cached, 90 new in 0.08
                       s · first token 0.09 s, total 3.78 s · draft 146/220
                       accepted (66%) · max_tokens reached
16:15:42.129 INFO:     #507 chat/completions (stream): 256 tokens generated at
                       96.3 T/s · prompt 749 tokens, none cached, 749 new in
                       0.26 s (2,881 T/s) · first token 0.27 s, total 2.92 s ·
                       draft 162/210 accepted (77%) · max_tokens reached
16:15:42.311 INFO:     #508 chat/completions (stream): 256 tokens generated at
                       119.2 T/s · prompt 94 tokens, none cached, 94 new in 0.09
                       s · first token 0.10 s, total 2.24 s · draft 175/196
                       accepted (89%) · max_tokens reached
16:15:42.574 INFO:     #509 chat/completions (stream): 256 tokens generated at
                       145.9 T/s · prompt 1,065 tokens, none cached, 1,065 new
                       in 0.43 s (2,477 T/s) · first token 0.44 s, total 2.19 s
                       · draft 164/241 accepted (68%) · max_tokens reached
16:15:42.575 INFO:     #510 chat/completions (stream): 256 tokens generated at
                       156.7 T/s · prompt 761 tokens, none cached, 761 new in
                       0.28 s (2,718 T/s) · first token 0.35 s, total 1.98 s ·
                       draft 164/242 accepted (68%) · max_tokens reached
