16:35:32.950 INFO:     Sampler preset "qwen38_thinking": temperature 0.6, top_k
                       20, top_p 0.95
16:35:32.988 INFO:     exllamav3 version: 1.5.2
16:35:34.321 INFO:     Using main model MTP component for drafting
16:35:34.343 INFO:     Context: max_seq_len 262,144 tokens (configured),
                       cache_size 901,120 tokens
16:35:34.396 INFO:     Using tool format: qwen3_coder
16:35:34.396 INFO:     Using template "chat_template" for chat completions.
16:35:36.595 INFO:     Loading model
                       /models/qwen3.8-flash-next-exl3-2.50bpw-r0b0tlab (manual
                       GPU split)
Loading vision modules ━━━━━━━━━━━━━━━━━━━━━━━━━━━━━━━━━━━━━━ 100% 30/30 0:00:00
Loading draft modules  ━━━━━━━━━━━━━━━━━━━━━━━━━━━━━━━━━━━━━━ 100% 3/3   0:00:00
Loading model modules  ━━━━━━━━━━━━━━━━━━━━━━━━━━━━━━━━━━━━━━ 100% 53/53 0:00:00
EXL3_EMBED_GPU_PRUNED=1: embedding mirror 65536 of 248320 rows (320.0 MiB, prefix) on cuda:1
16:35:47.101 INFO:     Model loaded in 12.7 s

16:35:47.101 WARNING:  Disabling authentication makes your instance vulnerable.
                       Set the `disable_auth` flag to False in config.yml if you
                       want to share this instance with others.
16:35:47.102 WARNING:  With authentication disabled and `allowed_origins` left
                       at ["*"], any website open in a browser on this machine
                       can send requests to this instance and read the
                       responses, including admin endpoints. Set
                       `network.allowed_origins` to your own frontends (or [])
                       unless you use a browser-based frontend that needs it.
16:35:47.102 INFO:     Serving OAI API on http://0.0.0.0:8022 (docs at
                       http://0.0.0.0:8022/redoc)
16:35:47.823 INFO:     #3 completions: 3 prompt tokens · temperature: 0, greedy
                       (req), max_tokens: 16 (req)
densegemm lcguard: device 1: dense calls on the QSA side branch use the side scratch (hctr upper half, side slots)
densegemm lcguard: device 0: dense calls on the QSA side branch use the side scratch (hctr upper half, side slots)
16:35:48.181 INFO:     #3 completions: 16 tokens generated at 103.9 T/s · prompt
                       3 tokens, none cached, 3 new in 0.20 s · first token 0.21
                       s, total 0.36 s · draft 7/27 accepted (26%) · max_tokens
                       reached
16:35:48.571 INFO:     #5 chat/completions: 73 prompt tokens · temperature: 0,
                       greedy (req), max_tokens: 64 (req), min_tokens: 64 (req)
16:35:48.913 INFO:     #5 chat/completions: 64 tokens generated at 290.4 T/s ·
                       prompt 73 tokens, none cached, 73 new in 0.12 s · first
                       token 0.12 s, total 0.35 s · draft 43/63 accepted (68%) ·
                       max_tokens reached
16:36:00.873 INFO:     #8 chat/completions (stream): 92 prompt tokens ·
                       temperature: 0, greedy (req), max_tokens: 256 (req),
                       min_tokens: 256 (req)
16:36:01.846 INFO:     #8 chat/completions (stream): 256 tokens generated at
                       294.8 T/s · prompt 92 tokens, none cached, 92 new in 0.10
                       s · first token 0.10 s, total 0.97 s · draft 174/246
                       accepted (71%) · max_tokens reached
16:36:01.849 INFO:     #9 chat/completions (stream): 511 prompt tokens ·
                       temperature: 0, greedy (req), max_tokens: 256 (req),
                       min_tokens: 256 (req)
16:36:03.070 INFO:     #9 chat/completions (stream): 256 tokens generated at
                       271.0 T/s · prompt 511 tokens, none cached, 511 new in
                       0.27 s (1,893 T/s) · first token 0.27 s, total 1.22 s ·
                       draft 166/270 accepted (61%) · max_tokens reached
16:36:03.072 INFO:     #11 chat/completions (stream): 74 prompt tokens ·
                       temperature: 0, greedy (req), max_tokens: 256 (req),
                       min_tokens: 256 (req)
16:36:04.177 INFO:     #11 chat/completions (stream): 256 tokens generated at
                       251.2 T/s · prompt 74 tokens, none cached, 74 new in 0.08
                       s · first token 0.08 s, total 1.10 s · draft 158/294
                       accepted (54%) · max_tokens reached
16:36:04.179 INFO:     #12 chat/completions (stream): 87 prompt tokens ·
                       temperature: 0, greedy (req), max_tokens: 256 (req),
                       min_tokens: 256 (req)
16:36:05.211 INFO:     #12 chat/completions (stream): 256 tokens generated at
                       272.4 T/s · prompt 87 tokens, none cached, 87 new in 0.09
                       s · first token 0.09 s, total 1.03 s · draft 166/270
                       accepted (61%) · max_tokens reached
16:36:05.213 INFO:     #13 chat/completions (stream): 105 prompt tokens ·
                       temperature: 0, greedy (req), max_tokens: 256 (req),
                       min_tokens: 256 (req)
16:36:06.090 INFO:     #13 chat/completions (stream): 256 tokens generated at
                       329.8 T/s · prompt 105 tokens, none cached, 105 new in
                       0.09 s · first token 0.09 s, total 0.87 s · draft 181/225
                       accepted (80%) · max_tokens reached
16:36:06.092 INFO:     #14 chat/completions (stream): 121 prompt tokens ·
                       temperature: 0, greedy (req), max_tokens: 256 (req),
                       min_tokens: 256 (req)
16:36:07.025 INFO:     #14 chat/completions (stream): 256 tokens generated at
                       309.9 T/s · prompt 121 tokens, none cached, 121 new in
                       0.10 s · first token 0.10 s, total 0.93 s · draft 177/237
                       accepted (75%) · max_tokens reached
16:36:07.027 INFO:     #15 chat/completions (stream): 74 prompt tokens ·
                       temperature: 0, greedy (req), max_tokens: 256 (req),
                       min_tokens: 256 (req)
16:36:08.094 INFO:     #15 chat/completions (stream): 256 tokens generated at
                       260.4 T/s · prompt 74 tokens, none cached, 74 new in 0.08
                       s · first token 0.08 s, total 1.07 s · draft 161/285
                       accepted (56%) · max_tokens reached
16:36:08.096 INFO:     #16 chat/completions (stream): 78 prompt tokens ·
                       temperature: 0, greedy (req), max_tokens: 256 (req),
                       min_tokens: 256 (req)
16:36:09.103 INFO:     #16 chat/completions (stream): 256 tokens generated at
                       278.4 T/s · prompt 78 tokens, none cached, 78 new in 0.08
                       s · first token 0.08 s, total 1.00 s · draft 167/267
                       accepted (63%) · max_tokens reached
16:36:09.105 INFO:     #17 chat/completions (stream): 62 prompt tokens ·
                       temperature: 0, greedy (req), max_tokens: 256 (req),
                       min_tokens: 256 (req)
16:36:10.200 INFO:     #17 chat/completions (stream): 256 tokens generated at
                       251.8 T/s · prompt 62 tokens, none cached, 62 new in 0.07
                       s · first token 0.07 s, total 1.09 s · draft 158/294
                       accepted (54%) · max_tokens reached
16:36:10.202 INFO:     #18 chat/completions (stream): 64 prompt tokens ·
                       temperature: 0, greedy (req), max_tokens: 256 (req),
                       min_tokens: 256 (req)
16:36:11.366 INFO:     #18 chat/completions (stream): 256 tokens generated at
                       235.7 T/s · prompt 64 tokens, none cached, 64 new in 0.07
                       s · first token 0.08 s, total 1.16 s · draft 151/315
                       accepted (48%) · max_tokens reached
16:36:11.368 INFO:     #19 chat/completions (stream): 89 prompt tokens ·
                       temperature: 0, greedy (req), max_tokens: 256 (req),
                       min_tokens: 256 (req)
16:36:12.233 INFO:     #19 chat/completions (stream): 256 tokens generated at
                       330.8 T/s · prompt 89 tokens, none cached, 89 new in 0.09
                       s · first token 0.09 s, total 0.87 s · draft 180/228
                       accepted (79%) · max_tokens reached
16:36:12.235 INFO:     #20 chat/completions (stream): 109 prompt tokens ·
                       temperature: 0, greedy (req), max_tokens: 256 (req),
                       min_tokens: 256 (req)
16:36:13.199 INFO:     #20 chat/completions (stream): 256 tokens generated at
                       295.7 T/s · prompt 109 tokens, none cached, 109 new in
                       0.09 s · first token 0.09 s, total 0.96 s · draft 172/252
                       accepted (68%) · max_tokens reached
16:36:13.203 INFO:     #21 chat/completions (stream): 829 prompt tokens ·
                       temperature: 0, greedy (req), max_tokens: 256 (req),
                       min_tokens: 256 (req)
16:36:14.441 INFO:     #21 chat/completions (stream): 256 tokens generated at
                       265.5 T/s · prompt 829 tokens, none cached, 829 new in
                       0.27 s (3,070 T/s) · first token 0.28 s, total 1.24 s ·
                       draft 163/279 accepted (58%) · max_tokens reached
16:36:14.444 INFO:     #22 chat/completions (stream): 67 prompt tokens ·
                       temperature: 0, greedy (req), max_tokens: 256 (req),
                       min_tokens: 256 (req)
16:36:15.329 INFO:     #22 chat/completions (stream): 256 tokens generated at
                       318.7 T/s · prompt 67 tokens, none cached, 67 new in 0.08
                       s · first token 0.08 s, total 0.89 s · draft 177/237
                       accepted (75%) · max_tokens reached
16:36:15.331 INFO:     #23 chat/completions (stream): 201 prompt tokens ·
                       temperature: 0, greedy (req), max_tokens: 256 (req),
                       min_tokens: 256 (req)
16:36:16.356 INFO:     #23 chat/completions (stream): 256 tokens generated at
                       279.5 T/s · prompt 201 tokens, none cached, 201 new in
                       0.10 s · first token 0.10 s, total 1.02 s · draft 168/264
                       accepted (64%) · max_tokens reached
16:36:16.358 INFO:     #24 chat/completions (stream): 88 prompt tokens ·
                       temperature: 0, greedy (req), max_tokens: 256 (req),
                       min_tokens: 256 (req)
16:36:17.494 INFO:     #24 chat/completions (stream): 256 tokens generated at
                       244.9 T/s · prompt 88 tokens, none cached, 88 new in 0.08
                       s · first token 0.08 s, total 1.13 s · draft 154/306
                       accepted (50%) · max_tokens reached
16:36:17.496 INFO:     #26 chat/completions (stream): 84 prompt tokens ·
                       temperature: 0, greedy (req), max_tokens: 256 (req),
                       min_tokens: 256 (req)
16:36:18.509 INFO:     #26 chat/completions (stream): 256 tokens generated at
                       277.5 T/s · prompt 84 tokens, none cached, 84 new in 0.08
                       s · first token 0.08 s, total 1.01 s · draft 167/267
                       accepted (63%) · max_tokens reached
16:36:18.513 INFO:     #27 chat/completions (stream): 735 prompt tokens ·
                       temperature: 0, greedy (req), max_tokens: 256 (req),
                       min_tokens: 256 (req)
16:36:19.821 INFO:     #27 chat/completions (stream): 256 tokens generated at
                       248.1 T/s · prompt 735 tokens, none cached, 735 new in
                       0.27 s (2,722 T/s) · first token 0.27 s, total 1.31 s ·
                       draft 157/297 accepted (53%) · max_tokens reached
16:36:19.823 INFO:     #28 chat/completions (stream): 72 prompt tokens ·
                       temperature: 0, greedy (req), max_tokens: 256 (req),
                       min_tokens: 256 (req)
16:36:21.026 INFO:     #28 chat/completions (stream): 256 tokens generated at
                       228.4 T/s · prompt 72 tokens, none cached, 72 new in 0.08
                       s · first token 0.08 s, total 1.21 s · draft 147/327
                       accepted (45%) · max_tokens reached
16:36:21.031 INFO:     #29 chat/completions (stream): 1,231 prompt tokens ·
                       temperature: 0, greedy (req), max_tokens: 256 (req),
                       min_tokens: 256 (req)
16:36:22.305 INFO:     #29 chat/completions (stream): 256 tokens generated at
                       274.9 T/s · prompt 1,231 tokens, none cached, 1,231 new
                       in 0.34 s (3,621 T/s) · first token 0.34 s, total 1.28 s
                       · draft 167/267 accepted (63%) · max_tokens reached
16:36:22.307 INFO:     #30 chat/completions (stream): 134 prompt tokens ·
                       temperature: 0, greedy (req), max_tokens: 256 (req),
                       min_tokens: 256 (req)
16:36:23.190 INFO:     #30 chat/completions (stream): 256 tokens generated at
                       332.8 T/s · prompt 134 tokens, none cached, 134 new in
                       0.11 s · first token 0.11 s, total 0.88 s · draft 181/225
                       accepted (80%) · max_tokens reached
16:36:23.195 INFO:     #31 chat/completions (stream): 1,082 prompt tokens ·
                       temperature: 0, greedy (req), max_tokens: 256 (req),
                       min_tokens: 256 (req)
16:36:24.581 INFO:     #31 chat/completions (stream): 256 tokens generated at
                       244.8 T/s · prompt 1,082 tokens, none cached, 1,082 new
                       in 0.33 s (3,279 T/s) · first token 0.33 s, total 1.38 s
                       · draft 160/288 accepted (56%) · max_tokens reached
16:36:24.584 INFO:     #32 chat/completions (stream): 84 prompt tokens ·
                       temperature: 0, greedy (req), max_tokens: 256 (req),
                       min_tokens: 256 (req)
16:36:25.642 INFO:     #32 chat/completions (stream): 256 tokens generated at
                       266.5 T/s · prompt 84 tokens, none cached, 84 new in 0.09
                       s · first token 0.10 s, total 1.06 s · draft 166/270
                       accepted (61%) · max_tokens reached
16:36:25.644 INFO:     #33 chat/completions (stream): 78 prompt tokens ·
                       temperature: 0, greedy (req), max_tokens: 256 (req),
                       min_tokens: 256 (req)
16:36:26.655 INFO:     #33 chat/completions (stream): 256 tokens generated at
                       276.9 T/s · prompt 78 tokens, none cached, 78 new in 0.08
                       s · first token 0.08 s, total 1.01 s · draft 167/267
                       accepted (63%) · max_tokens reached
16:36:26.657 INFO:     #34 chat/completions (stream): 70 prompt tokens ·
                       temperature: 0, greedy (req), max_tokens: 256 (req),
                       min_tokens: 256 (req)
16:36:27.731 INFO:     #34 chat/completions (stream): 256 tokens generated at
                       258.5 T/s · prompt 70 tokens, none cached, 70 new in 0.08
                       s · first token 0.08 s, total 1.08 s · draft 161/285
                       accepted (56%) · max_tokens reached
16:36:27.733 INFO:     #35 chat/completions (stream): 149 prompt tokens ·
                       temperature: 0, greedy (req), max_tokens: 256 (req),
                       min_tokens: 256 (req)
16:36:28.701 INFO:     #35 chat/completions (stream): 256 tokens generated at
                       293.8 T/s · prompt 149 tokens, none cached, 149 new in
                       0.09 s · first token 0.09 s, total 0.97 s · draft 172/252
                       accepted (68%) · max_tokens reached
16:36:28.704 INFO:     #36 chat/completions (stream): 258 prompt tokens ·
                       temperature: 0, greedy (req), max_tokens: 256 (req),
                       min_tokens: 256 (req)
16:36:29.709 INFO:     #36 chat/completions (stream): 256 tokens generated at
                       298.6 T/s · prompt 258 tokens, none cached, 258 new in
                       0.14 s (1,843 T/s) · first token 0.14 s, total 1.00 s ·
                       draft 174/246 accepted (71%) · max_tokens reached
16:36:29.711 INFO:     #37 chat/completions (stream): 109 prompt tokens ·
                       temperature: 0, greedy (req), max_tokens: 256 (req),
                       min_tokens: 256 (req)
16:36:30.787 INFO:     #37 chat/completions (stream): 256 tokens generated at
                       262.1 T/s · prompt 109 tokens, none cached, 109 new in
                       0.09 s · first token 0.09 s, total 1.07 s · draft 162/282
                       accepted (57%) · max_tokens reached
16:36:30.790 INFO:     #38 chat/completions (stream): 105 prompt tokens ·
                       temperature: 0, greedy (req), max_tokens: 256 (req),
                       min_tokens: 256 (req)
16:36:31.884 INFO:     #38 chat/completions (stream): 256 tokens generated at
                       258.0 T/s · prompt 105 tokens, none cached, 105 new in
                       0.09 s · first token 0.09 s, total 1.09 s · draft 160/288
                       accepted (56%) · max_tokens reached
16:36:31.888 INFO:     #39 chat/completions (stream): 788 prompt tokens ·
                       temperature: 0, greedy (req), max_tokens: 256 (req),
                       min_tokens: 256 (req)
16:36:32.958 INFO:     #39 chat/completions (stream): 256 tokens generated at
                       299.9 T/s · prompt 788 tokens, none cached, 788 new in
                       0.21 s (3,752 T/s) · first token 0.21 s, total 1.07 s ·
                       draft 172/252 accepted (68%) · max_tokens reached
16:36:32.960 INFO:     #41 chat/completions (stream): 62 prompt tokens ·
                       temperature: 0, greedy (req), max_tokens: 256 (req),
                       min_tokens: 256 (req)
16:36:34.056 INFO:     #41 chat/completions (stream): 256 tokens generated at
                       250.9 T/s · prompt 62 tokens, none cached, 62 new in 0.07
                       s · first token 0.07 s, total 1.10 s · draft 155/303
                       accepted (51%) · max_tokens reached
16:36:34.061 INFO:     #42 chat/completions (stream): 1,445 prompt tokens ·
                       temperature: 0, greedy (req), max_tokens: 256 (req),
                       min_tokens: 256 (req)
16:36:35.408 INFO:     #42 chat/completions (stream): 256 tokens generated at
                       277.9 T/s · prompt 1,445 tokens, none cached, 1,445 new
                       in 0.42 s (3,440 T/s) · first token 0.42 s, total 1.35 s
                       · draft 164/276 accepted (59%) · max_tokens reached
16:36:35.410 INFO:     #43 chat/completions (stream): 159 prompt tokens ·
                       temperature: 0, greedy (req), max_tokens: 256 (req),
                       min_tokens: 256 (req)
16:36:36.223 INFO:     #43 chat/completions (stream): 256 tokens generated at
                       363.5 T/s · prompt 159 tokens, none cached, 159 new in
                       0.10 s · first token 0.10 s, total 0.81 s · draft 186/210
                       accepted (89%) · max_tokens reached
16:36:36.228 INFO:     #44 chat/completions (stream): 705 prompt tokens ·
                       temperature: 0, greedy (req), max_tokens: 256 (req),
                       min_tokens: 256 (req)
16:36:37.407 INFO:     #44 chat/completions (stream): 256 tokens generated at
                       284.0 T/s · prompt 705 tokens, none cached, 705 new in
                       0.27 s (2,611 T/s) · first token 0.27 s, total 1.18 s ·
                       draft 166/270 accepted (61%) · max_tokens reached
16:36:37.409 INFO:     #45 chat/completions (stream): 62 prompt tokens ·
                       temperature: 0, greedy (req), max_tokens: 256 (req),
                       min_tokens: 256 (req)
16:36:38.405 INFO:     #45 chat/completions (stream): 256 tokens generated at
                       282.5 T/s · prompt 62 tokens, none cached, 62 new in 0.08
                       s · first token 0.09 s, total 0.99 s · draft 165/273
                       accepted (60%) · max_tokens reached
16:36:38.409 INFO:     #46 chat/completions (stream): 796 prompt tokens ·
                       temperature: 0, greedy (req), max_tokens: 256 (req),
                       min_tokens: 256 (req)
16:36:39.495 INFO:     #46 chat/completions (stream): 256 tokens generated at
                       300.1 T/s · prompt 796 tokens, none cached, 796 new in
                       0.23 s (3,461 T/s) · first token 0.23 s, total 1.09 s ·
                       draft 171/255 accepted (67%) · max_tokens reached
16:36:39.498 INFO:     #47 chat/completions (stream): 93 prompt tokens ·
                       temperature: 0, greedy (req), max_tokens: 256 (req),
                       min_tokens: 256 (req)
16:36:40.334 INFO:     #47 chat/completions (stream): 256 tokens generated at
                       343.9 T/s · prompt 93 tokens, none cached, 93 new in 0.09
                       s · first token 0.09 s, total 0.84 s · draft 181/225
                       accepted (80%) · max_tokens reached
16:36:40.336 INFO:     #48 chat/completions (stream): 94 prompt tokens ·
                       temperature: 0, greedy (req), max_tokens: 256 (req),
                       min_tokens: 256 (req)
16:36:41.301 INFO:     #48 chat/completions (stream): 256 tokens generated at
                       293.3 T/s · prompt 94 tokens, none cached, 94 new in 0.09
                       s · first token 0.09 s, total 0.97 s · draft 168/264
                       accepted (64%) · max_tokens reached
16:36:41.303 INFO:     #49 chat/completions (stream): 65 prompt tokens ·
                       temperature: 0, greedy (req), max_tokens: 256 (req),
                       min_tokens: 256 (req)
16:36:42.141 INFO:     #49 chat/completions (stream): 256 tokens generated at
                       340.4 T/s · prompt 65 tokens, none cached, 65 new in 0.08
                       s · first token 0.08 s, total 0.84 s · draft 180/228
                       accepted (79%) · max_tokens reached
16:36:42.146 INFO:     #50 chat/completions (stream): 1,347 prompt tokens ·
                       temperature: 0, greedy (req), max_tokens: 256 (req),
                       min_tokens: 256 (req)
16:36:43.522 INFO:     #50 chat/completions (stream): 256 tokens generated at
                       261.6 T/s · prompt 1,347 tokens, none cached, 1,347 new
                       in 0.39 s (3,454 T/s) · first token 0.39 s, total 1.37 s
                       · draft 159/291 accepted (55%) · max_tokens reached
16:36:43.525 INFO:     #51 chat/completions (stream): 754 prompt tokens ·
                       temperature: 0, greedy (req), max_tokens: 256 (req),
                       min_tokens: 256 (req)
16:36:44.664 INFO:     #51 chat/completions (stream): 256 tokens generated at
                       294.9 T/s · prompt 754 tokens, none cached, 754 new in
                       0.26 s (2,900 T/s) · first token 0.27 s, total 1.13 s ·
                       draft 169/261 accepted (65%) · max_tokens reached
16:36:44.667 INFO:     #52 chat/completions (stream): 73 prompt tokens ·
                       temperature: 0, greedy (req), max_tokens: 256 (req),
                       min_tokens: 256 (req)
16:36:45.562 INFO:     #52 chat/completions (stream): 256 tokens generated at
                       314.9 T/s · prompt 73 tokens, none cached, 73 new in 0.08
                       s · first token 0.08 s, total 0.90 s · draft 174/246
                       accepted (71%) · max_tokens reached
16:36:45.565 INFO:     #53 chat/completions (stream): 758 prompt tokens ·
                       temperature: 0, greedy (req), max_tokens: 256 (req),
                       min_tokens: 256 (req)
16:36:46.687 INFO:     #53 chat/completions (stream): 256 tokens generated at
                       302.1 T/s · prompt 758 tokens, none cached, 758 new in
                       0.27 s (2,807 T/s) · first token 0.27 s, total 1.12 s ·
                       draft 172/252 accepted (68%) · max_tokens reached
16:36:46.689 INFO:     #54 chat/completions (stream): 63 prompt tokens ·
                       temperature: 0, greedy (req), max_tokens: 256 (req),
                       min_tokens: 256 (req)
16:36:47.699 INFO:     #54 chat/completions (stream): 256 tokens generated at
                       274.2 T/s · prompt 63 tokens, none cached, 63 new in 0.07
                       s · first token 0.07 s, total 1.01 s · draft 162/282
                       accepted (57%) · max_tokens reached
16:36:47.701 INFO:     #56 chat/completions (stream): 71 prompt tokens ·
                       temperature: 0, greedy (req), max_tokens: 256 (req),
                       min_tokens: 256 (req)
16:36:48.742 INFO:     #56 chat/completions (stream): 256 tokens generated at
                       267.2 T/s · prompt 71 tokens, none cached, 71 new in 0.08
                       s · first token 0.08 s, total 1.04 s · draft 161/285
                       accepted (56%) · max_tokens reached
16:36:48.744 INFO:     #57 chat/completions (stream): 71 prompt tokens ·
                       temperature: 0, greedy (req), max_tokens: 256 (req),
                       min_tokens: 256 (req)
16:36:49.582 INFO:     #57 chat/completions (stream): 256 tokens generated at
                       338.5 T/s · prompt 71 tokens, none cached, 71 new in 0.08
                       s · first token 0.08 s, total 0.84 s · draft 180/228
                       accepted (79%) · max_tokens reached
16:36:49.586 INFO:     #58 chat/completions (stream): 741 prompt tokens ·
                       temperature: 0, greedy (req), max_tokens: 256 (req),
                       min_tokens: 256 (req)
16:36:50.670 INFO:     #58 chat/completions (stream): 256 tokens generated at
                       313.9 T/s · prompt 741 tokens, none cached, 741 new in
                       0.26 s (2,850 T/s) · first token 0.26 s, total 1.08 s ·
                       draft 174/246 accepted (71%) · max_tokens reached
16:36:50.673 INFO:     #59 chat/completions (stream): 117 prompt tokens ·
                       temperature: 0, greedy (req), max_tokens: 256 (req),
                       min_tokens: 256 (req)
16:36:51.697 INFO:     #59 chat/completions (stream): 256 tokens generated at
                       278.6 T/s · prompt 117 tokens, none cached, 117 new in
                       0.10 s · first token 0.10 s, total 1.02 s · draft 166/270
                       accepted (61%) · max_tokens reached
16:36:51.700 INFO:     #60 chat/completions (stream): 72 prompt tokens ·
                       temperature: 0, greedy (req), max_tokens: 256 (req),
                       min_tokens: 256 (req)
16:36:52.732 INFO:     #60 chat/completions (stream): 256 tokens generated at
                       269.6 T/s · prompt 72 tokens, none cached, 72 new in 0.08
                       s · first token 0.08 s, total 1.03 s · draft 161/285
                       accepted (56%) · max_tokens reached
16:36:52.735 INFO:     #61 chat/completions (stream): 127 prompt tokens ·
                       temperature: 0, greedy (req), max_tokens: 256 (req),
                       min_tokens: 256 (req)
16:36:53.735 INFO:     #61 chat/completions (stream): 256 tokens generated at
                       287.2 T/s · prompt 127 tokens, none cached, 127 new in
                       0.10 s · first token 0.11 s, total 1.00 s · draft 167/267
                       accepted (63%) · max_tokens reached
16:36:53.738 INFO:     #62 chat/completions (stream): 62 prompt tokens ·
                       temperature: 0, greedy (req), max_tokens: 256 (req),
                       min_tokens: 256 (req)
16:36:54.700 INFO:     #62 chat/completions (stream): 256 tokens generated at
                       288.7 T/s · prompt 62 tokens, none cached, 62 new in 0.07
                       s · first token 0.07 s, total 0.96 s · draft 167/267
                       accepted (63%) · max_tokens reached
16:36:54.702 INFO:     #63 chat/completions (stream): 104 prompt tokens ·
                       temperature: 0, greedy (req), max_tokens: 256 (req),
                       min_tokens: 256 (req)
16:36:55.739 INFO:     #63 chat/completions (stream): 256 tokens generated at
                       272.6 T/s · prompt 104 tokens, none cached, 104 new in
                       0.09 s · first token 0.09 s, total 1.03 s · draft 162/282
                       accepted (57%) · max_tokens reached
16:36:55.741 INFO:     #64 chat/completions (stream): 67 prompt tokens ·
                       temperature: 0, greedy (req), max_tokens: 256 (req),
                       min_tokens: 256 (req)
16:36:56.745 INFO:     #64 chat/completions (stream): 256 tokens generated at
                       277.1 T/s · prompt 67 tokens, none cached, 67 new in 0.07
                       s · first token 0.07 s, total 1.00 s · draft 164/276
                       accepted (59%) · max_tokens reached
16:36:56.749 INFO:     #65 chat/completions (stream): 676 prompt tokens ·
                       temperature: 0, greedy (req), max_tokens: 256 (req),
                       min_tokens: 256 (req)
16:36:57.888 INFO:     #65 chat/completions (stream): 256 tokens generated at
                       288.6 T/s · prompt 676 tokens, none cached, 676 new in
                       0.25 s (2,704 T/s) · first token 0.26 s, total 1.14 s ·
                       draft 168/264 accepted (64%) · max_tokens reached
16:36:57.892 INFO:     #66 chat/completions (stream): 802 prompt tokens ·
                       temperature: 0, greedy (req), max_tokens: 256 (req),
                       min_tokens: 256 (req)
16:36:58.864 INFO:     #66 chat/completions (stream): 256 tokens generated at
                       353.6 T/s · prompt 802 tokens, none cached, 802 new in
                       0.24 s (3,342 T/s) · first token 0.24 s, total 0.97 s ·
                       draft 184/216 accepted (85%) · max_tokens reached
16:36:58.868 INFO:     #67 chat/completions (stream): 992 prompt tokens ·
                       temperature: 0, greedy (req), max_tokens: 256 (req),
                       min_tokens: 256 (req)
16:36:59.975 INFO:     #67 chat/completions (stream): 256 tokens generated at
                       313.0 T/s · prompt 992 tokens, none cached, 992 new in
                       0.28 s (3,543 T/s) · first token 0.28 s, total 1.10 s ·
                       draft 174/246 accepted (71%) · max_tokens reached
16:36:59.978 INFO:     #68 chat/completions (stream): 68 prompt tokens ·
                       temperature: 0, greedy (req), max_tokens: 256 (req),
                       min_tokens: 256 (req)
16:37:01.010 INFO:     #68 chat/completions (stream): 256 tokens generated at
                       269.2 T/s · prompt 68 tokens, none cached, 68 new in 0.07
                       s · first token 0.07 s, total 1.03 s · draft 161/285
                       accepted (56%) · max_tokens reached
16:37:01.014 INFO:     #69 chat/completions (stream): 785 prompt tokens ·
                       temperature: 0, greedy (req), max_tokens: 256 (req),
                       min_tokens: 256 (req)
16:37:02.101 INFO:     #69 chat/completions (stream): 256 tokens generated at
                       293.2 T/s · prompt 785 tokens, none cached, 785 new in
                       0.21 s (3,738 T/s) · first token 0.21 s, total 1.09 s ·
                       draft 170/258 accepted (66%) · max_tokens reached
16:37:02.104 INFO:     #71 chat/completions (stream): 262 prompt tokens ·
                       temperature: 0, greedy (req), max_tokens: 256 (req),
                       min_tokens: 256 (req)
16:37:02.999 INFO:     #71 chat/completions (stream): 256 tokens generated at
                       345.5 T/s · prompt 262 tokens, none cached, 262 new in
                       0.15 s (1,747 T/s) · first token 0.16 s, total 0.90 s ·
                       draft 182/222 accepted (82%) · max_tokens reached
16:37:03.002 INFO:     #72 chat/completions (stream): 689 prompt tokens ·
                       temperature: 0, greedy (req), max_tokens: 256 (req),
                       min_tokens: 256 (req)
16:37:04.315 INFO:     #72 chat/completions (stream): 256 tokens generated at
                       242.3 T/s · prompt 689 tokens, none cached, 689 new in
                       0.25 s (2,756 T/s) · first token 0.25 s, total 1.31 s ·
                       draft 151/315 accepted (48%) · max_tokens reached
16:37:04.319 INFO:     #73 chat/completions (stream): 702 prompt tokens ·
                       temperature: 0, greedy (req), max_tokens: 256 (req),
                       min_tokens: 256 (req)
16:37:05.508 INFO:     #73 chat/completions (stream): 256 tokens generated at
                       283.4 T/s · prompt 702 tokens, none cached, 702 new in
                       0.28 s (2,507 T/s) · first token 0.29 s, total 1.19 s ·
                       draft 167/267 accepted (63%) · max_tokens reached
16:37:05.512 INFO:     #74 chat/completions (stream): 785 prompt tokens ·
                       temperature: 0, greedy (req), max_tokens: 256 (req),
                       min_tokens: 256 (req)
16:37:06.521 INFO:     #74 chat/completions (stream): 256 tokens generated at
                       322.9 T/s · prompt 785 tokens, none cached, 785 new in
                       0.21 s (3,738 T/s) · first token 0.21 s, total 1.01 s ·
                       draft 178/234 accepted (76%) · max_tokens reached
16:37:06.523 INFO:     #75 chat/completions (stream): 67 prompt tokens ·
                       temperature: 0, greedy (req), max_tokens: 256 (req),
                       min_tokens: 256 (req)
16:37:07.384 INFO:     #75 chat/completions (stream): 256 tokens generated at
                       328.1 T/s · prompt 67 tokens, none cached, 67 new in 0.07
                       s · first token 0.07 s, total 0.85 s · draft 178/234
                       accepted (76%) · max_tokens reached
16:37:07.388 INFO:     #76 chat/completions (stream): 724 prompt tokens ·
                       temperature: 0, greedy (req), max_tokens: 256 (req),
                       min_tokens: 256 (req)
16:37:08.632 INFO:     #76 chat/completions (stream): 256 tokens generated at
                       265.8 T/s · prompt 724 tokens, none cached, 724 new in
                       0.27 s (2,681 T/s) · first token 0.27 s, total 1.24 s ·
                       draft 160/288 accepted (56%) · max_tokens reached
16:37:08.635 INFO:     #77 chat/completions (stream): 414 prompt tokens ·
                       temperature: 0, greedy (req), max_tokens: 256 (req),
                       min_tokens: 256 (req)
16:37:09.788 INFO:     #77 chat/completions (stream): 256 tokens generated at
                       275.9 T/s · prompt 414 tokens, none cached, 414 new in
                       0.22 s (1,882 T/s) · first token 0.22 s, total 1.15 s ·
                       draft 164/276 accepted (59%) · max_tokens reached
16:37:09.790 INFO:     #78 chat/completions (stream): 63 prompt tokens ·
                       temperature: 0, greedy (req), max_tokens: 256 (req),
                       min_tokens: 256 (req)
16:37:10.868 INFO:     #78 chat/completions (stream): 256 tokens generated at
                       255.6 T/s · prompt 63 tokens, none cached, 63 new in 0.07
                       s · first token 0.07 s, total 1.08 s · draft 156/300
                       accepted (52%) · max_tokens reached
16:37:10.870 INFO:     #79 chat/completions (stream): 104 prompt tokens ·
                       temperature: 0, greedy (req), max_tokens: 256 (req),
                       min_tokens: 256 (req)
16:37:11.871 INFO:     #79 chat/completions (stream): 256 tokens generated at
                       284.2 T/s · prompt 104 tokens, none cached, 104 new in
                       0.09 s · first token 0.10 s, total 1.00 s · draft 166/270
                       accepted (61%) · max_tokens reached
16:37:11.875 INFO:     #80 chat/completions (stream): 666 prompt tokens ·
                       temperature: 0, greedy (req), max_tokens: 256 (req),
                       min_tokens: 256 (req)
16:37:13.145 INFO:     #80 chat/completions (stream): 256 tokens generated at
                       251.2 T/s · prompt 666 tokens, none cached, 666 new in
                       0.24 s (2,775 T/s) · first token 0.24 s, total 1.26 s ·
                       draft 156/300 accepted (52%) · max_tokens reached
16:37:13.148 INFO:     #81 chat/completions (stream): 90 prompt tokens ·
                       temperature: 0, greedy (req), max_tokens: 256 (req),
                       min_tokens: 256 (req)
16:37:14.140 INFO:     #81 chat/completions (stream): 256 tokens generated at
                       284.1 T/s · prompt 90 tokens, none cached, 90 new in 0.08
                       s · first token 0.09 s, total 0.99 s · draft 166/270
                       accepted (61%) · max_tokens reached
16:37:14.143 INFO:     #82 chat/completions (stream): 61 prompt tokens ·
                       temperature: 0, greedy (req), max_tokens: 256 (req),
                       min_tokens: 256 (req)
16:37:15.042 INFO:     #82 chat/completions (stream): 256 tokens generated at
                       310.8 T/s · prompt 61 tokens, none cached, 61 new in 0.07
                       s · first token 0.07 s, total 0.90 s · draft 173/249
                       accepted (69%) · max_tokens reached
16:37:15.047 INFO:     #83 chat/completions (stream): 1,355 prompt tokens ·
                       temperature: 0, greedy (req), max_tokens: 256 (req),
                       min_tokens: 256 (req)
16:37:16.302 INFO:     #83 chat/completions (stream): 256 tokens generated at
                       280.6 T/s · prompt 1,355 tokens, none cached, 1,355 new
                       in 0.34 s (3,985 T/s) · first token 0.34 s, total 1.26 s
                       · draft 164/276 accepted (59%) · max_tokens reached
16:37:16.305 INFO:     #84 chat/completions (stream): 67 prompt tokens ·
                       temperature: 0, greedy (req), max_tokens: 256 (req),
                       min_tokens: 256 (req)
16:37:17.240 INFO:     #84 chat/completions (stream): 256 tokens generated at
                       299.7 T/s · prompt 67 tokens, none cached, 67 new in 0.07
                       s · first token 0.07 s, total 0.93 s · draft 170/258
                       accepted (66%) · max_tokens reached
16:37:17.245 INFO:     #86 chat/completions (stream): 1,173 prompt tokens ·
                       temperature: 0, greedy (req), max_tokens: 256 (req),
                       min_tokens: 256 (req)
16:37:18.476 INFO:     #86 chat/completions (stream): 256 tokens generated at
                       278.2 T/s · prompt 1,173 tokens, none cached, 1,173 new
                       in 0.30 s (3,910 T/s) · first token 0.30 s, total 1.22 s
                       · draft 164/276 accepted (59%) · max_tokens reached
16:37:18.479 INFO:     #87 chat/completions (stream): 65 prompt tokens ·
                       temperature: 0, greedy (req), max_tokens: 256 (req),
                       min_tokens: 256 (req)
16:37:19.706 INFO:     #87 chat/completions (stream): 256 tokens generated at
                       222.3 T/s · prompt 65 tokens, none cached, 65 new in 0.07
                       s · first token 0.07 s, total 1.23 s · draft 142/342
                       accepted (42%) · max_tokens reached
16:37:19.708 INFO:     #88 chat/completions (stream): 100 prompt tokens ·
                       temperature: 0, greedy (req), max_tokens: 256 (req),
                       min_tokens: 256 (req)
16:37:20.617 INFO:     #88 chat/completions (stream): 256 tokens generated at
                       315.8 T/s · prompt 100 tokens, none cached, 100 new in
                       0.09 s · first token 0.09 s, total 0.91 s · draft 175/243
                       accepted (72%) · max_tokens reached
16:37:20.619 INFO:     #89 chat/completions (stream): 110 prompt tokens ·
                       temperature: 0, greedy (req), max_tokens: 256 (req),
                       min_tokens: 256 (req)
16:37:21.628 INFO:     #89 chat/completions (stream): 256 tokens generated at
                       282.0 T/s · prompt 110 tokens, none cached, 110 new in
                       0.09 s · first token 0.09 s, total 1.00 s · draft 165/273
                       accepted (60%) · max_tokens reached
16:37:21.630 INFO:     #90 chat/completions (stream): 112 prompt tokens ·
                       temperature: 0, greedy (req), max_tokens: 256 (req),
                       min_tokens: 256 (req)
16:37:22.708 INFO:     #90 chat/completions (stream): 256 tokens generated at
                       261.3 T/s · prompt 112 tokens, none cached, 112 new in
                       0.09 s · first token 0.09 s, total 1.07 s · draft 159/291
                       accepted (55%) · max_tokens reached
16:37:22.710 INFO:     #91 chat/completions (stream): 64 prompt tokens ·
                       temperature: 0, greedy (req), max_tokens: 256 (req),
                       min_tokens: 256 (req)
16:37:23.631 INFO:     #91 chat/completions (stream): 256 tokens generated at
                       302.8 T/s · prompt 64 tokens, none cached, 64 new in 0.07
                       s · first token 0.08 s, total 0.92 s · draft 171/255
                       accepted (67%) · max_tokens reached
16:37:23.633 INFO:     #92 chat/completions (stream): 63 prompt tokens ·
                       temperature: 0, greedy (req), max_tokens: 256 (req),
                       min_tokens: 256 (req)
16:37:24.850 INFO:     #92 chat/completions (stream): 256 tokens generated at
                       224.6 T/s · prompt 63 tokens, none cached, 63 new in 0.07
                       s · first token 0.07 s, total 1.21 s · draft 148/324
                       accepted (46%) · max_tokens reached
16:37:24.855 INFO:     #93 chat/completions (stream): 794 prompt tokens ·
                       temperature: 0, greedy (req), max_tokens: 256 (req),
                       min_tokens: 256 (req)
16:37:25.940 INFO:     #93 chat/completions (stream): 256 tokens generated at
                       296.4 T/s · prompt 794 tokens, none cached, 794 new in
                       0.21 s (3,781 T/s) · first token 0.22 s, total 1.08 s ·
                       draft 170/258 accepted (66%) · max_tokens reached
16:37:25.943 INFO:     #94 chat/completions (stream): 440 prompt tokens ·
                       temperature: 0, greedy (req), max_tokens: 256 (req),
                       min_tokens: 256 (req)
16:37:27.077 INFO:     #94 chat/completions (stream): 256 tokens generated at
                       283.1 T/s · prompt 440 tokens, none cached, 440 new in
                       0.22 s (2,000 T/s) · first token 0.22 s, total 1.13 s ·
                       draft 166/270 accepted (61%) · max_tokens reached
16:37:27.079 INFO:     #95 chat/completions (stream): 65 prompt tokens ·
                       temperature: 0, greedy (req), max_tokens: 256 (req),
                       min_tokens: 256 (req)
16:37:28.069 INFO:     #95 chat/completions (stream): 256 tokens generated at
                       280.1 T/s · prompt 65 tokens, none cached, 65 new in 0.07
                       s · first token 0.07 s, total 0.99 s · draft 164/276
                       accepted (59%) · max_tokens reached
16:37:28.074 INFO:     #96 chat/completions (stream): 1,320 prompt tokens ·
                       temperature: 0, greedy (req), max_tokens: 256 (req),
                       min_tokens: 256 (req)
16:37:29.373 INFO:     #96 chat/completions (stream): 256 tokens generated at
                       263.6 T/s · prompt 1,320 tokens, none cached, 1,320 new
                       in 0.32 s (4,125 T/s) · first token 0.32 s, total 1.30 s
                       · draft 159/291 accepted (55%) · max_tokens reached
16:37:29.377 INFO:     #97 chat/completions (stream): 795 prompt tokens ·
                       temperature: 0, greedy (req), max_tokens: 256 (req),
                       min_tokens: 256 (req)
16:37:30.487 INFO:     #97 chat/completions (stream): 256 tokens generated at
                       293.3 T/s · prompt 795 tokens, none cached, 795 new in
                       0.23 s (3,457 T/s) · first token 0.24 s, total 1.11 s ·
                       draft 168/264 accepted (64%) · max_tokens reached
16:37:30.490 INFO:     #98 chat/completions (stream): 267 prompt tokens ·
                       temperature: 0, greedy (req), max_tokens: 256 (req),
                       min_tokens: 256 (req)
16:37:31.455 INFO:     #98 chat/completions (stream): 256 tokens generated at
                       316.0 T/s · prompt 267 tokens, none cached, 267 new in
                       0.15 s (1,780 T/s) · first token 0.15 s, total 0.96 s ·
                       draft 174/246 accepted (71%) · max_tokens reached
16:37:31.458 INFO:     #99 chat/completions (stream): 300 prompt tokens ·
                       temperature: 0, greedy (req), max_tokens: 256 (req),
                       min_tokens: 256 (req)
16:37:32.525 INFO:     #99 chat/completions (stream): 256 tokens generated at
                       293.6 T/s · prompt 300 tokens, none cached, 300 new in
                       0.19 s (1,579 T/s) · first token 0.19 s, total 1.07 s ·
                       draft 169/261 accepted (65%) · max_tokens reached
16:37:32.527 INFO:     #101 chat/completions (stream): 73 prompt tokens ·
                       temperature: 0, greedy (req), max_tokens: 256 (req),
                       min_tokens: 256 (req)
16:37:33.467 INFO:     #101 chat/completions (stream): 256 tokens generated at
                       299.6 T/s · prompt 73 tokens, none cached, 73 new in 0.08
                       s · first token 0.09 s, total 0.94 s · draft 171/255
                       accepted (67%) · max_tokens reached
16:37:33.469 INFO:     #102 chat/completions (stream): 64 prompt tokens ·
                       temperature: 0, greedy (req), max_tokens: 256 (req),
                       min_tokens: 256 (req)
16:37:34.588 INFO:     #102 chat/completions (stream): 256 tokens generated at
                       245.7 T/s · prompt 64 tokens, none cached, 64 new in 0.07
                       s · first token 0.07 s, total 1.12 s · draft 152/312
                       accepted (49%) · max_tokens reached
16:37:34.591 INFO:     #103 chat/completions (stream): 121 prompt tokens ·
                       temperature: 0, greedy (req), max_tokens: 256 (req),
                       min_tokens: 256 (req)
16:37:35.444 INFO:     #103 chat/completions (stream): 256 tokens generated at
                       341.8 T/s · prompt 121 tokens, none cached, 121 new in
                       0.10 s · first token 0.11 s, total 0.85 s · draft 180/228
                       accepted (79%) · max_tokens reached
16:37:35.448 INFO:     #104 chat/completions (stream): 464 prompt tokens ·
                       temperature: 0, greedy (req), max_tokens: 256 (req),
                       min_tokens: 256 (req)
16:37:36.665 INFO:     #104 chat/completions (stream): 256 tokens generated at
                       262.4 T/s · prompt 464 tokens, none cached, 464 new in
                       0.24 s (1,933 T/s) · first token 0.24 s, total 1.22 s ·
                       draft 159/291 accepted (55%) · max_tokens reached
16:37:36.669 INFO:     #105 chat/completions (stream): 443 prompt tokens ·
                       temperature: 0, greedy (req), max_tokens: 256 (req),
                       min_tokens: 256 (req)
16:37:37.786 INFO:     #105 chat/completions (stream): 256 tokens generated at
                       288.5 T/s · prompt 443 tokens, none cached, 443 new in
                       0.22 s (2,014 T/s) · first token 0.22 s, total 1.11 s ·
                       draft 167/267 accepted (63%) · max_tokens reached
16:37:37.788 INFO:     #106 chat/completions (stream): 74 prompt tokens ·
                       temperature: 0, greedy (req), max_tokens: 256 (req),
                       min_tokens: 256 (req)
16:37:38.824 INFO:     #106 chat/completions (stream): 256 tokens generated at
                       268.5 T/s · prompt 74 tokens, none cached, 74 new in 0.08
                       s · first token 0.09 s, total 1.04 s · draft 161/285
                       accepted (56%) · max_tokens reached
16:37:38.827 INFO:     #107 chat/completions (stream): 153 prompt tokens ·
                       temperature: 0, greedy (req), max_tokens: 256 (req),
                       min_tokens: 256 (req)
16:37:39.686 INFO:     #107 chat/completions (stream): 256 tokens generated at
                       335.8 T/s · prompt 153 tokens, none cached, 153 new in
                       0.09 s · first token 0.09 s, total 0.86 s · draft 180/228
                       accepted (79%) · max_tokens reached
16:37:39.689 INFO:     #108 chat/completions (stream): 63 prompt tokens ·
                       temperature: 0, greedy (req), max_tokens: 256 (req),
                       min_tokens: 256 (req)
16:37:40.724 INFO:     #108 chat/completions (stream): 256 tokens generated at
                       267.0 T/s · prompt 63 tokens, none cached, 63 new in 0.07
                       s · first token 0.08 s, total 1.03 s · draft 160/288
                       accepted (56%) · max_tokens reached
16:37:40.727 INFO:     #109 chat/completions (stream): 729 prompt tokens ·
                       temperature: 0, greedy (req), max_tokens: 256 (req),
                       min_tokens: 256 (req)
16:37:41.950 INFO:     #109 chat/completions (stream): 256 tokens generated at
                       268.3 T/s · prompt 729 tokens, none cached, 729 new in
                       0.26 s (2,804 T/s) · first token 0.26 s, total 1.22 s ·
                       draft 161/285 accepted (56%) · max_tokens reached
16:37:41.954 INFO:     #110 chat/completions (stream): 789 prompt tokens ·
                       temperature: 0, greedy (req), max_tokens: 256 (req),
                       min_tokens: 256 (req)
16:37:43.144 INFO:     #110 chat/completions (stream): 256 tokens generated at
                       262.0 T/s · prompt 789 tokens, none cached, 789 new in
                       0.21 s (3,757 T/s) · first token 0.22 s, total 1.19 s ·
                       draft 158/294 accepted (54%) · max_tokens reached
16:37:43.147 INFO:     #111 chat/completions (stream): 168 prompt tokens ·
                       temperature: 0, greedy (req), max_tokens: 256 (req),
                       min_tokens: 256 (req)
16:37:44.020 INFO:     #111 chat/completions (stream): 256 tokens generated at
                       331.2 T/s · prompt 168 tokens, none cached, 168 new in
                       0.09 s · first token 0.09 s, total 0.87 s · draft 178/234
                       accepted (76%) · max_tokens reached
16:37:44.023 INFO:     #112 chat/completions (stream): 143 prompt tokens ·
                       temperature: 0, greedy (req), max_tokens: 256 (req),
                       min_tokens: 256 (req)
16:37:45.204 INFO:     #112 chat/completions (stream): 256 tokens generated at
                       240.3 T/s · prompt 143 tokens, none cached, 143 new in
                       0.11 s · first token 0.11 s, total 1.18 s · draft 150/318
                       accepted (47%) · max_tokens reached
16:37:45.206 INFO:     #113 chat/completions (stream): 118 prompt tokens ·
                       temperature: 0, greedy (req), max_tokens: 256 (req),
                       min_tokens: 256 (req)
16:37:46.408 INFO:     #113 chat/completions (stream): 256 tokens generated at
                       234.0 T/s · prompt 118 tokens, none cached, 118 new in
                       0.10 s · first token 0.11 s, total 1.20 s · draft 146/330
                       accepted (44%) · max_tokens reached
16:37:46.410 INFO:     #114 chat/completions (stream): 273 prompt tokens ·
                       temperature: 0, greedy (req), max_tokens: 256 (req),
                       min_tokens: 256 (req)
16:37:47.523 INFO:     #114 chat/completions (stream): 256 tokens generated at
                       268.3 T/s · prompt 273 tokens, none cached, 273 new in
                       0.15 s (1,820 T/s) · first token 0.15 s, total 1.11 s ·
                       draft 160/288 accepted (56%) · max_tokens reached
16:37:47.525 INFO:     #116 chat/completions (stream): 87 prompt tokens ·
                       temperature: 0, greedy (req), max_tokens: 256 (req),
                       min_tokens: 256 (req)
16:37:48.303 INFO:     #116 chat/completions (stream): 256 tokens generated at
                       372.2 T/s · prompt 87 tokens, none cached, 87 new in 0.08
                       s · first token 0.09 s, total 0.77 s · draft 186/210
                       accepted (89%) · max_tokens reached
16:37:48.306 INFO:     #117 chat/completions (stream): 130 prompt tokens ·
                       temperature: 0, greedy (req), max_tokens: 256 (req),
                       min_tokens: 256 (req)
16:37:49.171 INFO:     #117 chat/completions (stream): 256 tokens generated at
                       340.1 T/s · prompt 130 tokens, none cached, 130 new in
                       0.11 s · first token 0.11 s, total 0.87 s · draft 180/228
                       accepted (79%) · max_tokens reached
16:37:49.173 INFO:     #118 chat/completions (stream): 63 prompt tokens ·
                       temperature: 0, greedy (req), max_tokens: 256 (req),
                       min_tokens: 256 (req)
16:37:50.186 INFO:     #118 chat/completions (stream): 256 tokens generated at
                       273.4 T/s · prompt 63 tokens, none cached, 63 new in 0.07
                       s · first token 0.07 s, total 1.01 s · draft 163/279
                       accepted (58%) · max_tokens reached
16:37:50.188 INFO:     #119 chat/completions (stream): 67 prompt tokens ·
                       temperature: 0, greedy (req), max_tokens: 256 (req),
                       min_tokens: 256 (req)
16:37:51.106 INFO:     #119 chat/completions (stream): 256 tokens generated at
                       306.1 T/s · prompt 67 tokens, none cached, 67 new in 0.07
                       s · first token 0.07 s, total 0.91 s · draft 172/252
                       accepted (68%) · max_tokens reached
16:37:51.108 INFO:     #120 chat/completions (stream): 61 prompt tokens ·
                       temperature: 0, greedy (req), max_tokens: 256 (req),
                       min_tokens: 256 (req)
16:37:52.091 INFO:     #120 chat/completions (stream): 256 tokens generated at
                       282.1 T/s · prompt 61 tokens, none cached, 61 new in 0.07
                       s · first token 0.08 s, total 0.98 s · draft 164/276
                       accepted (59%) · max_tokens reached
16:37:52.094 INFO:     #121 chat/completions (stream): 96 prompt tokens ·
                       temperature: 0, greedy (req), max_tokens: 256 (req),
                       min_tokens: 256 (req)
16:37:52.984 INFO:     #121 chat/completions (stream): 256 tokens generated at
                       321.6 T/s · prompt 96 tokens, none cached, 96 new in 0.09
                       s · first token 0.09 s, total 0.89 s · draft 177/237
                       accepted (75%) · max_tokens reached
16:37:52.987 INFO:     #122 chat/completions (stream): 497 prompt tokens ·
                       temperature: 0, greedy (req), max_tokens: 256 (req),
                       min_tokens: 256 (req)
16:37:54.133 INFO:     #122 chat/completions (stream): 256 tokens generated at
                       282.7 T/s · prompt 497 tokens, none cached, 497 new in
                       0.23 s (2,161 T/s) · first token 0.24 s, total 1.14 s ·
                       draft 166/270 accepted (61%) · max_tokens reached
16:37:54.136 INFO:     #123 chat/completions (stream): 357 prompt tokens ·
                       temperature: 0, greedy (req), max_tokens: 256 (req),
                       min_tokens: 256 (req)
16:37:55.228 INFO:     #123 chat/completions (stream): 256 tokens generated at
                       294.9 T/s · prompt 357 tokens, none cached, 357 new in
                       0.21 s (1,700 T/s) · first token 0.21 s, total 1.08 s ·
                       draft 169/261 accepted (65%) · max_tokens reached
16:37:55.231 INFO:     #124 chat/completions (stream): 82 prompt tokens ·
                       temperature: 0, greedy (req), max_tokens: 256 (req),
                       min_tokens: 256 (req)
16:37:56.254 INFO:     #124 chat/completions (stream): 256 tokens generated at
                       274.0 T/s · prompt 82 tokens, none cached, 82 new in 0.08
                       s · first token 0.09 s, total 1.02 s · draft 162/282
                       accepted (57%) · max_tokens reached
16:37:56.258 INFO:     #125 chat/completions (stream): 851 prompt tokens ·
                       temperature: 0, greedy (req), max_tokens: 256 (req),
                       min_tokens: 256 (req)
16:37:57.425 INFO:     #125 chat/completions (stream): 256 tokens generated at
                       290.2 T/s · prompt 851 tokens, none cached, 851 new in
                       0.28 s (3,039 T/s) · first token 0.28 s, total 1.17 s ·
                       draft 168/264 accepted (64%) · max_tokens reached
16:37:57.428 INFO:     #126 chat/completions (stream): 121 prompt tokens ·
                       temperature: 0, greedy (req), max_tokens: 256 (req),
                       min_tokens: 256 (req)
16:37:58.300 INFO:     #126 chat/completions (stream): 256 tokens generated at
                       333.2 T/s · prompt 121 tokens, none cached, 121 new in
                       0.10 s · first token 0.11 s, total 0.87 s · draft 179/231
                       accepted (77%) · max_tokens reached
16:37:58.302 INFO:     #127 chat/completions (stream): 62 prompt tokens ·
                       temperature: 0, greedy (req), max_tokens: 256 (req),
                       min_tokens: 256 (req)
16:37:59.294 INFO:     #127 chat/completions (stream): 256 tokens generated at
                       279.4 T/s · prompt 62 tokens, none cached, 62 new in 0.07
                       s · first token 0.07 s, total 0.99 s · draft 164/276
                       accepted (59%) · max_tokens reached
16:37:59.297 INFO:     #128 chat/completions (stream): 95 prompt tokens ·
                       temperature: 0, greedy (req), max_tokens: 256 (req),
                       min_tokens: 256 (req)
16:38:00.226 INFO:     #128 chat/completions (stream): 256 tokens generated at
                       305.4 T/s · prompt 95 tokens, none cached, 95 new in 0.08
                       s · first token 0.09 s, total 0.92 s · draft 172/252
                       accepted (68%) · max_tokens reached
16:38:00.228 INFO:     #129 chat/completions (stream): 61 prompt tokens ·
                       temperature: 0, greedy (req), max_tokens: 256 (req),
                       min_tokens: 256 (req)
16:38:01.391 INFO:     #129 chat/completions (stream): 256 tokens generated at
                       235.3 T/s · prompt 61 tokens, none cached, 61 new in 0.07
                       s · first token 0.07 s, total 1.16 s · draft 146/330
                       accepted (44%) · max_tokens reached
16:38:01.396 INFO:     #130 chat/completions (stream): 1,431 prompt tokens ·
                       temperature: 0, greedy (req), max_tokens: 256 (req),
                       min_tokens: 256 (req)
16:38:02.733 INFO:     #130 chat/completions (stream): 256 tokens generated at
                       265.8 T/s · prompt 1,431 tokens, none cached, 1,431 new
                       in 0.37 s (3,868 T/s) · first token 0.38 s, total 1.34 s
                       · draft 160/288 accepted (56%) · max_tokens reached
16:38:02.738 INFO:     #132 chat/completions (stream): 670 prompt tokens ·
                       temperature: 0, greedy (req), max_tokens: 256 (req),
                       min_tokens: 256 (req)
16:38:03.911 INFO:     #132 chat/completions (stream): 256 tokens generated at
                       275.0 T/s · prompt 670 tokens, none cached, 670 new in
                       0.24 s (2,792 T/s) · first token 0.24 s, total 1.18 s ·
                       draft 164/276 accepted (59%) · max_tokens reached
16:38:03.915 INFO:     #133 chat/completions (stream): 393 prompt tokens ·
                       temperature: 0, greedy (req), max_tokens: 256 (req),
                       min_tokens: 256 (req)
16:38:05.209 INFO:     #133 chat/completions (stream): 256 tokens generated at
                       243.1 T/s · prompt 393 tokens, none cached, 393 new in
                       0.23 s (1,709 T/s) · first token 0.23 s, total 1.29 s ·
                       draft 152/312 accepted (49%) · max_tokens reached
16:38:05.212 INFO:     #134 chat/completions (stream): 242 prompt tokens ·
                       temperature: 0, greedy (req), max_tokens: 256 (req),
                       min_tokens: 256 (req)
16:38:06.080 INFO:     #134 chat/completions (stream): 256 tokens generated at
                       341.3 T/s · prompt 242 tokens, none cached, 242 new in
                       0.11 s · first token 0.12 s, total 0.87 s · draft 181/225
                       accepted (80%) · max_tokens reached
16:38:06.082 INFO:     #135 chat/completions (stream): 199 prompt tokens ·
                       temperature: 0, greedy (req), max_tokens: 256 (req),
                       min_tokens: 256 (req)
16:38:07.211 INFO:     #135 chat/completions (stream): 256 tokens generated at
                       250.9 T/s · prompt 199 tokens, none cached, 199 new in
                       0.10 s · first token 0.10 s, total 1.13 s · draft 154/306
                       accepted (50%) · max_tokens reached
16:38:07.214 INFO:     #136 chat/completions (stream): 412 prompt tokens ·
                       temperature: 0, greedy (req), max_tokens: 256 (req),
                       min_tokens: 256 (req)
16:38:08.304 INFO:     #136 chat/completions (stream): 256 tokens generated at
                       294.9 T/s · prompt 412 tokens, none cached, 412 new in
                       0.21 s (1,962 T/s) · first token 0.22 s, total 1.08 s ·
                       draft 169/261 accepted (65%) · max_tokens reached
16:38:08.306 INFO:     #137 chat/completions (stream): 109 prompt tokens ·
                       temperature: 0, greedy (req), max_tokens: 256 (req),
                       min_tokens: 256 (req)
16:38:09.188 INFO:     #137 chat/completions (stream): 256 tokens generated at
                       327.5 T/s · prompt 109 tokens, none cached, 109 new in
                       0.09 s · first token 0.09 s, total 0.88 s · draft 178/234
                       accepted (76%) · max_tokens reached
16:38:09.190 INFO:     #138 chat/completions (stream): 92 prompt tokens ·
                       temperature: 0, greedy (req), max_tokens: 256 (req),
                       min_tokens: 256 (req)
16:38:10.336 INFO:     #138 chat/completions (stream): 256 tokens generated at
                       242.9 T/s · prompt 92 tokens, none cached, 92 new in 0.09
                       s · first token 0.10 s, total 1.15 s · draft 150/318
                       accepted (47%) · max_tokens reached
16:38:10.339 INFO:     #139 chat/completions (stream): 98 prompt tokens ·
                       temperature: 0, greedy (req), max_tokens: 256 (req),
                       min_tokens: 256 (req)
16:38:11.182 INFO:     #139 chat/completions (stream): 256 tokens generated at
                       342.1 T/s · prompt 98 tokens, none cached, 98 new in 0.09
                       s · first token 0.10 s, total 0.84 s · draft 181/225
                       accepted (80%) · max_tokens reached
16:38:11.184 INFO:     #140 chat/completions (stream): 91 prompt tokens ·
                       temperature: 0, greedy (req), max_tokens: 256 (req),
                       min_tokens: 256 (req)
16:38:12.074 INFO:     #140 chat/completions (stream): 256 tokens generated at
                       320.6 T/s · prompt 91 tokens, none cached, 91 new in 0.09
                       s · first token 0.09 s, total 0.89 s · draft 177/237
                       accepted (75%) · max_tokens reached
16:38:12.078 INFO:     #141 chat/completions (stream): 774 prompt tokens ·
                       temperature: 0, greedy (req), max_tokens: 256 (req),
                       min_tokens: 256 (req)
16:38:13.108 INFO:     #141 chat/completions (stream): 256 tokens generated at
                       309.0 T/s · prompt 774 tokens, none cached, 774 new in
                       0.19 s (4,074 T/s) · first token 0.19 s, total 1.02 s ·
                       draft 173/249 accepted (69%) · max_tokens reached
16:38:13.112 INFO:     #142 chat/completions (stream): 823 prompt tokens ·
                       temperature: 0, greedy (req), max_tokens: 256 (req),
                       min_tokens: 256 (req)
16:38:14.249 INFO:     #142 chat/completions (stream): 256 tokens generated at
                       291.0 T/s · prompt 823 tokens, none cached, 823 new in
                       0.25 s (3,292 T/s) · first token 0.26 s, total 1.13 s ·
                       draft 170/258 accepted (66%) · max_tokens reached
16:38:14.251 INFO:     #143 chat/completions (stream): 75 prompt tokens ·
                       temperature: 0, greedy (req), max_tokens: 256 (req),
                       min_tokens: 256 (req)
16:38:15.220 INFO:     #143 chat/completions (stream): 256 tokens generated at
                       289.0 T/s · prompt 75 tokens, none cached, 75 new in 0.08
                       s · first token 0.08 s, total 0.97 s · draft 168/264
                       accepted (64%) · max_tokens reached
16:38:15.223 INFO:     #144 chat/completions (stream): 819 prompt tokens ·
                       temperature: 0, greedy (req), max_tokens: 256 (req),
                       min_tokens: 256 (req)
16:38:16.335 INFO:     #144 chat/completions (stream): 256 tokens generated at
                       318.1 T/s · prompt 819 tokens, none cached, 819 new in
                       0.30 s (2,730 T/s) · first token 0.30 s, total 1.11 s ·
                       draft 176/240 accepted (73%) · max_tokens reached
16:38:16.337 INFO:     #145 chat/completions (stream): 125 prompt tokens ·
                       temperature: 0, greedy (req), max_tokens: 256 (req),
                       min_tokens: 256 (req)
16:38:17.206 INFO:     #145 chat/completions (stream): 256 tokens generated at
                       335.6 T/s · prompt 125 tokens, none cached, 125 new in
                       0.10 s · first token 0.10 s, total 0.87 s · draft 180/228
                       accepted (79%) · max_tokens reached
16:38:17.210 INFO:     #147 chat/completions (stream): 763 prompt tokens ·
                       temperature: 0, greedy (req), max_tokens: 256 (req),
                       min_tokens: 256 (req)
16:38:18.411 INFO:     #147 chat/completions (stream): 256 tokens generated at
                       276.6 T/s · prompt 763 tokens, none cached, 763 new in
                       0.27 s (2,826 T/s) · first token 0.27 s, total 1.20 s ·
                       draft 163/279 accepted (58%) · max_tokens reached
16:38:18.416 INFO:     #148 chat/completions (stream): 65 prompt tokens ·
                       temperature: 0, greedy (req), max_tokens: 256 (req),
                       min_tokens: 256 (req)
16:38:19.469 INFO:     #148 chat/completions (stream): 256 tokens generated at
                       263.0 T/s · prompt 65 tokens, none cached, 65 new in 0.07
                       s · first token 0.07 s, total 1.05 s · draft 159/291
                       accepted (55%) · max_tokens reached
16:38:19.473 INFO:     #149 chat/completions (stream): 536 prompt tokens ·
                       temperature: 0, greedy (req), max_tokens: 256 (req),
                       min_tokens: 256 (req)
16:38:20.581 INFO:     #149 chat/completions (stream): 256 tokens generated at
                       275.6 T/s · prompt 536 tokens, none cached, 536 new in
                       0.17 s (3,153 T/s) · first token 0.18 s, total 1.10 s ·
                       draft 164/276 accepted (59%) · max_tokens reached
16:38:20.584 INFO:     #150 chat/completions (stream): 106 prompt tokens ·
                       temperature: 0, greedy (req), max_tokens: 256 (req),
                       min_tokens: 256 (req)
16:38:21.603 INFO:     #150 chat/completions (stream): 256 tokens generated at
                       278.8 T/s · prompt 106 tokens, none cached, 106 new in
                       0.09 s · first token 0.09 s, total 1.01 s · draft 164/276
                       accepted (59%) · max_tokens reached
16:38:21.605 INFO:     #151 chat/completions (stream): 70 prompt tokens ·
                       temperature: 0, greedy (req), max_tokens: 256 (req),
                       min_tokens: 256 (req)
16:38:22.608 INFO:     #151 chat/completions (stream): 256 tokens generated at
                       278.2 T/s · prompt 70 tokens, none cached, 70 new in 0.08
                       s · first token 0.08 s, total 1.01 s · draft 164/276
                       accepted (59%) · max_tokens reached
16:38:22.613 INFO:     #152 chat/completions (stream): 1,053 prompt tokens ·
                       temperature: 0, greedy (req), max_tokens: 256 (req),
                       min_tokens: 256 (req)
16:38:23.778 INFO:     #152 chat/completions (stream): 256 tokens generated at
                       277.9 T/s · prompt 1,053 tokens, none cached, 1,053 new
                       in 0.24 s (4,388 T/s) · first token 0.24 s, total 1.17 s
                       · draft 165/273 accepted (60%) · max_tokens reached
16:38:23.783 INFO:     #153 chat/completions (stream): 1,100 prompt tokens ·
                       temperature: 0, greedy (req), max_tokens: 256 (req),
                       min_tokens: 256 (req)
16:38:24.952 INFO:     #153 chat/completions (stream): 256 tokens generated at
                       297.1 T/s · prompt 1,100 tokens, none cached, 1,100 new
                       in 0.30 s (3,667 T/s) · first token 0.30 s, total 1.17 s
                       · draft 177/237 accepted (75%) · max_tokens reached
16:38:24.956 INFO:     #154 chat/completions (stream): 411 prompt tokens ·
                       temperature: 0, greedy (req), max_tokens: 256 (req),
                       min_tokens: 256 (req)
16:38:26.053 INFO:     #154 chat/completions (stream): 256 tokens generated at
                       296.9 T/s · prompt 411 tokens, none cached, 411 new in
                       0.23 s (1,787 T/s) · first token 0.24 s, total 1.10 s ·
                       draft 170/258 accepted (66%) · max_tokens reached
16:38:26.055 INFO:     #155 chat/completions (stream): 128 prompt tokens ·
                       temperature: 0, greedy (req), max_tokens: 256 (req),
                       min_tokens: 256 (req)
16:38:26.899 INFO:     #155 chat/completions (stream): 256 tokens generated at
                       346.7 T/s · prompt 128 tokens, none cached, 128 new in
                       0.10 s · first token 0.11 s, total 0.84 s · draft 182/222
                       accepted (82%) · max_tokens reached
16:38:26.901 INFO:     #156 chat/completions (stream): 84 prompt tokens ·
                       temperature: 0, greedy (req), max_tokens: 256 (req),
                       min_tokens: 256 (req)
16:38:28.056 INFO:     #156 chat/completions (stream): 256 tokens generated at
                       240.2 T/s · prompt 84 tokens, none cached, 84 new in 0.08
                       s · first token 0.09 s, total 1.15 s · draft 150/318
                       accepted (47%) · max_tokens reached
16:38:28.058 INFO:     #157 chat/completions (stream): 74 prompt tokens ·
                       temperature: 0, greedy (req), max_tokens: 256 (req),
                       min_tokens: 256 (req)
16:38:29.275 INFO:     #157 chat/completions (stream): 256 tokens generated at
                       225.7 T/s · prompt 74 tokens, none cached, 74 new in 0.08
                       s · first token 0.09 s, total 1.22 s · draft 142/342
                       accepted (42%) · max_tokens reached
16:38:29.277 INFO:     #158 chat/completions (stream): 61 prompt tokens ·
                       temperature: 0, greedy (req), max_tokens: 256 (req),
                       min_tokens: 256 (req)
16:38:30.252 INFO:     #158 chat/completions (stream): 256 tokens generated at
                       284.3 T/s · prompt 61 tokens, none cached, 61 new in 0.07
                       s · first token 0.08 s, total 0.98 s · draft 166/270
                       accepted (61%) · max_tokens reached
16:38:30.255 INFO:     #159 chat/completions (stream): 80 prompt tokens ·
                       temperature: 0, greedy (req), max_tokens: 256 (req),
                       min_tokens: 256 (req)
16:38:31.111 INFO:     #159 chat/completions (stream): 256 tokens generated at
                       331.9 T/s · prompt 80 tokens, none cached, 80 new in 0.08
                       s · first token 0.08 s, total 0.86 s · draft 179/231
                       accepted (77%) · max_tokens reached
16:38:31.114 INFO:     #160 chat/completions (stream): 112 prompt tokens ·
                       temperature: 0, greedy (req), max_tokens: 256 (req),
                       min_tokens: 256 (req)
16:38:31.952 INFO:     #160 chat/completions (stream): 256 tokens generated at
                       347.7 T/s · prompt 112 tokens, none cached, 112 new in
                       0.09 s · first token 0.09 s, total 0.83 s · draft 182/222
                       accepted (82%) · max_tokens reached
16:38:31.954 INFO:     #162 chat/completions (stream): 83 prompt tokens ·
                       temperature: 0, greedy (req), max_tokens: 256 (req),
                       min_tokens: 256 (req)
16:38:32.986 INFO:     #162 chat/completions (stream): 256 tokens generated at
                       271.9 T/s · prompt 83 tokens, none cached, 83 new in 0.08
                       s · first token 0.09 s, total 1.03 s · draft 162/282
                       accepted (57%) · max_tokens reached
16:38:32.988 INFO:     #163 chat/completions (stream): 100 prompt tokens ·
                       temperature: 0, greedy (req), max_tokens: 256 (req),
                       min_tokens: 256 (req)
16:38:33.903 INFO:     #163 chat/completions (stream): 256 tokens generated at
                       313.7 T/s · prompt 100 tokens, none cached, 100 new in
                       0.09 s · first token 0.09 s, total 0.91 s · draft 175/243
                       accepted (72%) · max_tokens reached
16:38:33.905 INFO:     #164 chat/completions (stream): 127 prompt tokens ·
                       temperature: 0, greedy (req), max_tokens: 256 (req),
                       min_tokens: 256 (req)
16:38:34.761 INFO:     #164 chat/completions (stream): 256 tokens generated at
                       341.4 T/s · prompt 127 tokens, none cached, 127 new in
                       0.10 s · first token 0.10 s, total 0.85 s · draft 183/219
                       accepted (84%) · max_tokens reached
16:38:34.763 INFO:     #165 chat/completions (stream): 90 prompt tokens ·
                       temperature: 0, greedy (req), max_tokens: 256 (req),
                       min_tokens: 256 (req)
16:38:35.756 INFO:     #165 chat/completions (stream): 256 tokens generated at
                       284.0 T/s · prompt 90 tokens, none cached, 90 new in 0.08
                       s · first token 0.09 s, total 0.99 s · draft 166/270
                       accepted (61%) · max_tokens reached
16:38:35.758 INFO:     #166 chat/completions (stream): 63 prompt tokens ·
                       temperature: 0, greedy (req), max_tokens: 256 (req),
                       min_tokens: 256 (req)
16:38:36.737 INFO:     #166 chat/completions (stream): 256 tokens generated at
                       283.1 T/s · prompt 63 tokens, none cached, 63 new in 0.07
                       s · first token 0.07 s, total 0.98 s · draft 166/270
                       accepted (61%) · max_tokens reached
16:38:36.740 INFO:     #167 chat/completions (stream): 104 prompt tokens ·
                       temperature: 0, greedy (req), max_tokens: 256 (req),
                       min_tokens: 256 (req)
16:38:37.783 INFO:     #167 chat/completions (stream): 256 tokens generated at
                       271.5 T/s · prompt 104 tokens, none cached, 104 new in
                       0.09 s · first token 0.10 s, total 1.04 s · draft 162/282
                       accepted (57%) · max_tokens reached
16:38:37.785 INFO:     #168 chat/completions (stream): 80 prompt tokens ·
                       temperature: 0, greedy (req), max_tokens: 256 (req),
                       min_tokens: 256 (req)
16:38:38.925 INFO:     #168 chat/completions (stream): 256 tokens generated at
                       242.6 T/s · prompt 80 tokens, none cached, 80 new in 0.08
                       s · first token 0.08 s, total 1.14 s · draft 151/315
                       accepted (48%) · max_tokens reached
16:38:38.927 INFO:     #169 chat/completions (stream): 82 prompt tokens ·
                       temperature: 0, greedy (req), max_tokens: 256 (req),
                       min_tokens: 256 (req)
16:38:40.088 INFO:     #169 chat/completions (stream): 256 tokens generated at
                       239.9 T/s · prompt 82 tokens, none cached, 82 new in 0.08
                       s · first token 0.09 s, total 1.15 s · draft 149/321
                       accepted (46%) · max_tokens reached
16:38:40.092 INFO:     #170 chat/completions (stream): 809 prompt tokens ·
                       temperature: 0, greedy (req), max_tokens: 256 (req),
                       min_tokens: 256 (req)
16:38:41.224 INFO:     #170 chat/completions (stream): 256 tokens generated at
                       290.4 T/s · prompt 809 tokens, none cached, 809 new in
                       0.24 s (3,371 T/s) · first token 0.24 s, total 1.13 s ·
                       draft 169/261 accepted (65%) · max_tokens reached
16:38:41.226 INFO:     #171 chat/completions (stream): 77 prompt tokens ·
                       temperature: 0, greedy (req), max_tokens: 256 (req),
                       min_tokens: 256 (req)
16:38:42.102 INFO:     #171 chat/completions (stream): 256 tokens generated at
                       324.0 T/s · prompt 77 tokens, none cached, 77 new in 0.08
                       s · first token 0.08 s, total 0.87 s · draft 176/240
                       accepted (73%) · max_tokens reached
16:38:42.104 INFO:     #172 chat/completions (stream): 64 prompt tokens ·
                       temperature: 0, greedy (req), max_tokens: 256 (req),
                       min_tokens: 256 (req)
16:38:43.091 INFO:     #172 chat/completions (stream): 256 tokens generated at
                       281.3 T/s · prompt 64 tokens, none cached, 64 new in 0.07
                       s · first token 0.08 s, total 0.99 s · draft 164/276
                       accepted (59%) · max_tokens reached
16:38:43.093 INFO:     #173 chat/completions (stream): 104 prompt tokens ·
                       temperature: 0, greedy (req), max_tokens: 256 (req),
                       min_tokens: 256 (req)
16:38:43.890 INFO:     #173 chat/completions (stream): 256 tokens generated at
                       366.1 T/s · prompt 104 tokens, none cached, 104 new in
                       0.09 s · first token 0.10 s, total 0.79 s · draft 185/213
                       accepted (87%) · max_tokens reached
16:38:43.892 INFO:     #174 chat/completions (stream): 66 prompt tokens ·
                       temperature: 0, greedy (req), max_tokens: 256 (req),
                       min_tokens: 256 (req)
16:38:44.855 INFO:     #174 chat/completions (stream): 256 tokens generated at
                       290.6 T/s · prompt 66 tokens, none cached, 66 new in 0.07
                       s · first token 0.07 s, total 0.96 s · draft 167/267
                       accepted (63%) · max_tokens reached
16:38:44.858 INFO:     #175 chat/completions (stream): 786 prompt tokens ·
                       temperature: 0, greedy (req), max_tokens: 256 (req),
                       min_tokens: 256 (req)
16:38:45.913 INFO:     #175 chat/completions (stream): 256 tokens generated at
                       298.4 T/s · prompt 786 tokens, none cached, 786 new in
                       0.19 s (4,137 T/s) · first token 0.20 s, total 1.05 s ·
                       draft 170/258 accepted (66%) · max_tokens reached
16:38:45.916 INFO:     #176 chat/completions (stream): 67 prompt tokens ·
                       temperature: 0, greedy (req), max_tokens: 256 (req),
                       min_tokens: 256 (req)
16:38:46.951 INFO:     #176 chat/completions (stream): 256 tokens generated at
                       268.1 T/s · prompt 67 tokens, none cached, 67 new in 0.07
                       s · first token 0.08 s, total 1.03 s · draft 160/288
                       accepted (56%) · max_tokens reached
16:38:46.955 INFO:     #177 chat/completions (stream): 831 prompt tokens ·
                       temperature: 0, greedy (req), max_tokens: 256 (req),
                       min_tokens: 256 (req)
16:38:48.121 INFO:     #177 chat/completions (stream): 256 tokens generated at
                       282.1 T/s · prompt 831 tokens, none cached, 831 new in
                       0.25 s (3,324 T/s) · first token 0.25 s, total 1.16 s ·
                       draft 165/273 accepted (60%) · max_tokens reached
16:38:48.125 INFO:     #179 chat/completions (stream): 731 prompt tokens ·
                       temperature: 0, greedy (req), max_tokens: 256 (req),
                       min_tokens: 256 (req)
16:38:49.319 INFO:     #179 chat/completions (stream): 256 tokens generated at
                       273.3 T/s · prompt 731 tokens, none cached, 731 new in
                       0.25 s (2,924 T/s) · first token 0.26 s, total 1.19 s ·
                       draft 164/276 accepted (59%) · max_tokens reached
16:38:49.321 INFO:     #180 chat/completions (stream): 87 prompt tokens ·
                       temperature: 0, greedy (req), max_tokens: 256 (req),
                       min_tokens: 256 (req)
16:38:50.202 INFO:     #180 chat/completions (stream): 256 tokens generated at
                       324.3 T/s · prompt 87 tokens, none cached, 87 new in 0.08
                       s · first token 0.09 s, total 0.87 s · draft 177/237
                       accepted (75%) · max_tokens reached
16:38:50.206 INFO:     #181 chat/completions (stream): 1,138 prompt tokens ·
                       temperature: 0, greedy (req), max_tokens: 256 (req),
                       min_tokens: 256 (req)
16:38:51.398 INFO:     #181 chat/completions (stream): 256 tokens generated at
                       305.0 T/s · prompt 1,138 tokens, none cached, 1,138 new
                       in 0.35 s (3,251 T/s) · first token 0.36 s, total 1.19 s
                       · draft 172/252 accepted (68%) · max_tokens reached
16:38:51.401 INFO:     #182 chat/completions (stream): 128 prompt tokens ·
                       temperature: 0, greedy (req), max_tokens: 256 (req),
                       min_tokens: 256 (req)
16:38:52.268 INFO:     #182 chat/completions (stream): 256 tokens generated at
                       346.5 T/s · prompt 128 tokens, none cached, 128 new in
                       0.12 s · first token 0.12 s, total 0.86 s · draft 182/222
                       accepted (82%) · max_tokens reached
16:38:52.271 INFO:     #183 chat/completions (stream): 592 prompt tokens ·
                       temperature: 0, greedy (req), max_tokens: 256 (req),
                       min_tokens: 256 (req)
16:38:53.457 INFO:     #183 chat/completions (stream): 256 tokens generated at
                       279.4 T/s · prompt 592 tokens, none cached, 592 new in
                       0.26 s (2,277 T/s) · first token 0.26 s, total 1.18 s ·
                       draft 165/273 accepted (60%) · max_tokens reached
16:38:53.459 INFO:     #184 chat/completions (stream): 63 prompt tokens ·
                       temperature: 0, greedy (req), max_tokens: 256 (req),
                       min_tokens: 256 (req)
16:38:54.630 INFO:     #184 chat/completions (stream): 256 tokens generated at
                       233.9 T/s · prompt 63 tokens, none cached, 63 new in 0.07
                       s · first token 0.07 s, total 1.17 s · draft 145/333
                       accepted (44%) · max_tokens reached
16:38:54.633 INFO:     #185 chat/completions (stream): 654 prompt tokens ·
                       temperature: 0, greedy (req), max_tokens: 256 (req),
                       min_tokens: 256 (req)
16:38:55.940 INFO:     #185 chat/completions (stream): 256 tokens generated at
                       245.3 T/s · prompt 654 tokens, none cached, 654 new in
                       0.26 s (2,515 T/s) · first token 0.27 s, total 1.31 s ·
                       draft 151/315 accepted (48%) · max_tokens reached
16:38:55.943 INFO:     #186 chat/completions (stream): 586 prompt tokens ·
                       temperature: 0, greedy (req), max_tokens: 256 (req),
                       min_tokens: 256 (req)
16:38:57.174 INFO:     #186 chat/completions (stream): 256 tokens generated at
                       256.5 T/s · prompt 586 tokens, none cached, 586 new in
                       0.23 s (2,548 T/s) · first token 0.23 s, total 1.23 s ·
                       draft 157/297 accepted (53%) · max_tokens reached
16:38:57.177 INFO:     #187 chat/completions (stream): 212 prompt tokens ·
                       temperature: 0, greedy (req), max_tokens: 256 (req),
                       min_tokens: 256 (req)
16:38:58.121 INFO:     #187 chat/completions (stream): 256 tokens generated at
                       306.8 T/s · prompt 212 tokens, none cached, 212 new in
                       0.10 s · first token 0.11 s, total 0.94 s · draft 174/246
                       accepted (71%) · max_tokens reached
16:38:58.125 INFO:     #188 chat/completions (stream): 960 prompt tokens ·
                       temperature: 0, greedy (req), max_tokens: 256 (req),
                       min_tokens: 256 (req)
16:38:59.440 INFO:     #188 chat/completions (stream): 256 tokens generated at
                       248.7 T/s · prompt 960 tokens, none cached, 960 new in
                       0.28 s (3,429 T/s) · first token 0.28 s, total 1.31 s ·
                       draft 153/309 accepted (50%) · max_tokens reached
16:38:59.442 INFO:     #189 chat/completions (stream): 77 prompt tokens ·
                       temperature: 0, greedy (req), max_tokens: 256 (req),
                       min_tokens: 256 (req)
16:39:00.404 INFO:     #189 chat/completions (stream): 256 tokens generated at
                       291.9 T/s · prompt 77 tokens, none cached, 77 new in 0.08
                       s · first token 0.09 s, total 0.96 s · draft 168/264
                       accepted (64%) · max_tokens reached
16:39:00.408 INFO:     #190 chat/completions (stream): 819 prompt tokens ·
                       temperature: 0, greedy (req), max_tokens: 256 (req),
                       min_tokens: 256 (req)
16:39:01.758 INFO:     #190 chat/completions (stream): 256 tokens generated at
                       236.7 T/s · prompt 819 tokens, none cached, 819 new in
                       0.26 s (3,150 T/s) · first token 0.27 s, total 1.35 s ·
                       draft 148/324 accepted (46%) · max_tokens reached
16:39:01.762 INFO:     #191 chat/completions (stream): 780 prompt tokens ·
                       temperature: 0, greedy (req), max_tokens: 256 (req),
                       min_tokens: 256 (req)
16:39:02.858 INFO:     #191 chat/completions (stream): 256 tokens generated at
                       292.5 T/s · prompt 780 tokens, none cached, 780 new in
                       0.21 s (3,714 T/s) · first token 0.22 s, total 1.09 s ·
                       draft 169/261 accepted (65%) · max_tokens reached
16:39:02.861 INFO:     #193 chat/completions (stream): 134 prompt tokens ·
                       temperature: 0, greedy (req), max_tokens: 256 (req),
                       min_tokens: 256 (req)
16:39:03.721 INFO:     #193 chat/completions (stream): 256 tokens generated at
                       342.0 T/s · prompt 134 tokens, none cached, 134 new in
                       0.11 s · first token 0.12 s, total 0.86 s · draft 182/222
                       accepted (82%) · max_tokens reached
16:39:03.725 INFO:     #194 chat/completions (stream): 695 prompt tokens ·
                       temperature: 0, greedy (req), max_tokens: 256 (req),
                       min_tokens: 256 (req)
16:39:04.927 INFO:     #194 chat/completions (stream): 256 tokens generated at
                       271.2 T/s · prompt 695 tokens, none cached, 695 new in
                       0.25 s (2,780 T/s) · first token 0.25 s, total 1.20 s ·
                       draft 162/282 accepted (57%) · max_tokens reached
16:39:04.930 INFO:     #195 chat/completions (stream): 88 prompt tokens ·
                       temperature: 0, greedy (req), max_tokens: 256 (req),
                       min_tokens: 256 (req)
16:39:05.928 INFO:     #195 chat/completions (stream): 256 tokens generated at
                       281.9 T/s · prompt 88 tokens, none cached, 88 new in 0.08
                       s · first token 0.09 s, total 0.99 s · draft 166/270
                       accepted (61%) · max_tokens reached
16:39:05.931 INFO:     #196 chat/completions (stream): 516 prompt tokens ·
                       temperature: 0, greedy (req), max_tokens: 256 (req),
                       min_tokens: 256 (req)
16:39:06.989 INFO:     #196 chat/completions (stream): 256 tokens generated at
                       285.8 T/s · prompt 516 tokens, none cached, 516 new in
                       0.16 s (3,225 T/s) · first token 0.17 s, total 1.06 s ·
                       draft 167/267 accepted (63%) · max_tokens reached
16:39:06.992 INFO:     #197 chat/completions (stream): 93 prompt tokens ·
                       temperature: 0, greedy (req), max_tokens: 256 (req),
                       min_tokens: 256 (req)
16:39:07.832 INFO:     #197 chat/completions (stream): 256 tokens generated at
                       342.1 T/s · prompt 93 tokens, none cached, 93 new in 0.09
                       s · first token 0.10 s, total 0.84 s · draft 181/225
                       accepted (80%) · max_tokens reached
16:39:07.836 INFO:     #198 chat/completions (stream): 775 prompt tokens ·
                       temperature: 0, greedy (req), max_tokens: 256 (req),
                       min_tokens: 256 (req)
16:39:08.983 INFO:     #198 chat/completions (stream): 256 tokens generated at
                       274.0 T/s · prompt 775 tokens, none cached, 775 new in
                       0.21 s (3,690 T/s) · first token 0.21 s, total 1.15 s ·
                       draft 163/279 accepted (58%) · max_tokens reached
16:39:08.991 INFO:     #199 chat/completions (stream): 386 prompt tokens ·
                       temperature: 0, greedy (req), max_tokens: 256 (req),
                       min_tokens: 256 (req)
16:39:10.102 INFO:     #199 chat/completions (stream): 256 tokens generated at
                       293.2 T/s · prompt 386 tokens, none cached, 386 new in
                       0.23 s (1,678 T/s) · first token 0.23 s, total 1.11 s ·
                       draft 169/261 accepted (65%) · max_tokens reached
16:39:10.105 INFO:     #200 chat/completions (stream): 123 prompt tokens ·
                       temperature: 0, greedy (req), max_tokens: 256 (req),
                       min_tokens: 256 (req)
16:39:11.241 INFO:     #200 chat/completions (stream): 256 tokens generated at
                       247.9 T/s · prompt 123 tokens, none cached, 123 new in
                       0.10 s · first token 0.11 s, total 1.14 s · draft 152/312
                       accepted (49%) · max_tokens reached
16:39:11.243 INFO:     #201 chat/completions (stream): 78 prompt tokens ·
                       temperature: 0, greedy (req), max_tokens: 256 (req),
                       min_tokens: 256 (req)
16:39:12.159 INFO:     #201 chat/completions (stream): 256 tokens generated at
                       308.9 T/s · prompt 78 tokens, none cached, 78 new in 0.08
                       s · first token 0.09 s, total 0.91 s · draft 173/249
                       accepted (69%) · max_tokens reached
16:39:12.161 INFO:     #202 chat/completions (stream): 116 prompt tokens ·
                       temperature: 0, greedy (req), max_tokens: 256 (req),
                       min_tokens: 256 (req)
16:39:13.132 INFO:     #202 chat/completions (stream): 256 tokens generated at
                       295.1 T/s · prompt 116 tokens, none cached, 116 new in
                       0.10 s · first token 0.11 s, total 0.97 s · draft 169/261
                       accepted (65%) · max_tokens reached
16:39:13.134 INFO:     #203 chat/completions (stream): 67 prompt tokens ·
                       temperature: 0, greedy (req), max_tokens: 256 (req),
                       min_tokens: 256 (req)
16:39:13.983 INFO:     #203 chat/completions (stream): 256 tokens generated at
                       334.3 T/s · prompt 67 tokens, none cached, 67 new in 0.08
                       s · first token 0.09 s, total 0.85 s · draft 180/228
                       accepted (79%) · max_tokens reached
16:39:13.985 INFO:     #204 chat/completions (stream): 74 prompt tokens ·
                       temperature: 0, greedy (req), max_tokens: 256 (req),
                       min_tokens: 256 (req)
16:39:14.950 INFO:     #204 chat/completions (stream): 256 tokens generated at
                       291.0 T/s · prompt 74 tokens, none cached, 74 new in 0.08
                       s · first token 0.09 s, total 0.97 s · draft 168/264
                       accepted (64%) · max_tokens reached
16:39:14.952 INFO:     #205 chat/completions (stream): 148 prompt tokens ·
                       temperature: 0, greedy (req), max_tokens: 256 (req),
                       min_tokens: 256 (req)
16:39:15.836 INFO:     #205 chat/completions (stream): 256 tokens generated at
                       323.8 T/s · prompt 148 tokens, none cached, 148 new in
                       0.09 s · first token 0.10 s, total 0.89 s · draft 180/228
                       accepted (79%) · max_tokens reached
16:39:15.840 INFO:     #206 chat/completions (stream): 660 prompt tokens ·
                       temperature: 0, greedy (req), max_tokens: 256 (req),
                       min_tokens: 256 (req)
16:39:17.058 INFO:     #206 chat/completions (stream): 256 tokens generated at
                       263.6 T/s · prompt 660 tokens, none cached, 660 new in
                       0.24 s (2,750 T/s) · first token 0.25 s, total 1.22 s ·
                       draft 159/291 accepted (55%) · max_tokens reached
16:39:17.061 INFO:     #208 chat/completions (stream): 62 prompt tokens ·
                       temperature: 0, greedy (req), max_tokens: 256 (req),
                       min_tokens: 256 (req)
16:39:18.114 INFO:     #208 chat/completions (stream): 256 tokens generated at
                       262.2 T/s · prompt 62 tokens, none cached, 62 new in 0.07
                       s · first token 0.07 s, total 1.05 s · draft 159/291
                       accepted (55%) · max_tokens reached
16:39:18.116 INFO:     #209 chat/completions (stream): 61 prompt tokens ·
                       temperature: 0, greedy (req), max_tokens: 256 (req),
                       min_tokens: 256 (req)
16:39:19.033 INFO:     #209 chat/completions (stream): 256 tokens generated at
                       304.2 T/s · prompt 61 tokens, none cached, 61 new in 0.07
                       s · first token 0.08 s, total 0.92 s · draft 171/255
                       accepted (67%) · max_tokens reached
16:39:19.035 INFO:     #210 chat/completions (stream): 91 prompt tokens ·
                       temperature: 0, greedy (req), max_tokens: 256 (req),
                       min_tokens: 256 (req)
16:39:19.865 INFO:     #210 chat/completions (stream): 256 tokens generated at
                       347.4 T/s · prompt 91 tokens, none cached, 91 new in 0.09
                       s · first token 0.09 s, total 0.83 s · draft 183/219
                       accepted (84%) · max_tokens reached
16:39:19.867 INFO:     #211 chat/completions (stream): 86 prompt tokens ·
                       temperature: 0, greedy (req), max_tokens: 256 (req),
                       min_tokens: 256 (req)
16:39:20.946 INFO:     #211 chat/completions (stream): 256 tokens generated at
                       259.5 T/s · prompt 86 tokens, none cached, 86 new in 0.08
                       s · first token 0.09 s, total 1.07 s · draft 158/294
                       accepted (54%) · max_tokens reached
16:39:20.948 INFO:     #212 chat/completions (stream): 64 prompt tokens ·
                       temperature: 0, greedy (req), max_tokens: 256 (req),
                       min_tokens: 256 (req)
16:39:21.998 INFO:     #212 chat/completions (stream): 256 tokens generated at
                       263.2 T/s · prompt 64 tokens, none cached, 64 new in 0.07
                       s · first token 0.08 s, total 1.05 s · draft 158/294
                       accepted (54%) · max_tokens reached
16:39:22.001 INFO:     #213 chat/completions (stream): 745 prompt tokens ·
                       temperature: 0, greedy (req), max_tokens: 256 (req),
                       min_tokens: 256 (req)
16:39:23.153 INFO:     #213 chat/completions (stream): 256 tokens generated at
                       289.1 T/s · prompt 745 tokens, none cached, 745 new in
                       0.26 s (2,865 T/s) · first token 0.27 s, total 1.15 s ·
                       draft 168/264 accepted (64%) · max_tokens reached
16:39:23.157 INFO:     #214 chat/completions (stream): 722 prompt tokens ·
                       temperature: 0, greedy (req), max_tokens: 256 (req),
                       min_tokens: 256 (req)
16:39:24.399 INFO:     #214 chat/completions (stream): 256 tokens generated at
                       260.5 T/s · prompt 722 tokens, none cached, 722 new in
                       0.25 s (2,888 T/s) · first token 0.25 s, total 1.24 s ·
                       draft 160/288 accepted (56%) · max_tokens reached
16:39:24.402 INFO:     #215 chat/completions (stream): 115 prompt tokens ·
                       temperature: 0, greedy (req), max_tokens: 256 (req),
                       min_tokens: 256 (req)
16:39:25.414 INFO:     #215 chat/completions (stream): 256 tokens generated at
                       290.5 T/s · prompt 115 tokens, none cached, 115 new in
                       0.12 s · first token 0.13 s, total 1.01 s · draft 171/255
                       accepted (67%) · max_tokens reached
16:39:25.417 INFO:     #216 chat/completions (stream): 91 prompt tokens ·
                       temperature: 0, greedy (req), max_tokens: 256 (req),
                       min_tokens: 256 (req)
16:39:26.288 INFO:     #216 chat/completions (stream): 256 tokens generated at
                       346.1 T/s · prompt 91 tokens, none cached, 91 new in 0.13
                       s · first token 0.14 s, total 0.87 s · draft 181/225
                       accepted (80%) · max_tokens reached
16:39:26.292 INFO:     #217 chat/completions (stream): 680 prompt tokens ·
                       temperature: 0, greedy (req), max_tokens: 256 (req),
                       min_tokens: 256 (req)
16:39:27.509 INFO:     #217 chat/completions (stream): 256 tokens generated at
                       265.7 T/s · prompt 680 tokens, none cached, 680 new in
                       0.25 s (2,720 T/s) · first token 0.25 s, total 1.22 s ·
                       draft 160/288 accepted (56%) · max_tokens reached
16:39:27.511 INFO:     #218 chat/completions (stream): 100 prompt tokens ·
                       temperature: 0, greedy (req), max_tokens: 256 (req),
                       min_tokens: 256 (req)
16:39:28.341 INFO:     #218 chat/completions (stream): 256 tokens generated at
                       349.7 T/s · prompt 100 tokens, none cached, 100 new in
                       0.09 s · first token 0.10 s, total 0.83 s · draft 182/222
                       accepted (82%) · max_tokens reached
16:39:28.343 INFO:     #219 chat/completions (stream): 64 prompt tokens ·
                       temperature: 0, greedy (req), max_tokens: 256 (req),
                       min_tokens: 256 (req)
16:39:29.230 INFO:     #219 chat/completions (stream): 256 tokens generated at
                       316.0 T/s · prompt 64 tokens, none cached, 64 new in 0.07
                       s · first token 0.08 s, total 0.89 s · draft 174/246
                       accepted (71%) · max_tokens reached
16:39:29.233 INFO:     #220 chat/completions (stream): 672 prompt tokens ·
                       temperature: 0, greedy (req), max_tokens: 256 (req),
                       min_tokens: 256 (req)
16:39:30.394 INFO:     #220 chat/completions (stream): 256 tokens generated at
                       281.2 T/s · prompt 672 tokens, none cached, 672 new in
                       0.24 s (2,800 T/s) · first token 0.24 s, total 1.16 s ·
                       draft 165/273 accepted (60%) · max_tokens reached
16:39:30.398 INFO:     #221 chat/completions (stream): 875 prompt tokens ·
                       temperature: 0, greedy (req), max_tokens: 256 (req),
                       min_tokens: 256 (req)
16:39:31.540 INFO:     #221 chat/completions (stream): 256 tokens generated at
                       307.5 T/s · prompt 875 tokens, none cached, 875 new in
                       0.30 s (2,917 T/s) · first token 0.31 s, total 1.14 s ·
                       draft 172/252 accepted (68%) · max_tokens reached
16:39:31.542 INFO:     #222 chat/completions (stream): 139 prompt tokens ·
                       temperature: 0, greedy (req), max_tokens: 256 (req),
                       min_tokens: 256 (req)
16:39:32.436 INFO:     #222 chat/completions (stream): 256 tokens generated at
                       328.2 T/s · prompt 139 tokens, none cached, 139 new in
                       0.11 s · first token 0.11 s, total 0.89 s · draft 178/234
                       accepted (76%) · max_tokens reached
16:39:32.438 INFO:     #224 chat/completions (stream): 63 prompt tokens ·
                       temperature: 0, greedy (req), max_tokens: 256 (req),
                       min_tokens: 256 (req)
16:39:33.656 INFO:     #224 chat/completions (stream): 256 tokens generated at
                       224.0 T/s · prompt 63 tokens, none cached, 63 new in 0.07
                       s · first token 0.08 s, total 1.22 s · draft 141/345
                       accepted (41%) · max_tokens reached
16:39:33.660 INFO:     #225 chat/completions (stream): 778 prompt tokens ·
                       temperature: 0, greedy (req), max_tokens: 256 (req),
                       min_tokens: 256 (req)
16:39:34.669 INFO:     #225 chat/completions (stream): 256 tokens generated at
                       316.1 T/s · prompt 778 tokens, none cached, 778 new in
                       0.19 s (4,095 T/s) · first token 0.20 s, total 1.01 s ·
                       draft 175/243 accepted (72%) · max_tokens reached
16:39:34.673 INFO:     #226 chat/completions (stream): 774 prompt tokens ·
                       temperature: 0, greedy (req), max_tokens: 256 (req),
                       min_tokens: 256 (req)
16:39:35.780 INFO:     #226 chat/completions (stream): 256 tokens generated at
                       280.2 T/s · prompt 774 tokens, none cached, 774 new in
                       0.18 s (4,300 T/s) · first token 0.19 s, total 1.10 s ·
                       draft 164/276 accepted (59%) · max_tokens reached
16:39:35.782 INFO:     #227 chat/completions (stream): 65 prompt tokens ·
                       temperature: 0, greedy (req), max_tokens: 256 (req),
                       min_tokens: 256 (req)
16:39:36.798 INFO:     #227 chat/completions (stream): 256 tokens generated at
                       272.5 T/s · prompt 65 tokens, none cached, 65 new in 0.07
                       s · first token 0.08 s, total 1.01 s · draft 161/285
                       accepted (56%) · max_tokens reached
16:39:36.801 INFO:     #228 chat/completions (stream): 117 prompt tokens ·
                       temperature: 0, greedy (req), max_tokens: 256 (req),
                       min_tokens: 256 (req)
16:39:37.726 INFO:     #228 chat/completions (stream): 256 tokens generated at
                       311.8 T/s · prompt 117 tokens, none cached, 117 new in
                       0.10 s · first token 0.11 s, total 0.93 s · draft 174/246
                       accepted (71%) · max_tokens reached
16:39:37.730 INFO:     #229 chat/completions (stream): 405 prompt tokens ·
                       temperature: 0, greedy (req), max_tokens: 256 (req),
                       min_tokens: 256 (req)
16:39:38.840 INFO:     #229 chat/completions (stream): 256 tokens generated at
                       287.3 T/s · prompt 405 tokens, none cached, 405 new in
                       0.21 s (1,929 T/s) · first token 0.22 s, total 1.11 s ·
                       draft 167/267 accepted (63%) · max_tokens reached
16:39:38.842 INFO:     #230 chat/completions (stream): 96 prompt tokens ·
                       temperature: 0, greedy (req), max_tokens: 256 (req),
                       min_tokens: 256 (req)
16:39:39.817 INFO:     #230 chat/completions (stream): 256 tokens generated at
                       292.7 T/s · prompt 96 tokens, none cached, 96 new in 0.09
                       s · first token 0.10 s, total 0.97 s · draft 169/261
                       accepted (65%) · max_tokens reached
16:39:39.823 INFO:     #231 chat/completions (stream): 1,533 prompt tokens ·
                       temperature: 0, greedy (req), max_tokens: 256 (req),
                       min_tokens: 256 (req)
16:39:41.074 INFO:     #231 chat/completions (stream): 256 tokens generated at
                       287.1 T/s · prompt 1,533 tokens, none cached, 1,533 new
                       in 0.35 s (4,380 T/s) · first token 0.36 s, total 1.25 s
                       · draft 167/267 accepted (63%) · max_tokens reached
16:39:41.079 INFO:     #232 chat/completions (stream): 786 prompt tokens ·
                       temperature: 0, greedy (req), max_tokens: 256 (req),
                       min_tokens: 256 (req)
16:39:42.091 INFO:     #232 chat/completions (stream): 256 tokens generated at
                       320.5 T/s · prompt 786 tokens, none cached, 786 new in
                       0.21 s (3,743 T/s) · first token 0.22 s, total 1.01 s ·
                       draft 176/240 accepted (73%) · max_tokens reached
16:39:42.094 INFO:     #233 chat/completions (stream): 61 prompt tokens ·
                       temperature: 0, greedy (req), max_tokens: 256 (req),
                       min_tokens: 256 (req)
16:39:42.978 INFO:     #233 chat/completions (stream): 256 tokens generated at
                       316.6 T/s · prompt 61 tokens, none cached, 61 new in 0.07
                       s · first token 0.08 s, total 0.88 s · draft 175/243
                       accepted (72%) · max_tokens reached
16:39:42.981 INFO:     #234 chat/completions (stream): 84 prompt tokens ·
                       temperature: 0, greedy (req), max_tokens: 256 (req),
                       min_tokens: 256 (req)
16:39:44.042 INFO:     #234 chat/completions (stream): 256 tokens generated at
                       263.9 T/s · prompt 84 tokens, none cached, 84 new in 0.08
                       s · first token 0.09 s, total 1.06 s · draft 159/291
                       accepted (55%) · max_tokens reached
16:39:44.044 INFO:     #235 chat/completions (stream): 92 prompt tokens ·
                       temperature: 0, greedy (req), max_tokens: 256 (req),
                       min_tokens: 256 (req)
16:39:44.931 INFO:     #235 chat/completions (stream): 256 tokens generated at
                       322.2 T/s · prompt 92 tokens, none cached, 92 new in 0.08
                       s · first token 0.09 s, total 0.88 s · draft 176/240
                       accepted (73%) · max_tokens reached
16:39:44.934 INFO:     #236 chat/completions (stream): 388 prompt tokens ·
                       temperature: 0, greedy (req), max_tokens: 256 (req),
                       min_tokens: 256 (req)
16:39:45.913 INFO:     #236 chat/completions (stream): 256 tokens generated at
                       347.6 T/s · prompt 388 tokens, none cached, 388 new in
                       0.23 s (1,687 T/s) · first token 0.24 s, total 0.97 s ·
                       draft 183/219 accepted (84%) · max_tokens reached
16:39:45.915 INFO:     #237 chat/completions (stream): 63 prompt tokens ·
                       temperature: 0, greedy (req), max_tokens: 256 (req),
                       min_tokens: 256 (req)
16:39:47.099 INFO:     #237 chat/completions (stream): 256 tokens generated at
                       231.1 T/s · prompt 63 tokens, none cached, 63 new in 0.07
                       s · first token 0.08 s, total 1.18 s · draft 145/333
                       accepted (44%) · max_tokens reached
16:39:47.102 INFO:     #239 chat/completions (stream): 78 prompt tokens ·
                       temperature: 0, greedy (req), max_tokens: 256 (req),
                       min_tokens: 256 (req)
16:39:48.204 INFO:     #239 chat/completions (stream): 256 tokens generated at
                       251.7 T/s · prompt 78 tokens, none cached, 78 new in 0.08
                       s · first token 0.08 s, total 1.10 s · draft 155/303
                       accepted (51%) · max_tokens reached
16:39:48.208 INFO:     #240 chat/completions (stream): 707 prompt tokens ·
                       temperature: 0, greedy (req), max_tokens: 256 (req),
                       min_tokens: 256 (req)
16:39:49.298 INFO:     #240 chat/completions (stream): 256 tokens generated at
                       308.0 T/s · prompt 707 tokens, none cached, 707 new in
                       0.25 s (2,828 T/s) · first token 0.26 s, total 1.09 s ·
                       draft 173/249 accepted (69%) · max_tokens reached
16:39:49.301 INFO:     #241 chat/completions (stream): 316 prompt tokens ·
                       temperature: 0, greedy (req), max_tokens: 256 (req),
                       min_tokens: 256 (req)
16:39:50.444 INFO:     #241 chat/completions (stream): 256 tokens generated at
                       272.3 T/s · prompt 316 tokens, none cached, 316 new in
                       0.19 s (1,663 T/s) · first token 0.19 s, total 1.13 s ·
                       draft 162/282 accepted (57%) · max_tokens reached
16:39:50.446 INFO:     #242 chat/completions (stream): 70 prompt tokens ·
                       temperature: 0, greedy (req), max_tokens: 256 (req),
                       min_tokens: 256 (req)
16:39:51.577 INFO:     #242 chat/completions (stream): 256 tokens generated at
                       244.3 T/s · prompt 70 tokens, none cached, 70 new in 0.08
                       s · first token 0.09 s, total 1.13 s · draft 152/312
                       accepted (49%) · max_tokens reached
16:39:51.579 INFO:     #243 chat/completions (stream): 85 prompt tokens ·
                       temperature: 0, greedy (req), max_tokens: 256 (req),
                       min_tokens: 256 (req)
16:39:52.655 INFO:     #243 chat/completions (stream): 256 tokens generated at
                       259.8 T/s · prompt 85 tokens, none cached, 85 new in 0.08
                       s · first token 0.09 s, total 1.07 s · draft 157/297
                       accepted (53%) · max_tokens reached
16:39:52.659 INFO:     #244 chat/completions (stream): 689 prompt tokens ·
                       temperature: 0, greedy (req), max_tokens: 256 (req),
                       min_tokens: 256 (req)
16:39:53.843 INFO:     #244 chat/completions (stream): 256 tokens generated at
                       274.4 T/s · prompt 689 tokens, none cached, 689 new in
                       0.24 s (2,871 T/s) · first token 0.25 s, total 1.18 s ·
                       draft 163/279 accepted (58%) · max_tokens reached
16:39:53.846 INFO:     #245 chat/completions (stream): 118 prompt tokens ·
                       temperature: 0, greedy (req), max_tokens: 256 (req),
                       min_tokens: 256 (req)
16:39:54.713 INFO:     #245 chat/completions (stream): 256 tokens generated at
                       335.7 T/s · prompt 118 tokens, none cached, 118 new in
                       0.10 s · first token 0.11 s, total 0.87 s · draft 180/228
                       accepted (79%) · max_tokens reached
16:39:54.717 INFO:     #246 chat/completions (stream): 811 prompt tokens ·
                       temperature: 0, greedy (req), max_tokens: 256 (req),
                       min_tokens: 256 (req)
16:39:55.956 INFO:     #246 chat/completions (stream): 256 tokens generated at
                       260.0 T/s · prompt 811 tokens, none cached, 811 new in
                       0.24 s (3,379 T/s) · first token 0.25 s, total 1.23 s ·
                       draft 158/294 accepted (54%) · max_tokens reached
16:39:55.960 INFO:     #247 chat/completions (stream): 560 prompt tokens ·
                       temperature: 0, greedy (req), max_tokens: 256 (req),
                       min_tokens: 256 (req)
16:39:57.181 INFO:     #247 chat/completions (stream): 256 tokens generated at
                       255.8 T/s · prompt 560 tokens, none cached, 560 new in
                       0.21 s (2,667 T/s) · first token 0.21 s, total 1.22 s ·
                       draft 157/297 accepted (53%) · max_tokens reached
16:39:57.184 INFO:     #248 chat/completions (stream): 105 prompt tokens ·
                       temperature: 0, greedy (req), max_tokens: 256 (req),
                       min_tokens: 256 (req)
16:39:58.133 INFO:     #248 chat/completions (stream): 256 tokens generated at
                       301.3 T/s · prompt 105 tokens, none cached, 105 new in
                       0.09 s · first token 0.10 s, total 0.94 s · draft 171/255
                       accepted (67%) · max_tokens reached
16:39:58.137 INFO:     #249 chat/completions (stream): 715 prompt tokens ·
                       temperature: 0, greedy (req), max_tokens: 256 (req),
                       min_tokens: 256 (req)
16:39:59.287 INFO:     #249 chat/completions (stream): 256 tokens generated at
                       286.7 T/s · prompt 715 tokens, none cached, 715 new in
                       0.25 s (2,860 T/s) · first token 0.26 s, total 1.15 s ·
                       draft 166/270 accepted (61%) · max_tokens reached
16:39:59.290 INFO:     #250 chat/completions (stream): 116 prompt tokens ·
                       temperature: 0, greedy (req), max_tokens: 256 (req),
                       min_tokens: 256 (req)
16:40:00.241 INFO:     #250 chat/completions (stream): 256 tokens generated at
                       301.7 T/s · prompt 116 tokens, none cached, 116 new in
                       0.10 s · first token 0.11 s, total 0.95 s · draft 173/249
                       accepted (69%) · max_tokens reached
16:40:00.243 INFO:     #251 chat/completions (stream): 69 prompt tokens ·
                       temperature: 0, greedy (req), max_tokens: 256 (req),
                       min_tokens: 256 (req)
16:40:01.341 INFO:     #251 chat/completions (stream): 256 tokens generated at
                       251.8 T/s · prompt 69 tokens, none cached, 69 new in 0.07
                       s · first token 0.08 s, total 1.09 s · draft 154/306
                       accepted (50%) · max_tokens reached
16:40:01.344 INFO:     #252 chat/completions (stream): 63 prompt tokens ·
                       temperature: 0, greedy (req), max_tokens: 256 (req),
                       min_tokens: 256 (req)
16:40:02.422 INFO:     #252 chat/completions (stream): 256 tokens generated at
                       255.4 T/s · prompt 63 tokens, none cached, 63 new in 0.07
                       s · first token 0.08 s, total 1.08 s · draft 155/303
                       accepted (51%) · max_tokens reached
16:40:02.424 INFO:     #254 chat/completions (stream): 74 prompt tokens ·
                       temperature: 0, greedy (req), max_tokens: 256 (req),
                       min_tokens: 256 (req)
16:40:03.323 INFO:     #254 chat/completions (stream): 256 tokens generated at
                       314.1 T/s · prompt 74 tokens, none cached, 74 new in 0.08
                       s · first token 0.09 s, total 0.90 s · draft 174/246
                       accepted (71%) · max_tokens reached
16:40:03.327 INFO:     #255 chat/completions (stream): 755 prompt tokens ·
                       temperature: 0, greedy (req), max_tokens: 256 (req),
                       min_tokens: 256 (req)
16:40:04.577 INFO:     #255 chat/completions (stream): 256 tokens generated at
                       260.4 T/s · prompt 755 tokens, none cached, 755 new in
                       0.26 s (2,904 T/s) · first token 0.26 s, total 1.25 s ·
                       draft 159/291 accepted (55%) · max_tokens reached
16:40:04.579 INFO:     #256 chat/completions (stream): 119 prompt tokens ·
                       temperature: 0, greedy (req), max_tokens: 256 (req),
                       min_tokens: 256 (req)
16:40:05.419 INFO:     #256 chat/completions (stream): 256 tokens generated at
                       348.8 T/s · prompt 119 tokens, none cached, 119 new in
                       0.10 s · first token 0.11 s, total 0.84 s · draft 183/219
                       accepted (84%) · max_tokens reached
16:40:05.421 INFO:     #257 chat/completions (stream): 157 prompt tokens ·
                       temperature: 0, greedy (req), max_tokens: 256 (req),
                       min_tokens: 256 (req)
16:40:06.280 INFO:     #257 chat/completions (stream): 256 tokens generated at
                       336.5 T/s · prompt 157 tokens, none cached, 157 new in
                       0.09 s · first token 0.10 s, total 0.86 s · draft 180/228
                       accepted (79%) · max_tokens reached
16:40:06.284 INFO:     #258 chat/completions (stream): 588 prompt tokens ·
                       temperature: 0, greedy (req), max_tokens: 256 (req),
                       min_tokens: 256 (req)
16:40:07.570 INFO:     #258 chat/completions (stream): 256 tokens generated at
                       244.0 T/s · prompt 588 tokens, none cached, 588 new in
                       0.23 s (2,557 T/s) · first token 0.24 s, total 1.28 s ·
                       draft 151/315 accepted (48%) · max_tokens reached
16:40:07.573 INFO:     #259 chat/completions (stream): 86 prompt tokens ·
                       temperature: 0, greedy (req), max_tokens: 256 (req),
                       min_tokens: 256 (req)
16:40:08.574 INFO:     #259 chat/completions (stream): 256 tokens generated at
                       281.3 T/s · prompt 86 tokens, none cached, 86 new in 0.08
                       s · first token 0.09 s, total 1.00 s · draft 165/273
                       accepted (60%) · max_tokens reached
16:40:08.577 INFO:     #260 chat/completions (stream): 71 prompt tokens ·
                       temperature: 0, greedy (req), max_tokens: 256 (req),
                       min_tokens: 256 (req)
16:40:09.683 INFO:     #260 chat/completions (stream): 256 tokens generated at
                       250.9 T/s · prompt 71 tokens, none cached, 71 new in 0.08
                       s · first token 0.09 s, total 1.11 s · draft 154/306
                       accepted (50%) · max_tokens reached
16:40:09.689 INFO:     #261 chat/completions (stream): 1,392 prompt tokens ·
                       temperature: 0, greedy (req), max_tokens: 256 (req),
                       min_tokens: 256 (req)
16:40:10.992 INFO:     #261 chat/completions (stream): 256 tokens generated at
                       268.8 T/s · prompt 1,392 tokens, none cached, 1,392 new
                       in 0.34 s (4,094 T/s) · first token 0.35 s, total 1.30 s
                       · draft 162/282 accepted (57%) · max_tokens reached
16:40:10.994 INFO:     #262 chat/completions (stream): 107 prompt tokens ·
                       temperature: 0, greedy (req), max_tokens: 256 (req),
                       min_tokens: 256 (req)
16:40:12.142 INFO:     #262 chat/completions (stream): 256 tokens generated at
                       244.2 T/s · prompt 107 tokens, none cached, 107 new in
                       0.09 s · first token 0.09 s, total 1.14 s · draft 151/315
                       accepted (48%) · max_tokens reached
16:40:12.144 INFO:     #263 chat/completions (stream): 75 prompt tokens ·
                       temperature: 0, greedy (req), max_tokens: 256 (req),
                       min_tokens: 256 (req)
16:40:13.161 INFO:     #263 chat/completions (stream): 256 tokens generated at
                       274.7 T/s · prompt 75 tokens, none cached, 75 new in 0.08
                       s · first token 0.09 s, total 1.02 s · draft 163/279
                       accepted (58%) · max_tokens reached
16:40:13.163 INFO:     #264 chat/completions (stream): 97 prompt tokens ·
                       temperature: 0, greedy (req), max_tokens: 256 (req),
                       min_tokens: 256 (req)
16:40:14.082 INFO:     #264 chat/completions (stream): 256 tokens generated at
                       314.7 T/s · prompt 97 tokens, none cached, 97 new in 0.10
                       s · first token 0.11 s, total 0.92 s · draft 175/243
                       accepted (72%) · max_tokens reached
16:40:14.084 INFO:     #265 chat/completions (stream): 81 prompt tokens ·
                       temperature: 0, greedy (req), max_tokens: 256 (req),
                       min_tokens: 256 (req)
16:40:14.927 INFO:     #265 chat/completions (stream): 256 tokens generated at
                       338.0 T/s · prompt 81 tokens, none cached, 81 new in 0.08
                       s · first token 0.09 s, total 0.84 s · draft 180/228
                       accepted (79%) · max_tokens reached
16:40:14.931 INFO:     #266 chat/completions (stream): 642 prompt tokens ·
                       temperature: 0, greedy (req), max_tokens: 256 (req),
                       min_tokens: 256 (req)
16:40:16.105 INFO:     #266 chat/completions (stream): 256 tokens generated at
                       279.2 T/s · prompt 642 tokens, none cached, 642 new in
                       0.25 s (2,568 T/s) · first token 0.25 s, total 1.17 s ·
                       draft 164/276 accepted (59%) · max_tokens reached
16:40:16.108 INFO:     #267 chat/completions (stream): 61 prompt tokens ·
                       temperature: 0, greedy (req), max_tokens: 256 (req),
                       min_tokens: 256 (req)
16:40:17.013 INFO:     #267 chat/completions (stream): 256 tokens generated at
                       308.4 T/s · prompt 61 tokens, none cached, 61 new in 0.07
                       s · first token 0.08 s, total 0.91 s · draft 172/252
                       accepted (68%) · max_tokens reached
16:40:17.016 INFO:     #269 chat/completions (stream): 128 prompt tokens ·
                       temperature: 0, greedy (req), max_tokens: 256 (req),
                       min_tokens: 256 (req)
16:40:17.870 INFO:     #269 chat/completions (stream): 256 tokens generated at
                       341.7 T/s · prompt 128 tokens, none cached, 128 new in
                       0.10 s · first token 0.10 s, total 0.85 s · draft 182/222
                       accepted (82%) · max_tokens reached
16:40:17.875 INFO:     #270 chat/completions (stream): 712 prompt tokens ·
                       temperature: 0, greedy (req), max_tokens: 256 (req),
                       min_tokens: 256 (req)
16:40:19.022 INFO:     #270 chat/completions (stream): 256 tokens generated at
                       287.4 T/s · prompt 712 tokens, none cached, 712 new in
                       0.25 s (2,848 T/s) · first token 0.26 s, total 1.15 s ·
                       draft 167/267 accepted (63%) · max_tokens reached
16:40:19.024 INFO:     #271 chat/completions (stream): 94 prompt tokens ·
                       temperature: 0, greedy (req), max_tokens: 256 (req),
                       min_tokens: 256 (req)
16:40:20.112 INFO:     #271 chat/completions (stream): 256 tokens generated at
                       257.9 T/s · prompt 94 tokens, none cached, 94 new in 0.09
                       s · first token 0.10 s, total 1.09 s · draft 158/294
                       accepted (54%) · max_tokens reached
16:40:20.114 INFO:     #272 chat/completions (stream): 66 prompt tokens ·
                       temperature: 0, greedy (req), max_tokens: 256 (req),
                       min_tokens: 256 (req)
16:40:21.054 INFO:     #272 chat/completions (stream): 256 tokens generated at
                       297.6 T/s · prompt 66 tokens, none cached, 66 new in 0.07
                       s · first token 0.08 s, total 0.94 s · draft 169/261
                       accepted (65%) · max_tokens reached
16:40:21.056 INFO:     #273 chat/completions (stream): 93 prompt tokens ·
                       temperature: 0, greedy (req), max_tokens: 256 (req),
                       min_tokens: 256 (req)
16:40:21.959 INFO:     #273 chat/completions (stream): 256 tokens generated at
                       316.5 T/s · prompt 93 tokens, none cached, 93 new in 0.09
                       s · first token 0.10 s, total 0.90 s · draft 175/243
                       accepted (72%) · max_tokens reached
16:40:21.961 INFO:     #274 chat/completions (stream): 108 prompt tokens ·
                       temperature: 0, greedy (req), max_tokens: 256 (req),
                       min_tokens: 256 (req)
16:40:22.922 INFO:     #274 chat/completions (stream): 256 tokens generated at
                       297.7 T/s · prompt 108 tokens, none cached, 108 new in
                       0.09 s · first token 0.10 s, total 0.96 s · draft 170/258
                       accepted (66%) · max_tokens reached
16:40:22.924 INFO:     #275 chat/completions (stream): 93 prompt tokens ·
                       temperature: 0, greedy (req), max_tokens: 256 (req),
                       min_tokens: 256 (req)
16:40:23.780 INFO:     #275 chat/completions (stream): 256 tokens generated at
                       335.6 T/s · prompt 93 tokens, none cached, 93 new in 0.09
                       s · first token 0.10 s, total 0.86 s · draft 180/228
                       accepted (79%) · max_tokens reached
16:40:23.783 INFO:     #276 chat/completions (stream): 86 prompt tokens ·
                       temperature: 0, greedy (req), max_tokens: 256 (req),
                       min_tokens: 256 (req)
16:40:24.767 INFO:     #276 chat/completions (stream): 256 tokens generated at
                       287.0 T/s · prompt 86 tokens, none cached, 86 new in 0.08
                       s · first token 0.08 s, total 0.98 s · draft 172/252
                       accepted (68%) · max_tokens reached
16:40:24.770 INFO:     #277 chat/completions (stream): 87 prompt tokens ·
                       temperature: 0, greedy (req), max_tokens: 256 (req),
                       min_tokens: 256 (req)
16:40:25.891 INFO:     #277 chat/completions (stream): 256 tokens generated at
                       251.1 T/s · prompt 87 tokens, none cached, 87 new in 0.09
                       s · first token 0.10 s, total 1.12 s · draft 156/300
                       accepted (52%) · max_tokens reached
16:40:25.893 INFO:     #278 chat/completions (stream): 91 prompt tokens ·
                       temperature: 0, greedy (req), max_tokens: 256 (req),
                       min_tokens: 256 (req)
16:40:26.973 INFO:     #278 chat/completions (stream): 256 tokens generated at
                       258.9 T/s · prompt 91 tokens, none cached, 91 new in 0.08
                       s · first token 0.09 s, total 1.07 s · draft 157/297
                       accepted (53%) · max_tokens reached
16:40:26.978 INFO:     #279 chat/completions (stream): 849 prompt tokens ·
                       temperature: 0, greedy (req), max_tokens: 256 (req),
                       min_tokens: 256 (req)
16:40:28.134 INFO:     #279 chat/completions (stream): 256 tokens generated at
                       287.8 T/s · prompt 849 tokens, none cached, 849 new in
                       0.26 s (3,265 T/s) · first token 0.27 s, total 1.15 s ·
                       draft 169/261 accepted (65%) · max_tokens reached
16:40:28.136 INFO:     #280 chat/completions (stream): 82 prompt tokens ·
                       temperature: 0, greedy (req), max_tokens: 256 (req),
                       min_tokens: 256 (req)
16:40:29.195 INFO:     #280 chat/completions (stream): 256 tokens generated at
                       264.6 T/s · prompt 82 tokens, none cached, 82 new in 0.08
                       s · first token 0.09 s, total 1.05 s · draft 159/291
                       accepted (55%) · max_tokens reached
16:40:29.197 INFO:     #281 chat/completions (stream): 64 prompt tokens ·
                       temperature: 0, greedy (req), max_tokens: 256 (req),
                       min_tokens: 256 (req)
16:40:30.512 INFO:     #281 chat/completions (stream): 256 tokens generated at
                       206.6 T/s · prompt 64 tokens, none cached, 64 new in 0.07
                       s · first token 0.08 s, total 1.31 s · draft 133/369
                       accepted (36%) · max_tokens reached
16:40:30.515 INFO:     #282 chat/completions (stream): 117 prompt tokens ·
                       temperature: 0, greedy (req), max_tokens: 256 (req),
                       min_tokens: 256 (req)
16:40:31.380 INFO:     #282 chat/completions (stream): 256 tokens generated at
                       337.2 T/s · prompt 117 tokens, none cached, 117 new in
                       0.10 s · first token 0.11 s, total 0.86 s · draft 179/231
                       accepted (77%) · max_tokens reached
16:40:31.385 INFO:     #283 chat/completions (stream): 1,307 prompt tokens ·
                       temperature: 0, greedy (req), max_tokens: 256 (req),
                       min_tokens: 256 (req)
16:40:32.651 INFO:     #283 chat/completions (stream): 256 tokens generated at
                       269.7 T/s · prompt 1,307 tokens, none cached, 1,307 new
                       in 0.31 s (4,216 T/s) · first token 0.32 s, total 1.26 s
                       · draft 162/282 accepted (57%) · max_tokens reached
16:40:32.653 INFO:     #285 chat/completions (stream): 93 prompt tokens ·
                       temperature: 0, greedy (req), max_tokens: 256 (req),
                       min_tokens: 256 (req)
16:40:33.715 INFO:     #285 chat/completions (stream): 256 tokens generated at
                       264.2 T/s · prompt 93 tokens, none cached, 93 new in 0.09
                       s · first token 0.10 s, total 1.06 s · draft 158/294
                       accepted (54%) · max_tokens reached
16:40:33.717 INFO:     #286 chat/completions (stream): 108 prompt tokens ·
                       temperature: 0, greedy (req), max_tokens: 256 (req),
                       min_tokens: 256 (req)
16:40:34.725 INFO:     #286 chat/completions (stream): 256 tokens generated at
                       282.3 T/s · prompt 108 tokens, none cached, 108 new in
                       0.09 s · first token 0.10 s, total 1.00 s · draft 167/267
                       accepted (63%) · max_tokens reached
16:40:34.728 INFO:     #287 chat/completions (stream): 97 prompt tokens ·
                       temperature: 0, greedy (req), max_tokens: 256 (req),
                       min_tokens: 256 (req)
16:40:35.618 INFO:     #287 chat/completions (stream): 256 tokens generated at
                       321.4 T/s · prompt 97 tokens, none cached, 97 new in 0.09
                       s · first token 0.10 s, total 0.89 s · draft 176/240
                       accepted (73%) · max_tokens reached
16:40:35.623 INFO:     #288 chat/completions (stream): 752 prompt tokens ·
                       temperature: 0, greedy (req), max_tokens: 256 (req),
                       min_tokens: 256 (req)
16:40:36.821 INFO:     #288 chat/completions (stream): 256 tokens generated at
                       273.8 T/s · prompt 752 tokens, none cached, 752 new in
                       0.25 s (3,008 T/s) · first token 0.26 s, total 1.19 s ·
                       draft 163/279 accepted (58%) · max_tokens reached
16:40:36.825 INFO:     #289 chat/completions (stream): 772 prompt tokens ·
                       temperature: 0, greedy (req), max_tokens: 256 (req),
                       min_tokens: 256 (req)
16:40:37.840 INFO:     #289 chat/completions (stream): 256 tokens generated at
                       314.2 T/s · prompt 772 tokens, none cached, 772 new in
                       0.19 s (4,063 T/s) · first token 0.20 s, total 1.01 s ·
                       draft 175/243 accepted (72%) · max_tokens reached
16:40:37.843 INFO:     #290 chat/completions (stream): 84 prompt tokens ·
                       temperature: 0, greedy (req), max_tokens: 256 (req),
                       min_tokens: 256 (req)
16:40:38.945 INFO:     #290 chat/completions (stream): 256 tokens generated at
                       252.5 T/s · prompt 84 tokens, none cached, 84 new in 0.08
                       s · first token 0.09 s, total 1.10 s · draft 154/306
                       accepted (50%) · max_tokens reached
16:40:38.947 INFO:     #291 chat/completions (stream): 76 prompt tokens ·
                       temperature: 0, greedy (req), max_tokens: 256 (req),
                       min_tokens: 256 (req)
16:40:39.871 INFO:     #291 chat/completions (stream): 256 tokens generated at
                       305.4 T/s · prompt 76 tokens, none cached, 76 new in 0.08
                       s · first token 0.09 s, total 0.92 s · draft 172/252
                       accepted (68%) · max_tokens reached
16:40:39.875 INFO:     #292 chat/completions (stream): 881 prompt tokens ·
                       temperature: 0, greedy (req), max_tokens: 256 (req),
                       min_tokens: 256 (req)
16:40:40.968 INFO:     #292 chat/completions (stream): 256 tokens generated at
                       315.5 T/s · prompt 881 tokens, none cached, 881 new in
                       0.27 s (3,263 T/s) · first token 0.28 s, total 1.09 s ·
                       draft 174/246 accepted (71%) · max_tokens reached
16:40:40.970 INFO:     #293 chat/completions (stream): 78 prompt tokens ·
                       temperature: 0, greedy (req), max_tokens: 256 (req),
                       min_tokens: 256 (req)
16:40:41.927 INFO:     #293 chat/completions (stream): 256 tokens generated at
                       293.5 T/s · prompt 78 tokens, none cached, 78 new in 0.08
                       s · first token 0.08 s, total 0.96 s · draft 169/261
                       accepted (65%) · max_tokens reached
16:40:41.931 INFO:     #294 chat/completions (stream): 681 prompt tokens ·
                       temperature: 0, greedy (req), max_tokens: 256 (req),
                       min_tokens: 256 (req)
16:40:43.068 INFO:     #294 chat/completions (stream): 256 tokens generated at
                       286.6 T/s · prompt 681 tokens, none cached, 681 new in
                       0.24 s (2,838 T/s) · first token 0.25 s, total 1.14 s ·
                       draft 167/267 accepted (63%) · max_tokens reached
16:40:43.072 INFO:     #295 chat/completions (stream): 947 prompt tokens ·
                       temperature: 0, greedy (req), max_tokens: 256 (req),
                       min_tokens: 256 (req)
16:40:44.226 INFO:     #295 chat/completions (stream): 256 tokens generated at
                       294.5 T/s · prompt 947 tokens, none cached, 947 new in
                       0.28 s (3,382 T/s) · first token 0.28 s, total 1.15 s ·
                       draft 170/258 accepted (66%) · max_tokens reached
16:40:44.228 INFO:     #296 chat/completions (stream): 98 prompt tokens ·
                       temperature: 0, greedy (req), max_tokens: 256 (req),
                       min_tokens: 256 (req)
16:40:45.325 INFO:     #296 chat/completions (stream): 256 tokens generated at
                       256.3 T/s · prompt 98 tokens, none cached, 98 new in 0.09
                       s · first token 0.10 s, total 1.09 s · draft 157/297
                       accepted (53%) · max_tokens reached
16:40:45.328 INFO:     #297 chat/completions (stream): 96 prompt tokens ·
                       temperature: 0, greedy (req), max_tokens: 256 (req),
                       min_tokens: 256 (req)
16:40:46.405 INFO:     #297 chat/completions (stream): 256 tokens generated at
                       260.3 T/s · prompt 96 tokens, none cached, 96 new in 0.09
                       s · first token 0.10 s, total 1.08 s · draft 157/297
                       accepted (53%) · max_tokens reached
16:40:46.408 INFO:     #298 chat/completions (stream): 191 prompt tokens ·
                       temperature: 0, greedy (req), max_tokens: 256 (req),
                       min_tokens: 256 (req)
16:40:47.431 INFO:     #298 chat/completions (stream): 256 tokens generated at
                       282.9 T/s · prompt 191 tokens, none cached, 191 new in
                       0.11 s · first token 0.12 s, total 1.02 s · draft 166/270
                       accepted (61%) · max_tokens reached
16:40:47.433 INFO:     #300 chat/completions (stream): 166 prompt tokens ·
                       temperature: 0, greedy (req), max_tokens: 256 (req),
                       min_tokens: 256 (req)
16:40:48.392 INFO:     #300 chat/completions (stream): 256 tokens generated at
                       297.8 T/s · prompt 166 tokens, none cached, 166 new in
                       0.09 s · first token 0.10 s, total 0.95 s · draft 170/258
                       accepted (66%) · max_tokens reached
16:40:48.395 INFO:     #301 chat/completions (stream): 85 prompt tokens ·
                       temperature: 0, greedy (req), max_tokens: 256 (req),
                       min_tokens: 256 (req)
16:40:49.390 INFO:     #301 chat/completions (stream): 256 tokens generated at
                       283.2 T/s · prompt 85 tokens, none cached, 85 new in 0.08
                       s · first token 0.09 s, total 0.99 s · draft 166/270
                       accepted (61%) · max_tokens reached
16:40:49.393 INFO:     #302 chat/completions (stream): 62 prompt tokens ·
                       temperature: 0, greedy (req), max_tokens: 256 (req),
                       min_tokens: 256 (req)
16:40:50.267 INFO:     #302 chat/completions (stream): 256 tokens generated at
                       320.5 T/s · prompt 62 tokens, none cached, 62 new in 0.07
                       s · first token 0.08 s, total 0.87 s · draft 175/243
                       accepted (72%) · max_tokens reached
16:40:50.271 INFO:     #303 chat/completions (stream): 775 prompt tokens ·
                       temperature: 0, greedy (req), max_tokens: 256 (req),
                       min_tokens: 256 (req)
16:40:51.380 INFO:     #303 chat/completions (stream): 256 tokens generated at
                       280.8 T/s · prompt 775 tokens, none cached, 775 new in
                       0.19 s (4,079 T/s) · first token 0.19 s, total 1.11 s ·
                       draft 164/276 accepted (59%) · max_tokens reached
16:40:51.382 INFO:     #304 chat/completions (stream): 63 prompt tokens ·
                       temperature: 0, greedy (req), max_tokens: 256 (req),
                       min_tokens: 256 (req)
16:40:52.443 INFO:     #304 chat/completions (stream): 256 tokens generated at
                       260.4 T/s · prompt 63 tokens, none cached, 63 new in 0.07
                       s · first token 0.08 s, total 1.06 s · draft 157/297
                       accepted (53%) · max_tokens reached
16:40:52.445 INFO:     #305 chat/completions (stream): 97 prompt tokens ·
                       temperature: 0, greedy (req), max_tokens: 256 (req),
                       min_tokens: 256 (req)
16:40:53.432 INFO:     #305 chat/completions (stream): 256 tokens generated at
                       287.5 T/s · prompt 97 tokens, none cached, 97 new in 0.09
                       s · first token 0.10 s, total 0.99 s · draft 167/267
                       accepted (63%) · max_tokens reached
16:40:53.434 INFO:     #306 chat/completions (stream): 65 prompt tokens ·
                       temperature: 0, greedy (req), max_tokens: 256 (req),
                       min_tokens: 256 (req)
16:40:54.357 INFO:     #306 chat/completions (stream): 256 tokens generated at
                       302.9 T/s · prompt 65 tokens, none cached, 65 new in 0.07
                       s · first token 0.08 s, total 0.92 s · draft 171/255
                       accepted (67%) · max_tokens reached
16:40:54.359 INFO:     #307 chat/completions (stream): 61 prompt tokens ·
                       temperature: 0, greedy (req), max_tokens: 256 (req),
                       min_tokens: 256 (req)
16:40:55.470 INFO:     #307 chat/completions (stream): 256 tokens generated at
                       247.4 T/s · prompt 61 tokens, none cached, 61 new in 0.07
                       s · first token 0.08 s, total 1.11 s · draft 152/312
                       accepted (49%) · max_tokens reached
16:40:55.474 INFO:     #308 chat/completions (stream): 797 prompt tokens ·
                       temperature: 0, greedy (req), max_tokens: 256 (req),
                       min_tokens: 256 (req)
16:40:56.379 INFO:     #308 chat/completions (stream): 256 tokens generated at
                       365.6 T/s · prompt 797 tokens, none cached, 797 new in
                       0.19 s (4,195 T/s) · first token 0.20 s, total 0.90 s ·
                       draft 185/213 accepted (87%) · max_tokens reached
16:40:56.383 INFO:     #309 chat/completions (stream): 822 prompt tokens ·
                       temperature: 0, greedy (req), max_tokens: 256 (req),
                       min_tokens: 256 (req)
16:40:57.554 INFO:     #309 chat/completions (stream): 256 tokens generated at
                       293.1 T/s · prompt 822 tokens, none cached, 822 new in
                       0.29 s (2,834 T/s) · first token 0.30 s, total 1.17 s ·
                       draft 169/261 accepted (65%) · max_tokens reached
16:40:57.556 INFO:     #310 chat/completions (stream): 63 prompt tokens ·
                       temperature: 0, greedy (req), max_tokens: 256 (req),
                       min_tokens: 256 (req)
16:40:58.415 INFO:     #310 chat/completions (stream): 256 tokens generated at
                       327.3 T/s · prompt 63 tokens, none cached, 63 new in 0.07
                       s · first token 0.08 s, total 0.86 s · draft 177/237
                       accepted (75%) · max_tokens reached
16:40:58.418 INFO:     #311 chat/completions (stream): 94 prompt tokens ·
                       temperature: 0, greedy (req), max_tokens: 256 (req),
                       min_tokens: 256 (req)
16:40:59.259 INFO:     #311 chat/completions (stream): 256 tokens generated at
                       342.6 T/s · prompt 94 tokens, none cached, 94 new in 0.09
                       s · first token 0.10 s, total 0.84 s · draft 180/228
                       accepted (79%) · max_tokens reached
16:40:59.261 INFO:     #312 chat/completions (stream): 104 prompt tokens ·
                       temperature: 0, greedy (req), max_tokens: 256 (req),
                       min_tokens: 256 (req)
16:41:00.283 INFO:     #312 chat/completions (stream): 256 tokens generated at
                       277.7 T/s · prompt 104 tokens, none cached, 104 new in
                       0.09 s · first token 0.09 s, total 1.02 s · draft 164/276
                       accepted (59%) · max_tokens reached
16:41:00.286 INFO:     #313 chat/completions (stream): 470 prompt tokens ·
                       temperature: 0, greedy (req), max_tokens: 256 (req),
                       min_tokens: 256 (req)
16:41:01.445 INFO:     #313 chat/completions (stream): 256 tokens generated at
                       290.1 T/s · prompt 470 tokens, none cached, 470 new in
                       0.27 s (1,741 T/s) · first token 0.28 s, total 1.16 s ·
                       draft 168/264 accepted (64%) · max_tokens reached
16:41:01.450 INFO:     #314 chat/completions (stream): 957 prompt tokens ·
                       temperature: 0, greedy (req), max_tokens: 256 (req),
                       min_tokens: 256 (req)
16:41:02.657 INFO:     #314 chat/completions (stream): 256 tokens generated at
                       276.8 T/s · prompt 957 tokens, none cached, 957 new in
                       0.27 s (3,544 T/s) · first token 0.28 s, total 1.20 s ·
                       draft 164/276 accepted (59%) · max_tokens reached
16:41:02.660 INFO:     #316 chat/completions (stream): 90 prompt tokens ·
                       temperature: 0, greedy (req), max_tokens: 256 (req),
                       min_tokens: 256 (req)
16:41:03.509 INFO:     #316 chat/completions (stream): 256 tokens generated at
                       338.0 T/s · prompt 90 tokens, none cached, 90 new in 0.08
                       s · first token 0.09 s, total 0.84 s · draft 181/225
                       accepted (80%) · max_tokens reached
16:41:03.511 INFO:     #317 chat/completions (stream): 72 prompt tokens ·
                       temperature: 0, greedy (req), max_tokens: 256 (req),
                       min_tokens: 256 (req)
16:41:04.312 INFO:     #317 chat/completions (stream): 256 tokens generated at
                       357.0 T/s · prompt 72 tokens, none cached, 72 new in 0.08
                       s · first token 0.09 s, total 0.80 s · draft 184/216
                       accepted (85%) · max_tokens reached
16:41:04.316 INFO:     #318 chat/completions (stream): 748 prompt tokens ·
                       temperature: 0, greedy (req), max_tokens: 256 (req),
                       min_tokens: 256 (req)
16:41:05.435 INFO:     #318 chat/completions (stream): 256 tokens generated at
                       307.2 T/s · prompt 748 tokens, none cached, 748 new in
                       0.28 s (2,671 T/s) · first token 0.29 s, total 1.12 s ·
                       draft 172/252 accepted (68%) · max_tokens reached
16:41:05.437 INFO:     #319 chat/completions (stream): 135 prompt tokens ·
                       temperature: 0, greedy (req), max_tokens: 256 (req),
                       min_tokens: 256 (req)
16:41:06.365 INFO:     #319 chat/completions (stream): 256 tokens generated at
                       314.4 T/s · prompt 135 tokens, none cached, 135 new in
                       0.11 s · first token 0.12 s, total 0.93 s · draft 174/246
                       accepted (71%) · max_tokens reached
16:41:06.368 INFO:     #320 chat/completions (stream): 109 prompt tokens ·
                       temperature: 0, greedy (req), max_tokens: 256 (req),
                       min_tokens: 256 (req)
16:41:07.203 INFO:     #320 chat/completions (stream): 256 tokens generated at
                       348.1 T/s · prompt 109 tokens, none cached, 109 new in
                       0.09 s · first token 0.10 s, total 0.83 s · draft 182/222
                       accepted (82%) · max_tokens reached
16:41:07.207 INFO:     #321 chat/completions (stream): 748 prompt tokens ·
                       temperature: 0, greedy (req), max_tokens: 256 (req),
                       min_tokens: 256 (req)
16:41:08.269 INFO:     #321 chat/completions (stream): 256 tokens generated at
                       319.2 T/s · prompt 748 tokens, none cached, 748 new in
                       0.25 s (2,992 T/s) · first token 0.26 s, total 1.06 s ·
                       draft 176/240 accepted (73%) · max_tokens reached
16:41:08.275 INFO:     #322 chat/completions (stream): 1,170 prompt tokens ·
                       temperature: 0, greedy (req), max_tokens: 256 (req),
                       min_tokens: 256 (req)
16:41:09.567 INFO:     #322 chat/completions (stream): 256 tokens generated at
                       258.2 T/s · prompt 1,170 tokens, none cached, 1,170 new
                       in 0.29 s (4,034 T/s) · first token 0.29 s, total 1.29 s
                       · draft 157/297 accepted (53%) · max_tokens reached
16:41:09.571 INFO:     #323 chat/completions (stream): 832 prompt tokens ·
                       temperature: 0, greedy (req), max_tokens: 256 (req),
                       min_tokens: 256 (req)
16:41:10.601 INFO:     #323 chat/completions (stream): 256 tokens generated at
                       332.0 T/s · prompt 832 tokens, none cached, 832 new in
                       0.25 s (3,328 T/s) · first token 0.26 s, total 1.03 s ·
                       draft 179/231 accepted (77%) · max_tokens reached
16:41:10.603 INFO:     #324 chat/completions (stream): 64 prompt tokens ·
                       temperature: 0, greedy (req), max_tokens: 256 (req),
                       min_tokens: 256 (req)
16:41:11.691 INFO:     #324 chat/completions (stream): 256 tokens generated at
                       253.5 T/s · prompt 64 tokens, none cached, 64 new in 0.07
                       s · first token 0.08 s, total 1.09 s · draft 155/303
                       accepted (51%) · max_tokens reached
16:41:11.693 INFO:     #325 chat/completions (stream): 103 prompt tokens ·
                       temperature: 0, greedy (req), max_tokens: 256 (req),
                       min_tokens: 256 (req)
16:41:12.687 INFO:     #325 chat/completions (stream): 256 tokens generated at
                       286.3 T/s · prompt 103 tokens, none cached, 103 new in
                       0.09 s · first token 0.10 s, total 0.99 s · draft 165/273
                       accepted (60%) · max_tokens reached
16:41:12.689 INFO:     #326 chat/completions (stream): 101 prompt tokens ·
                       temperature: 0, greedy (req), max_tokens: 256 (req),
                       min_tokens: 256 (req)
16:41:13.697 INFO:     #326 chat/completions (stream): 256 tokens generated at
                       282.0 T/s · prompt 101 tokens, none cached, 101 new in
                       0.09 s · first token 0.10 s, total 1.00 s · draft 165/273
                       accepted (60%) · max_tokens reached
16:41:13.700 INFO:     #327 chat/completions (stream): 63 prompt tokens ·
                       temperature: 0, greedy (req), max_tokens: 256 (req),
                       min_tokens: 256 (req)
16:41:14.647 INFO:     #327 chat/completions (stream): 256 tokens generated at
                       293.8 T/s · prompt 63 tokens, none cached, 63 new in 0.07
                       s · first token 0.08 s, total 0.95 s · draft 169/261
                       accepted (65%) · max_tokens reached
16:41:14.649 INFO:     #328 chat/completions (stream): 63 prompt tokens ·
                       temperature: 0, greedy (req), max_tokens: 256 (req),
                       min_tokens: 256 (req)
16:41:15.552 INFO:     #328 chat/completions (stream): 256 tokens generated at
                       309.7 T/s · prompt 63 tokens, none cached, 63 new in 0.07
                       s · first token 0.08 s, total 0.90 s · draft 174/246
                       accepted (71%) · max_tokens reached
16:41:15.555 INFO:     #329 chat/completions (stream): 155 prompt tokens ·
                       temperature: 0, greedy (req), max_tokens: 256 (req),
                       min_tokens: 256 (req)
16:41:16.482 INFO:     #329 chat/completions (stream): 256 tokens generated at
                       309.2 T/s · prompt 155 tokens, none cached, 155 new in
                       0.09 s · first token 0.10 s, total 0.92 s · draft 174/246
                       accepted (71%) · max_tokens reached
16:41:16.484 INFO:     #330 chat/completions (stream): 71 prompt tokens ·
                       temperature: 0, greedy (req), max_tokens: 256 (req),
                       min_tokens: 256 (req)
16:41:17.612 INFO:     #330 chat/completions (stream): 256 tokens generated at
                       245.3 T/s · prompt 71 tokens, none cached, 71 new in 0.08
                       s · first token 0.09 s, total 1.13 s · draft 151/315
                       accepted (48%) · max_tokens reached
16:41:17.615 INFO:     #332 chat/completions (stream): 102 prompt tokens ·
                       temperature: 0, greedy (req), max_tokens: 256 (req),
                       min_tokens: 256 (req)
16:41:18.821 INFO:     #332 chat/completions (stream): 256 tokens generated at
                       231.1 T/s · prompt 102 tokens, none cached, 102 new in
                       0.09 s · first token 0.10 s, total 1.20 s · draft 145/333
                       accepted (44%) · max_tokens reached
16:41:18.823 INFO:     #333 chat/completions (stream): 91 prompt tokens ·
                       temperature: 0, greedy (req), max_tokens: 256 (req),
                       min_tokens: 256 (req)
16:41:19.848 INFO:     #333 chat/completions (stream): 256 tokens generated at
                       274.5 T/s · prompt 91 tokens, none cached, 91 new in 0.08
                       s · first token 0.09 s, total 1.02 s · draft 163/279
                       accepted (58%) · max_tokens reached
16:41:19.852 INFO:     #334 chat/completions (stream): 788 prompt tokens ·
                       temperature: 0, greedy (req), max_tokens: 256 (req),
                       min_tokens: 256 (req)
16:41:20.931 INFO:     #334 chat/completions (stream): 256 tokens generated at
                       293.8 T/s · prompt 788 tokens, none cached, 788 new in
                       0.20 s (3,940 T/s) · first token 0.21 s, total 1.08 s ·
                       draft 169/261 accepted (65%) · max_tokens reached
16:41:20.935 INFO:     #335 chat/completions (stream): 809 prompt tokens ·
                       temperature: 0, greedy (req), max_tokens: 256 (req),
                       min_tokens: 256 (req)
16:41:22.146 INFO:     #335 chat/completions (stream): 256 tokens generated at
                       266.6 T/s · prompt 809 tokens, none cached, 809 new in
                       0.24 s (3,371 T/s) · first token 0.25 s, total 1.21 s ·
                       draft 160/288 accepted (56%) · max_tokens reached
16:41:22.148 INFO:     #336 chat/completions (stream): 106 prompt tokens ·
                       temperature: 0, greedy (req), max_tokens: 256 (req),
                       min_tokens: 256 (req)
16:41:22.983 INFO:     #336 chat/completions (stream): 256 tokens generated at
                       348.2 T/s · prompt 106 tokens, none cached, 106 new in
                       0.09 s · first token 0.10 s, total 0.83 s · draft 182/222
                       accepted (82%) · max_tokens reached
16:41:22.986 INFO:     #337 chat/completions (stream): 87 prompt tokens ·
                       temperature: 0, greedy (req), max_tokens: 256 (req),
                       min_tokens: 256 (req)
16:41:23.781 INFO:     #337 chat/completions (stream): 256 tokens generated at
                       364.3 T/s · prompt 87 tokens, none cached, 87 new in 0.08
                       s · first token 0.09 s, total 0.79 s · draft 186/210
                       accepted (89%) · max_tokens reached
16:41:23.783 INFO:     #338 chat/completions (stream): 95 prompt tokens ·
                       temperature: 0, greedy (req), max_tokens: 256 (req),
                       min_tokens: 256 (req)
16:41:24.925 INFO:     #338 chat/completions (stream): 256 tokens generated at
                       244.6 T/s · prompt 95 tokens, none cached, 95 new in 0.09
                       s · first token 0.10 s, total 1.14 s · draft 159/291
                       accepted (55%) · max_tokens reached
16:41:24.929 INFO:     #339 chat/completions (stream): 133 prompt tokens ·
                       temperature: 0, greedy (req), max_tokens: 256 (req),
                       min_tokens: 256 (req)
16:41:25.861 INFO:     #339 chat/completions (stream): 256 tokens generated at
                       315.5 T/s · prompt 133 tokens, none cached, 133 new in
                       0.11 s · first token 0.12 s, total 0.93 s · draft 176/240
                       accepted (73%) · max_tokens reached
16:41:25.864 INFO:     #340 chat/completions (stream): 125 prompt tokens ·
                       temperature: 0, greedy (req), max_tokens: 256 (req),
                       min_tokens: 256 (req)
16:41:26.742 INFO:     #340 chat/completions (stream): 256 tokens generated at
                       331.4 T/s · prompt 125 tokens, none cached, 125 new in
                       0.10 s · first token 0.11 s, total 0.88 s · draft 179/231
                       accepted (77%) · max_tokens reached
16:41:26.744 INFO:     #341 chat/completions (stream): 92 prompt tokens ·
                       temperature: 0, greedy (req), max_tokens: 256 (req),
                       min_tokens: 256 (req)
16:41:27.581 INFO:     #341 chat/completions (stream): 256 tokens generated at
                       344.1 T/s · prompt 92 tokens, none cached, 92 new in 0.09
                       s · first token 0.10 s, total 0.84 s · draft 182/222
                       accepted (82%) · max_tokens reached
16:41:27.584 INFO:     #342 chat/completions (stream): 143 prompt tokens ·
                       temperature: 0, greedy (req), max_tokens: 256 (req),
                       min_tokens: 256 (req)
16:41:28.600 INFO:     #342 chat/completions (stream): 256 tokens generated at
                       282.6 T/s · prompt 143 tokens, none cached, 143 new in
                       0.10 s · first token 0.11 s, total 1.01 s · draft 166/270
                       accepted (61%) · max_tokens reached
16:41:28.605 INFO:     #343 chat/completions (stream): 832 prompt tokens ·
                       temperature: 0, greedy (req), max_tokens: 256 (req),
                       min_tokens: 256 (req)
16:41:29.783 INFO:     #343 chat/completions (stream): 256 tokens generated at
                       279.5 T/s · prompt 832 tokens, none cached, 832 new in
                       0.25 s (3,328 T/s) · first token 0.26 s, total 1.17 s ·
                       draft 165/273 accepted (60%) · max_tokens reached
16:41:29.785 INFO:     #344 chat/completions (stream): 91 prompt tokens ·
                       temperature: 0, greedy (req), max_tokens: 256 (req),
                       min_tokens: 256 (req)
16:41:30.588 INFO:     #344 chat/completions (stream): 256 tokens generated at
                       361.0 T/s · prompt 91 tokens, none cached, 91 new in 0.09
                       s · first token 0.10 s, total 0.80 s · draft 184/216
                       accepted (85%) · max_tokens reached
16:41:30.590 INFO:     #345 chat/completions (stream): 62 prompt tokens ·
                       temperature: 0, greedy (req), max_tokens: 256 (req),
                       min_tokens: 256 (req)
16:41:31.665 INFO:     #345 chat/completions (stream): 256 tokens generated at
                       256.8 T/s · prompt 62 tokens, none cached, 62 new in 0.07
                       s · first token 0.08 s, total 1.07 s · draft 156/300
                       accepted (52%) · max_tokens reached
16:41:31.667 INFO:     #346 chat/completions (stream): 62 prompt tokens ·
                       temperature: 0, greedy (req), max_tokens: 256 (req),
                       min_tokens: 256 (req)
16:41:32.784 INFO:     #346 chat/completions (stream): 256 tokens generated at
                       246.0 T/s · prompt 62 tokens, none cached, 62 new in 0.07
                       s · first token 0.08 s, total 1.12 s · draft 152/312
                       accepted (49%) · max_tokens reached
16:41:32.786 INFO:     #348 chat/completions (stream): 71 prompt tokens ·
                       temperature: 0, greedy (req), max_tokens: 256 (req),
                       min_tokens: 256 (req)
16:41:33.759 INFO:     #348 chat/completions (stream): 256 tokens generated at
                       287.8 T/s · prompt 71 tokens, none cached, 71 new in 0.08
                       s · first token 0.09 s, total 0.97 s · draft 166/270
                       accepted (61%) · max_tokens reached
16:41:33.761 INFO:     #349 chat/completions (stream): 93 prompt tokens ·
                       temperature: 0, greedy (req), max_tokens: 256 (req),
                       min_tokens: 256 (req)
16:41:34.615 INFO:     #349 chat/completions (stream): 256 tokens generated at
                       336.9 T/s · prompt 93 tokens, none cached, 93 new in 0.09
                       s · first token 0.10 s, total 0.86 s · draft 179/231
                       accepted (77%) · max_tokens reached
16:41:34.617 INFO:     #350 chat/completions (stream): 74 prompt tokens ·
                       temperature: 0, greedy (req), max_tokens: 256 (req),
                       min_tokens: 256 (req)
16:41:35.656 INFO:     #350 chat/completions (stream): 256 tokens generated at
                       268.1 T/s · prompt 74 tokens, none cached, 74 new in 0.08
                       s · first token 0.09 s, total 1.04 s · draft 160/288
                       accepted (56%) · max_tokens reached
16:41:35.660 INFO:     #351 chat/completions (stream): 892 prompt tokens ·
                       temperature: 0, greedy (req), max_tokens: 256 (req),
                       min_tokens: 256 (req)
16:41:36.720 INFO:     #351 chat/completions (stream): 256 tokens generated at
                       328.1 T/s · prompt 892 tokens, none cached, 892 new in
                       0.27 s (3,304 T/s) · first token 0.28 s, total 1.06 s ·
                       draft 178/234 accepted (76%) · max_tokens reached
16:41:36.724 INFO:     #352 chat/completions (stream): 726 prompt tokens ·
                       temperature: 0, greedy (req), max_tokens: 256 (req),
                       min_tokens: 256 (req)
16:41:37.894 INFO:     #352 chat/completions (stream): 256 tokens generated at
                       279.4 T/s · prompt 726 tokens, none cached, 726 new in
                       0.24 s (3,025 T/s) · first token 0.25 s, total 1.16 s ·
                       draft 164/276 accepted (59%) · max_tokens reached
16:41:37.898 INFO:     #353 chat/completions (stream): 433 prompt tokens ·
                       temperature: 0, greedy (req), max_tokens: 256 (req),
                       min_tokens: 256 (req)
16:41:38.996 INFO:     #353 chat/completions (stream): 256 tokens generated at
                       293.4 T/s · prompt 433 tokens, none cached, 433 new in
                       0.22 s (1,968 T/s) · first token 0.23 s, total 1.10 s ·
                       draft 169/261 accepted (65%) · max_tokens reached
16:41:38.999 INFO:     #354 chat/completions (stream): 116 prompt tokens ·
                       temperature: 0, greedy (req), max_tokens: 256 (req),
                       min_tokens: 256 (req)
16:41:39.824 INFO:     #354 chat/completions (stream): 256 tokens generated at
                       355.2 T/s · prompt 116 tokens, none cached, 116 new in
                       0.10 s · first token 0.11 s, total 0.83 s · draft 184/216
                       accepted (85%) · max_tokens reached
16:41:39.827 INFO:     #355 chat/completions (stream): 81 prompt tokens ·
                       temperature: 0, greedy (req), max_tokens: 256 (req),
                       min_tokens: 256 (req)
16:41:40.733 INFO:     #355 chat/completions (stream): 256 tokens generated at
                       312.6 T/s · prompt 81 tokens, none cached, 81 new in 0.08
                       s · first token 0.09 s, total 0.90 s · draft 175/243
                       accepted (72%) · max_tokens reached
16:41:40.737 INFO:     #356 chat/completions (stream): 634 prompt tokens ·
                       temperature: 0, greedy (req), max_tokens: 256 (req),
                       min_tokens: 256 (req)
16:41:41.913 INFO:     #356 chat/completions (stream): 256 tokens generated at
                       276.9 T/s · prompt 634 tokens, none cached, 634 new in
                       0.24 s (2,642 T/s) · first token 0.25 s, total 1.17 s ·
                       draft 163/279 accepted (58%) · max_tokens reached
16:41:41.915 INFO:     #357 chat/completions (stream): 71 prompt tokens ·
                       temperature: 0, greedy (req), max_tokens: 256 (req),
                       min_tokens: 256 (req)
16:41:42.865 INFO:     #357 chat/completions (stream): 256 tokens generated at
                       295.7 T/s · prompt 71 tokens, none cached, 71 new in 0.08
                       s · first token 0.09 s, total 0.95 s · draft 170/258
                       accepted (66%) · max_tokens reached
16:41:42.867 INFO:     #358 chat/completions (stream): 100 prompt tokens ·
                       temperature: 0, greedy (req), max_tokens: 256 (req),
                       min_tokens: 256 (req)
16:41:43.789 INFO:     #358 chat/completions (stream): 256 tokens generated at
                       311.4 T/s · prompt 100 tokens, none cached, 100 new in
                       0.09 s · first token 0.10 s, total 0.92 s · draft 173/249
                       accepted (69%) · max_tokens reached
16:41:43.791 INFO:     #359 chat/completions (stream): 96 prompt tokens ·
                       temperature: 0, greedy (req), max_tokens: 256 (req),
                       min_tokens: 256 (req)
16:41:44.788 INFO:     #359 chat/completions (stream): 256 tokens generated at
                       283.8 T/s · prompt 96 tokens, none cached, 96 new in 0.09
                       s · first token 0.10 s, total 1.00 s · draft 165/273
                       accepted (60%) · max_tokens reached
16:41:44.790 INFO:     #360 chat/completions (stream): 93 prompt tokens ·
                       temperature: 0, greedy (req), max_tokens: 256 (req),
                       min_tokens: 256 (req)
16:41:45.972 INFO:     #360 chat/completions (stream): 256 tokens generated at
                       235.2 T/s · prompt 93 tokens, none cached, 93 new in 0.09
                       s · first token 0.10 s, total 1.18 s · draft 147/327
                       accepted (45%) · max_tokens reached
16:41:45.976 INFO:     #361 chat/completions (stream): 804 prompt tokens ·
                       temperature: 0, greedy (req), max_tokens: 256 (req),
                       min_tokens: 256 (req)
16:41:47.048 INFO:     #361 chat/completions (stream): 256 tokens generated at
                       310.3 T/s · prompt 804 tokens, none cached, 804 new in
                       0.24 s (3,350 T/s) · first token 0.25 s, total 1.07 s ·
                       draft 174/246 accepted (71%) · max_tokens reached
16:41:47.052 INFO:     #363 chat/completions (stream): 745 prompt tokens ·
                       temperature: 0, greedy (req), max_tokens: 256 (req),
                       min_tokens: 256 (req)
16:41:48.053 INFO:     #363 chat/completions (stream): 256 tokens generated at
                       346.4 T/s · prompt 745 tokens, none cached, 745 new in
                       0.25 s (2,980 T/s) · first token 0.26 s, total 0.99 s ·
                       draft 182/222 accepted (82%) · max_tokens reached
16:41:48.057 INFO:     #364 chat/completions (stream): 740 prompt tokens ·
                       temperature: 0, greedy (req), max_tokens: 256 (req),
                       min_tokens: 256 (req)
16:41:49.225 INFO:     #364 chat/completions (stream): 256 tokens generated at
                       281.8 T/s · prompt 740 tokens, none cached, 740 new in
                       0.25 s (2,960 T/s) · first token 0.26 s, total 1.16 s ·
                       draft 166/270 accepted (61%) · max_tokens reached
16:41:49.228 INFO:     #365 chat/completions (stream): 93 prompt tokens ·
                       temperature: 0, greedy (req), max_tokens: 256 (req),
                       min_tokens: 256 (req)
16:41:50.177 INFO:     #365 chat/completions (stream): 256 tokens generated at
                       299.6 T/s · prompt 93 tokens, none cached, 93 new in 0.09
                       s · first token 0.10 s, total 0.95 s · draft 171/255
                       accepted (67%) · max_tokens reached
16:41:50.179 INFO:     #366 chat/completions (stream): 108 prompt tokens ·
                       temperature: 0, greedy (req), max_tokens: 256 (req),
                       min_tokens: 256 (req)
16:41:51.051 INFO:     #366 chat/completions (stream): 256 tokens generated at
                       331.8 T/s · prompt 108 tokens, none cached, 108 new in
                       0.09 s · first token 0.10 s, total 0.87 s · draft 179/231
                       accepted (77%) · max_tokens reached
16:41:51.053 INFO:     #367 chat/completions (stream): 63 prompt tokens ·
                       temperature: 0, greedy (req), max_tokens: 256 (req),
                       min_tokens: 256 (req)
16:41:52.153 INFO:     #367 chat/completions (stream): 256 tokens generated at
                       250.3 T/s · prompt 63 tokens, none cached, 63 new in 0.07
                       s · first token 0.08 s, total 1.10 s · draft 154/306
                       accepted (50%) · max_tokens reached
16:41:52.156 INFO:     #368 chat/completions (stream): 395 prompt tokens ·
                       temperature: 0, greedy (req), max_tokens: 256 (req),
                       min_tokens: 256 (req)
16:41:53.140 INFO:     #368 chat/completions (stream): 256 tokens generated at
                       333.8 T/s · prompt 395 tokens, none cached, 395 new in
                       0.21 s (1,881 T/s) · first token 0.22 s, total 0.98 s ·
                       draft 182/222 accepted (82%) · max_tokens reached
16:41:53.144 INFO:     #369 chat/completions (stream): 692 prompt tokens ·
                       temperature: 0, greedy (req), max_tokens: 256 (req),
                       min_tokens: 256 (req)
16:41:54.281 INFO:     #369 chat/completions (stream): 256 tokens generated at
                       288.0 T/s · prompt 692 tokens, none cached, 692 new in
                       0.24 s (2,883 T/s) · first token 0.25 s, total 1.13 s ·
                       draft 170/258 accepted (66%) · max_tokens reached
16:41:54.285 INFO:     #370 chat/completions (stream): 714 prompt tokens ·
                       temperature: 0, greedy (req), max_tokens: 256 (req),
                       min_tokens: 256 (req)
16:41:55.362 INFO:     #370 chat/completions (stream): 256 tokens generated at
                       312.4 T/s · prompt 714 tokens, none cached, 714 new in
                       0.25 s (2,856 T/s) · first token 0.26 s, total 1.08 s ·
                       draft 174/246 accepted (71%) · max_tokens reached
16:41:55.365 INFO:     #371 chat/completions (stream): 79 prompt tokens ·
                       temperature: 0, greedy (req), max_tokens: 256 (req),
                       min_tokens: 256 (req)
16:41:56.582 INFO:     #371 chat/completions (stream): 256 tokens generated at
                       226.3 T/s · prompt 79 tokens, none cached, 79 new in 0.08
                       s · first token 0.09 s, total 1.22 s · draft 142/342
                       accepted (42%) · max_tokens reached
16:41:56.586 INFO:     #372 chat/completions (stream): 587 prompt tokens ·
                       temperature: 0, greedy (req), max_tokens: 256 (req),
                       min_tokens: 256 (req)
16:41:57.741 INFO:     #372 chat/completions (stream): 256 tokens generated at
                       278.1 T/s · prompt 587 tokens, none cached, 587 new in
                       0.23 s (2,552 T/s) · first token 0.24 s, total 1.16 s ·
                       draft 164/276 accepted (59%) · max_tokens reached
16:41:57.744 INFO:     #373 chat/completions (stream): 120 prompt tokens ·
                       temperature: 0, greedy (req), max_tokens: 256 (req),
                       min_tokens: 256 (req)
16:41:58.542 INFO:     #373 chat/completions (stream): 256 tokens generated at
                       369.5 T/s · prompt 120 tokens, none cached, 120 new in
                       0.10 s · first token 0.11 s, total 0.80 s · draft 186/210
                       accepted (89%) · max_tokens reached
16:41:58.545 INFO:     #374 chat/completions (stream): 111 prompt tokens ·
                       temperature: 0, greedy (req), max_tokens: 256 (req),
                       min_tokens: 256 (req)
16:41:59.389 INFO:     #374 chat/completions (stream): 256 tokens generated at
                       345.0 T/s · prompt 111 tokens, none cached, 111 new in
                       0.09 s · first token 0.10 s, total 0.84 s · draft 181/225
                       accepted (80%) · max_tokens reached
16:41:59.393 INFO:     #375 chat/completions (stream): 894 prompt tokens ·
                       temperature: 0, greedy (req), max_tokens: 256 (req),
                       min_tokens: 256 (req)
16:42:00.512 INFO:     #375 chat/completions (stream): 256 tokens generated at
                       314.8 T/s · prompt 894 tokens, none cached, 894 new in
                       0.30 s (2,980 T/s) · first token 0.31 s, total 1.12 s ·
                       draft 174/246 accepted (71%) · max_tokens reached
16:42:00.517 INFO:     #376 chat/completions (stream): 1,157 prompt tokens ·
                       temperature: 0, greedy (req), max_tokens: 256 (req),
                       min_tokens: 256 (req)
16:42:01.835 INFO:     #376 chat/completions (stream): 256 tokens generated at
                       256.7 T/s · prompt 1,157 tokens, none cached, 1,157 new
                       in 0.31 s (3,732 T/s) · first token 0.32 s, total 1.31 s
                       · draft 156/300 accepted (52%) · max_tokens reached
16:42:01.837 INFO:     #377 chat/completions (stream): 93 prompt tokens ·
                       temperature: 0, greedy (req), max_tokens: 256 (req),
                       min_tokens: 256 (req)
16:42:02.804 INFO:     #377 chat/completions (stream): 256 tokens generated at
                       294.0 T/s · prompt 93 tokens, none cached, 93 new in 0.09
                       s · first token 0.10 s, total 0.97 s · draft 170/258
                       accepted (66%) · max_tokens reached
16:42:02.806 INFO:     #379 chat/completions (stream): 61 prompt tokens ·
                       temperature: 0, greedy (req), max_tokens: 256 (req),
                       min_tokens: 256 (req)
16:42:03.743 INFO:     #379 chat/completions (stream): 256 tokens generated at
                       297.1 T/s · prompt 61 tokens, none cached, 61 new in 0.07
                       s · first token 0.08 s, total 0.94 s · draft 170/258
                       accepted (66%) · max_tokens reached
16:42:03.749 INFO:     #380 chat/completions (stream): 1,540 prompt tokens ·
                       temperature: 0, greedy (req), max_tokens: 256 (req),
                       min_tokens: 256 (req)
16:42:04.972 INFO:     #380 chat/completions (stream): 256 tokens generated at
                       270.5 T/s · prompt 1,540 tokens, none cached, 1,540 new
                       in 0.27 s (5,704 T/s) · first token 0.28 s, total 1.22 s
                       · draft 162/282 accepted (57%) · max_tokens reached
16:42:04.974 INFO:     #381 chat/completions (stream): 64 prompt tokens ·
                       temperature: 0, greedy (req), max_tokens: 256 (req),
                       min_tokens: 256 (req)
16:42:05.913 INFO:     #381 chat/completions (stream): 256 tokens generated at
                       297.0 T/s · prompt 64 tokens, none cached, 64 new in 0.07
                       s · first token 0.08 s, total 0.94 s · draft 169/261
                       accepted (65%) · max_tokens reached
16:42:05.916 INFO:     #382 chat/completions (stream): 123 prompt tokens ·
                       temperature: 0, greedy (req), max_tokens: 256 (req),
                       min_tokens: 256 (req)
16:42:06.817 INFO:     #382 chat/completions (stream): 256 tokens generated at
                       321.6 T/s · prompt 123 tokens, none cached, 123 new in
                       0.10 s · first token 0.11 s, total 0.90 s · draft 177/237
                       accepted (75%) · max_tokens reached
16:42:06.819 INFO:     #383 chat/completions (stream): 72 prompt tokens ·
                       temperature: 0, greedy (req), max_tokens: 256 (req),
                       min_tokens: 256 (req)
16:42:07.832 INFO:     #383 chat/completions (stream): 256 tokens generated at
                       275.9 T/s · prompt 72 tokens, none cached, 72 new in 0.08
                       s · first token 0.09 s, total 1.01 s · draft 163/279
                       accepted (58%) · max_tokens reached
16:42:07.834 INFO:     #384 chat/completions (stream): 81 prompt tokens ·
                       temperature: 0, greedy (req), max_tokens: 256 (req),
                       min_tokens: 256 (req)
16:42:08.736 INFO:     #384 chat/completions (stream): 256 tokens generated at
                       315.0 T/s · prompt 81 tokens, none cached, 81 new in 0.08
                       s · first token 0.09 s, total 0.90 s · draft 175/243
                       accepted (72%) · max_tokens reached
16:42:08.738 INFO:     #385 chat/completions (stream): 64 prompt tokens ·
                       temperature: 0, greedy (req), max_tokens: 256 (req),
                       min_tokens: 256 (req)
16:42:09.796 INFO:     #385 chat/completions (stream): 256 tokens generated at
                       262.3 T/s · prompt 64 tokens, none cached, 64 new in 0.07
                       s · first token 0.08 s, total 1.05 s · draft 157/297
                       accepted (53%) · max_tokens reached
16:42:09.799 INFO:     #386 chat/completions (stream): 73 prompt tokens ·
                       temperature: 0, greedy (req), max_tokens: 256 (req),
                       min_tokens: 256 (req)
16:42:10.782 INFO:     #386 chat/completions (stream): 256 tokens generated at
                       285.0 T/s · prompt 73 tokens, none cached, 73 new in 0.08
                       s · first token 0.09 s, total 0.98 s · draft 166/270
                       accepted (61%) · max_tokens reached
16:42:10.784 INFO:     #387 chat/completions (stream): 63 prompt tokens ·
                       temperature: 0, greedy (req), max_tokens: 256 (req),
                       min_tokens: 256 (req)
16:42:11.836 INFO:     #387 chat/completions (stream): 256 tokens generated at
                       262.6 T/s · prompt 63 tokens, none cached, 63 new in 0.07
                       s · first token 0.08 s, total 1.05 s · draft 158/294
                       accepted (54%) · max_tokens reached
16:42:11.840 INFO:     #388 chat/completions (stream): 720 prompt tokens ·
                       temperature: 0, greedy (req), max_tokens: 256 (req),
                       min_tokens: 256 (req)
16:42:13.023 INFO:     #388 chat/completions (stream): 256 tokens generated at
                       276.5 T/s · prompt 720 tokens, none cached, 720 new in
                       0.25 s (2,880 T/s) · first token 0.26 s, total 1.18 s ·
                       draft 163/279 accepted (58%) · max_tokens reached
16:42:13.026 INFO:     #389 chat/completions (stream): 110 prompt tokens ·
                       temperature: 0, greedy (req), max_tokens: 256 (req),
                       min_tokens: 256 (req)
16:42:13.887 INFO:     #389 chat/completions (stream): 256 tokens generated at
                       335.6 T/s · prompt 110 tokens, none cached, 110 new in
                       0.09 s · first token 0.10 s, total 0.86 s · draft 180/228
                       accepted (79%) · max_tokens reached
16:42:13.892 INFO:     #390 chat/completions (stream): 751 prompt tokens ·
                       temperature: 0, greedy (req), max_tokens: 256 (req),
                       min_tokens: 256 (req)
16:42:14.958 INFO:     #390 chat/completions (stream): 256 tokens generated at
                       318.4 T/s · prompt 751 tokens, none cached, 751 new in
                       0.25 s (3,004 T/s) · first token 0.26 s, total 1.06 s ·
                       draft 176/240 accepted (73%) · max_tokens reached
16:42:14.961 INFO:     #391 chat/completions (stream): 128 prompt tokens ·
                       temperature: 0, greedy (req), max_tokens: 256 (req),
                       min_tokens: 256 (req)
16:42:15.775 INFO:     #391 chat/completions (stream): 256 tokens generated at
                       362.5 T/s · prompt 128 tokens, none cached, 128 new in
                       0.10 s · first token 0.11 s, total 0.81 s · draft 185/213
                       accepted (87%) · max_tokens reached
16:42:15.777 INFO:     #392 chat/completions (stream): 103 prompt tokens ·
                       temperature: 0, greedy (req), max_tokens: 256 (req),
                       min_tokens: 256 (req)
16:42:16.803 INFO:     #392 chat/completions (stream): 256 tokens generated at
                       276.2 T/s · prompt 103 tokens, none cached, 103 new in
                       0.09 s · first token 0.10 s, total 1.02 s · draft 163/279
                       accepted (58%) · max_tokens reached
16:42:16.805 INFO:     #393 chat/completions (stream): 64 prompt tokens ·
                       temperature: 0, greedy (req), max_tokens: 256 (req),
                       min_tokens: 256 (req)
16:42:17.836 INFO:     #393 chat/completions (stream): 256 tokens generated at
                       268.3 T/s · prompt 64 tokens, none cached, 64 new in 0.07
                       s · first token 0.08 s, total 1.03 s · draft 160/288
                       accepted (56%) · max_tokens reached
16:42:17.839 INFO:     #395 chat/completions (stream): 114 prompt tokens ·
                       temperature: 0, greedy (req), max_tokens: 256 (req),
                       min_tokens: 256 (req)
16:42:19.045 INFO:     #395 chat/completions (stream): 256 tokens generated at
                       232.4 T/s · prompt 114 tokens, none cached, 114 new in
                       0.10 s · first token 0.11 s, total 1.21 s · draft 146/330
                       accepted (44%) · max_tokens reached
16:42:19.048 INFO:     #396 chat/completions (stream): 135 prompt tokens ·
                       temperature: 0, greedy (req), max_tokens: 256 (req),
                       min_tokens: 256 (req)
16:42:19.954 INFO:     #396 chat/completions (stream): 256 tokens generated at
                       322.3 T/s · prompt 135 tokens, none cached, 135 new in
                       0.10 s · first token 0.11 s, total 0.90 s · draft 180/228
                       accepted (79%) · max_tokens reached
16:42:19.956 INFO:     #397 chat/completions (stream): 80 prompt tokens ·
                       temperature: 0, greedy (req), max_tokens: 256 (req),
                       min_tokens: 256 (req)
16:42:20.933 INFO:     #397 chat/completions (stream): 256 tokens generated at
                       287.2 T/s · prompt 80 tokens, none cached, 80 new in 0.08
                       s · first token 0.09 s, total 0.98 s · draft 167/267
                       accepted (63%) · max_tokens reached
16:42:20.935 INFO:     #398 chat/completions (stream): 73 prompt tokens ·
                       temperature: 0, greedy (req), max_tokens: 256 (req),
                       min_tokens: 256 (req)
16:42:21.853 INFO:     #398 chat/completions (stream): 256 tokens generated at
                       307.2 T/s · prompt 73 tokens, none cached, 73 new in 0.08
                       s · first token 0.09 s, total 0.92 s · draft 172/252
                       accepted (68%) · max_tokens reached
16:42:21.855 INFO:     #399 chat/completions (stream): 62 prompt tokens ·
                       temperature: 0, greedy (req), max_tokens: 256 (req),
                       min_tokens: 256 (req)
16:42:22.884 INFO:     #399 chat/completions (stream): 256 tokens generated at
                       268.6 T/s · prompt 62 tokens, none cached, 62 new in 0.07
                       s · first token 0.08 s, total 1.03 s · draft 160/288
                       accepted (56%) · max_tokens reached
16:42:22.889 INFO:     #400 chat/completions (stream): 785 prompt tokens ·
                       temperature: 0, greedy (req), max_tokens: 256 (req),
                       min_tokens: 256 (req)
16:42:23.967 INFO:     #400 chat/completions (stream): 256 tokens generated at
                       290.8 T/s · prompt 785 tokens, none cached, 785 new in
                       0.19 s (4,132 T/s) · first token 0.20 s, total 1.08 s ·
                       draft 167/267 accepted (63%) · max_tokens reached
16:42:23.970 INFO:     #401 chat/completions (stream): 92 prompt tokens ·
                       temperature: 0, greedy (req), max_tokens: 256 (req),
                       min_tokens: 256 (req)
16:42:25.036 INFO:     #401 chat/completions (stream): 256 tokens generated at
                       264.1 T/s · prompt 92 tokens, none cached, 92 new in 0.09
                       s · first token 0.10 s, total 1.06 s · draft 165/273
                       accepted (60%) · max_tokens reached
16:42:25.041 INFO:     #402 chat/completions (stream): 680 prompt tokens ·
                       temperature: 0, greedy (req), max_tokens: 256 (req),
                       min_tokens: 256 (req)
16:42:26.174 INFO:     #402 chat/completions (stream): 256 tokens generated at
                       288.8 T/s · prompt 680 tokens, none cached, 680 new in
                       0.24 s (2,833 T/s) · first token 0.25 s, total 1.13 s ·
                       draft 167/267 accepted (63%) · max_tokens reached
16:42:26.177 INFO:     #403 chat/completions (stream): 125 prompt tokens ·
                       temperature: 0, greedy (req), max_tokens: 256 (req),
                       min_tokens: 256 (req)
16:42:27.156 INFO:     #403 chat/completions (stream): 256 tokens generated at
                       292.1 T/s · prompt 125 tokens, none cached, 125 new in
                       0.09 s · first token 0.10 s, total 0.97 s · draft 167/267
                       accepted (63%) · max_tokens reached
16:42:27.158 INFO:     #404 chat/completions (stream): 79 prompt tokens ·
                       temperature: 0, greedy (req), max_tokens: 256 (req),
                       min_tokens: 256 (req)
16:42:28.186 INFO:     #404 chat/completions (stream): 256 tokens generated at
                       272.0 T/s · prompt 79 tokens, none cached, 79 new in 0.08
                       s · first token 0.09 s, total 1.03 s · draft 161/285
                       accepted (56%) · max_tokens reached
16:42:28.189 INFO:     #405 chat/completions (stream): 86 prompt tokens ·
                       temperature: 0, greedy (req), max_tokens: 256 (req),
                       min_tokens: 256 (req)
16:42:29.171 INFO:     #405 chat/completions (stream): 256 tokens generated at
                       287.6 T/s · prompt 86 tokens, none cached, 86 new in 0.08
                       s · first token 0.09 s, total 0.98 s · draft 167/267
                       accepted (63%) · max_tokens reached
16:42:29.174 INFO:     #406 chat/completions (stream): 69 prompt tokens ·
                       temperature: 0, greedy (req), max_tokens: 256 (req),
                       min_tokens: 256 (req)
16:42:30.119 INFO:     #406 chat/completions (stream): 256 tokens generated at
                       297.2 T/s · prompt 69 tokens, none cached, 69 new in 0.08
                       s · first token 0.09 s, total 0.95 s · draft 170/258
                       accepted (66%) · max_tokens reached
16:42:30.122 INFO:     #407 chat/completions (stream): 80 prompt tokens ·
                       temperature: 0, greedy (req), max_tokens: 256 (req),
                       min_tokens: 256 (req)
16:42:31.125 INFO:     #407 chat/completions (stream): 256 tokens generated at
                       279.2 T/s · prompt 80 tokens, none cached, 80 new in 0.08
                       s · first token 0.09 s, total 1.00 s · draft 165/273
                       accepted (60%) · max_tokens reached
16:42:31.128 INFO:     #408 chat/completions (stream): 80 prompt tokens ·
                       temperature: 0, greedy (req), max_tokens: 256 (req),
                       min_tokens: 256 (req)
16:42:32.194 INFO:     #408 chat/completions (stream): 256 tokens generated at
                       261.9 T/s · prompt 80 tokens, none cached, 80 new in 0.08
                       s · first token 0.09 s, total 1.06 s · draft 158/294
                       accepted (54%) · max_tokens reached
16:42:32.196 INFO:     #410 chat/completions (stream): 62 prompt tokens ·
                       temperature: 0, greedy (req), max_tokens: 256 (req),
                       min_tokens: 256 (req)
16:42:33.306 INFO:     #410 chat/completions (stream): 256 tokens generated at
                       247.8 T/s · prompt 62 tokens, none cached, 62 new in 0.07
                       s · first token 0.08 s, total 1.11 s · draft 152/312
                       accepted (49%) · max_tokens reached
16:42:33.310 INFO:     #411 chat/completions (stream): 635 prompt tokens ·
                       temperature: 0, greedy (req), max_tokens: 256 (req),
                       min_tokens: 256 (req)
16:42:34.456 INFO:     #411 chat/completions (stream): 256 tokens generated at
                       286.0 T/s · prompt 635 tokens, none cached, 635 new in
                       0.24 s (2,646 T/s) · first token 0.25 s, total 1.14 s ·
                       draft 167/267 accepted (63%) · max_tokens reached
16:42:34.460 INFO:     #412 chat/completions (stream): 828 prompt tokens ·
                       temperature: 0, greedy (req), max_tokens: 256 (req),
                       min_tokens: 256 (req)
16:42:35.603 INFO:     #412 chat/completions (stream): 256 tokens generated at
                       287.9 T/s · prompt 828 tokens, none cached, 828 new in
                       0.24 s (3,450 T/s) · first token 0.25 s, total 1.13 s ·
                       draft 167/267 accepted (63%) · max_tokens reached
16:42:35.605 INFO:     #413 chat/completions (stream): 62 prompt tokens ·
                       temperature: 0, greedy (req), max_tokens: 256 (req),
                       min_tokens: 256 (req)
16:42:36.821 INFO:     #413 chat/completions (stream): 256 tokens generated at
                       224.8 T/s · prompt 62 tokens, none cached, 62 new in 0.07
                       s · first token 0.08 s, total 1.21 s · draft 141/345
                       accepted (41%) · max_tokens reached
16:42:36.824 INFO:     #414 chat/completions (stream): 79 prompt tokens ·
                       temperature: 0, greedy (req), max_tokens: 256 (req),
                       min_tokens: 256 (req)
16:42:37.618 INFO:     #414 chat/completions (stream): 256 tokens generated at
                       360.8 T/s · prompt 79 tokens, none cached, 79 new in 0.08
                       s · first token 0.09 s, total 0.79 s · draft 184/216
                       accepted (85%) · max_tokens reached
16:42:37.622 INFO:     #415 chat/completions (stream): 492 prompt tokens ·
                       temperature: 0, greedy (req), max_tokens: 256 (req),
                       min_tokens: 256 (req)
16:42:38.827 INFO:     #415 chat/completions (stream): 256 tokens generated at
                       265.8 T/s · prompt 492 tokens, none cached, 492 new in
                       0.23 s (2,139 T/s) · first token 0.24 s, total 1.20 s ·
                       draft 159/291 accepted (55%) · max_tokens reached
16:42:38.830 INFO:     #416 chat/completions (stream): 65 prompt tokens ·
                       temperature: 0, greedy (req), max_tokens: 256 (req),
                       min_tokens: 256 (req)
16:42:39.802 INFO:     #416 chat/completions (stream): 256 tokens generated at
                       286.2 T/s · prompt 65 tokens, none cached, 65 new in 0.07
                       s · first token 0.08 s, total 0.97 s · draft 166/270
                       accepted (61%) · max_tokens reached
16:42:39.804 INFO:     #417 chat/completions (stream): 63 prompt tokens ·
                       temperature: 0, greedy (req), max_tokens: 256 (req),
                       min_tokens: 256 (req)
16:42:40.778 INFO:     #417 chat/completions (stream): 256 tokens generated at
                       285.9 T/s · prompt 63 tokens, none cached, 63 new in 0.07
                       s · first token 0.08 s, total 0.97 s · draft 166/270
                       accepted (61%) · max_tokens reached
16:42:40.782 INFO:     #418 chat/completions (stream): 724 prompt tokens ·
                       temperature: 0, greedy (req), max_tokens: 256 (req),
                       min_tokens: 256 (req)
16:42:41.955 INFO:     #418 chat/completions (stream): 256 tokens generated at
                       279.0 T/s · prompt 724 tokens, none cached, 724 new in
                       0.25 s (2,896 T/s) · first token 0.26 s, total 1.17 s ·
                       draft 170/258 accepted (66%) · max_tokens reached
16:42:41.959 INFO:     #419 chat/completions (stream): 760 prompt tokens ·
                       temperature: 0, greedy (req), max_tokens: 256 (req),
                       min_tokens: 256 (req)
16:42:43.093 INFO:     #419 chat/completions (stream): 256 tokens generated at
                       291.7 T/s · prompt 760 tokens, none cached, 760 new in
                       0.25 s (3,040 T/s) · first token 0.26 s, total 1.13 s ·
                       draft 168/264 accepted (64%) · max_tokens reached
16:42:43.098 INFO:     #420 chat/completions (stream): 742 prompt tokens ·
                       temperature: 0, greedy (req), max_tokens: 256 (req),
                       min_tokens: 256 (req)
16:42:44.167 INFO:     #420 chat/completions (stream): 256 tokens generated at
                       315.9 T/s · prompt 742 tokens, none cached, 742 new in
                       0.25 s (2,968 T/s) · first token 0.26 s, total 1.07 s ·
                       draft 175/243 accepted (72%) · max_tokens reached
16:42:44.170 INFO:     #421 chat/completions (stream): 61 prompt tokens ·
                       temperature: 0, greedy (req), max_tokens: 256 (req),
                       min_tokens: 256 (req)
16:42:45.314 INFO:     #421 chat/completions (stream): 256 tokens generated at
                       239.8 T/s · prompt 61 tokens, none cached, 61 new in 0.07
                       s · first token 0.08 s, total 1.14 s · draft 148/324
                       accepted (46%) · max_tokens reached
16:42:45.318 INFO:     #422 chat/completions (stream): 764 prompt tokens ·
                       temperature: 0, greedy (req), max_tokens: 256 (req),
                       min_tokens: 256 (req)
16:42:46.368 INFO:     #422 chat/completions (stream): 256 tokens generated at
                       325.6 T/s · prompt 764 tokens, none cached, 764 new in
                       0.25 s (3,056 T/s) · first token 0.26 s, total 1.04 s ·
                       draft 177/237 accepted (75%) · max_tokens reached
16:42:46.372 INFO:     #423 chat/completions (stream): 833 prompt tokens ·
                       temperature: 0, greedy (req), max_tokens: 256 (req),
                       min_tokens: 256 (req)
16:42:47.468 INFO:     #423 chat/completions (stream): 256 tokens generated at
                       315.0 T/s · prompt 833 tokens, none cached, 833 new in
                       0.27 s (3,085 T/s) · first token 0.28 s, total 1.09 s ·
                       draft 174/246 accepted (71%) · max_tokens reached
16:42:47.471 INFO:     #425 chat/completions (stream): 71 prompt tokens ·
                       temperature: 0, greedy (req), max_tokens: 256 (req),
                       min_tokens: 256 (req)
16:42:48.591 INFO:     #425 chat/completions (stream): 256 tokens generated at
                       247.0 T/s · prompt 71 tokens, none cached, 71 new in 0.08
                       s · first token 0.09 s, total 1.12 s · draft 152/312
                       accepted (49%) · max_tokens reached
16:42:48.595 INFO:     #426 chat/completions (stream): 798 prompt tokens ·
                       temperature: 0, greedy (req), max_tokens: 256 (req),
                       min_tokens: 256 (req)
16:42:49.634 INFO:     #426 chat/completions (stream): 256 tokens generated at
                       307.9 T/s · prompt 798 tokens, none cached, 798 new in
                       0.20 s (3,990 T/s) · first token 0.21 s, total 1.04 s ·
                       draft 173/249 accepted (69%) · max_tokens reached
16:42:49.636 INFO:     #427 chat/completions (stream): 87 prompt tokens ·
                       temperature: 0, greedy (req), max_tokens: 256 (req),
                       min_tokens: 256 (req)
16:42:50.537 INFO:     #427 chat/completions (stream): 256 tokens generated at
                       316.4 T/s · prompt 87 tokens, none cached, 87 new in 0.08
                       s · first token 0.09 s, total 0.89 s · draft 175/243
                       accepted (72%) · max_tokens reached
16:42:50.542 INFO:     #428 chat/completions (stream): 773 prompt tokens ·
                       temperature: 0, greedy (req), max_tokens: 256 (req),
                       min_tokens: 256 (req)
16:42:51.580 INFO:     #428 chat/completions (stream): 256 tokens generated at
                       302.4 T/s · prompt 773 tokens, none cached, 773 new in
                       0.18 s (4,294 T/s) · first token 0.19 s, total 1.03 s ·
                       draft 171/255 accepted (67%) · max_tokens reached
16:42:51.582 INFO:     #429 chat/completions (stream): 114 prompt tokens ·
                       temperature: 0, greedy (req), max_tokens: 256 (req),
                       min_tokens: 256 (req)
16:42:52.603 INFO:     #429 chat/completions (stream): 256 tokens generated at
                       279.7 T/s · prompt 114 tokens, none cached, 114 new in
                       0.10 s · first token 0.11 s, total 1.02 s · draft 164/276
                       accepted (59%) · max_tokens reached
16:42:52.606 INFO:     #430 chat/completions (stream): 312 prompt tokens ·
                       temperature: 0, greedy (req), max_tokens: 256 (req),
                       min_tokens: 256 (req)
16:42:53.721 INFO:     #430 chat/completions (stream): 256 tokens generated at
                       280.6 T/s · prompt 312 tokens, none cached, 312 new in
                       0.19 s (1,642 T/s) · first token 0.20 s, total 1.11 s ·
                       draft 165/273 accepted (60%) · max_tokens reached
16:42:53.724 INFO:     #431 chat/completions (stream): 63 prompt tokens ·
                       temperature: 0, greedy (req), max_tokens: 256 (req),
                       min_tokens: 256 (req)
16:42:54.582 INFO:     #431 chat/completions (stream): 256 tokens generated at
                       327.6 T/s · prompt 63 tokens, none cached, 63 new in 0.07
                       s · first token 0.08 s, total 0.86 s · draft 178/234
                       accepted (76%) · max_tokens reached
16:42:54.584 INFO:     #432 chat/completions (stream): 66 prompt tokens ·
                       temperature: 0, greedy (req), max_tokens: 256 (req),
                       min_tokens: 256 (req)
16:42:55.626 INFO:     #432 chat/completions (stream): 256 tokens generated at
                       266.9 T/s · prompt 66 tokens, none cached, 66 new in 0.07
                       s · first token 0.08 s, total 1.03 s · draft 159/291
                       accepted (55%) · max_tokens reached
16:42:55.631 INFO:     #433 chat/completions (stream): 912 prompt tokens ·
                       temperature: 0, greedy (req), max_tokens: 256 (req),
                       min_tokens: 256 (req)
16:42:56.939 INFO:     #433 chat/completions (stream): 256 tokens generated at
                       252.7 T/s · prompt 912 tokens, none cached, 912 new in
                       0.28 s (3,257 T/s) · first token 0.29 s, total 1.30 s ·
                       draft 154/306 accepted (50%) · max_tokens reached
16:42:56.941 INFO:     #434 chat/completions (stream): 66 prompt tokens ·
                       temperature: 0, greedy (req), max_tokens: 256 (req),
                       min_tokens: 256 (req)
16:42:57.898 INFO:     #434 chat/completions (stream): 256 tokens generated at
                       292.4 T/s · prompt 66 tokens, none cached, 66 new in 0.07
                       s · first token 0.08 s, total 0.95 s · draft 169/261
                       accepted (65%) · max_tokens reached
16:42:57.900 INFO:     #435 chat/completions (stream): 75 prompt tokens ·
                       temperature: 0, greedy (req), max_tokens: 256 (req),
                       min_tokens: 256 (req)
16:42:58.900 INFO:     #435 chat/completions (stream): 256 tokens generated at
                       279.6 T/s · prompt 75 tokens, none cached, 75 new in 0.08
                       s · first token 0.09 s, total 1.00 s · draft 164/276
                       accepted (59%) · max_tokens reached
16:42:58.904 INFO:     #436 chat/completions (stream): 624 prompt tokens ·
                       temperature: 0, greedy (req), max_tokens: 256 (req),
                       min_tokens: 256 (req)
16:43:00.088 INFO:     #436 chat/completions (stream): 256 tokens generated at
                       274.4 T/s · prompt 624 tokens, none cached, 624 new in
                       0.24 s (2,600 T/s) · first token 0.25 s, total 1.18 s ·
                       draft 163/279 accepted (58%) · max_tokens reached
16:43:00.090 INFO:     #437 chat/completions (stream): 63 prompt tokens ·
                       temperature: 0, greedy (req), max_tokens: 256 (req),
                       min_tokens: 256 (req)
16:43:01.144 INFO:     #437 chat/completions (stream): 256 tokens generated at
                       262.0 T/s · prompt 63 tokens, none cached, 63 new in 0.07
                       s · first token 0.08 s, total 1.05 s · draft 157/297
                       accepted (53%) · max_tokens reached
16:43:01.146 INFO:     #438 chat/completions (stream): 78 prompt tokens ·
                       temperature: 0, greedy (req), max_tokens: 256 (req),
                       min_tokens: 256 (req)
16:43:02.293 INFO:     #438 chat/completions (stream): 256 tokens generated at
                       241.1 T/s · prompt 78 tokens, none cached, 78 new in 0.08
                       s · first token 0.09 s, total 1.15 s · draft 150/318
                       accepted (47%) · max_tokens reached
16:43:02.296 INFO:     #440 chat/completions (stream): 136 prompt tokens ·
                       temperature: 0, greedy (req), max_tokens: 256 (req),
                       min_tokens: 256 (req)
16:43:03.275 INFO:     #440 chat/completions (stream): 256 tokens generated at
                       295.6 T/s · prompt 136 tokens, none cached, 136 new in
                       0.11 s · first token 0.12 s, total 0.98 s · draft 169/261
                       accepted (65%) · max_tokens reached
16:43:03.277 INFO:     #441 chat/completions (stream): 87 prompt tokens ·
                       temperature: 0, greedy (req), max_tokens: 256 (req),
                       min_tokens: 256 (req)
16:43:04.306 INFO:     #441 chat/completions (stream): 256 tokens generated at
                       273.3 T/s · prompt 87 tokens, none cached, 87 new in 0.08
                       s · first token 0.09 s, total 1.02 s · draft 162/282
                       accepted (57%) · max_tokens reached
16:43:04.309 INFO:     #442 chat/completions (stream): 63 prompt tokens ·
                       temperature: 0, greedy (req), max_tokens: 256 (req),
                       min_tokens: 256 (req)
16:43:05.325 INFO:     #442 chat/completions (stream): 256 tokens generated at
                       272.6 T/s · prompt 63 tokens, none cached, 63 new in 0.07
                       s · first token 0.08 s, total 1.01 s · draft 161/285
                       accepted (56%) · max_tokens reached
16:43:05.328 INFO:     #443 chat/completions (stream): 106 prompt tokens ·
                       temperature: 0, greedy (req), max_tokens: 256 (req),
                       min_tokens: 256 (req)
16:43:06.329 INFO:     #443 chat/completions (stream): 256 tokens generated at
                       284.4 T/s · prompt 106 tokens, none cached, 106 new in
                       0.09 s · first token 0.10 s, total 1.00 s · draft 165/273
                       accepted (60%) · max_tokens reached
16:43:06.331 INFO:     #444 chat/completions (stream): 121 prompt tokens ·
                       temperature: 0, greedy (req), max_tokens: 256 (req),
                       min_tokens: 256 (req)
16:43:07.230 INFO:     #444 chat/completions (stream): 256 tokens generated at
                       323.4 T/s · prompt 121 tokens, none cached, 121 new in
                       0.10 s · first token 0.11 s, total 0.90 s · draft 176/240
                       accepted (73%) · max_tokens reached
16:43:07.232 INFO:     #445 chat/completions (stream): 88 prompt tokens ·
                       temperature: 0, greedy (req), max_tokens: 256 (req),
                       min_tokens: 256 (req)
16:43:08.139 INFO:     #445 chat/completions (stream): 256 tokens generated at
                       313.7 T/s · prompt 88 tokens, none cached, 88 new in 0.08
                       s · first token 0.09 s, total 0.90 s · draft 173/249
                       accepted (69%) · max_tokens reached
16:43:08.144 INFO:     #446 chat/completions (stream): 728 prompt tokens ·
                       temperature: 0, greedy (req), max_tokens: 256 (req),
                       min_tokens: 256 (req)
16:43:09.368 INFO:     #446 chat/completions (stream): 256 tokens generated at
                       265.1 T/s · prompt 728 tokens, none cached, 728 new in
                       0.25 s (2,912 T/s) · first token 0.26 s, total 1.22 s ·
                       draft 159/291 accepted (55%) · max_tokens reached
16:43:09.373 INFO:     #447 chat/completions (stream): 749 prompt tokens ·
                       temperature: 0, greedy (req), max_tokens: 256 (req),
                       min_tokens: 256 (req)
16:43:10.445 INFO:     #447 chat/completions (stream): 256 tokens generated at
                       314.0 T/s · prompt 749 tokens, none cached, 749 new in
                       0.25 s (2,996 T/s) · first token 0.26 s, total 1.07 s ·
                       draft 175/243 accepted (72%) · max_tokens reached
16:43:10.447 INFO:     #448 chat/completions (stream): 89 prompt tokens ·
                       temperature: 0, greedy (req), max_tokens: 256 (req),
                       min_tokens: 256 (req)
16:43:11.469 INFO:     #448 chat/completions (stream): 256 tokens generated at
                       276.0 T/s · prompt 89 tokens, none cached, 89 new in 0.09
                       s · first token 0.10 s, total 1.02 s · draft 163/279
                       accepted (58%) · max_tokens reached
16:43:11.472 INFO:     #449 chat/completions (stream): 341 prompt tokens ·
                       temperature: 0, greedy (req), max_tokens: 256 (req),
                       min_tokens: 256 (req)
16:43:12.698 INFO:     #449 chat/completions (stream): 256 tokens generated at
                       253.5 T/s · prompt 341 tokens, none cached, 341 new in
                       0.21 s (1,624 T/s) · first token 0.22 s, total 1.23 s ·
                       draft 155/303 accepted (51%) · max_tokens reached
16:43:12.701 INFO:     #450 chat/completions (stream): 66 prompt tokens ·
                       temperature: 0, greedy (req), max_tokens: 256 (req),
                       min_tokens: 256 (req)
16:43:13.661 INFO:     #450 chat/completions (stream): 256 tokens generated at
                       291.6 T/s · prompt 66 tokens, none cached, 66 new in 0.07
                       s · first token 0.08 s, total 0.95 s · draft 168/264
                       accepted (64%) · max_tokens reached
16:43:13.663 INFO:     #451 chat/completions (stream): 63 prompt tokens ·
                       temperature: 0, greedy (req), max_tokens: 256 (req),
                       min_tokens: 256 (req)
16:43:14.563 INFO:     #451 chat/completions (stream): 256 tokens generated at
                       311.4 T/s · prompt 63 tokens, none cached, 63 new in 0.07
                       s · first token 0.08 s, total 0.90 s · draft 174/246
                       accepted (71%) · max_tokens reached
16:43:14.565 INFO:     #452 chat/completions (stream): 74 prompt tokens ·
                       temperature: 0, greedy (req), max_tokens: 256 (req),
                       min_tokens: 256 (req)
16:43:15.634 INFO:     #452 chat/completions (stream): 256 tokens generated at
                       260.3 T/s · prompt 74 tokens, none cached, 74 new in 0.08
                       s · first token 0.09 s, total 1.07 s · draft 158/294
                       accepted (54%) · max_tokens reached
16:43:15.636 INFO:     #453 chat/completions (stream): 107 prompt tokens ·
                       temperature: 0, greedy (req), max_tokens: 256 (req),
                       min_tokens: 256 (req)
16:43:16.513 INFO:     #453 chat/completions (stream): 256 tokens generated at
                       329.3 T/s · prompt 107 tokens, none cached, 107 new in
                       0.09 s · first token 0.10 s, total 0.87 s · draft 179/231
                       accepted (77%) · max_tokens reached
16:43:16.516 INFO:     #454 chat/completions (stream): 165 prompt tokens ·
                       temperature: 0, greedy (req), max_tokens: 256 (req),
                       min_tokens: 256 (req)
16:43:17.353 INFO:     #454 chat/completions (stream): 256 tokens generated at
                       346.5 T/s · prompt 165 tokens, none cached, 165 new in
                       0.09 s · first token 0.10 s, total 0.83 s · draft 181/225
                       accepted (80%) · max_tokens reached
16:43:17.358 INFO:     #456 chat/completions (stream): 780 prompt tokens ·
                       temperature: 0, greedy (req), max_tokens: 256 (req),
                       min_tokens: 256 (req)
16:43:18.485 INFO:     #456 chat/completions (stream): 256 tokens generated at
                       278.4 T/s · prompt 780 tokens, none cached, 780 new in
                       0.20 s (3,900 T/s) · first token 0.21 s, total 1.12 s ·
                       draft 163/279 accepted (58%) · max_tokens reached
16:43:18.488 INFO:     #457 chat/completions (stream): 79 prompt tokens ·
                       temperature: 0, greedy (req), max_tokens: 256 (req),
                       min_tokens: 256 (req)
16:43:19.383 INFO:     #457 chat/completions (stream): 256 tokens generated at
                       317.7 T/s · prompt 79 tokens, none cached, 79 new in 0.08
                       s · first token 0.09 s, total 0.89 s · draft 174/246
                       accepted (71%) · max_tokens reached
16:43:19.388 INFO:     #458 chat/completions (stream): 1,083 prompt tokens ·
                       temperature: 0, greedy (req), max_tokens: 256 (req),
                       min_tokens: 256 (req)
16:43:20.652 INFO:     #458 chat/completions (stream): 256 tokens generated at
                       274.3 T/s · prompt 1,083 tokens, none cached, 1,083 new
                       in 0.32 s (3,384 T/s) · first token 0.33 s, total 1.26 s
                       · draft 162/282 accepted (57%) · max_tokens reached
16:43:20.654 INFO:     #459 chat/completions (stream): 82 prompt tokens ·
                       temperature: 0, greedy (req), max_tokens: 256 (req),
                       min_tokens: 256 (req)
16:43:21.431 INFO:     #459 chat/completions (stream): 256 tokens generated at
                       373.2 T/s · prompt 82 tokens, none cached, 82 new in 0.08
                       s · first token 0.09 s, total 0.77 s · draft 187/207
                       accepted (90%) · max_tokens reached
16:43:21.433 INFO:     #460 chat/completions (stream): 91 prompt tokens ·
                       temperature: 0, greedy (req), max_tokens: 256 (req),
                       min_tokens: 256 (req)
16:43:22.511 INFO:     #460 chat/completions (stream): 256 tokens generated at
                       265.6 T/s · prompt 91 tokens, none cached, 91 new in 0.11
                       s · first token 0.12 s, total 1.08 s · draft 159/291
                       accepted (55%) · max_tokens reached
16:43:22.513 INFO:     #461 chat/completions (stream): 82 prompt tokens ·
                       temperature: 0, greedy (req), max_tokens: 256 (req),
                       min_tokens: 256 (req)
16:43:23.691 INFO:     #461 chat/completions (stream): 256 tokens generated at
                       235.5 T/s · prompt 82 tokens, none cached, 82 new in 0.08
                       s · first token 0.09 s, total 1.17 s · draft 146/330
                       accepted (44%) · max_tokens reached
16:43:23.694 INFO:     #462 chat/completions (stream): 70 prompt tokens ·
                       temperature: 0, greedy (req), max_tokens: 256 (req),
                       min_tokens: 256 (req)
16:43:24.655 INFO:     #462 chat/completions (stream): 256 tokens generated at
                       292.1 T/s · prompt 70 tokens, none cached, 70 new in 0.08
                       s · first token 0.09 s, total 0.96 s · draft 173/249
                       accepted (69%) · max_tokens reached
16:43:24.661 INFO:     #463 chat/completions (stream): 816 prompt tokens ·
                       temperature: 0, greedy (req), max_tokens: 256 (req),
                       min_tokens: 256 (req)
16:43:25.740 INFO:     #463 chat/completions (stream): 256 tokens generated at
                       310.5 T/s · prompt 816 tokens, none cached, 816 new in
                       0.24 s (3,400 T/s) · first token 0.25 s, total 1.07 s ·
                       draft 174/246 accepted (71%) · max_tokens reached
16:43:25.742 INFO:     #464 chat/completions (stream): 103 prompt tokens ·
                       temperature: 0, greedy (req), max_tokens: 256 (req),
                       min_tokens: 256 (req)
16:43:26.528 INFO:     #464 chat/completions (stream): 256 tokens generated at
                       372.6 T/s · prompt 103 tokens, none cached, 103 new in
                       0.09 s · first token 0.10 s, total 0.78 s · draft 186/210
                       accepted (89%) · max_tokens reached
16:43:26.530 INFO:     #465 chat/completions (stream): 96 prompt tokens ·
                       temperature: 0, greedy (req), max_tokens: 256 (req),
                       min_tokens: 256 (req)
16:43:27.521 INFO:     #465 chat/completions (stream): 256 tokens generated at
                       285.9 T/s · prompt 96 tokens, none cached, 96 new in 0.09
                       s · first token 0.10 s, total 0.99 s · draft 167/267
                       accepted (63%) · max_tokens reached
16:43:27.523 INFO:     #466 chat/completions (stream): 64 prompt tokens ·
                       temperature: 0, greedy (req), max_tokens: 256 (req),
                       min_tokens: 256 (req)
16:43:28.516 INFO:     #466 chat/completions (stream): 256 tokens generated at
                       279.8 T/s · prompt 64 tokens, none cached, 64 new in 0.07
                       s · first token 0.08 s, total 0.99 s · draft 164/276
                       accepted (59%) · max_tokens reached
16:43:28.519 INFO:     #467 chat/completions (stream): 494 prompt tokens ·
                       temperature: 0, greedy (req), max_tokens: 256 (req),
                       min_tokens: 256 (req)
16:43:29.847 INFO:     #467 chat/completions (stream): 256 tokens generated at
                       234.7 T/s · prompt 494 tokens, none cached, 494 new in
                       0.23 s (2,148 T/s) · first token 0.24 s, total 1.33 s ·
                       draft 147/327 accepted (45%) · max_tokens reached
16:43:29.851 INFO:     #468 chat/completions (stream): 814 prompt tokens ·
                       temperature: 0, greedy (req), max_tokens: 256 (req),
                       min_tokens: 256 (req)
16:43:30.881 INFO:     #468 chat/completions (stream): 256 tokens generated at
                       326.2 T/s · prompt 814 tokens, none cached, 814 new in
                       0.23 s (3,539 T/s) · first token 0.24 s, total 1.02 s ·
                       draft 177/237 accepted (75%) · max_tokens reached
16:43:30.884 INFO:     #469 chat/completions (stream): 64 prompt tokens ·
                       temperature: 0, greedy (req), max_tokens: 256 (req),
                       min_tokens: 256 (req)
16:43:31.816 INFO:     #469 chat/completions (stream): 256 tokens generated at
                       299.7 T/s · prompt 64 tokens, none cached, 64 new in 0.07
                       s · first token 0.08 s, total 0.93 s · draft 170/258
                       accepted (66%) · max_tokens reached
16:43:31.818 INFO:     #470 chat/completions (stream): 82 prompt tokens ·
                       temperature: 0, greedy (req), max_tokens: 256 (req),
                       min_tokens: 256 (req)
16:43:32.774 INFO:     #470 chat/completions (stream): 256 tokens generated at
                       296.2 T/s · prompt 82 tokens, none cached, 82 new in 0.08
                       s · first token 0.09 s, total 0.95 s · draft 169/261
                       accepted (65%) · max_tokens reached
16:43:32.776 INFO:     #472 chat/completions (stream): 97 prompt tokens ·
                       temperature: 0, greedy (req), max_tokens: 256 (req),
                       min_tokens: 256 (req)
16:43:33.627 INFO:     #472 chat/completions (stream): 256 tokens generated at
                       338.4 T/s · prompt 97 tokens, none cached, 97 new in 0.09
                       s · first token 0.10 s, total 0.85 s · draft 180/228
                       accepted (79%) · max_tokens reached
16:43:33.629 INFO:     #473 chat/completions (stream): 64 prompt tokens ·
                       temperature: 0, greedy (req), max_tokens: 256 (req),
                       min_tokens: 256 (req)
16:43:34.784 INFO:     #473 chat/completions (stream): 256 tokens generated at
                       237.8 T/s · prompt 64 tokens, none cached, 64 new in 0.07
                       s · first token 0.08 s, total 1.15 s · draft 149/321
                       accepted (46%) · max_tokens reached
16:43:34.788 INFO:     #474 chat/completions (stream): 684 prompt tokens ·
                       temperature: 0, greedy (req), max_tokens: 256 (req),
                       min_tokens: 256 (req)
16:43:36.015 INFO:     #474 chat/completions (stream): 256 tokens generated at
                       260.6 T/s · prompt 684 tokens, none cached, 684 new in
                       0.23 s (2,974 T/s) · first token 0.24 s, total 1.22 s ·
                       draft 157/297 accepted (53%) · max_tokens reached
16:43:36.019 INFO:     #475 chat/completions (stream): 704 prompt tokens ·
                       temperature: 0, greedy (req), max_tokens: 256 (req),
                       min_tokens: 256 (req)
16:43:37.251 INFO:     #475 chat/completions (stream): 256 tokens generated at
                       261.6 T/s · prompt 704 tokens, none cached, 704 new in
                       0.24 s (2,933 T/s) · first token 0.25 s, total 1.22 s ·
                       draft 159/291 accepted (55%) · max_tokens reached
16:43:37.255 INFO:     #476 chat/completions (stream): 583 prompt tokens ·
                       temperature: 0, greedy (req), max_tokens: 256 (req),
                       min_tokens: 256 (req)
16:43:38.415 INFO:     #476 chat/completions (stream): 256 tokens generated at
                       274.7 T/s · prompt 583 tokens, none cached, 583 new in
                       0.22 s (2,650 T/s) · first token 0.23 s, total 1.16 s ·
                       draft 163/279 accepted (58%) · max_tokens reached
16:43:38.418 INFO:     #477 chat/completions (stream): 255 prompt tokens ·
                       temperature: 0, greedy (req), max_tokens: 256 (req),
                       min_tokens: 256 (req)
16:43:39.510 INFO:     #477 chat/completions (stream): 256 tokens generated at
                       263.3 T/s · prompt 255 tokens, none cached, 255 new in
                       0.11 s · first token 0.12 s, total 1.09 s · draft 158/294
                       accepted (54%) · max_tokens reached
16:43:39.513 INFO:     #478 chat/completions (stream): 61 prompt tokens ·
                       temperature: 0, greedy (req), max_tokens: 256 (req),
                       min_tokens: 256 (req)
16:43:40.512 INFO:     #478 chat/completions (stream): 256 tokens generated at
                       277.5 T/s · prompt 61 tokens, none cached, 61 new in 0.07
                       s · first token 0.08 s, total 1.00 s · draft 163/279
                       accepted (58%) · max_tokens reached
16:43:40.515 INFO:     #479 chat/completions (stream): 66 prompt tokens ·
                       temperature: 0, greedy (req), max_tokens: 256 (req),
                       min_tokens: 256 (req)
16:43:41.341 INFO:     #479 chat/completions (stream): 256 tokens generated at
                       344.0 T/s · prompt 66 tokens, none cached, 66 new in 0.07
                       s · first token 0.08 s, total 0.82 s · draft 181/225
                       accepted (80%) · max_tokens reached
16:43:41.344 INFO:     #480 chat/completions (stream): 479 prompt tokens ·
                       temperature: 0, greedy (req), max_tokens: 256 (req),
                       min_tokens: 256 (req)
16:43:42.564 INFO:     #480 chat/completions (stream): 256 tokens generated at
                       260.3 T/s · prompt 479 tokens, none cached, 479 new in
                       0.23 s (2,083 T/s) · first token 0.24 s, total 1.22 s ·
                       draft 157/297 accepted (53%) · max_tokens reached
16:43:42.567 INFO:     #481 chat/completions (stream): 93 prompt tokens ·
                       temperature: 0, greedy (req), max_tokens: 256 (req),
                       min_tokens: 256 (req)
16:43:43.471 INFO:     #481 chat/completions (stream): 256 tokens generated at
                       315.9 T/s · prompt 93 tokens, none cached, 93 new in 0.09
                       s · first token 0.10 s, total 0.91 s · draft 175/243
                       accepted (72%) · max_tokens reached
16:43:43.476 INFO:     #482 chat/completions (stream): 743 prompt tokens ·
                       temperature: 0, greedy (req), max_tokens: 256 (req),
                       min_tokens: 256 (req)
16:43:44.677 INFO:     #482 chat/completions (stream): 256 tokens generated at
                       271.1 T/s · prompt 743 tokens, none cached, 743 new in
                       0.25 s (2,972 T/s) · first token 0.26 s, total 1.20 s ·
                       draft 161/285 accepted (56%) · max_tokens reached
16:43:44.680 INFO:     #483 chat/completions (stream): 82 prompt tokens ·
                       temperature: 0, greedy (req), max_tokens: 256 (req),
                       min_tokens: 256 (req)
16:43:45.585 INFO:     #483 chat/completions (stream): 256 tokens generated at
                       314.4 T/s · prompt 82 tokens, none cached, 82 new in 0.08
                       s · first token 0.09 s, total 0.90 s · draft 175/243
                       accepted (72%) · max_tokens reached
16:43:45.587 INFO:     #484 chat/completions (stream): 124 prompt tokens ·
                       temperature: 0, greedy (req), max_tokens: 256 (req),
                       min_tokens: 256 (req)
16:43:46.503 INFO:     #484 chat/completions (stream): 256 tokens generated at
                       316.3 T/s · prompt 124 tokens, none cached, 124 new in
                       0.10 s · first token 0.11 s, total 0.91 s · draft 175/243
                       accepted (72%) · max_tokens reached
16:43:46.506 INFO:     #485 chat/completions (stream): 228 prompt tokens ·
                       temperature: 0, greedy (req), max_tokens: 256 (req),
                       min_tokens: 256 (req)
16:43:47.490 INFO:     #485 chat/completions (stream): 256 tokens generated at
                       293.7 T/s · prompt 228 tokens, none cached, 228 new in
                       0.10 s · first token 0.11 s, total 0.98 s · draft 169/261
                       accepted (65%) · max_tokens reached
16:43:47.493 INFO:     #487 chat/completions (stream): 69 prompt tokens ·
                       temperature: 0, greedy (req), max_tokens: 256 (req),
                       min_tokens: 256 (req)
16:43:48.516 INFO:     #487 chat/completions (stream): 256 tokens generated at
                       272.7 T/s · prompt 69 tokens, none cached, 69 new in 0.08
                       s · first token 0.09 s, total 1.02 s · draft 162/282
                       accepted (57%) · max_tokens reached
16:43:48.518 INFO:     #488 chat/completions (stream): 73 prompt tokens ·
                       temperature: 0, greedy (req), max_tokens: 256 (req),
                       min_tokens: 256 (req)
16:43:49.677 INFO:     #488 chat/completions (stream): 256 tokens generated at
                       238.5 T/s · prompt 73 tokens, none cached, 73 new in 0.08
                       s · first token 0.09 s, total 1.16 s · draft 149/321
                       accepted (46%) · max_tokens reached
16:43:49.680 INFO:     #489 chat/completions (stream): 66 prompt tokens ·
                       temperature: 0, greedy (req), max_tokens: 256 (req),
                       min_tokens: 256 (req)
16:43:50.670 INFO:     #489 chat/completions (stream): 256 tokens generated at
                       281.6 T/s · prompt 66 tokens, none cached, 66 new in 0.07
                       s · first token 0.08 s, total 0.98 s · draft 164/276
                       accepted (59%) · max_tokens reached
16:43:50.674 INFO:     #490 chat/completions (stream): 736 prompt tokens ·
                       temperature: 0, greedy (req), max_tokens: 256 (req),
                       min_tokens: 256 (req)
16:43:51.855 INFO:     #490 chat/completions (stream): 256 tokens generated at
                       276.3 T/s · prompt 736 tokens, none cached, 736 new in
                       0.24 s (3,067 T/s) · first token 0.25 s, total 1.17 s ·
                       draft 162/282 accepted (57%) · max_tokens reached
16:43:51.857 INFO:     #491 chat/completions (stream): 106 prompt tokens ·
                       temperature: 0, greedy (req), max_tokens: 256 (req),
                       min_tokens: 256 (req)
16:43:52.712 INFO:     #491 chat/completions (stream): 256 tokens generated at
                       338.9 T/s · prompt 106 tokens, none cached, 106 new in
                       0.09 s · first token 0.10 s, total 0.85 s · draft 180/228
                       accepted (79%) · max_tokens reached
16:43:52.714 INFO:     #492 chat/completions (stream): 63 prompt tokens ·
                       temperature: 0, greedy (req), max_tokens: 256 (req),
                       min_tokens: 256 (req)
16:43:53.842 INFO:     #492 chat/completions (stream): 256 tokens generated at
                       243.7 T/s · prompt 63 tokens, none cached, 63 new in 0.07
                       s · first token 0.08 s, total 1.13 s · draft 150/318
                       accepted (47%) · max_tokens reached
16:43:53.845 INFO:     #493 chat/completions (stream): 76 prompt tokens ·
                       temperature: 0, greedy (req), max_tokens: 256 (req),
                       min_tokens: 256 (req)
16:43:54.798 INFO:     #493 chat/completions (stream): 256 tokens generated at
                       295.5 T/s · prompt 76 tokens, none cached, 76 new in 0.08
                       s · first token 0.09 s, total 0.95 s · draft 169/261
                       accepted (65%) · max_tokens reached
16:43:54.802 INFO:     #494 chat/completions (stream): 833 prompt tokens ·
                       temperature: 0, greedy (req), max_tokens: 256 (req),
                       min_tokens: 256 (req)
16:43:55.982 INFO:     #494 chat/completions (stream): 256 tokens generated at
                       276.6 T/s · prompt 833 tokens, none cached, 833 new in
                       0.24 s (3,471 T/s) · first token 0.25 s, total 1.17 s ·
                       draft 164/276 accepted (59%) · max_tokens reached
16:43:55.985 INFO:     #495 chat/completions (stream): 61 prompt tokens ·
                       temperature: 0, greedy (req), max_tokens: 256 (req),
                       min_tokens: 256 (req)
16:43:57.075 INFO:     #495 chat/completions (stream): 256 tokens generated at
                       252.7 T/s · prompt 61 tokens, none cached, 61 new in 0.07
                       s · first token 0.08 s, total 1.09 s · draft 154/306
                       accepted (50%) · max_tokens reached
16:43:57.077 INFO:     #496 chat/completions (stream): 85 prompt tokens ·
                       temperature: 0, greedy (req), max_tokens: 256 (req),
                       min_tokens: 256 (req)
16:43:58.232 INFO:     #496 chat/completions (stream): 256 tokens generated at
                       240.5 T/s · prompt 85 tokens, none cached, 85 new in 0.08
                       s · first token 0.09 s, total 1.15 s · draft 149/321
                       accepted (46%) · max_tokens reached
16:43:58.234 INFO:     #497 chat/completions (stream): 100 prompt tokens ·
                       temperature: 0, greedy (req), max_tokens: 256 (req),
                       min_tokens: 256 (req)
16:43:59.140 INFO:     #497 chat/completions (stream): 256 tokens generated at
                       317.0 T/s · prompt 100 tokens, none cached, 100 new in
                       0.09 s · first token 0.10 s, total 0.90 s · draft 174/246
                       accepted (71%) · max_tokens reached
16:43:59.144 INFO:     #498 chat/completions (stream): 723 prompt tokens ·
                       temperature: 0, greedy (req), max_tokens: 256 (req),
                       min_tokens: 256 (req)
16:44:00.217 INFO:     #498 chat/completions (stream): 256 tokens generated at
                       314.0 T/s · prompt 723 tokens, none cached, 723 new in
                       0.25 s (2,892 T/s) · first token 0.26 s, total 1.07 s ·
                       draft 176/240 accepted (73%) · max_tokens reached
16:44:00.220 INFO:     #499 chat/completions (stream): 120 prompt tokens ·
                       temperature: 0, greedy (req), max_tokens: 256 (req),
                       min_tokens: 256 (req)
16:44:01.202 INFO:     #499 chat/completions (stream): 256 tokens generated at
                       292.7 T/s · prompt 120 tokens, none cached, 120 new in
                       0.10 s · first token 0.11 s, total 0.98 s · draft 170/258
                       accepted (66%) · max_tokens reached
16:44:01.204 INFO:     #500 chat/completions (stream): 66 prompt tokens ·
                       temperature: 0, greedy (req), max_tokens: 256 (req),
                       min_tokens: 256 (req)
16:44:02.388 INFO:     #500 chat/completions (stream): 256 tokens generated at
                       232.2 T/s · prompt 66 tokens, none cached, 66 new in 0.07
                       s · first token 0.08 s, total 1.18 s · draft 145/333
                       accepted (44%) · max_tokens reached
16:44:02.390 INFO:     #502 chat/completions (stream): 68 prompt tokens ·
                       temperature: 0, greedy (req), max_tokens: 256 (req),
                       min_tokens: 256 (req)
16:44:03.303 INFO:     #502 chat/completions (stream): 256 tokens generated at
                       308.5 T/s · prompt 68 tokens, none cached, 68 new in 0.07
                       s · first token 0.08 s, total 0.91 s · draft 172/252
                       accepted (68%) · max_tokens reached
16:44:03.305 INFO:     #503 chat/completions (stream): 70 prompt tokens ·
                       temperature: 0, greedy (req), max_tokens: 256 (req),
                       min_tokens: 256 (req)
16:44:04.237 INFO:     #503 chat/completions (stream): 256 tokens generated at
                       301.6 T/s · prompt 70 tokens, none cached, 70 new in 0.08
                       s · first token 0.09 s, total 0.93 s · draft 171/255
                       accepted (67%) · max_tokens reached
16:44:04.241 INFO:     #504 chat/completions (stream): 737 prompt tokens ·
                       temperature: 0, greedy (req), max_tokens: 256 (req),
                       min_tokens: 256 (req)
16:44:05.386 INFO:     #504 chat/completions (stream): 256 tokens generated at
                       289.3 T/s · prompt 737 tokens, none cached, 737 new in
                       0.25 s (2,948 T/s) · first token 0.26 s, total 1.14 s ·
                       draft 167/267 accepted (63%) · max_tokens reached
16:44:05.389 INFO:     #505 chat/completions (stream): 61 prompt tokens ·
                       temperature: 0, greedy (req), max_tokens: 256 (req),
                       min_tokens: 256 (req)
16:44:06.399 INFO:     #505 chat/completions (stream): 256 tokens generated at
                       274.4 T/s · prompt 61 tokens, none cached, 61 new in 0.07
                       s · first token 0.08 s, total 1.01 s · draft 161/285
                       accepted (56%) · max_tokens reached
16:44:06.403 INFO:     #506 chat/completions (stream): 1,015 prompt tokens ·
                       temperature: 0, greedy (req), max_tokens: 256 (req),
                       min_tokens: 256 (req)
16:44:07.593 INFO:     #506 chat/completions (stream): 256 tokens generated at
                       290.6 T/s · prompt 1,015 tokens, none cached, 1,015 new
                       in 0.30 s (3,383 T/s) · first token 0.31 s, total 1.19 s
                       · draft 167/267 accepted (63%) · max_tokens reached
16:44:07.596 INFO:     #507 chat/completions (stream): 62 prompt tokens ·
                       temperature: 0, greedy (req), max_tokens: 256 (req),
                       min_tokens: 256 (req)
16:44:08.476 INFO:     #507 chat/completions (stream): 256 tokens generated at
                       318.6 T/s · prompt 62 tokens, none cached, 62 new in 0.07
                       s · first token 0.08 s, total 0.88 s · draft 174/246
                       accepted (71%) · max_tokens reached
16:44:08.478 INFO:     #508 chat/completions (stream): 84 prompt tokens ·
                       temperature: 0, greedy (req), max_tokens: 256 (req),
                       min_tokens: 256 (req)
16:44:09.350 INFO:     #508 chat/completions (stream): 256 tokens generated at
                       327.7 T/s · prompt 84 tokens, none cached, 84 new in 0.08
                       s · first token 0.09 s, total 0.87 s · draft 177/237
                       accepted (75%) · max_tokens reached
16:44:09.354 INFO:     #509 chat/completions (stream): 783 prompt tokens ·
                       temperature: 0, greedy (req), max_tokens: 256 (req),
                       min_tokens: 256 (req)
16:44:10.376 INFO:     #509 chat/completions (stream): 256 tokens generated at
                       315.8 T/s · prompt 783 tokens, none cached, 783 new in
                       0.20 s (3,915 T/s) · first token 0.21 s, total 1.02 s ·
                       draft 174/246 accepted (71%) · max_tokens reached
16:44:10.381 INFO:     #510 chat/completions (stream): 766 prompt tokens ·
                       temperature: 0, greedy (req), max_tokens: 256 (req),
                       min_tokens: 256 (req)
16:44:11.533 INFO:     #510 chat/completions (stream): 256 tokens generated at
                       287.9 T/s · prompt 766 tokens, none cached, 766 new in
                       0.25 s (3,064 T/s) · first token 0.26 s, total 1.14 s ·
                       draft 167/267 accepted (63%) · max_tokens reached
16:44:11.539 INFO:     #511 chat/completions (stream): 1,490 prompt tokens ·
                       temperature: 0, greedy (req), max_tokens: 256 (req),
                       min_tokens: 256 (req)
16:44:12.871 INFO:     #511 chat/completions (stream): 256 tokens generated at
                       259.1 T/s · prompt 1,490 tokens, none cached, 1,490 new
                       in 0.33 s (4,515 T/s) · first token 0.34 s, total 1.32 s
                       · draft 156/300 accepted (52%) · max_tokens reached
16:44:12.873 INFO:     #512 chat/completions (stream): 61 prompt tokens ·
                       temperature: 0, greedy (req), max_tokens: 256 (req),
                       min_tokens: 256 (req)
16:44:13.868 INFO:     #512 chat/completions (stream): 256 tokens generated at
                       278.7 T/s · prompt 61 tokens, none cached, 61 new in 0.07
                       s · first token 0.08 s, total 0.99 s · draft 163/279
                       accepted (58%) · max_tokens reached
16:44:13.871 INFO:     #513 chat/completions (stream): 65 prompt tokens ·
                       temperature: 0, greedy (req), max_tokens: 256 (req),
                       min_tokens: 256 (req)
16:44:14.834 INFO:     #513 chat/completions (stream): 256 tokens generated at
                       289.4 T/s · prompt 65 tokens, none cached, 65 new in 0.07
                       s · first token 0.08 s, total 0.96 s · draft 167/267
                       accepted (63%) · max_tokens reached
16:44:14.836 INFO:     #514 chat/completions (stream): 89 prompt tokens ·
                       temperature: 0, greedy (req), max_tokens: 256 (req),
                       min_tokens: 256 (req)
16:44:15.792 INFO:     #514 chat/completions (stream): 256 tokens generated at
                       297.0 T/s · prompt 89 tokens, none cached, 89 new in 0.08
                       s · first token 0.09 s, total 0.95 s · draft 169/261
                       accepted (65%) · max_tokens reached
16:44:15.794 INFO:     #515 chat/completions (stream): 90 prompt tokens ·
                       temperature: 0, greedy (req), max_tokens: 256 (req),
                       min_tokens: 256 (req)
16:44:16.874 INFO:     #515 chat/completions (stream): 256 tokens generated at
                       259.1 T/s · prompt 90 tokens, none cached, 90 new in 0.08
                       s · first token 0.09 s, total 1.07 s · draft 157/297
                       accepted (53%) · max_tokens reached
16:44:16.879 INFO:     #516 chat/completions (stream): 875 prompt tokens ·
                       temperature: 0, greedy (req), max_tokens: 256 (req),
                       min_tokens: 256 (req)
16:44:18.118 INFO:     #516 chat/completions (stream): 256 tokens generated at
                       264.4 T/s · prompt 875 tokens, none cached, 875 new in
                       0.26 s (3,365 T/s) · first token 0.27 s, total 1.23 s ·
                       draft 160/288 accepted (56%) · max_tokens reached
16:44:18.122 INFO:     #518 chat/completions (stream): 749 prompt tokens ·
                       temperature: 0, greedy (req), max_tokens: 256 (req),
                       min_tokens: 256 (req)
16:44:19.226 INFO:     #518 chat/completions (stream): 256 tokens generated at
                       301.0 T/s · prompt 749 tokens, none cached, 749 new in
                       0.24 s (3,121 T/s) · first token 0.25 s, total 1.10 s ·
                       draft 173/249 accepted (69%) · max_tokens reached
16:44:19.228 INFO:     #519 chat/completions (stream): 94 prompt tokens ·
                       temperature: 0, greedy (req), max_tokens: 256 (req),
                       min_tokens: 256 (req)
16:44:20.082 INFO:     #519 chat/completions (stream): 256 tokens generated at
                       337.6 T/s · prompt 94 tokens, none cached, 94 new in 0.09
                       s · first token 0.10 s, total 0.85 s · draft 182/222
                       accepted (82%) · max_tokens reached
16:44:20.086 INFO:     #520 chat/completions (stream): 1,065 prompt tokens ·
                       temperature: 0, greedy (req), max_tokens: 256 (req),
                       min_tokens: 256 (req)
16:44:21.243 INFO:     #520 chat/completions (stream): 256 tokens generated at
                       287.8 T/s · prompt 1,065 tokens, none cached, 1,065 new
                       in 0.26 s (4,096 T/s) · first token 0.27 s, total 1.15 s
                       · draft 166/270 accepted (61%) · max_tokens reached
16:44:21.247 INFO:     #521 chat/completions (stream): 761 prompt tokens ·
                       temperature: 0, greedy (req), max_tokens: 256 (req),
                       min_tokens: 256 (req)
16:44:22.419 INFO:     #521 chat/completions (stream): 256 tokens generated at
                       281.8 T/s · prompt 761 tokens, none cached, 761 new in
                       0.25 s (3,044 T/s) · first token 0.26 s, total 1.16 s ·
                       draft 165/273 accepted (60%) · max_tokens reached
